CustomerID,FirstName,LastName,Email,Phone,Address,City,State,Zipcode,Country
1,Kevin,King,kevin.king1@hotmail.com,+1-425-501-6897,9364 Park Ave,Pittsburgh,PA,75049,USA
2,Jennifer,Moore,jennifer.moore2@yahoo.com,+1-935-917-7266,7896 Pine Rd,Allentown,PA,32086,USA
3,John,Wilson,john.wilson3@yahoo.com,+1-292-539-2448,7710 Maple Ave,Rockford,IL,55104,USA
4,Margaret,Flores,margaret.flores4@yahoo.com,+1-435-830-8769,6610 Oak Rd,Jacksonville,FL,52050,USA
5,Daniel,Jones,daniel.jones5@outlook.com,+1-936-844-1890,1992 Main Blvd,Tampa,FL,74541,USA
6,Jessica,Hill,jessica.hill6@hotmail.com,+1-400-863-3474,8936 Main Blvd,San Antonio,TX,89860,USA
7,Thomas,Rodriguez,thomas.rodriguez7@gmail.com,+1-857-629-2830,4574 Oak St,Buffalo,NY,54896,USA
8,Paul,Allen,paul.allen8@outlook.com,+1-224-673-2897,4809 Main St,Philadelphia,PA,90300,USA
9,Kevin,Allen,kevin.allen9@outlook.com,+1-299-654-9123,6284 Pine St,Erie,PA,12874,USA
10,Patricia,Wright,patricia.wright10@yahoo.com,+1-904-934-1645,4790 Main Rd,Colorado Springs,CO,26446,USA
11,Mark,White,mark.white11@outlook.com,+1-928-926-1535,7331 Oak Blvd,Seattle,WA,14526,USA
12,Margaret,Ramirez,margaret.ramirez12@outlook.com,+1-799-305-7743,9004 Pine St,Rockford,IL,12404,USA
13,Michelle,King,michelle.king13@yahoo.com,+1-437-367-9510,3629 Oak St,Boulder,CO,66230,USA
14,Jennifer,Hernandez,jennifer.hernandez14@gmail.com,+1-774-734-8878,3517 Cedar Ave,Colorado Springs,CO,88487,USA
15,Sandra,Perez,sandra.perez15@hotmail.com,+1-481-485-3743,9135 Cedar Ave,Allentown,PA,51130,USA
16,Kevin,Sanchez,kevin.sanchez16@gmail.com,+1-994-738-3133,7074 Cedar St,New York,NY,73791,USA
17,Robert,Robinson,robert.robinson17@gmail.com,+1-289-918-4025,8843 Park Ave,Tacoma,WA,20957,USA
18,Susan,Nguyen,susan.nguyen18@hotmail.com,+1-370-805-5978,2757 Park Blvd,San Francisco,CA,91683,USA
19,Kimberly,Garcia,kimberly.garcia19@hotmail.com,+1-982-468-6748,5819 Maple Blvd,Erie,PA,67028,USA
20,Anthony,Moore,anthony.moore20@gmail.com,+1-818-435-5912,4774 Main Rd,San Antonio,TX,35112,USA
21,Matthew,Sanchez,matthew.sanchez21@gmail.com,+1-540-632-8500,7613 Main Rd,San Francisco,CA,18468,USA
22,Barbara,Lewis,barbara.lewis22@outlook.com,+1-202-679-3928,4293 Oak Ave,Rockford,IL,86955,USA
23,Andrew,Jackson,andrew.jackson23@outlook.com,+1-224-906-6726,1862 Pine Blvd,San Diego,CA,78148,USA
24,Matthew,Walker,matthew.walker24@outlook.com,+1-975-744-7505,6807 Oak Ave,Albany,NY,21728,USA
25,Robert,Lee,robert.lee25@gmail.com,+1-647-528-2489,8103 Cedar Rd,Colorado Springs,CO,86615,USA
26,David,Nguyen,david.nguyen26@outlook.com,+1-814-747-9625,5970 Pine St,San Francisco,CA,23878,USA
27,Daniel,Smith,daniel.smith27@gmail.com,+1-653-564-4597,7360 Main Rd,Buffalo,NY,15262,USA
28,Sandra,Johnson,sandra.johnson28@outlook.com,+1-489-645-4851,931 Maple Blvd,San Francisco,CA,39873,USA
29,Elizabeth,Scott,elizabeth.scott29@yahoo.com,+1-534-563-1410,3390 Park Blvd,Springfield,IL,78222,USA
30,Sandra,Jones,sandra.jones30@outlook.com,+1-413-359-6665,7919 Park Rd,San Jose,CA,31471,USA
31,Paul,Gonzalez,paul.gonzalez31@outlook.com,+1-552-379-2466,8857 Main Rd,Austin,TX,22713,USA
32,Paul,Allen,paul.allen32@outlook.com,+1-419-679-5170,7579 Maple St,Atlanta,GA,37538,USA
33,Michelle,Rodriguez,michelle.rodriguez33@yahoo.com,+1-773-743-5413,2382 Maple Blvd,San Jose,CA,66789,USA
34,Jennifer,Rodriguez,jennifer.rodriguez34@hotmail.com,+1-398-216-2509,8707 Maple Blvd,Tempe,AZ,22272,USA
35,Michelle,Robinson,michelle.robinson35@yahoo.com,+1-218-722-6816,7614 Park Blvd,San Diego,CA,84545,USA
36,Kimberly,Clark,kimberly.clark36@gmail.com,+1-958-830-7937,5337 Park Blvd,Orlando,FL,92139,USA
37,Mary,Brown,mary.brown37@outlook.com,+1-739-308-3390,6485 Main Rd,Savannah,GA,51043,USA
38,Elizabeth,Brown,elizabeth.brown38@gmail.com,+1-872-342-7962,7004 Park Ave,Pittsburgh,PA,69153,USA
39,Andrew,Jones,andrew.jones39@gmail.com,+1-547-602-9189,8207 Pine St,San Antonio,TX,69395,USA
40,Charles,Hernandez,charles.hernandez40@outlook.com,+1-715-210-3630,9563 Main Rd,Houston,TX,88882,USA
41,William,Williams,william.williams41@gmail.com,+1-560-729-4977,5561 Cedar St,San Francisco,CA,14527,USA
42,Daniel,Hernandez,daniel.hernandez42@yahoo.com,+1-354-231-1305,3597 Cedar Blvd,Pueblo,CO,93855,USA
43,Andrew,Torres,andrew.torres43@hotmail.com,+1-656-777-2764,5092 Oak Ave,Pueblo,CO,69529,USA
44,Elizabeth,Ramirez,elizabeth.ramirez44@hotmail.com,+1-525-943-3131,6203 Maple Ave,Miami,FL,93616,USA
45,Michael,Garcia,michael.garcia45@gmail.com,+1-504-205-9466,1108 Maple Rd,San Francisco,CA,84463,USA
46,Mary,Harris,mary.harris46@hotmail.com,+1-602-324-6480,1384 Maple St,Orlando,FL,22889,USA
47,Ashley,Brown,ashley.brown47@yahoo.com,+1-325-305-9279,4757 Main Blvd,Tucson,AZ,62791,USA
48,Nancy,Lopez,nancy.lopez48@hotmail.com,+1-378-857-4226,6661 Park St,Tacoma,WA,25788,USA
49,Robert,Anderson,robert.anderson49@yahoo.com,+1-810-882-7273,5367 Oak Ave,Chicago,IL,65827,USA
50,Linda,Lee,linda.lee50@outlook.com,+1-918-414-7323,5614 Main Blvd,Chicago,IL,83199,USA
51,Ashley,Moore,ashley.moore51@gmail.com,+1-834-612-3370,7622 Maple Ave,San Jose,CA,42508,USA
52,Charles,Young,charles.young52@outlook.com,+1-429-726-9715,4805 Main Ave,Mesa,AZ,40133,USA
53,Kimberly,Jackson,kimberly.jackson53@hotmail.com,+1-546-405-5698,9387 Maple St,Albany,NY,14722,USA
54,Lisa,Brown,lisa.brown54@hotmail.com,+1-588-859-8032,8342 Pine Ave,Dallas,TX,39287,USA
55,Jessica,Williams,jessica.williams55@gmail.com,+1-838-870-4358,8072 Main St,San Jose,CA,96564,USA
56,Ashley,Brown,ashley.brown56@outlook.com,+1-944-659-5395,6122 Park St,Jacksonville,FL,92847,USA
57,Charles,Brown,charles.brown57@yahoo.com,+1-475-908-2294,9448 Main St,San Jose,CA,53241,USA
58,William,Flores,william.flores58@yahoo.com,+1-606-625-9944,4833 Pine Rd,Allentown,PA,40224,USA
59,Steven,Lopez,steven.lopez59@yahoo.com,+1-673-822-8665,7793 Maple St,San Antonio,TX,57337,USA
60,James,Robinson,james.robinson60@outlook.com,+1-216-478-5944,814 Park Ave,San Jose,CA,23917,USA
61,Karen,Taylor,karen.taylor61@gmail.com,+1-437-281-7040,8292 Maple Rd,Rochester,NY,24627,USA
62,Susan,Torres,susan.torres62@gmail.com,+1-478-545-1141,9708 Oak Ave,San Diego,CA,91695,USA
63,Elizabeth,Thompson,elizabeth.thompson63@gmail.com,+1-550-447-9368,2613 Maple Blvd,Dallas,TX,21052,USA
64,Jennifer,Martinez,jennifer.martinez64@gmail.com,+1-431-578-4951,5744 Park Blvd,Tucson,AZ,34707,USA
65,Joshua,Miller,joshua.miller65@yahoo.com,+1-898-240-4768,4386 Pine Ave,Rochester,NY,15632,USA
66,Amanda,King,amanda.king66@outlook.com,+1-427-945-3444,730 Cedar Rd,Colorado Springs,CO,88042,USA
67,Michael,King,michael.king67@hotmail.com,+1-482-558-8232,4844 Maple Blvd,Orlando,FL,45817,USA
68,Karen,Jones,karen.jones68@outlook.com,+1-706-315-5814,7918 Oak St,Tucson,AZ,94158,USA
69,Michelle,Jones,michelle.jones69@hotmail.com,+1-842-824-8205,6588 Maple Ave,Philadelphia,PA,64747,USA
70,Elizabeth,Lewis,elizabeth.lewis70@hotmail.com,+1-950-712-4273,1607 Maple St,Colorado Springs,CO,41237,USA
71,Andrew,Anderson,andrew.anderson71@yahoo.com,+1-782-806-9327,3142 Park Blvd,Springfield,IL,62485,USA
72,Michelle,Wilson,michelle.wilson72@gmail.com,+1-501-500-6920,9067 Cedar St,Mesa,AZ,86336,USA
73,Andrew,Miller,andrew.miller73@outlook.com,+1-273-362-8528,5661 Cedar Ave,San Jose,CA,95027,USA
74,John,Walker,john.walker74@gmail.com,+1-731-894-9266,5198 Main Blvd,Boulder,CO,11634,USA
75,James,Lee,james.lee75@yahoo.com,+1-371-781-2217,2725 Oak Rd,Tempe,AZ,39896,USA
76,Karen,Walker,karen.walker76@outlook.com,+1-810-239-3391,4729 Pine Rd,Atlanta,GA,21605,USA
77,Sandra,Lee,sandra.lee77@yahoo.com,+1-284-513-5490,9971 Pine Blvd,Phoenix,AZ,87015,USA
78,Ashley,Rodriguez,ashley.rodriguez78@yahoo.com,+1-382-911-8484,7786 Main Ave,Tacoma,WA,50263,USA
79,Karen,Lewis,karen.lewis79@gmail.com,+1-508-968-5252,5869 Oak Rd,Tempe,AZ,40352,USA
80,Donna,Davis,donna.davis80@hotmail.com,+1-436-511-1556,6829 Main Blvd,Savannah,GA,81565,USA
81,Robert,Hernandez,robert.hernandez81@hotmail.com,+1-764-620-3293,2976 Main Blvd,Tucson,AZ,18849,USA
82,Anthony,Clark,anthony.clark82@hotmail.com,+1-303-551-8385,6312 Oak Blvd,Orlando,FL,81592,USA
83,Kimberly,Johnson,kimberly.johnson83@gmail.com,+1-421-477-1186,7599 Cedar Rd,San Antonio,TX,26982,USA
84,Joshua,Smith,joshua.smith84@gmail.com,+1-792-209-7299,5580 Main Blvd,San Francisco,CA,42072,USA
85,Steven,Torres,steven.torres85@gmail.com,+1-370-483-5661,2501 Main Ave,Savannah,GA,91852,USA
86,Sandra,Martin,sandra.martin86@gmail.com,+1-668-205-8821,7386 Pine Rd,Pittsburgh,PA,68866,USA
87,Michelle,Thomas,michelle.thomas87@yahoo.com,+1-568-496-5998,1317 Oak Ave,Los Angeles,CA,35281,USA
88,Brian,Lopez,brian.lopez88@gmail.com,+1-351-491-4466,5904 Pine Blvd,Dallas,TX,69971,USA
89,Anthony,Anderson,anthony.anderson89@outlook.com,+1-743-950-5167,4041 Main St,Springfield,IL,38610,USA
90,Daniel,Wright,daniel.wright90@outlook.com,+1-505-295-7234,125 Main Rd,Phoenix,AZ,95411,USA
91,Ashley,Taylor,ashley.taylor91@gmail.com,+1-876-469-3302,6689 Main Blvd,Pittsburgh,PA,54418,USA
92,Sarah,Johnson,sarah.johnson92@hotmail.com,+1-489-333-1090,9603 Park Blvd,Los Angeles,CA,93578,USA
93,Mary,Brown,mary.brown93@yahoo.com,+1-655-314-2824,3970 Maple Blvd,Seattle,WA,39352,USA
94,Linda,Sanchez,linda.sanchez94@yahoo.com,+1-867-777-2023,885 Park Rd,Miami,FL,91389,USA
95,Steven,Taylor,steven.taylor95@hotmail.com,+1-695-856-5788,4961 Main St,Aurora,IL,42696,USA
96,Joshua,Lopez,joshua.lopez96@hotmail.com,+1-510-588-6216,9443 Park Rd,Atlanta,GA,89292,USA
97,Barbara,Gonzalez,barbara.gonzalez97@hotmail.com,+1-510-884-7089,8027 Cedar Ave,Phoenix,AZ,97244,USA
98,Michael,Ramirez,michael.ramirez98@outlook.com,+1-598-738-3417,1131 Cedar Blvd,Seattle,WA,53305,USA
99,Elizabeth,Harris,elizabeth.harris99@yahoo.com,+1-912-942-9084,5806 Pine St,San Jose,CA,10934,USA
100,Jennifer,Johnson,jennifer.johnson100@hotmail.com,+1-499-405-3089,1605 Cedar St,San Jose,CA,85748,USA
101,John,Ramirez,john.ramirez101@hotmail.com,+1-479-838-3178,9364 Cedar Blvd,Aurora,IL,79996,USA
102,Daniel,Martin,daniel.martin102@outlook.com,+1-923-202-1383,9461 Oak St,San Antonio,TX,53566,USA
103,Richard,Williams,richard.williams103@yahoo.com,+1-249-454-2572,7840 Cedar St,Aurora,IL,58718,USA
104,Anthony,Scott,anthony.scott104@outlook.com,+1-831-513-1226,959 Pine Ave,Allentown,PA,95889,USA
105,Emily,Wright,emily.wright105@hotmail.com,+1-374-575-1741,7573 Maple Rd,Allentown,PA,32739,USA
106,Anthony,Taylor,anthony.taylor106@gmail.com,+1-273-553-6978,1954 Pine Blvd,Dallas,TX,64634,USA
107,Sandra,Hernandez,sandra.hernandez107@hotmail.com,+1-341-282-6252,6520 Oak Rd,Pueblo,CO,54347,USA
108,Paul,Thompson,paul.thompson108@yahoo.com,+1-888-531-1791,2242 Main St,Dallas,TX,81584,USA
109,Kimberly,Wright,kimberly.wright109@yahoo.com,+1-575-466-5546,3991 Pine Ave,Austin,TX,42825,USA
110,Karen,Wilson,karen.wilson110@outlook.com,+1-564-621-9336,6465 Maple Blvd,Rockford,IL,13028,USA
111,Thomas,Brown,thomas.brown111@gmail.com,+1-480-606-9110,4879 Oak Blvd,San Jose,CA,68760,USA
112,Jennifer,Brown,jennifer.brown112@outlook.com,+1-894-867-8838,1961 Pine Blvd,San Diego,CA,51614,USA
113,Mark,Sanchez,mark.sanchez113@yahoo.com,+1-712-964-8268,1520 Pine St,Tampa,FL,41707,USA
114,Elizabeth,Harris,elizabeth.harris114@outlook.com,+1-790-803-3226,5152 Maple Blvd,New York,NY,33424,USA
115,Sarah,Lewis,sarah.lewis115@yahoo.com,+1-690-624-5587,9632 Pine St,Tampa,FL,77669,USA
116,Kimberly,Anderson,kimberly.anderson116@gmail.com,+1-537-881-2056,6182 Oak St,Colorado Springs,CO,30618,USA
117,Matthew,White,matthew.white117@hotmail.com,+1-211-733-7357,9599 Cedar Ave,San Antonio,TX,53773,USA
118,Jennifer,Sanchez,jennifer.sanchez118@hotmail.com,+1-397-547-6349,2948 Park St,Los Angeles,CA,21434,USA
119,Steven,Anderson,steven.anderson119@yahoo.com,+1-860-244-5114,6261 Pine Rd,Philadelphia,PA,51434,USA
120,Patricia,Moore,patricia.moore120@hotmail.com,+1-533-525-8445,7236 Park St,Jacksonville,FL,45105,USA
121,Kevin,Taylor,kevin.taylor121@yahoo.com,+1-560-674-1133,7749 Park St,Los Angeles,CA,72838,USA
122,Lisa,King,lisa.king122@yahoo.com,+1-239-830-5739,7349 Oak Rd,Buffalo,NY,66435,USA
123,Margaret,Wright,margaret.wright123@yahoo.com,+1-223-539-7908,1953 Maple Ave,Tacoma,WA,45000,USA
124,Brian,Ramirez,brian.ramirez124@hotmail.com,+1-447-351-5982,8403 Pine Rd,Miami,FL,67212,USA
125,Sarah,Lee,sarah.lee125@yahoo.com,+1-446-460-4420,1690 Park Blvd,San Jose,CA,68218,USA
126,Nancy,Allen,nancy.allen126@gmail.com,+1-433-681-9405,3715 Main Blvd,Atlanta,GA,18734,USA
127,Patricia,Wilson,patricia.wilson127@yahoo.com,+1-449-636-4981,5464 Park Blvd,Rockford,IL,92828,USA
128,Jessica,Walker,jessica.walker128@yahoo.com,+1-288-206-4976,9403 Oak Rd,San Jose,CA,41689,USA
129,Joseph,White,joseph.white129@yahoo.com,+1-810-592-2455,8183 Cedar Blvd,Tacoma,WA,50005,USA
130,Karen,Miller,karen.miller130@gmail.com,+1-768-959-5282,7566 Maple Blvd,San Francisco,CA,95746,USA
131,Jennifer,Sanchez,jennifer.sanchez131@hotmail.com,+1-979-726-8724,4625 Cedar Rd,Phoenix,AZ,27879,USA
132,Charles,Smith,charles.smith132@yahoo.com,+1-980-759-2760,2857 Oak St,Tempe,AZ,47626,USA
133,Brian,Torres,brian.torres133@outlook.com,+1-258-656-1497,8737 Oak Ave,San Diego,CA,90193,USA
134,Amanda,Wilson,amanda.wilson134@yahoo.com,+1-669-785-5185,6627 Park St,Buffalo,NY,90029,USA
135,Michael,King,michael.king135@outlook.com,+1-648-439-7791,499 Main Rd,Tacoma,WA,19624,USA
136,David,Wilson,david.wilson136@outlook.com,+1-373-883-7201,9546 Maple Blvd,Tacoma,WA,83852,USA
137,Elizabeth,Gonzalez,elizabeth.gonzalez137@gmail.com,+1-413-972-5275,6585 Oak Blvd,San Francisco,CA,69490,USA
138,Jennifer,Anderson,jennifer.anderson138@gmail.com,+1-682-642-3478,571 Maple Rd,Seattle,WA,79387,USA
139,Kimberly,Lee,kimberly.lee139@outlook.com,+1-220-458-7710,6334 Cedar Rd,Erie,PA,52915,USA
140,David,Garcia,david.garcia140@gmail.com,+1-996-615-1193,5654 Oak Ave,Colorado Springs,CO,77540,USA
141,Elizabeth,Lee,elizabeth.lee141@hotmail.com,+1-720-724-1692,3508 Maple St,New York,NY,46494,USA
142,Margaret,Rodriguez,margaret.rodriguez142@outlook.com,+1-786-930-3432,907 Main St,Atlanta,GA,50957,USA
143,Kimberly,Robinson,kimberly.robinson143@yahoo.com,+1-672-916-3141,4631 Pine Blvd,Dallas,TX,68542,USA
144,David,Miller,david.miller144@yahoo.com,+1-992-720-5150,1918 Pine St,Rochester,NY,94479,USA
145,Mark,Hernandez,mark.hernandez145@hotmail.com,+1-350-726-5252,6585 Pine St,Allentown,PA,63103,USA
146,Karen,Lewis,karen.lewis146@outlook.com,+1-802-281-7584,7953 Main St,San Jose,CA,52700,USA
147,Mark,Jones,mark.jones147@outlook.com,+1-480-583-3523,348 Pine Ave,Jacksonville,FL,20553,USA
148,John,White,john.white148@hotmail.com,+1-781-821-1859,3511 Park Rd,Houston,TX,34648,USA
149,John,Davis,john.davis149@outlook.com,+1-323-439-8092,6624 Main Blvd,Savannah,GA,33989,USA
150,Charles,Martinez,charles.martinez150@yahoo.com,+1-666-232-3925,6818 Main Blvd,Allentown,PA,38080,USA
151,Anthony,Gonzalez,anthony.gonzalez151@gmail.com,+1-342-868-1579,7549 Main Blvd,Savannah,GA,11012,USA
152,Susan,Thomas,susan.thomas152@hotmail.com,+1-431-297-3934,6408 Park Rd,Colorado Springs,CO,63177,USA
153,Daniel,Lewis,daniel.lewis153@yahoo.com,+1-411-658-3644,7649 Park Blvd,Miami,FL,90228,USA
154,Joshua,Taylor,joshua.taylor154@outlook.com,+1-326-757-7650,9542 Main Rd,Austin,TX,58811,USA
155,Robert,Jones,robert.jones155@gmail.com,+1-702-755-2311,9337 Pine Blvd,Tucson,AZ,54046,USA
156,Karen,Young,karen.young156@outlook.com,+1-955-778-2238,2802 Park St,New York,NY,83821,USA
157,Michelle,Flores,michelle.flores157@gmail.com,+1-269-929-4300,264 Park Ave,Pueblo,CO,25151,USA
158,David,Lee,david.lee158@gmail.com,+1-942-332-4051,6063 Maple Rd,Aurora,IL,72776,USA
159,Charles,Thompson,charles.thompson159@hotmail.com,+1-687-908-9617,1444 Cedar Rd,Rochester,NY,39414,USA
160,Barbara,Garcia,barbara.garcia160@hotmail.com,+1-371-512-4967,3592 Maple Blvd,Chicago,IL,84359,USA
161,Daniel,Miller,daniel.miller161@yahoo.com,+1-436-664-8239,7841 Cedar Blvd,Denver,CO,82547,USA
162,Patricia,Wilson,patricia.wilson162@yahoo.com,+1-648-441-1600,1851 Park St,Aurora,IL,80178,USA
163,Ashley,Jackson,ashley.jackson163@outlook.com,+1-814-411-6364,196 Cedar Ave,Tucson,AZ,53552,USA
164,Anthony,Lee,anthony.lee164@gmail.com,+1-628-467-2971,631 Oak St,Boulder,CO,45092,USA
165,Mary,Wilson,mary.wilson165@gmail.com,+1-485-229-4097,8006 Park St,Aurora,IL,52086,USA
166,Joshua,Davis,joshua.davis166@gmail.com,+1-879-969-9987,3653 Cedar Ave,Pueblo,CO,29339,USA
167,Karen,Miller,karen.miller167@outlook.com,+1-521-702-3018,4562 Maple Blvd,Spokane,WA,72101,USA
168,Amanda,Nguyen,amanda.nguyen168@gmail.com,+1-368-463-1060,3852 Main Blvd,Houston,TX,32670,USA
169,John,Lee,john.lee169@gmail.com,+1-273-644-4568,1445 Oak Rd,Jacksonville,FL,23522,USA
170,Jessica,Scott,jessica.scott170@outlook.com,+1-851-652-8443,2588 Park Rd,Denver,CO,35360,USA
171,Brian,Thompson,brian.thompson171@hotmail.com,+1-449-298-2987,6923 Maple Rd,Colorado Springs,CO,54178,USA
172,Mary,Hernandez,mary.hernandez172@hotmail.com,+1-415-433-6369,1889 Oak Rd,Tacoma,WA,65615,USA
173,Kimberly,Smith,kimberly.smith173@outlook.com,+1-610-994-8354,7655 Maple Rd,San Jose,CA,14781,USA
174,Kevin,Smith,kevin.smith174@outlook.com,+1-414-623-2275,4772 Cedar Blvd,Rockford,IL,44986,USA
175,Andrew,Lee,andrew.lee175@gmail.com,+1-736-546-1767,7976 Pine St,Erie,PA,15899,USA
176,Michael,Martinez,michael.martinez176@outlook.com,+1-262-207-8514,7812 Maple St,San Diego,CA,43968,USA
177,Joshua,Hill,joshua.hill177@outlook.com,+1-554-616-9272,4604 Pine St,Los Angeles,CA,99870,USA
178,William,Wilson,william.wilson178@hotmail.com,+1-453-760-8413,8058 Park Rd,Buffalo,NY,29785,USA
179,Kevin,Moore,kevin.moore179@yahoo.com,+1-910-504-2864,1504 Main Ave,Dallas,TX,83236,USA
180,Linda,Johnson,linda.johnson180@outlook.com,+1-860-614-7436,7631 Pine Rd,Los Angeles,CA,27807,USA
181,Ashley,Jones,ashley.jones181@hotmail.com,+1-280-753-1920,7400 Cedar Blvd,Chicago,IL,47010,USA
182,John,Davis,john.davis182@gmail.com,+1-869-456-7582,4237 Maple St,Austin,TX,83980,USA
183,Richard,Gonzalez,richard.gonzalez183@outlook.com,+1-276-470-6963,4618 Oak Ave,Houston,TX,78753,USA
184,Charles,Lee,charles.lee184@hotmail.com,+1-269-937-9271,1871 Cedar Ave,Dallas,TX,66881,USA
185,John,Torres,john.torres185@yahoo.com,+1-842-437-8551,954 Maple Blvd,Pueblo,CO,21531,USA
186,Linda,Lopez,linda.lopez186@yahoo.com,+1-776-498-9445,7410 Oak Rd,Pueblo,CO,26700,USA
187,Kevin,Smith,kevin.smith187@yahoo.com,+1-411-906-3115,5781 Oak Rd,Buffalo,NY,64334,USA
188,Amanda,Walker,amanda.walker188@gmail.com,+1-967-240-9152,9013 Cedar Blvd,San Francisco,CA,78666,USA
189,Margaret,Lewis,margaret.lewis189@yahoo.com,+1-699-586-7828,7574 Main Ave,Springfield,IL,18531,USA
190,Mark,Anderson,mark.anderson190@yahoo.com,+1-765-520-9351,1459 Park Ave,Austin,TX,55195,USA
191,Nancy,Harris,nancy.harris191@hotmail.com,+1-885-951-8621,6801 Pine Blvd,Savannah,GA,97603,USA
192,Jennifer,Thomas,jennifer.thomas192@yahoo.com,+1-290-207-9983,5381 Cedar Blvd,Pueblo,CO,55972,USA
193,Kimberly,Nguyen,kimberly.nguyen193@yahoo.com,+1-964-692-4343,629 Oak Rd,San Francisco,CA,65870,USA
194,Jennifer,Torres,jennifer.torres194@gmail.com,+1-330-558-4518,4327 Cedar Blvd,Bellevue,WA,87955,USA
195,Barbara,Rodriguez,barbara.rodriguez195@outlook.com,+1-500-745-6951,2379 Main St,Rockford,IL,53597,USA
196,Thomas,Lee,thomas.lee196@outlook.com,+1-802-563-2690,7239 Cedar Blvd,Savannah,GA,50255,USA
197,Patricia,Lewis,patricia.lewis197@outlook.com,+1-318-965-5214,1377 Main Blvd,Savannah,GA,17838,USA
198,Michelle,Garcia,michelle.garcia198@outlook.com,+1-400-211-6955,6543 Main St,Mesa,AZ,18449,USA
199,Sarah,Williams,sarah.williams199@hotmail.com,+1-935-249-4400,9637 Oak Blvd,Houston,TX,48880,USA
200,Thomas,Perez,thomas.perez200@hotmail.com,+1-791-834-4629,1074 Oak St,San Jose,CA,26577,USA
201,Jennifer,Gonzalez,jennifer.gonzalez201@outlook.com,+1-344-333-4289,2469 Oak St,Houston,TX,49685,USA
202,Joseph,Jones,joseph.jones202@outlook.com,+1-334-658-4225,5251 Park Ave,Erie,PA,12085,USA
203,Lisa,Lopez,lisa.lopez203@hotmail.com,+1-974-650-4350,2372 Park Ave,Tampa,FL,73061,USA
204,Andrew,Scott,andrew.scott204@yahoo.com,+1-552-448-9850,6344 Maple Ave,San Francisco,CA,77902,USA
205,Barbara,Taylor,barbara.taylor205@outlook.com,+1-922-931-5938,8204 Main Ave,Boulder,CO,34145,USA
206,Emily,Jones,emily.jones206@outlook.com,+1-570-895-7966,5925 Cedar Ave,San Antonio,TX,36201,USA
207,Lisa,Williams,lisa.williams207@hotmail.com,+1-289-295-7066,7415 Maple Ave,Savannah,GA,10839,USA
208,Karen,Hernandez,karen.hernandez208@hotmail.com,+1-447-795-8931,6813 Cedar St,Rockford,IL,96372,USA
209,Charles,Nguyen,charles.nguyen209@yahoo.com,+1-324-897-4753,9395 Maple St,Miami,FL,87388,USA
210,Michelle,Lee,michelle.lee210@hotmail.com,+1-962-916-9499,8860 Main Blvd,Rockford,IL,93914,USA
211,John,Torres,john.torres211@outlook.com,+1-584-668-6465,3357 Maple Ave,Tucson,AZ,79098,USA
212,Elizabeth,Lewis,elizabeth.lewis212@outlook.com,+1-429-475-9406,3218 Park St,San Francisco,CA,53576,USA
213,Mary,Walker,mary.walker213@hotmail.com,+1-692-373-2103,498 Main Rd,San Francisco,CA,87682,USA
214,Mary,Hernandez,mary.hernandez214@yahoo.com,+1-365-858-5084,1592 Maple Rd,Los Angeles,CA,15553,USA
215,Thomas,Young,thomas.young215@gmail.com,+1-204-465-3810,5989 Park Blvd,Albany,NY,75024,USA
216,Anthony,Martin,anthony.martin216@yahoo.com,+1-608-589-2625,2527 Maple Blvd,San Antonio,TX,14323,USA
217,David,Miller,david.miller217@gmail.com,+1-647-983-8605,3052 Park Ave,Jacksonville,FL,93127,USA
218,Brian,Nguyen,brian.nguyen218@yahoo.com,+1-928-462-5590,444 Park Rd,Rochester,NY,62402,USA
219,Karen,Perez,karen.perez219@hotmail.com,+1-423-412-7628,3159 Cedar St,San Antonio,TX,20605,USA
220,Sarah,Hernandez,sarah.hernandez220@hotmail.com,+1-532-265-6969,8240 Maple St,Austin,TX,70985,USA
221,Sarah,Taylor,sarah.taylor221@hotmail.com,+1-655-221-4128,7896 Oak Ave,San Diego,CA,15034,USA
222,Donna,Rodriguez,donna.rodriguez222@yahoo.com,+1-304-275-9933,8921 Pine Blvd,Buffalo,NY,16751,USA
223,Mark,Hill,mark.hill223@hotmail.com,+1-965-273-4244,6474 Main Ave,Austin,TX,94501,USA
224,Susan,Sanchez,susan.sanchez224@gmail.com,+1-733-932-6816,2841 Maple Rd,Los Angeles,CA,65499,USA
225,Donna,Williams,donna.williams225@hotmail.com,+1-366-621-3566,3119 Pine Blvd,Bellevue,WA,63937,USA
226,Anthony,Walker,anthony.walker226@outlook.com,+1-702-712-5611,422 Maple Ave,Dallas,TX,46406,USA
227,Mary,Jones,mary.jones227@gmail.com,+1-219-282-5836,4482 Cedar Ave,Tucson,AZ,59786,USA
228,Donna,Taylor,donna.taylor228@hotmail.com,+1-225-371-5531,9991 Cedar Rd,Pueblo,CO,30450,USA
229,Patricia,Wilson,patricia.wilson229@hotmail.com,+1-496-831-8971,7598 Main Ave,San Antonio,TX,55947,USA
230,Kimberly,Moore,kimberly.moore230@gmail.com,+1-649-267-2841,3807 Cedar Ave,Bellevue,WA,87893,USA
231,Brian,Miller,brian.miller231@gmail.com,+1-417-814-3806,5527 Park St,San Diego,CA,11826,USA
232,Thomas,Torres,thomas.torres232@outlook.com,+1-952-589-4107,7652 Cedar Blvd,Austin,TX,37830,USA
233,Thomas,Robinson,thomas.robinson233@hotmail.com,+1-837-686-1271,7068 Main Rd,San Diego,CA,62233,USA
234,Barbara,Davis,barbara.davis234@outlook.com,+1-947-984-2922,8363 Main St,Savannah,GA,64601,USA
235,Jessica,Perez,jessica.perez235@hotmail.com,+1-224-662-3264,5986 Cedar Ave,Austin,TX,72364,USA
236,Linda,Young,linda.young236@gmail.com,+1-412-558-2604,131 Oak St,New York,NY,49045,USA
237,Steven,Anderson,steven.anderson237@gmail.com,+1-551-669-1079,528 Oak St,Tucson,AZ,80880,USA
238,Elizabeth,Harris,elizabeth.harris238@yahoo.com,+1-478-904-2740,8526 Cedar St,Phoenix,AZ,91584,USA
239,Sandra,Walker,sandra.walker239@yahoo.com,+1-294-513-5280,8778 Cedar Blvd,Philadelphia,PA,80361,USA
240,Anthony,Scott,anthony.scott240@yahoo.com,+1-470-587-9390,1020 Pine St,Springfield,IL,15282,USA
241,Susan,Taylor,susan.taylor241@hotmail.com,+1-604-257-7764,9646 Oak Ave,Allentown,PA,47415,USA
242,Susan,Taylor,susan.taylor242@hotmail.com,+1-434-571-2591,2667 Main Rd,San Diego,CA,39806,USA
243,Ashley,Clark,ashley.clark243@yahoo.com,+1-294-411-2381,5287 Park Rd,Tampa,FL,99115,USA
244,Joseph,Thomas,joseph.thomas244@yahoo.com,+1-867-980-3882,3678 Cedar Blvd,Houston,TX,77417,USA
245,Patricia,Lee,patricia.lee245@outlook.com,+1-645-606-5999,9305 Main St,Augusta,GA,95466,USA
246,Mark,Gonzalez,mark.gonzalez246@hotmail.com,+1-436-953-1837,4647 Maple Rd,Los Angeles,CA,68968,USA
247,Patricia,Lopez,patricia.lopez247@yahoo.com,+1-378-241-4355,1353 Pine Blvd,San Francisco,CA,91466,USA
248,Jessica,Jones,jessica.jones248@gmail.com,+1-369-642-5467,5661 Maple Ave,San Antonio,TX,42391,USA
249,Daniel,Wilson,daniel.wilson249@gmail.com,+1-410-546-5115,7320 Maple Ave,Colorado Springs,CO,16711,USA
250,Richard,Jones,richard.jones250@yahoo.com,+1-339-450-3610,2944 Pine St,Augusta,GA,18453,USA
251,Joshua,Hernandez,joshua.hernandez251@gmail.com,+1-616-464-5720,2657 Pine Ave,Rochester,NY,78753,USA
252,Michelle,Anderson,michelle.anderson252@yahoo.com,+1-660-709-5274,7412 Maple Rd,New York,NY,10830,USA
253,Sandra,King,sandra.king253@yahoo.com,+1-546-702-5595,1124 Park Rd,Allentown,PA,65988,USA
254,Mark,Miller,mark.miller254@hotmail.com,+1-625-627-2424,5591 Park Ave,Allentown,PA,27949,USA
255,Sandra,Young,sandra.young255@yahoo.com,+1-903-820-1525,1328 Park Ave,Albany,NY,73396,USA
256,Mark,Jones,mark.jones256@outlook.com,+1-296-742-4225,5210 Park St,Tampa,FL,47776,USA
257,Anthony,Hill,anthony.hill257@hotmail.com,+1-706-324-9437,3392 Oak Ave,Seattle,WA,89107,USA
258,Ashley,Clark,ashley.clark258@outlook.com,+1-490-839-5494,3230 Pine St,Spokane,WA,46537,USA
259,Robert,Brown,robert.brown259@gmail.com,+1-639-500-2434,1212 Pine Blvd,Colorado Springs,CO,10977,USA
260,Charles,Allen,charles.allen260@hotmail.com,+1-373-612-1656,7404 Main Rd,Jacksonville,FL,16415,USA
261,Anthony,Jones,anthony.jones261@gmail.com,+1-605-500-8771,4946 Oak Ave,New York,NY,63625,USA
262,Lisa,Wright,lisa.wright262@outlook.com,+1-571-997-6803,1104 Oak Blvd,Albany,NY,34613,USA
263,Daniel,Jones,daniel.jones263@gmail.com,+1-910-421-6582,2878 Main Blvd,San Jose,CA,35606,USA
264,Lisa,Perez,lisa.perez264@outlook.com,+1-559-879-7856,7889 Maple St,Aurora,IL,18238,USA
265,David,Harris,david.harris265@yahoo.com,+1-784-390-5994,3861 Cedar Blvd,San Francisco,CA,59128,USA
266,Kevin,Young,kevin.young266@yahoo.com,+1-604-859-8324,8973 Oak Blvd,Houston,TX,39237,USA
267,David,Rodriguez,david.rodriguez267@hotmail.com,+1-888-725-7360,558 Park St,San Jose,CA,99290,USA
268,Emily,Wilson,emily.wilson268@gmail.com,+1-779-571-1805,9960 Cedar Blvd,Chicago,IL,73539,USA
269,Anthony,Taylor,anthony.taylor269@gmail.com,+1-268-678-6497,519 Oak Rd,Tucson,AZ,18974,USA
270,Nancy,Allen,nancy.allen270@outlook.com,+1-730-589-7896,4534 Pine Rd,Jacksonville,FL,14257,USA
271,Mark,Ramirez,mark.ramirez271@outlook.com,+1-923-831-4748,7601 Main St,Orlando,FL,50189,USA
272,Ashley,Smith,ashley.smith272@yahoo.com,+1-825-344-1441,432 Pine Ave,Dallas,TX,61676,USA
273,Jennifer,Flores,jennifer.flores273@outlook.com,+1-519-827-2765,4654 Maple Ave,Dallas,TX,58073,USA
274,Robert,Lee,robert.lee274@outlook.com,+1-321-750-9861,1211 Cedar St,Tempe,AZ,21305,USA
275,Lisa,Anderson,lisa.anderson275@outlook.com,+1-331-326-6605,9955 Maple St,Boulder,CO,52022,USA
276,Mary,Hernandez,mary.hernandez276@outlook.com,+1-505-720-7085,8636 Oak Rd,Athens,GA,29134,USA
277,Mark,Jones,mark.jones277@yahoo.com,+1-790-329-1693,2650 Pine Ave,San Francisco,CA,97755,USA
278,Richard,Young,richard.young278@hotmail.com,+1-540-662-5316,7919 Cedar Ave,San Diego,CA,33948,USA
279,Michelle,King,michelle.king279@yahoo.com,+1-343-731-7640,8069 Main Rd,San Diego,CA,17939,USA
280,Matthew,Hill,matthew.hill280@yahoo.com,+1-521-556-6350,6788 Park Rd,San Francisco,CA,34254,USA
281,Daniel,Walker,daniel.walker281@gmail.com,+1-333-331-5068,8585 Pine Blvd,Austin,TX,52014,USA
282,Mark,Sanchez,mark.sanchez282@outlook.com,+1-743-483-7641,7604 Main St,Rockford,IL,48011,USA
283,Margaret,Anderson,margaret.anderson283@hotmail.com,+1-401-503-3710,3909 Cedar Ave,Boulder,CO,74352,USA
284,Daniel,Wilson,daniel.wilson284@yahoo.com,+1-212-825-4552,9286 Park St,Orlando,FL,25344,USA
285,Donna,Sanchez,donna.sanchez285@yahoo.com,+1-893-313-6255,6019 Maple Blvd,Aurora,IL,12797,USA
286,Elizabeth,Perez,elizabeth.perez286@outlook.com,+1-474-402-3240,3933 Cedar St,San Jose,CA,13880,USA
287,Joseph,Martin,joseph.martin287@hotmail.com,+1-643-287-2329,2659 Main Rd,Dallas,TX,22300,USA
288,Donna,Nguyen,donna.nguyen288@gmail.com,+1-688-641-3164,1748 Maple St,Allentown,PA,29391,USA
289,Linda,White,linda.white289@gmail.com,+1-853-992-7457,6883 Pine Blvd,Springfield,IL,73554,USA
290,David,Young,david.young290@yahoo.com,+1-814-975-8612,5503 Pine Blvd,San Antonio,TX,39471,USA
291,Amanda,Harris,amanda.harris291@yahoo.com,+1-232-368-3378,6292 Park St,Atlanta,GA,16784,USA
292,Paul,Gonzalez,paul.gonzalez292@hotmail.com,+1-859-573-1480,3836 Cedar St,Philadelphia,PA,53209,USA
293,Matthew,Ramirez,matthew.ramirez293@gmail.com,+1-963-820-6671,4342 Cedar Ave,Philadelphia,PA,83951,USA
294,Mary,Young,mary.young294@outlook.com,+1-797-667-9512,4902 Main St,San Jose,CA,94610,USA
295,Linda,Lewis,linda.lewis295@gmail.com,+1-220-967-2691,2895 Pine St,Austin,TX,56891,USA
296,Joseph,Davis,joseph.davis296@outlook.com,+1-529-427-8004,3394 Maple Blvd,Mesa,AZ,73340,USA
297,Anthony,Jones,anthony.jones297@yahoo.com,+1-326-525-3544,8741 Pine Blvd,San Diego,CA,58151,USA
298,Patricia,Ramirez,patricia.ramirez298@yahoo.com,+1-756-352-8466,9526 Cedar Ave,Austin,TX,17021,USA
299,Mary,Lewis,mary.lewis299@gmail.com,+1-416-242-8774,819 Cedar St,Orlando,FL,32958,USA
300,Brian,Williams,brian.williams300@hotmail.com,+1-608-752-8383,8265 Maple St,Phoenix,AZ,71847,USA
301,Paul,Davis,paul.davis301@yahoo.com,+1-973-986-8576,6659 Park Rd,Pittsburgh,PA,50183,USA
302,Brian,Martinez,brian.martinez302@hotmail.com,+1-391-350-8362,2276 Oak Blvd,Albany,NY,17898,USA
303,Sandra,Perez,sandra.perez303@hotmail.com,+1-386-597-7130,5259 Oak Blvd,Jacksonville,FL,12990,USA
304,Karen,Perez,karen.perez304@gmail.com,+1-881-765-9172,7558 Main St,Los Angeles,CA,12541,USA
305,John,Rodriguez,john.rodriguez305@yahoo.com,+1-232-278-1421,6899 Main Rd,Springfield,IL,50440,USA
306,Joshua,Perez,joshua.perez306@gmail.com,+1-597-278-6357,3072 Cedar Blvd,Colorado Springs,CO,97957,USA
307,Barbara,Gonzalez,barbara.gonzalez307@outlook.com,+1-326-729-4964,2408 Main St,San Jose,CA,43265,USA
308,Susan,Wilson,susan.wilson308@yahoo.com,+1-540-280-1044,4109 Pine St,Los Angeles,CA,67134,USA
309,Paul,Hernandez,paul.hernandez309@yahoo.com,+1-444-575-2809,3323 Maple Rd,Colorado Springs,CO,33104,USA
310,Steven,Allen,steven.allen310@outlook.com,+1-893-332-6517,2585 Maple Rd,Houston,TX,28018,USA
311,Joseph,Lopez,joseph.lopez311@gmail.com,+1-469-220-3090,3734 Pine Ave,Bellevue,WA,76498,USA
312,John,Jackson,john.jackson312@hotmail.com,+1-627-777-8740,7147 Maple Rd,San Jose,CA,76963,USA
313,Michelle,Hernandez,michelle.hernandez313@hotmail.com,+1-978-739-9417,2152 Maple Blvd,San Diego,CA,31961,USA
314,Michelle,Hernandez,michelle.hernandez314@gmail.com,+1-806-725-9320,1686 Pine Ave,Pittsburgh,PA,59241,USA
315,Patricia,Miller,patricia.miller315@hotmail.com,+1-521-732-3885,9013 Oak St,San Diego,CA,38425,USA
316,Emily,Robinson,emily.robinson316@gmail.com,+1-970-344-1913,6845 Park St,Tampa,FL,89358,USA
317,Mark,Miller,mark.miller317@outlook.com,+1-446-283-5679,9311 Main Rd,Savannah,GA,64360,USA
318,David,Flores,david.flores318@gmail.com,+1-708-566-5048,2315 Oak St,Tempe,AZ,80984,USA
319,Mark,Gonzalez,mark.gonzalez319@gmail.com,+1-404-949-7138,2573 Park Ave,Los Angeles,CA,24886,USA
320,Elizabeth,Flores,elizabeth.flores320@hotmail.com,+1-801-842-8737,2045 Oak St,San Diego,CA,79135,USA
321,Joseph,Rodriguez,joseph.rodriguez321@outlook.com,+1-371-475-5096,7675 Maple Rd,Dallas,TX,42944,USA
322,Nancy,Torres,nancy.torres322@yahoo.com,+1-837-914-1134,9632 Oak St,Denver,CO,88501,USA
323,Jessica,Walker,jessica.walker323@hotmail.com,+1-610-691-2312,9218 Maple St,Springfield,IL,44493,USA
324,Mark,Moore,mark.moore324@yahoo.com,+1-248-478-4221,3175 Pine St,Orlando,FL,81393,USA
325,Michael,Jackson,michael.jackson325@gmail.com,+1-622-579-6993,3512 Pine Rd,Orlando,FL,17612,USA
326,Joseph,Johnson,joseph.johnson326@yahoo.com,+1-991-466-8750,8217 Oak Ave,Tampa,FL,32850,USA
327,Joseph,King,joseph.king327@yahoo.com,+1-361-969-2954,105 Main St,Albany,NY,91372,USA
328,James,Hill,james.hill328@gmail.com,+1-274-651-5089,1263 Cedar Ave,Buffalo,NY,68165,USA
329,Brian,Williams,brian.williams329@gmail.com,+1-386-673-3681,3843 Pine Ave,Philadelphia,PA,85980,USA
330,Charles,Jones,charles.jones330@outlook.com,+1-336-841-8686,4426 Park Blvd,Chicago,IL,90202,USA
331,Richard,King,richard.king331@hotmail.com,+1-683-332-8072,1890 Cedar Blvd,San Diego,CA,61676,USA
332,Anthony,Scott,anthony.scott332@yahoo.com,+1-461-826-1961,1421 Cedar Ave,Tampa,FL,29056,USA
333,Patricia,Rodriguez,patricia.rodriguez333@outlook.com,+1-422-345-7158,1456 Main Ave,Atlanta,GA,95515,USA
334,Elizabeth,Jones,elizabeth.jones334@gmail.com,+1-260-248-7281,4722 Maple St,San Francisco,CA,98096,USA
335,Michelle,Martin,michelle.martin335@gmail.com,+1-285-499-8100,2845 Cedar Rd,San Francisco,CA,55403,USA
336,Michael,Williams,michael.williams336@hotmail.com,+1-840-507-5368,6558 Cedar St,Spokane,WA,74338,USA
337,Joseph,Hill,joseph.hill337@hotmail.com,+1-296-766-6488,440 Maple Rd,Denver,CO,41649,USA
338,Joshua,Lewis,joshua.lewis338@gmail.com,+1-817-426-7831,8323 Maple Rd,Colorado Springs,CO,83297,USA
339,Margaret,Sanchez,margaret.sanchez339@hotmail.com,+1-215-539-1136,963 Maple Blvd,Austin,TX,67418,USA
340,Amanda,Lee,amanda.lee340@yahoo.com,+1-806-244-6830,512 Park Blvd,Dallas,TX,59692,USA
341,Richard,Jones,richard.jones341@yahoo.com,+1-712-329-5767,5749 Park St,Boulder,CO,51792,USA
342,Karen,Wilson,karen.wilson342@outlook.com,+1-266-946-7182,7259 Pine St,Los Angeles,CA,44344,USA
343,Sarah,Flores,sarah.flores343@gmail.com,+1-837-254-8721,900 Maple Ave,Aurora,IL,48113,USA
344,William,Miller,william.miller344@hotmail.com,+1-781-683-3081,8387 Park St,New York,NY,73270,USA
345,Joshua,Martinez,joshua.martinez345@yahoo.com,+1-653-208-9373,6380 Oak Blvd,Houston,TX,76499,USA
346,Paul,Lopez,paul.lopez346@gmail.com,+1-258-729-2160,9828 Oak Rd,Rockford,IL,14610,USA
347,Margaret,Scott,margaret.scott347@hotmail.com,+1-433-230-6623,4656 Pine Ave,Seattle,WA,64356,USA
348,William,Flores,william.flores348@hotmail.com,+1-692-407-9609,3941 Pine Ave,San Diego,CA,96195,USA
349,Michael,Thomas,michael.thomas349@gmail.com,+1-760-996-9321,654 Park St,Mesa,AZ,74251,USA
350,Joshua,Thompson,joshua.thompson350@hotmail.com,+1-904-388-9143,8532 Oak Rd,Pittsburgh,PA,58991,USA
351,Kevin,Davis,kevin.davis351@yahoo.com,+1-982-529-2877,4077 Maple Rd,Boulder,CO,41609,USA
352,John,Davis,john.davis352@outlook.com,+1-930-465-4049,5398 Maple Blvd,Mesa,AZ,15507,USA
353,Michelle,Johnson,michelle.johnson353@yahoo.com,+1-777-366-8516,1428 Pine Ave,Jacksonville,FL,32718,USA
354,Mark,Harris,mark.harris354@gmail.com,+1-381-849-9365,1940 Cedar St,Bellevue,WA,48396,USA
355,David,Martinez,david.martinez355@outlook.com,+1-565-650-7452,1327 Park Blvd,Los Angeles,CA,81469,USA
356,William,Brown,william.brown356@hotmail.com,+1-791-867-7773,742 Main Ave,Philadelphia,PA,80157,USA
357,Patricia,Brown,patricia.brown357@yahoo.com,+1-902-719-6153,2290 Pine St,Rockford,IL,95193,USA
358,Lisa,Sanchez,lisa.sanchez358@hotmail.com,+1-927-893-8736,6227 Oak Blvd,Houston,TX,40669,USA
359,John,Thomas,john.thomas359@hotmail.com,+1-368-207-6141,3024 Park Blvd,San Jose,CA,39848,USA
360,Patricia,Young,patricia.young360@outlook.com,+1-352-475-5024,806 Park Rd,Tampa,FL,10532,USA
361,Kevin,Nguyen,kevin.nguyen361@hotmail.com,+1-588-723-8165,9297 Park Ave,Albany,NY,66493,USA
362,Kimberly,Young,kimberly.young362@outlook.com,+1-300-974-9740,4523 Maple Ave,Colorado Springs,CO,13782,USA
363,Matthew,Clark,matthew.clark363@hotmail.com,+1-488-728-1061,8023 Park Ave,Tacoma,WA,41571,USA
364,Steven,Williams,steven.williams364@hotmail.com,+1-417-384-2459,2230 Oak Rd,Philadelphia,PA,59198,USA
365,Sandra,Walker,sandra.walker365@hotmail.com,+1-445-654-9450,6713 Pine Blvd,Colorado Springs,CO,45182,USA
366,Michael,Davis,michael.davis366@outlook.com,+1-948-550-7934,8798 Main Rd,San Jose,CA,84993,USA
367,Paul,Martin,paul.martin367@yahoo.com,+1-257-507-8943,4275 Oak Rd,Tampa,FL,19900,USA
368,Ashley,Hill,ashley.hill368@gmail.com,+1-906-841-2737,9229 Main Blvd,Seattle,WA,74198,USA
369,Kevin,Wilson,kevin.wilson369@hotmail.com,+1-648-285-5558,855 Pine Ave,Colorado Springs,CO,65529,USA
370,Daniel,Lewis,daniel.lewis370@outlook.com,+1-735-731-1910,1186 Oak St,Tempe,AZ,88611,USA
371,Matthew,Flores,matthew.flores371@hotmail.com,+1-902-222-4856,8648 Main St,Austin,TX,30503,USA
372,James,Walker,james.walker372@hotmail.com,+1-818-829-2685,8363 Oak Blvd,Athens,GA,81946,USA
373,Michael,Miller,michael.miller373@outlook.com,+1-755-444-6374,3976 Cedar Blvd,Bellevue,WA,83349,USA
374,Andrew,Miller,andrew.miller374@hotmail.com,+1-760-794-1323,1896 Maple St,Allentown,PA,22032,USA
375,Barbara,Allen,barbara.allen375@yahoo.com,+1-249-302-7738,1157 Cedar St,Philadelphia,PA,25190,USA
376,Anthony,Jackson,anthony.jackson376@outlook.com,+1-804-518-9040,8324 Cedar Blvd,Aurora,IL,77012,USA
377,David,Gonzalez,david.gonzalez377@yahoo.com,+1-931-724-8003,140 Cedar St,Los Angeles,CA,31231,USA
378,Amanda,Clark,amanda.clark378@hotmail.com,+1-287-503-8388,5184 Park Blvd,San Francisco,CA,24746,USA
379,Susan,Johnson,susan.johnson379@gmail.com,+1-938-981-3658,9078 Pine Blvd,Albany,NY,92346,USA
380,Ashley,Johnson,ashley.johnson380@hotmail.com,+1-872-577-6556,120 Maple Rd,San Francisco,CA,37520,USA
381,Ashley,Jackson,ashley.jackson381@yahoo.com,+1-748-920-2622,186 Maple Rd,San Francisco,CA,20910,USA
382,Mary,Nguyen,mary.nguyen382@yahoo.com,+1-511-825-7647,9485 Oak Blvd,Albany,NY,84469,USA
383,Richard,Robinson,richard.robinson383@yahoo.com,+1-925-898-1729,6105 Maple St,Seattle,WA,18462,USA
384,Sandra,Flores,sandra.flores384@yahoo.com,+1-648-966-1788,9415 Oak St,Philadelphia,PA,30903,USA
385,Anthony,Lewis,anthony.lewis385@hotmail.com,+1-791-373-2694,7830 Cedar Blvd,Spokane,WA,97319,USA
386,Margaret,Williams,margaret.williams386@hotmail.com,+1-627-768-4666,514 Pine Blvd,San Diego,CA,36739,USA
387,Andrew,Jones,andrew.jones387@outlook.com,+1-431-562-5013,4109 Cedar Ave,Tampa,FL,28632,USA
388,Kevin,Sanchez,kevin.sanchez388@outlook.com,+1-712-756-4796,6714 Oak Ave,San Francisco,CA,17054,USA
389,Barbara,Lewis,barbara.lewis389@gmail.com,+1-927-835-2068,6106 Oak Rd,Erie,PA,17553,USA
390,Patricia,Jones,patricia.jones390@outlook.com,+1-528-662-6859,9238 Maple Rd,Augusta,GA,64526,USA
391,Joseph,Hernandez,joseph.hernandez391@gmail.com,+1-384-244-6337,1423 Maple Blvd,Los Angeles,CA,31353,USA
392,Daniel,King,daniel.king392@yahoo.com,+1-398-375-5378,4919 Maple St,Dallas,TX,31440,USA
393,Mary,Martinez,mary.martinez393@hotmail.com,+1-699-472-6045,5859 Main Ave,Atlanta,GA,90392,USA
394,Michael,Miller,michael.miller394@outlook.com,+1-989-317-2839,4174 Oak Blvd,Rochester,NY,94976,USA
395,Barbara,Martinez,barbara.martinez395@outlook.com,+1-816-772-9249,4757 Main Ave,Houston,TX,84327,USA
396,Ashley,Scott,ashley.scott396@hotmail.com,+1-549-606-6659,3264 Oak St,Phoenix,AZ,90311,USA
397,Paul,Robinson,paul.robinson397@hotmail.com,+1-348-382-3846,5334 Park Rd,Savannah,GA,29339,USA
398,Margaret,Smith,margaret.smith398@outlook.com,+1-744-917-1851,6275 Pine Ave,Athens,GA,15059,USA
399,Richard,Nguyen,richard.nguyen399@hotmail.com,+1-262-636-3350,2845 Maple Ave,Savannah,GA,79054,USA
400,Barbara,King,barbara.king400@hotmail.com,+1-990-712-8732,4614 Oak St,Dallas,TX,14651,USA
401,Joseph,Thomas,joseph.thomas401@yahoo.com,+1-745-417-5449,4508 Cedar Blvd,Atlanta,GA,81693,USA
402,Robert,White,robert.white402@outlook.com,+1-378-953-8262,5734 Cedar Blvd,Athens,GA,73290,USA
403,David,Jackson,david.jackson403@yahoo.com,+1-589-305-8517,3058 Oak Blvd,Jacksonville,FL,10893,USA
404,Sarah,Scott,sarah.scott404@outlook.com,+1-420-734-6544,2831 Main Rd,Tampa,FL,25950,USA
405,Jessica,Gonzalez,jessica.gonzalez405@yahoo.com,+1-440-490-9121,2653 Oak Ave,Athens,GA,86339,USA
406,Barbara,Jackson,barbara.jackson406@hotmail.com,+1-398-782-1811,2772 Pine Ave,Austin,TX,40069,USA
407,Joseph,Moore,joseph.moore407@yahoo.com,+1-733-791-5845,9751 Maple St,Athens,GA,95969,USA
408,Donna,Hernandez,donna.hernandez408@yahoo.com,+1-991-649-2516,3205 Main Ave,Augusta,GA,65302,USA
409,Karen,Thompson,karen.thompson409@yahoo.com,+1-893-902-3130,728 Oak Ave,Mesa,AZ,18640,USA
410,Nancy,Ramirez,nancy.ramirez410@yahoo.com,+1-825-837-2180,675 Pine Blvd,San Diego,CA,63725,USA
411,Amanda,Allen,amanda.allen411@hotmail.com,+1-861-274-2812,3792 Main Ave,Boulder,CO,91077,USA
412,Brian,Harris,brian.harris412@gmail.com,+1-907-426-1682,2362 Main Rd,Tempe,AZ,84576,USA
413,Joshua,Gonzalez,joshua.gonzalez413@yahoo.com,+1-249-902-7069,2191 Main Blvd,Colorado Springs,CO,49657,USA
414,Patricia,Ramirez,patricia.ramirez414@hotmail.com,+1-306-476-8083,1425 Pine Rd,Mesa,AZ,69459,USA
415,Patricia,Moore,patricia.moore415@gmail.com,+1-923-377-9530,5652 Oak Ave,Springfield,IL,59960,USA
416,Charles,Sanchez,charles.sanchez416@hotmail.com,+1-269-532-2397,2525 Park St,Erie,PA,86675,USA
417,David,Harris,david.harris417@outlook.com,+1-755-975-8117,5908 Cedar Rd,Tampa,FL,83580,USA
418,Kimberly,Hernandez,kimberly.hernandez418@hotmail.com,+1-203-496-2998,8337 Maple St,Pueblo,CO,94331,USA
419,Kimberly,Anderson,kimberly.anderson419@hotmail.com,+1-457-287-2758,9376 Oak Blvd,Austin,TX,86213,USA
420,Joshua,Jackson,joshua.jackson420@outlook.com,+1-232-634-9460,705 Cedar Ave,Houston,TX,56826,USA
421,David,Davis,david.davis421@gmail.com,+1-659-780-9477,5240 Cedar Ave,San Antonio,TX,53160,USA
422,Linda,Jones,linda.jones422@gmail.com,+1-873-583-7573,1581 Cedar Ave,Savannah,GA,75503,USA
423,William,Perez,william.perez423@hotmail.com,+1-816-549-9453,2018 Park Blvd,San Francisco,CA,73644,USA
424,John,Clark,john.clark424@yahoo.com,+1-754-629-2750,9461 Main Rd,Spokane,WA,95552,USA
425,Barbara,Lopez,barbara.lopez425@hotmail.com,+1-776-811-3883,5190 Main Blvd,Orlando,FL,98502,USA
426,James,Torres,james.torres426@yahoo.com,+1-407-390-4557,5624 Main Blvd,Rochester,NY,13604,USA
427,Richard,Williams,richard.williams427@gmail.com,+1-225-306-4840,3509 Main Blvd,San Francisco,CA,65469,USA
428,Nancy,King,nancy.king428@gmail.com,+1-796-878-5117,1091 Main St,Philadelphia,PA,72555,USA
429,Barbara,Smith,barbara.smith429@yahoo.com,+1-921-979-5242,5971 Park Blvd,Tucson,AZ,92277,USA
430,Linda,Williams,linda.williams430@gmail.com,+1-492-785-5532,3910 Pine Blvd,Colorado Springs,CO,63194,USA
431,Robert,Ramirez,robert.ramirez431@outlook.com,+1-600-614-2726,7257 Oak St,Los Angeles,CA,13880,USA
432,Kimberly,Miller,kimberly.miller432@hotmail.com,+1-568-656-8275,6592 Park Blvd,San Diego,CA,49220,USA
433,David,Torres,david.torres433@gmail.com,+1-571-987-6230,409 Pine St,Philadelphia,PA,75673,USA
434,Richard,Nguyen,richard.nguyen434@yahoo.com,+1-207-282-3280,8441 Oak Ave,Miami,FL,79016,USA
435,Charles,Miller,charles.miller435@hotmail.com,+1-208-560-8534,8451 Oak Rd,Austin,TX,20339,USA
436,Steven,Clark,steven.clark436@hotmail.com,+1-236-754-8924,2034 Cedar Rd,Buffalo,NY,25552,USA
437,Thomas,Thompson,thomas.thompson437@outlook.com,+1-678-637-8562,4442 Park St,Los Angeles,CA,89099,USA
438,Thomas,Lewis,thomas.lewis438@yahoo.com,+1-428-219-6851,9740 Pine Blvd,Philadelphia,PA,84054,USA
439,David,Hill,david.hill439@gmail.com,+1-449-695-7346,8983 Main Blvd,Bellevue,WA,12825,USA
440,Linda,Jackson,linda.jackson440@yahoo.com,+1-210-655-4045,7891 Park St,Buffalo,NY,37701,USA
441,Steven,Taylor,steven.taylor441@gmail.com,+1-608-234-4514,960 Main St,Pueblo,CO,41541,USA
442,Mary,King,mary.king442@gmail.com,+1-909-607-7955,1317 Main Blvd,Orlando,FL,26814,USA
443,Matthew,Brown,matthew.brown443@outlook.com,+1-432-251-1932,1380 Cedar Ave,San Francisco,CA,47767,USA
444,Barbara,Smith,barbara.smith444@gmail.com,+1-300-558-3198,8812 Pine Rd,Tucson,AZ,22357,USA
445,Linda,Williams,linda.williams445@hotmail.com,+1-433-922-6151,3944 Pine Blvd,Phoenix,AZ,33039,USA
446,Sarah,Nguyen,sarah.nguyen446@yahoo.com,+1-528-470-8960,7472 Park St,San Jose,CA,53357,USA
447,Jennifer,Brown,jennifer.brown447@outlook.com,+1-527-947-1535,8598 Pine St,Rockford,IL,58023,USA
448,Patricia,Martin,patricia.martin448@outlook.com,+1-279-631-1256,6093 Cedar Rd,Denver,CO,60062,USA
449,Amanda,Taylor,amanda.taylor449@gmail.com,+1-436-909-7346,4801 Main St,Savannah,GA,82920,USA
450,Thomas,Martinez,thomas.martinez450@gmail.com,+1-548-220-1850,860 Oak Rd,San Jose,CA,80108,USA
451,Patricia,Jones,patricia.jones451@yahoo.com,+1-966-383-4311,7666 Pine Rd,Rockford,IL,79811,USA
452,Daniel,Clark,daniel.clark452@hotmail.com,+1-323-940-5188,5727 Pine St,Houston,TX,10222,USA
453,Susan,Johnson,susan.johnson453@outlook.com,+1-544-382-5081,1106 Cedar Ave,Albany,NY,59612,USA
454,Margaret,Wright,margaret.wright454@yahoo.com,+1-831-577-6846,6146 Main St,San Diego,CA,26090,USA
455,Margaret,Harris,margaret.harris455@gmail.com,+1-962-210-1826,3482 Cedar Blvd,Boulder,CO,30614,USA
456,Daniel,King,daniel.king456@gmail.com,+1-936-636-2313,7599 Park St,Aurora,IL,91037,USA
457,Susan,Thompson,susan.thompson457@yahoo.com,+1-516-438-2682,1201 Oak Ave,Buffalo,NY,25063,USA
458,William,Rodriguez,william.rodriguez458@yahoo.com,+1-614-474-5585,3210 Main Blvd,Jacksonville,FL,42301,USA
459,Susan,Jackson,susan.jackson459@yahoo.com,+1-297-282-2594,3740 Pine Blvd,Springfield,IL,20365,USA
460,Brian,Martin,brian.martin460@outlook.com,+1-980-730-6832,6156 Cedar Blvd,Houston,TX,29187,USA
461,Sandra,Ramirez,sandra.ramirez461@hotmail.com,+1-705-202-9800,8564 Main Blvd,Rochester,NY,78151,USA
462,Margaret,King,margaret.king462@outlook.com,+1-397-201-5893,3071 Oak Rd,San Antonio,TX,15444,USA
463,Charles,Rodriguez,charles.rodriguez463@outlook.com,+1-499-653-9092,3290 Pine St,Albany,NY,97912,USA
464,Charles,Miller,charles.miller464@gmail.com,+1-638-231-1168,7396 Cedar Rd,Allentown,PA,23348,USA
465,Nancy,Moore,nancy.moore465@gmail.com,+1-470-720-9278,9520 Oak Blvd,Atlanta,GA,68824,USA
466,Linda,King,linda.king466@gmail.com,+1-344-841-4526,6138 Oak Rd,Savannah,GA,51094,USA
467,Jessica,Johnson,jessica.johnson467@hotmail.com,+1-233-576-2389,8522 Maple St,Mesa,AZ,19001,USA
468,Nancy,Hill,nancy.hill468@outlook.com,+1-987-350-3431,9619 Pine Ave,Houston,TX,63267,USA
469,Donna,Flores,donna.flores469@hotmail.com,+1-211-227-6382,3415 Cedar Ave,Pittsburgh,PA,45605,USA
470,Joshua,Smith,joshua.smith470@outlook.com,+1-484-327-6449,5442 Pine Ave,Austin,TX,91334,USA
471,Robert,Wright,robert.wright471@yahoo.com,+1-467-789-8666,3190 Maple Ave,Los Angeles,CA,91083,USA
472,Matthew,Nguyen,matthew.nguyen472@gmail.com,+1-225-671-5700,9866 Pine Rd,Rochester,NY,34146,USA
473,Michael,Martin,michael.martin473@yahoo.com,+1-558-775-4829,9587 Oak St,Savannah,GA,13117,USA
474,Nancy,Johnson,nancy.johnson474@hotmail.com,+1-535-430-4692,8672 Maple Rd,San Antonio,TX,98768,USA
475,Jennifer,Anderson,jennifer.anderson475@hotmail.com,+1-476-219-7530,6870 Main Ave,Savannah,GA,45472,USA
476,Emily,Moore,emily.moore476@yahoo.com,+1-220-324-9522,3273 Main Blvd,Bellevue,WA,11592,USA
477,Kimberly,Allen,kimberly.allen477@gmail.com,+1-843-252-3850,7841 Oak Blvd,Rochester,NY,89522,USA
478,Michael,Sanchez,michael.sanchez478@yahoo.com,+1-897-861-4258,8913 Park Rd,Rockford,IL,63138,USA
479,Elizabeth,Allen,elizabeth.allen479@gmail.com,+1-214-377-3927,8361 Park Rd,Dallas,TX,87194,USA
480,Karen,Wilson,karen.wilson480@outlook.com,+1-654-613-6960,6410 Main St,Mesa,AZ,18544,USA
481,Barbara,Torres,barbara.torres481@gmail.com,+1-668-301-6499,1678 Park Ave,San Antonio,TX,40028,USA
482,Patricia,Garcia,patricia.garcia482@yahoo.com,+1-701-599-4228,4947 Maple St,Buffalo,NY,92107,USA
483,Jennifer,Anderson,jennifer.anderson483@gmail.com,+1-450-568-3685,1002 Park Blvd,Chicago,IL,83985,USA
484,James,Perez,james.perez484@yahoo.com,+1-241-345-8947,1762 Pine Ave,Augusta,GA,80230,USA
485,Karen,Lewis,karen.lewis485@outlook.com,+1-756-891-7282,9583 Park Rd,Spokane,WA,46538,USA
486,Joshua,Miller,joshua.miller486@yahoo.com,+1-489-776-5844,9348 Main Blvd,Boulder,CO,95425,USA
487,Joshua,Ramirez,joshua.ramirez487@hotmail.com,+1-419-348-1612,9089 Pine Rd,Houston,TX,76272,USA
488,William,Sanchez,william.sanchez488@yahoo.com,+1-310-205-5372,4316 Pine Ave,Los Angeles,CA,41316,USA
489,Nancy,Anderson,nancy.anderson489@gmail.com,+1-715-913-1119,9171 Oak Blvd,Tucson,AZ,51081,USA
490,Mark,Hernandez,mark.hernandez490@hotmail.com,+1-540-569-4427,8860 Park Rd,Tampa,FL,40029,USA
491,Linda,Robinson,linda.robinson491@yahoo.com,+1-666-719-4107,3513 Cedar Rd,Boulder,CO,78029,USA
492,Mary,Jones,mary.jones492@hotmail.com,+1-376-595-6570,9687 Maple St,Tacoma,WA,90258,USA
493,Sandra,Rodriguez,sandra.rodriguez493@hotmail.com,+1-670-475-5613,4096 Maple St,Tucson,AZ,41378,USA
494,Kimberly,Allen,kimberly.allen494@outlook.com,+1-632-836-2316,7537 Oak Blvd,Orlando,FL,15276,USA
495,Karen,Hill,karen.hill495@yahoo.com,+1-279-736-2628,1670 Cedar Ave,San Francisco,CA,62580,USA
496,Joseph,Harris,joseph.harris496@yahoo.com,+1-403-342-4883,3888 Main Blvd,Tempe,AZ,68723,USA
497,Robert,Hernandez,robert.hernandez497@outlook.com,+1-260-728-5379,9927 Pine Rd,Orlando,FL,15968,USA
498,Charles,Lee,charles.lee498@yahoo.com,+1-469-584-6105,1168 Oak Rd,San Jose,CA,68616,USA
499,Michael,Young,michael.young499@yahoo.com,+1-913-356-6989,4741 Maple Ave,Philadelphia,PA,45198,USA
500,Patricia,Wilson,patricia.wilson500@hotmail.com,+1-622-624-3584,4333 Maple Blvd,Austin,TX,93090,USA
501,Andrew,Gonzalez,andrew.gonzalez501@outlook.com,+1-219-637-9469,329 Park Rd,Augusta,GA,59061,USA
502,Margaret,Lopez,margaret.lopez502@yahoo.com,+1-220-545-4427,180 Park Ave,Buffalo,NY,69740,USA
503,Andrew,Young,andrew.young503@yahoo.com,+1-917-886-9938,3921 Main Rd,Rochester,NY,42199,USA
504,Lisa,Brown,lisa.brown504@hotmail.com,+1-863-398-8952,2085 Main Ave,Athens,GA,37741,USA
505,Andrew,Martin,andrew.martin505@outlook.com,+1-544-258-4784,3737 Oak Blvd,Houston,TX,48106,USA
506,Kevin,Gonzalez,kevin.gonzalez506@outlook.com,+1-405-817-2486,5181 Main St,Boulder,CO,71497,USA
507,Joseph,Garcia,joseph.garcia507@yahoo.com,+1-561-429-2766,2134 Pine Ave,San Jose,CA,67361,USA
508,Ashley,Miller,ashley.miller508@gmail.com,+1-441-212-6458,3218 Oak Ave,Austin,TX,93865,USA
509,Thomas,Nguyen,thomas.nguyen509@outlook.com,+1-871-517-2662,1169 Main St,Boulder,CO,87278,USA
510,Patricia,Rodriguez,patricia.rodriguez510@gmail.com,+1-764-820-9472,9990 Cedar Ave,San Jose,CA,47160,USA
511,Brian,Smith,brian.smith511@outlook.com,+1-823-598-2923,9605 Pine Rd,Austin,TX,49514,USA
512,Robert,Scott,robert.scott512@yahoo.com,+1-792-237-4124,4241 Main Blvd,Buffalo,NY,97904,USA
513,Margaret,Hernandez,margaret.hernandez513@outlook.com,+1-499-484-9874,871 Oak St,Denver,CO,88384,USA
514,Amanda,Thompson,amanda.thompson514@gmail.com,+1-712-247-7903,4072 Main Ave,Tucson,AZ,78524,USA
515,Richard,Thompson,richard.thompson515@hotmail.com,+1-893-639-6650,8668 Main St,Orlando,FL,18675,USA
516,Emily,King,emily.king516@hotmail.com,+1-426-771-6367,8041 Park Blvd,Boulder,CO,39462,USA
517,Paul,Miller,paul.miller517@outlook.com,+1-335-301-8315,9387 Maple Blvd,Philadelphia,PA,98450,USA
518,Steven,Nguyen,steven.nguyen518@outlook.com,+1-331-917-3733,5665 Main Rd,Colorado Springs,CO,48287,USA
519,Daniel,Martinez,daniel.martinez519@hotmail.com,+1-517-515-2038,5561 Main Ave,Chicago,IL,71694,USA
520,Ashley,Nguyen,ashley.nguyen520@outlook.com,+1-615-228-3258,4384 Cedar Ave,Pittsburgh,PA,47734,USA
521,Anthony,Moore,anthony.moore521@yahoo.com,+1-381-921-7962,8631 Park Rd,Athens,GA,46738,USA
522,Mary,Miller,mary.miller522@hotmail.com,+1-262-400-5745,3666 Main St,Boulder,CO,19617,USA
523,Patricia,Wright,patricia.wright523@hotmail.com,+1-731-967-9514,6413 Pine Ave,Denver,CO,40788,USA
524,Michael,Ramirez,michael.ramirez524@hotmail.com,+1-518-982-4297,280 Maple Rd,Springfield,IL,15189,USA
525,Margaret,Nguyen,margaret.nguyen525@yahoo.com,+1-223-428-6219,1207 Park Ave,Chicago,IL,21402,USA
526,Kimberly,Johnson,kimberly.johnson526@hotmail.com,+1-564-599-1509,5199 Oak Blvd,Austin,TX,13717,USA
527,James,Johnson,james.johnson527@outlook.com,+1-678-521-8593,1001 Oak Blvd,Phoenix,AZ,29844,USA
528,Nancy,Smith,nancy.smith528@gmail.com,+1-818-926-2080,7993 Main St,Austin,TX,54869,USA
529,Barbara,Wilson,barbara.wilson529@gmail.com,+1-512-493-6183,2911 Park Rd,Colorado Springs,CO,17361,USA
530,David,Sanchez,david.sanchez530@yahoo.com,+1-536-536-3025,3986 Pine St,Dallas,TX,53588,USA
531,Andrew,Smith,andrew.smith531@hotmail.com,+1-219-679-6163,7550 Cedar Rd,San Jose,CA,33036,USA
532,Michael,Hill,michael.hill532@yahoo.com,+1-550-598-3868,2578 Maple St,Austin,TX,80054,USA
533,Kimberly,Lewis,kimberly.lewis533@yahoo.com,+1-376-996-5239,2876 Park Rd,Buffalo,NY,56239,USA
534,James,Williams,james.williams534@outlook.com,+1-513-644-1007,6310 Oak Rd,Tucson,AZ,91797,USA
535,Mark,Lee,mark.lee535@yahoo.com,+1-851-780-2714,1034 Maple Blvd,Rochester,NY,14437,USA
536,Richard,King,richard.king536@hotmail.com,+1-705-921-2018,7059 Oak Rd,Orlando,FL,35590,USA
537,Kimberly,Perez,kimberly.perez537@yahoo.com,+1-376-859-3071,8823 Oak Rd,Chicago,IL,35032,USA
538,Paul,Martinez,paul.martinez538@outlook.com,+1-872-775-1940,5709 Maple Rd,Buffalo,NY,30039,USA
539,Matthew,Gonzalez,matthew.gonzalez539@hotmail.com,+1-911-408-3539,3580 Oak Ave,Jacksonville,FL,90439,USA
540,Susan,Williams,susan.williams540@outlook.com,+1-852-445-2713,3736 Main Blvd,Houston,TX,95617,USA
541,Robert,Smith,robert.smith541@yahoo.com,+1-530-400-5905,5802 Main Blvd,Erie,PA,93568,USA
542,Paul,Wright,paul.wright542@yahoo.com,+1-625-901-9774,9548 Cedar St,Los Angeles,CA,97708,USA
543,David,Brown,david.brown543@outlook.com,+1-839-579-3921,5314 Cedar Rd,Bellevue,WA,13020,USA
544,Steven,Wright,steven.wright544@yahoo.com,+1-841-968-2493,9664 Maple Rd,Phoenix,AZ,40703,USA
545,Michael,White,michael.white545@yahoo.com,+1-345-668-8302,5487 Oak St,Seattle,WA,76131,USA
546,Patricia,Flores,patricia.flores546@hotmail.com,+1-504-837-3173,1012 Cedar St,Tampa,FL,86519,USA
547,Jessica,Lopez,jessica.lopez547@outlook.com,+1-880-896-3658,2689 Pine St,Tacoma,WA,79111,USA
548,Nancy,Lee,nancy.lee548@outlook.com,+1-544-871-6043,9518 Cedar St,Pueblo,CO,37329,USA
549,Steven,Robinson,steven.robinson549@hotmail.com,+1-780-381-6414,4968 Maple St,Los Angeles,CA,41530,USA
550,Donna,Perez,donna.perez550@outlook.com,+1-443-561-6741,9242 Oak St,San Antonio,TX,76801,USA
551,Lisa,Lewis,lisa.lewis551@yahoo.com,+1-237-284-4561,2755 Cedar Ave,Los Angeles,CA,23248,USA
552,David,Sanchez,david.sanchez552@outlook.com,+1-782-427-3949,3981 Oak Blvd,Springfield,IL,13860,USA
553,Karen,Jones,karen.jones553@hotmail.com,+1-454-283-6867,8458 Pine Rd,Mesa,AZ,71934,USA
554,Barbara,Johnson,barbara.johnson554@outlook.com,+1-550-644-5498,349 Pine Ave,New York,NY,46061,USA
555,Daniel,Lewis,daniel.lewis555@yahoo.com,+1-754-302-5752,1058 Pine Ave,Allentown,PA,62742,USA
556,Susan,Young,susan.young556@yahoo.com,+1-268-485-3438,2471 Cedar Blvd,Jacksonville,FL,43650,USA
557,Ashley,Hill,ashley.hill557@hotmail.com,+1-656-430-7366,3432 Park Ave,Houston,TX,30517,USA
558,Jessica,Harris,jessica.harris558@gmail.com,+1-563-697-6392,3362 Cedar Ave,Erie,PA,61766,USA
559,John,Brown,john.brown559@yahoo.com,+1-492-393-6166,1311 Main St,Houston,TX,31648,USA
560,Linda,Jones,linda.jones560@hotmail.com,+1-681-559-2023,4194 Oak St,Orlando,FL,63658,USA
561,Charles,Jackson,charles.jackson561@outlook.com,+1-934-284-1292,1030 Park St,Rochester,NY,12837,USA
562,Joshua,Ramirez,joshua.ramirez562@yahoo.com,+1-503-261-6391,8763 Pine St,Pittsburgh,PA,49376,USA
563,James,Moore,james.moore563@yahoo.com,+1-869-542-1017,3398 Maple St,San Jose,CA,83391,USA
564,Karen,Brown,karen.brown564@yahoo.com,+1-767-499-4359,1606 Main Blvd,San Diego,CA,29685,USA
565,Lisa,Anderson,lisa.anderson565@hotmail.com,+1-469-540-6213,6149 Pine Ave,Aurora,IL,50878,USA
566,Margaret,Sanchez,margaret.sanchez566@hotmail.com,+1-304-819-1162,1664 Pine Blvd,Aurora,IL,78506,USA
567,John,Robinson,john.robinson567@hotmail.com,+1-478-683-5258,2169 Cedar Blvd,Colorado Springs,CO,42387,USA
568,Joshua,Brown,joshua.brown568@outlook.com,+1-648-745-9418,4345 Maple Ave,Atlanta,GA,98303,USA
569,Nancy,King,nancy.king569@gmail.com,+1-483-846-7476,9237 Oak Rd,San Francisco,CA,41906,USA
570,Linda,Wright,linda.wright570@gmail.com,+1-647-960-1457,5478 Pine St,Springfield,IL,63382,USA
571,Mark,Davis,mark.davis571@yahoo.com,+1-469-210-1420,2714 Cedar Blvd,Dallas,TX,14058,USA
572,Emily,Wilson,emily.wilson572@outlook.com,+1-362-831-9579,678 Main Rd,Tempe,AZ,64014,USA
573,Jennifer,Torres,jennifer.torres573@gmail.com,+1-759-820-4727,4828 Park Ave,Pittsburgh,PA,67062,USA
574,James,Scott,james.scott574@gmail.com,+1-845-563-1345,3083 Main Ave,Houston,TX,65199,USA
575,Charles,Robinson,charles.robinson575@gmail.com,+1-814-680-1406,5963 Maple Blvd,San Diego,CA,37614,USA
576,Jennifer,Miller,jennifer.miller576@outlook.com,+1-408-646-9260,7513 Main Blvd,Houston,TX,54739,USA
577,William,Clark,william.clark577@outlook.com,+1-588-709-6104,7973 Main St,Rockford,IL,57168,USA
578,John,Walker,john.walker578@hotmail.com,+1-600-277-1186,104 Park Ave,San Diego,CA,78647,USA
579,Amanda,Jackson,amanda.jackson579@outlook.com,+1-682-605-7953,2183 Park St,Augusta,GA,51139,USA
580,Matthew,Moore,matthew.moore580@hotmail.com,+1-950-697-4602,1211 Cedar Ave,Jacksonville,FL,99189,USA
581,Jessica,King,jessica.king581@yahoo.com,+1-362-347-7764,7949 Oak Blvd,Athens,GA,27618,USA
582,Sandra,Ramirez,sandra.ramirez582@hotmail.com,+1-595-806-4235,1724 Park Rd,Dallas,TX,11958,USA
583,Margaret,Wright,margaret.wright583@gmail.com,+1-845-585-8420,6732 Maple St,Springfield,IL,32147,USA
584,Michelle,Harris,michelle.harris584@hotmail.com,+1-565-738-3441,2729 Maple Ave,Colorado Springs,CO,21417,USA
585,James,Miller,james.miller585@gmail.com,+1-225-898-6096,4277 Main St,Philadelphia,PA,69092,USA
586,Paul,Nguyen,paul.nguyen586@gmail.com,+1-692-329-8775,5780 Main Rd,Dallas,TX,73650,USA
587,Matthew,Clark,matthew.clark587@gmail.com,+1-696-385-9338,9792 Main Ave,Rockford,IL,67663,USA
588,Joseph,Nguyen,joseph.nguyen588@hotmail.com,+1-469-575-1484,1013 Maple Rd,Phoenix,AZ,46432,USA
589,Emily,Martin,emily.martin589@yahoo.com,+1-385-329-7067,8840 Oak St,San Antonio,TX,25361,USA
590,Charles,White,charles.white590@gmail.com,+1-852-994-8465,6201 Main St,New York,NY,31639,USA
591,Matthew,Williams,matthew.williams591@hotmail.com,+1-331-708-4845,3675 Park St,Colorado Springs,CO,92510,USA
592,Mary,Williams,mary.williams592@outlook.com,+1-787-671-1149,8079 Pine St,Seattle,WA,32271,USA
593,Michael,Scott,michael.scott593@outlook.com,+1-385-552-9982,7866 Oak Blvd,Boulder,CO,91254,USA
594,Matthew,Robinson,matthew.robinson594@yahoo.com,+1-503-872-8027,3642 Cedar Rd,Rochester,NY,63003,USA
595,Michelle,Allen,michelle.allen595@yahoo.com,+1-852-322-9692,8819 Main Ave,Buffalo,NY,48853,USA
596,William,King,william.king596@gmail.com,+1-722-400-2278,8962 Pine Ave,Buffalo,NY,45673,USA
597,William,Brown,william.brown597@outlook.com,+1-284-292-5420,9944 Pine Rd,Pueblo,CO,45572,USA
598,Brian,Walker,brian.walker598@hotmail.com,+1-464-264-9638,1719 Oak Blvd,Augusta,GA,13761,USA
599,David,Wright,david.wright599@hotmail.com,+1-806-809-2717,8791 Main Blvd,Buffalo,NY,93523,USA
600,Richard,Nguyen,richard.nguyen600@outlook.com,+1-889-807-2754,9707 Cedar Blvd,Miami,FL,11561,USA
601,Daniel,Flores,daniel.flores601@hotmail.com,+1-254-778-4528,9864 Park St,Los Angeles,CA,17443,USA
602,Michael,Williams,michael.williams602@hotmail.com,+1-492-691-2517,1916 Cedar Ave,Erie,PA,49697,USA
603,Barbara,Thompson,barbara.thompson603@outlook.com,+1-249-797-3703,8646 Main St,Boulder,CO,76877,USA
604,Richard,Lewis,richard.lewis604@outlook.com,+1-484-607-9253,785 Oak Blvd,San Antonio,TX,46061,USA
605,Richard,Lee,richard.lee605@hotmail.com,+1-861-944-2620,2184 Pine Rd,San Antonio,TX,48987,USA
606,Paul,Walker,paul.walker606@gmail.com,+1-602-415-5768,4198 Pine Blvd,San Francisco,CA,14175,USA
607,Jessica,Jackson,jessica.jackson607@gmail.com,+1-279-866-2197,6345 Park Ave,Dallas,TX,48810,USA
608,Barbara,Flores,barbara.flores608@hotmail.com,+1-292-582-7021,8157 Park St,Phoenix,AZ,62305,USA
609,Amanda,Flores,amanda.flores609@gmail.com,+1-664-572-1459,1208 Oak St,Spokane,WA,49924,USA
610,Andrew,Garcia,andrew.garcia610@outlook.com,+1-510-362-6229,8958 Park Blvd,Dallas,TX,99704,USA
611,Amanda,Allen,amanda.allen611@yahoo.com,+1-207-852-2163,4371 Park Ave,Springfield,IL,61016,USA
612,Donna,Young,donna.young612@yahoo.com,+1-735-479-9681,6106 Park Ave,Austin,TX,34835,USA
613,Brian,Taylor,brian.taylor613@gmail.com,+1-372-478-1509,1225 Pine Ave,Seattle,WA,37803,USA
614,Brian,Brown,brian.brown614@hotmail.com,+1-607-548-4246,2439 Maple St,Austin,TX,39880,USA
615,Sandra,Jackson,sandra.jackson615@hotmail.com,+1-537-461-9365,1366 Maple Rd,San Antonio,TX,22223,USA
616,Kevin,Gonzalez,kevin.gonzalez616@outlook.com,+1-586-284-6986,3379 Maple St,Jacksonville,FL,54860,USA
617,Andrew,Miller,andrew.miller617@gmail.com,+1-461-782-7958,8075 Pine Ave,Tempe,AZ,24489,USA
618,Lisa,Harris,lisa.harris618@gmail.com,+1-724-404-4358,2019 Oak St,Savannah,GA,81259,USA
619,Thomas,Gonzalez,thomas.gonzalez619@yahoo.com,+1-287-984-7199,1658 Park St,Jacksonville,FL,19897,USA
620,Mark,Rodriguez,mark.rodriguez620@outlook.com,+1-695-210-7219,5139 Main St,Houston,TX,39893,USA
621,Anthony,Perez,anthony.perez621@hotmail.com,+1-428-850-5059,4306 Maple Rd,Rochester,NY,49677,USA
622,Amanda,Johnson,amanda.johnson622@outlook.com,+1-293-290-4223,9010 Park Rd,Tempe,AZ,68504,USA
623,Daniel,Young,daniel.young623@gmail.com,+1-380-381-3950,4597 Pine Ave,San Francisco,CA,73635,USA
624,Elizabeth,Lee,elizabeth.lee624@outlook.com,+1-233-776-6102,5016 Cedar Ave,Houston,TX,87496,USA
625,Jessica,Martin,jessica.martin625@gmail.com,+1-588-686-7184,6030 Main Ave,Tampa,FL,62258,USA
626,Mark,Sanchez,mark.sanchez626@yahoo.com,+1-784-662-1233,9357 Cedar Ave,San Diego,CA,57250,USA
627,Thomas,Robinson,thomas.robinson627@hotmail.com,+1-495-914-5849,613 Maple Blvd,Chicago,IL,78497,USA
628,John,Martinez,john.martinez628@gmail.com,+1-727-705-9907,7143 Maple Ave,San Jose,CA,41216,USA
629,Emily,King,emily.king629@yahoo.com,+1-665-224-6972,5767 Pine Ave,Tucson,AZ,37258,USA
630,Nancy,Scott,nancy.scott630@outlook.com,+1-907-334-9996,8731 Pine Blvd,San Diego,CA,86383,USA
631,William,Robinson,william.robinson631@outlook.com,+1-969-504-7690,9876 Cedar Ave,Dallas,TX,92330,USA
632,Margaret,Lee,margaret.lee632@yahoo.com,+1-885-512-5270,6254 Maple Blvd,Austin,TX,40796,USA
633,Andrew,Torres,andrew.torres633@hotmail.com,+1-969-966-4442,6139 Cedar Ave,Aurora,IL,57469,USA
634,Mark,Brown,mark.brown634@hotmail.com,+1-795-448-4648,1329 Maple Rd,San Antonio,TX,27466,USA
635,Robert,Martinez,robert.martinez635@hotmail.com,+1-343-715-4765,4863 Oak St,Denver,CO,20430,USA
636,Amanda,Clark,amanda.clark636@gmail.com,+1-445-341-4499,5457 Park Ave,San Antonio,TX,23694,USA
637,Kimberly,Scott,kimberly.scott637@outlook.com,+1-450-729-1310,4383 Cedar Ave,Tacoma,WA,42677,USA
638,Anthony,Sanchez,anthony.sanchez638@yahoo.com,+1-284-727-7554,990 Cedar Blvd,Rochester,NY,39044,USA
639,Mary,Wilson,mary.wilson639@outlook.com,+1-681-795-1023,2017 Park Rd,Tempe,AZ,58799,USA
640,William,Ramirez,william.ramirez640@yahoo.com,+1-957-969-5430,2017 Cedar Ave,Austin,TX,18051,USA
641,Richard,Flores,richard.flores641@hotmail.com,+1-715-345-3397,4770 Maple Ave,Los Angeles,CA,97443,USA
642,Richard,Brown,richard.brown642@outlook.com,+1-398-544-5194,5887 Cedar St,Phoenix,AZ,66193,USA
643,Emily,Moore,emily.moore643@gmail.com,+1-784-277-4231,8839 Cedar Rd,Chicago,IL,30290,USA
644,Jessica,Moore,jessica.moore644@yahoo.com,+1-749-336-4747,6583 Maple Rd,Pittsburgh,PA,49969,USA
645,Kimberly,Taylor,kimberly.taylor645@outlook.com,+1-607-831-9799,7405 Cedar Ave,Houston,TX,38541,USA
646,Sarah,Thompson,sarah.thompson646@hotmail.com,+1-437-809-3091,4415 Oak Ave,Albany,NY,56501,USA
647,Jessica,Thompson,jessica.thompson647@yahoo.com,+1-680-306-9511,3295 Cedar Ave,Savannah,GA,89691,USA
648,Anthony,Jackson,anthony.jackson648@gmail.com,+1-773-676-3070,9271 Park St,San Francisco,CA,99601,USA
649,Mary,Torres,mary.torres649@yahoo.com,+1-877-967-5146,467 Oak Rd,Aurora,IL,73205,USA
650,Joseph,Lopez,joseph.lopez650@hotmail.com,+1-439-254-1608,6179 Pine Blvd,Rochester,NY,24311,USA
651,Jessica,Brown,jessica.brown651@yahoo.com,+1-668-562-2862,6591 Oak St,Colorado Springs,CO,31988,USA
652,Sandra,King,sandra.king652@outlook.com,+1-345-512-2481,2725 Pine Ave,San Diego,CA,78434,USA
653,Mary,Clark,mary.clark653@yahoo.com,+1-747-704-9393,7100 Park Rd,New York,NY,66432,USA
654,David,Lee,david.lee654@yahoo.com,+1-377-441-7112,7609 Park Blvd,San Diego,CA,59378,USA
655,William,Scott,william.scott655@hotmail.com,+1-758-234-7682,3835 Park St,Seattle,WA,31743,USA
656,Steven,Garcia,steven.garcia656@yahoo.com,+1-629-426-3991,8026 Main Rd,San Diego,CA,19075,USA
657,Susan,Martin,susan.martin657@outlook.com,+1-722-517-5188,6460 Pine Rd,Pueblo,CO,65361,USA
658,Daniel,Hill,daniel.hill658@gmail.com,+1-341-214-4288,9926 Park Blvd,Pueblo,CO,91913,USA
659,Susan,Hernandez,susan.hernandez659@hotmail.com,+1-364-658-6549,1134 Maple Blvd,Spokane,WA,54431,USA
660,Susan,Sanchez,susan.sanchez660@yahoo.com,+1-546-737-6370,5828 Main Rd,Austin,TX,83824,USA
661,Mary,Smith,mary.smith661@yahoo.com,+1-308-730-3058,1664 Park St,San Francisco,CA,67744,USA
662,William,Thompson,william.thompson662@hotmail.com,+1-634-306-2218,5878 Oak St,Springfield,IL,63464,USA
663,Thomas,White,thomas.white663@outlook.com,+1-835-734-3638,7824 Cedar Ave,San Francisco,CA,96753,USA
664,Jennifer,Davis,jennifer.davis664@outlook.com,+1-831-965-3104,525 Cedar Rd,Rochester,NY,62431,USA
665,Nancy,Scott,nancy.scott665@gmail.com,+1-551-887-3548,3101 Cedar Blvd,Savannah,GA,42072,USA
666,Michael,White,michael.white666@yahoo.com,+1-700-418-6588,9090 Cedar Blvd,Mesa,AZ,57570,USA
667,Andrew,Smith,andrew.smith667@yahoo.com,+1-496-688-4599,2635 Cedar Blvd,Bellevue,WA,71362,USA
668,Kevin,Allen,kevin.allen668@outlook.com,+1-655-816-4088,6743 Oak St,Springfield,IL,45780,USA
669,Amanda,Wright,amanda.wright669@outlook.com,+1-771-475-7636,4914 Pine Blvd,San Diego,CA,37440,USA
670,Mary,Gonzalez,mary.gonzalez670@yahoo.com,+1-220-382-7595,7618 Pine Ave,San Francisco,CA,70934,USA
671,Robert,Jones,robert.jones671@hotmail.com,+1-410-351-7521,6662 Cedar St,Austin,TX,55992,USA
672,Ashley,Taylor,ashley.taylor672@hotmail.com,+1-295-500-5031,6940 Cedar St,Buffalo,NY,60244,USA
673,Daniel,Martin,daniel.martin673@yahoo.com,+1-929-291-3313,1910 Cedar Ave,Orlando,FL,39197,USA
674,Nancy,Wright,nancy.wright674@yahoo.com,+1-250-703-5260,1802 Park Rd,Los Angeles,CA,64379,USA
675,Jennifer,Gonzalez,jennifer.gonzalez675@outlook.com,+1-311-618-8964,7908 Park Rd,Phoenix,AZ,59287,USA
676,Patricia,Torres,patricia.torres676@hotmail.com,+1-242-368-8258,2925 Maple Blvd,San Francisco,CA,89332,USA
677,William,Williams,william.williams677@outlook.com,+1-335-735-2253,4853 Pine St,Austin,TX,26079,USA
678,Lisa,Thompson,lisa.thompson678@gmail.com,+1-202-944-4614,2597 Maple Blvd,Pittsburgh,PA,66762,USA
679,Mary,Brown,mary.brown679@gmail.com,+1-879-541-6136,2584 Main Ave,Chicago,IL,92869,USA
680,David,Smith,david.smith680@yahoo.com,+1-957-644-1274,5630 Main Rd,Los Angeles,CA,72187,USA
681,Sandra,Rodriguez,sandra.rodriguez681@hotmail.com,+1-272-869-1669,7476 Oak Ave,Miami,FL,92690,USA
682,Thomas,Taylor,thomas.taylor682@gmail.com,+1-401-582-2654,930 Oak Ave,Houston,TX,83796,USA
683,John,Lewis,john.lewis683@yahoo.com,+1-639-797-4512,9911 Cedar Rd,Rockford,IL,48920,USA
684,Susan,Walker,susan.walker684@gmail.com,+1-494-446-9489,8992 Main Rd,Allentown,PA,17835,USA
685,Joshua,Jackson,joshua.jackson685@outlook.com,+1-882-563-1793,2191 Park St,Philadelphia,PA,63979,USA
686,Robert,Martinez,robert.martinez686@hotmail.com,+1-345-612-4324,4867 Park Blvd,Tempe,AZ,24245,USA
687,Patricia,Ramirez,patricia.ramirez687@outlook.com,+1-585-447-1076,8505 Oak Blvd,Pueblo,CO,62501,USA
688,Donna,Moore,donna.moore688@yahoo.com,+1-630-642-9871,8078 Park St,Austin,TX,89188,USA
689,Karen,Moore,karen.moore689@gmail.com,+1-281-238-9183,5976 Oak Rd,San Diego,CA,61414,USA
690,Steven,Allen,steven.allen690@outlook.com,+1-547-701-4506,1108 Cedar Blvd,San Antonio,TX,72307,USA
691,Jessica,Torres,jessica.torres691@hotmail.com,+1-928-952-5993,2404 Cedar Ave,Phoenix,AZ,16992,USA
692,Matthew,Sanchez,matthew.sanchez692@gmail.com,+1-242-679-6166,4935 Cedar Blvd,Pittsburgh,PA,21418,USA
693,Mark,Nguyen,mark.nguyen693@hotmail.com,+1-873-483-4057,8426 Oak Ave,Colorado Springs,CO,26745,USA
694,Mary,Smith,mary.smith694@yahoo.com,+1-249-761-9097,5008 Pine Ave,Tacoma,WA,86784,USA
695,John,Moore,john.moore695@hotmail.com,+1-201-661-3179,1623 Main St,San Jose,CA,17315,USA
696,Elizabeth,Johnson,elizabeth.johnson696@gmail.com,+1-292-912-1388,9533 Maple St,San Jose,CA,92772,USA
697,David,Lee,david.lee697@gmail.com,+1-647-481-1295,9929 Maple Ave,Rochester,NY,70323,USA
698,Charles,Allen,charles.allen698@gmail.com,+1-384-922-3620,6803 Oak Rd,Tampa,FL,93628,USA
699,Robert,Williams,robert.williams699@hotmail.com,+1-609-711-8227,4370 Maple Ave,San Diego,CA,54973,USA
700,Elizabeth,Nguyen,elizabeth.nguyen700@outlook.com,+1-699-378-5751,5621 Main Ave,Tampa,FL,74264,USA
701,Kevin,Lee,kevin.lee701@hotmail.com,+1-850-369-3688,4362 Park Rd,Los Angeles,CA,66056,USA
702,Matthew,Allen,matthew.allen702@hotmail.com,+1-525-398-5601,4697 Main St,Buffalo,NY,26544,USA
703,Kimberly,Williams,kimberly.williams703@yahoo.com,+1-221-209-7129,7246 Oak St,Tacoma,WA,92315,USA
704,Daniel,Wright,daniel.wright704@yahoo.com,+1-993-950-2434,2917 Cedar Blvd,Austin,TX,23163,USA
705,Donna,Thomas,donna.thomas705@hotmail.com,+1-889-578-9960,1118 Cedar St,Atlanta,GA,49021,USA
706,Amanda,Moore,amanda.moore706@yahoo.com,+1-393-562-4876,1390 Main Rd,New York,NY,99801,USA
707,Paul,Clark,paul.clark707@hotmail.com,+1-267-252-7846,4004 Pine Blvd,San Diego,CA,85812,USA
708,Robert,Martin,robert.martin708@hotmail.com,+1-371-835-2223,2200 Cedar St,Houston,TX,87175,USA
709,Anthony,Robinson,anthony.robinson709@hotmail.com,+1-638-241-7217,4390 Park Rd,Aurora,IL,11752,USA
710,Lisa,Rodriguez,lisa.rodriguez710@outlook.com,+1-836-940-5074,4358 Oak Ave,Athens,GA,20388,USA
711,Joshua,Jones,joshua.jones711@outlook.com,+1-753-777-2335,1525 Park Rd,Houston,TX,16017,USA
712,Margaret,Torres,margaret.torres712@yahoo.com,+1-694-443-3854,4330 Park Ave,San Francisco,CA,35292,USA
713,Michelle,Harris,michelle.harris713@outlook.com,+1-761-444-8427,7551 Park Ave,Spokane,WA,89102,USA
714,Margaret,Thompson,margaret.thompson714@outlook.com,+1-548-267-8459,985 Main Rd,Springfield,IL,61332,USA
715,Elizabeth,Rodriguez,elizabeth.rodriguez715@hotmail.com,+1-656-585-1935,6170 Pine Rd,Rockford,IL,55506,USA
716,Paul,Walker,paul.walker716@gmail.com,+1-622-343-6608,2754 Park Rd,Los Angeles,CA,86263,USA
717,James,Anderson,james.anderson717@yahoo.com,+1-410-288-5090,8341 Maple Blvd,Tempe,AZ,79700,USA
718,Anthony,Lopez,anthony.lopez718@gmail.com,+1-779-504-8858,3177 Main Ave,Austin,TX,72653,USA
719,Michelle,Harris,michelle.harris719@hotmail.com,+1-480-612-3601,4104 Cedar St,Buffalo,NY,50651,USA
720,Richard,Torres,richard.torres720@yahoo.com,+1-653-669-9170,7032 Maple St,Orlando,FL,93880,USA
721,Donna,Clark,donna.clark721@outlook.com,+1-709-429-7871,9518 Oak Rd,Spokane,WA,46283,USA
722,Michelle,Flores,michelle.flores722@gmail.com,+1-818-274-8266,1112 Maple Rd,Boulder,CO,40767,USA
723,Patricia,Taylor,patricia.taylor723@hotmail.com,+1-441-908-3860,7316 Park St,Athens,GA,81000,USA
724,Amanda,Garcia,amanda.garcia724@hotmail.com,+1-433-220-3958,746 Main St,Allentown,PA,87521,USA
725,Michael,Perez,michael.perez725@gmail.com,+1-670-452-1739,3323 Main Blvd,Philadelphia,PA,89601,USA
726,Jessica,Jones,jessica.jones726@outlook.com,+1-423-799-5543,831 Park Rd,Jacksonville,FL,91773,USA
727,Brian,Thompson,brian.thompson727@outlook.com,+1-812-543-5325,2082 Park St,San Antonio,TX,52555,USA
728,Margaret,White,margaret.white728@yahoo.com,+1-619-374-6979,9774 Maple Rd,Tucson,AZ,88267,USA
729,Kimberly,Jackson,kimberly.jackson729@outlook.com,+1-360-711-7133,348 Pine St,Chicago,IL,54432,USA
730,John,King,john.king730@yahoo.com,+1-279-598-5508,4611 Pine St,San Diego,CA,46469,USA
731,Margaret,Scott,margaret.scott731@yahoo.com,+1-288-709-9519,6454 Main Rd,Albany,NY,25968,USA
732,Lisa,Torres,lisa.torres732@outlook.com,+1-473-395-1450,756 Cedar Blvd,Dallas,TX,47013,USA
733,Matthew,Anderson,matthew.anderson733@yahoo.com,+1-784-306-7505,5767 Pine Blvd,San Antonio,TX,79976,USA
734,Sarah,Walker,sarah.walker734@yahoo.com,+1-707-638-7515,533 Maple Blvd,Jacksonville,FL,55016,USA
735,Sarah,Harris,sarah.harris735@hotmail.com,+1-891-636-7504,6404 Maple Blvd,Jacksonville,FL,27526,USA
736,Daniel,Robinson,daniel.robinson736@yahoo.com,+1-929-955-5000,2008 Main St,San Francisco,CA,50895,USA
737,Donna,Jones,donna.jones737@gmail.com,+1-384-416-3553,2103 Park Rd,San Jose,CA,76301,USA
738,Susan,Thomas,susan.thomas738@outlook.com,+1-295-615-4994,2082 Maple Ave,Tampa,FL,92541,USA
739,Linda,Sanchez,linda.sanchez739@outlook.com,+1-302-639-5824,5345 Maple Blvd,San Antonio,TX,78100,USA
740,Joseph,Torres,joseph.torres740@outlook.com,+1-593-939-8016,2127 Maple Ave,Allentown,PA,94757,USA
741,Kimberly,Young,kimberly.young741@hotmail.com,+1-756-741-3205,1386 Cedar Ave,San Antonio,TX,13154,USA
742,Michael,Moore,michael.moore742@hotmail.com,+1-692-893-7040,9020 Park Rd,Buffalo,NY,75833,USA
743,Anthony,Smith,anthony.smith743@yahoo.com,+1-480-615-6938,4253 Pine Ave,Austin,TX,85613,USA
744,Linda,Thompson,linda.thompson744@hotmail.com,+1-941-316-5361,8805 Oak Blvd,Miami,FL,45801,USA
745,Amanda,Lee,amanda.lee745@yahoo.com,+1-504-525-2803,8091 Maple Ave,Springfield,IL,94513,USA
746,Karen,Hill,karen.hill746@hotmail.com,+1-421-589-2766,5258 Park Blvd,Albany,NY,17556,USA
747,Amanda,Hill,amanda.hill747@gmail.com,+1-674-748-8892,5432 Maple Blvd,Houston,TX,99318,USA
748,Margaret,Sanchez,margaret.sanchez748@outlook.com,+1-908-486-1113,991 Main Blvd,Houston,TX,84667,USA
749,Andrew,Harris,andrew.harris749@hotmail.com,+1-307-498-3516,8746 Cedar Rd,Boulder,CO,67453,USA
750,Linda,Taylor,linda.taylor750@yahoo.com,+1-288-713-8970,4191 Oak Blvd,Tucson,AZ,25532,USA
751,Linda,Ramirez,linda.ramirez751@outlook.com,+1-914-858-9069,2509 Park Rd,Boulder,CO,96116,USA
752,Kevin,Perez,kevin.perez752@hotmail.com,+1-260-628-2693,5308 Oak St,Athens,GA,93473,USA
753,Paul,Rodriguez,paul.rodriguez753@outlook.com,+1-749-618-9952,9381 Park Blvd,Tempe,AZ,50674,USA
754,Barbara,Thomas,barbara.thomas754@outlook.com,+1-933-203-3930,4229 Oak Ave,Austin,TX,22593,USA
755,Michelle,Jones,michelle.jones755@yahoo.com,+1-545-437-6868,8888 Main Rd,Atlanta,GA,22323,USA
756,Jessica,Thompson,jessica.thompson756@outlook.com,+1-798-572-5935,3859 Pine St,Orlando,FL,21750,USA
757,Joshua,Jackson,joshua.jackson757@outlook.com,+1-867-651-5966,2984 Oak Rd,Pueblo,CO,49462,USA
758,Donna,Walker,donna.walker758@hotmail.com,+1-346-985-8607,6687 Pine Rd,San Francisco,CA,93026,USA
759,Linda,Jackson,linda.jackson759@hotmail.com,+1-807-933-4944,7509 Maple Blvd,Houston,TX,46210,USA
760,Lisa,King,lisa.king760@outlook.com,+1-547-729-4877,6286 Cedar Ave,Aurora,IL,61587,USA
761,James,Gonzalez,james.gonzalez761@outlook.com,+1-499-864-3898,4851 Maple Blvd,Tucson,AZ,18203,USA
762,Michelle,Harris,michelle.harris762@gmail.com,+1-548-236-8089,7067 Maple Ave,Tampa,FL,49344,USA
763,Patricia,Gonzalez,patricia.gonzalez763@outlook.com,+1-687-718-5975,816 Park Blvd,Albany,NY,54804,USA
764,Elizabeth,Jackson,elizabeth.jackson764@gmail.com,+1-312-533-9189,6043 Park Ave,Orlando,FL,38956,USA
765,Nancy,Wright,nancy.wright765@outlook.com,+1-847-340-7866,5695 Maple Ave,Tucson,AZ,62910,USA
766,James,Robinson,james.robinson766@gmail.com,+1-833-920-9302,6028 Pine Rd,Springfield,IL,62445,USA
767,Kevin,Wright,kevin.wright767@hotmail.com,+1-233-386-2614,9192 Maple Rd,Albany,NY,32165,USA
768,Mary,Thomas,mary.thomas768@hotmail.com,+1-418-837-5710,5855 Pine Blvd,Erie,PA,60694,USA
769,Joseph,Taylor,joseph.taylor769@yahoo.com,+1-554-567-3004,5021 Park Ave,Pueblo,CO,52792,USA
770,Ashley,Jackson,ashley.jackson770@yahoo.com,+1-826-603-6250,2972 Maple St,Augusta,GA,22853,USA
771,Linda,Clark,linda.clark771@hotmail.com,+1-517-263-2930,7491 Main Ave,Boulder,CO,48308,USA
772,Joshua,Hernandez,joshua.hernandez772@gmail.com,+1-351-849-9699,1132 Park Rd,Savannah,GA,29487,USA
773,Kimberly,Robinson,kimberly.robinson773@outlook.com,+1-683-575-1508,3897 Cedar Ave,Buffalo,NY,98251,USA
774,Sarah,Sanchez,sarah.sanchez774@outlook.com,+1-555-612-1325,7928 Main Blvd,San Diego,CA,79234,USA
775,Patricia,Jones,patricia.jones775@outlook.com,+1-455-305-8920,4635 Maple Blvd,Chicago,IL,45944,USA
776,Sandra,Scott,sandra.scott776@outlook.com,+1-993-870-8838,5856 Maple St,Allentown,PA,20946,USA
777,Daniel,Martinez,daniel.martinez777@outlook.com,+1-206-827-5570,7816 Maple Blvd,Spokane,WA,48608,USA
778,Jennifer,Davis,jennifer.davis778@yahoo.com,+1-868-292-6791,4535 Pine St,Seattle,WA,13675,USA
779,Joshua,Scott,joshua.scott779@hotmail.com,+1-241-723-7088,7450 Cedar Rd,Athens,GA,80574,USA
780,Nancy,Allen,nancy.allen780@yahoo.com,+1-620-423-9336,9927 Pine Ave,Tacoma,WA,69330,USA
781,Richard,Brown,richard.brown781@hotmail.com,+1-473-756-5338,2828 Main Blvd,Colorado Springs,CO,59308,USA
782,Amanda,King,amanda.king782@yahoo.com,+1-421-966-3444,6477 Oak Rd,Tampa,FL,80102,USA
783,Sarah,Hill,sarah.hill783@yahoo.com,+1-364-259-9261,7793 Maple St,Pueblo,CO,79218,USA
784,Andrew,Thomas,andrew.thomas784@outlook.com,+1-493-467-3243,7740 Pine Blvd,Los Angeles,CA,22283,USA
785,Amanda,Sanchez,amanda.sanchez785@yahoo.com,+1-966-526-4583,3888 Pine St,Mesa,AZ,76586,USA
786,Sandra,Williams,sandra.williams786@hotmail.com,+1-274-665-4363,4966 Park Ave,Savannah,GA,65314,USA
787,Nancy,Wright,nancy.wright787@hotmail.com,+1-245-828-7412,4252 Cedar Blvd,Los Angeles,CA,41700,USA
788,Patricia,Clark,patricia.clark788@gmail.com,+1-243-608-6712,5343 Cedar Blvd,Seattle,WA,14409,USA
789,Michelle,Hernandez,michelle.hernandez789@yahoo.com,+1-224-516-9741,1280 Main Ave,Dallas,TX,78572,USA
790,Jennifer,Ramirez,jennifer.ramirez790@gmail.com,+1-875-458-4184,9329 Main Ave,Denver,CO,28457,USA
791,Margaret,Rodriguez,margaret.rodriguez791@gmail.com,+1-724-275-4564,2683 Park Ave,Erie,PA,78267,USA
792,Robert,Williams,robert.williams792@yahoo.com,+1-840-419-5083,5276 Park Ave,Houston,TX,13094,USA
793,Anthony,Thomas,anthony.thomas793@hotmail.com,+1-601-728-9460,5577 Cedar Ave,Erie,PA,86232,USA
794,Karen,Sanchez,karen.sanchez794@hotmail.com,+1-766-688-3564,9955 Oak Rd,Tampa,FL,30795,USA
795,Jennifer,Young,jennifer.young795@hotmail.com,+1-729-208-9292,4693 Main St,Boulder,CO,18589,USA
796,Michael,Harris,michael.harris796@hotmail.com,+1-495-255-5116,8291 Maple Blvd,Colorado Springs,CO,67271,USA
797,Ashley,Allen,ashley.allen797@yahoo.com,+1-572-504-4849,6925 Pine Rd,San Jose,CA,84886,USA
798,Mary,Anderson,mary.anderson798@hotmail.com,+1-637-910-7964,9588 Oak Rd,San Francisco,CA,76824,USA
799,Steven,Hernandez,steven.hernandez799@yahoo.com,+1-546-346-7516,7882 Maple St,Chicago,IL,88410,USA
800,Barbara,Allen,barbara.allen800@outlook.com,+1-753-261-1122,1625 Park Blvd,San Jose,CA,70333,USA
801,Elizabeth,Allen,elizabeth.allen801@gmail.com,+1-988-968-1778,9552 Main Blvd,Austin,TX,35352,USA
802,Nancy,Jackson,nancy.jackson802@gmail.com,+1-891-502-4556,477 Maple Ave,Bellevue,WA,89601,USA
803,Jessica,Jackson,jessica.jackson803@hotmail.com,+1-739-834-1623,4084 Oak Rd,Miami,FL,41457,USA
804,Emily,Davis,emily.davis804@yahoo.com,+1-485-932-3871,2142 Maple St,San Francisco,CA,81716,USA
805,Susan,Martinez,susan.martinez805@hotmail.com,+1-249-901-6150,5482 Park Blvd,Colorado Springs,CO,52788,USA
806,Andrew,Thompson,andrew.thompson806@gmail.com,+1-567-510-7355,4299 Oak Rd,Houston,TX,66955,USA
807,Joshua,Brown,joshua.brown807@gmail.com,+1-213-278-4931,6975 Cedar Blvd,Austin,TX,79606,USA
808,Steven,Thomas,steven.thomas808@yahoo.com,+1-876-344-3508,9084 Main Blvd,Rockford,IL,31913,USA
809,Nancy,Johnson,nancy.johnson809@outlook.com,+1-607-721-4424,9423 Cedar Ave,New York,NY,64619,USA
810,Ashley,Thompson,ashley.thompson810@gmail.com,+1-471-839-1617,1818 Park St,Savannah,GA,88004,USA
811,Matthew,Clark,matthew.clark811@hotmail.com,+1-707-405-4887,6619 Pine Blvd,Tampa,FL,11271,USA
812,Thomas,Hernandez,thomas.hernandez812@gmail.com,+1-501-455-4220,1381 Main Blvd,Houston,TX,73024,USA
813,Lisa,Allen,lisa.allen813@gmail.com,+1-552-232-9266,9189 Cedar Rd,Phoenix,AZ,19117,USA
814,Brian,Hernandez,brian.hernandez814@outlook.com,+1-799-377-4000,3739 Main St,Pittsburgh,PA,71014,USA
815,William,Hill,william.hill815@gmail.com,+1-323-422-7453,870 Park St,Pittsburgh,PA,22885,USA
816,Barbara,Perez,barbara.perez816@hotmail.com,+1-976-657-8533,7170 Oak Ave,Los Angeles,CA,32472,USA
817,Susan,Flores,susan.flores817@outlook.com,+1-816-533-3992,9427 Maple St,Los Angeles,CA,16913,USA
818,Sarah,Nguyen,sarah.nguyen818@hotmail.com,+1-608-265-5224,2198 Main Blvd,Philadelphia,PA,26677,USA
819,Amanda,Nguyen,amanda.nguyen819@gmail.com,+1-516-924-7753,1050 Maple St,Tampa,FL,26972,USA
820,Amanda,Harris,amanda.harris820@outlook.com,+1-349-840-3198,5343 Cedar Ave,Savannah,GA,74933,USA
821,Paul,Flores,paul.flores821@outlook.com,+1-232-677-9795,9142 Oak Rd,San Antonio,TX,55503,USA
822,Linda,Hill,linda.hill822@yahoo.com,+1-943-469-1597,3481 Maple Blvd,Miami,FL,13376,USA
823,Barbara,Allen,barbara.allen823@outlook.com,+1-873-548-4645,3751 Park Ave,Los Angeles,CA,72593,USA
824,David,Garcia,david.garcia824@yahoo.com,+1-983-654-4652,3690 Cedar Rd,Mesa,AZ,72162,USA
825,Paul,Smith,paul.smith825@yahoo.com,+1-690-246-1475,6219 Cedar Blvd,San Antonio,TX,47763,USA
826,Donna,Jackson,donna.jackson826@gmail.com,+1-541-461-2704,3084 Oak Blvd,Spokane,WA,49998,USA
827,Paul,Lopez,paul.lopez827@gmail.com,+1-623-764-2688,8285 Cedar Ave,Houston,TX,98968,USA
828,Emily,Martin,emily.martin828@gmail.com,+1-667-644-8107,6059 Cedar Ave,Houston,TX,18563,USA
829,Robert,Nguyen,robert.nguyen829@hotmail.com,+1-861-976-2336,8873 Main Blvd,Aurora,IL,82951,USA
830,Linda,Anderson,linda.anderson830@yahoo.com,+1-958-877-8425,1263 Maple St,Mesa,AZ,68825,USA
831,Michael,Lewis,michael.lewis831@gmail.com,+1-745-876-5736,3420 Pine Blvd,Los Angeles,CA,62881,USA
832,Emily,Wilson,emily.wilson832@hotmail.com,+1-702-226-1258,1004 Cedar Blvd,San Francisco,CA,59521,USA
833,Amanda,Smith,amanda.smith833@gmail.com,+1-627-742-7445,4268 Pine Blvd,Houston,TX,18630,USA
834,Charles,Flores,charles.flores834@gmail.com,+1-284-595-1609,7176 Park Blvd,Chicago,IL,23496,USA
835,Jennifer,Flores,jennifer.flores835@yahoo.com,+1-671-916-2647,2178 Cedar Blvd,Rockford,IL,63900,USA
836,Ashley,Clark,ashley.clark836@hotmail.com,+1-874-322-1034,8707 Cedar Rd,Atlanta,GA,84229,USA
837,Amanda,Hernandez,amanda.hernandez837@outlook.com,+1-361-954-8966,1263 Maple Blvd,Boulder,CO,48170,USA
838,Mary,Williams,mary.williams838@yahoo.com,+1-459-801-9955,7372 Main Ave,Philadelphia,PA,87655,USA
839,Sandra,Hill,sandra.hill839@outlook.com,+1-789-322-6461,6159 Park Ave,Tempe,AZ,19897,USA
840,James,Sanchez,james.sanchez840@gmail.com,+1-435-542-8218,5390 Oak Blvd,Buffalo,NY,49308,USA
841,Anthony,Rodriguez,anthony.rodriguez841@outlook.com,+1-568-776-7122,9339 Oak St,Austin,TX,41395,USA
842,Joshua,Johnson,joshua.johnson842@hotmail.com,+1-909-348-2798,7185 Pine Ave,Tacoma,WA,54776,USA
843,Joseph,Lewis,joseph.lewis843@outlook.com,+1-727-910-9472,2197 Oak Rd,San Antonio,TX,34071,USA
844,Emily,Johnson,emily.johnson844@hotmail.com,+1-333-931-4470,6285 Park Rd,Dallas,TX,54713,USA
845,James,Ramirez,james.ramirez845@outlook.com,+1-993-295-9548,152 Pine Blvd,San Antonio,TX,45231,USA
846,James,Lopez,james.lopez846@outlook.com,+1-749-692-3904,5981 Maple Rd,Tampa,FL,95208,USA
847,Andrew,Moore,andrew.moore847@yahoo.com,+1-440-585-7811,4555 Pine Rd,Pittsburgh,PA,64008,USA
848,Lisa,Lewis,lisa.lewis848@gmail.com,+1-846-212-8296,6612 Pine Blvd,Augusta,GA,69749,USA
849,Mary,Torres,mary.torres849@yahoo.com,+1-635-944-6552,5442 Park Blvd,San Diego,CA,47192,USA
850,Margaret,King,margaret.king850@hotmail.com,+1-595-588-2907,9280 Park St,Springfield,IL,71179,USA
851,Nancy,Ramirez,nancy.ramirez851@gmail.com,+1-905-620-1735,3847 Pine Ave,Aurora,IL,80846,USA
852,David,Johnson,david.johnson852@outlook.com,+1-472-878-6633,7439 Park Rd,Tacoma,WA,33232,USA
853,Linda,White,linda.white853@hotmail.com,+1-863-744-7510,4396 Park Ave,Chicago,IL,19872,USA
854,Mark,Young,mark.young854@hotmail.com,+1-725-890-2804,1916 Maple Ave,San Jose,CA,37134,USA
855,Patricia,Wilson,patricia.wilson855@outlook.com,+1-713-862-3102,9342 Pine Rd,Athens,GA,71717,USA
856,Joseph,Flores,joseph.flores856@yahoo.com,+1-650-757-1765,5949 Park Ave,Austin,TX,47031,USA
857,Brian,Taylor,brian.taylor857@gmail.com,+1-474-265-9229,9551 Oak Ave,Springfield,IL,61341,USA
858,William,Davis,william.davis858@yahoo.com,+1-639-568-4321,5592 Cedar St,New York,NY,75835,USA
859,Joshua,Sanchez,joshua.sanchez859@hotmail.com,+1-297-522-2501,4294 Park Blvd,San Francisco,CA,73971,USA
860,Paul,Sanchez,paul.sanchez860@gmail.com,+1-557-368-3000,8822 Oak St,Los Angeles,CA,38470,USA
861,Paul,Hernandez,paul.hernandez861@outlook.com,+1-805-220-1357,2357 Cedar St,Tampa,FL,92326,USA
862,Susan,Lopez,susan.lopez862@gmail.com,+1-429-224-9163,1653 Maple St,Los Angeles,CA,36341,USA
863,Barbara,Anderson,barbara.anderson863@hotmail.com,+1-933-676-4489,998 Maple Rd,Denver,CO,68374,USA
864,Donna,White,donna.white864@hotmail.com,+1-749-278-1073,7322 Pine Ave,Rockford,IL,72651,USA
865,Matthew,Clark,matthew.clark865@outlook.com,+1-540-258-6340,2202 Oak Blvd,Austin,TX,48179,USA
866,Jessica,Brown,jessica.brown866@yahoo.com,+1-968-896-4649,9295 Pine Rd,Bellevue,WA,17871,USA
867,Jessica,Nguyen,jessica.nguyen867@outlook.com,+1-974-775-4234,1410 Pine Ave,Aurora,IL,68583,USA
868,Amanda,Allen,amanda.allen868@outlook.com,+1-362-888-7348,1147 Pine Blvd,San Antonio,TX,40474,USA
869,Steven,Jones,steven.jones869@gmail.com,+1-905-787-9463,4286 Maple Rd,Seattle,WA,89753,USA
870,David,Anderson,david.anderson870@outlook.com,+1-399-351-4332,1478 Maple St,Aurora,IL,18457,USA
871,Ashley,Hernandez,ashley.hernandez871@yahoo.com,+1-739-997-8613,6316 Cedar Rd,Tempe,AZ,91579,USA
872,Robert,Hill,robert.hill872@yahoo.com,+1-247-796-5608,2343 Main St,Aurora,IL,36070,USA
873,Paul,Sanchez,paul.sanchez873@gmail.com,+1-774-253-4589,7037 Pine Blvd,Tampa,FL,54664,USA
874,Ashley,Johnson,ashley.johnson874@hotmail.com,+1-736-682-2947,1918 Pine Blvd,San Antonio,TX,70198,USA
875,Amanda,Anderson,amanda.anderson875@hotmail.com,+1-866-313-6252,1947 Park Ave,San Jose,CA,22032,USA
876,Thomas,Wilson,thomas.wilson876@hotmail.com,+1-541-802-3241,2630 Cedar Rd,Pueblo,CO,96696,USA
877,Michael,Nguyen,michael.nguyen877@hotmail.com,+1-344-795-2965,6353 Park Rd,Los Angeles,CA,69203,USA
878,Brian,Gonzalez,brian.gonzalez878@hotmail.com,+1-601-265-1350,7109 Maple Ave,Tempe,AZ,48026,USA
879,Emily,Taylor,emily.taylor879@gmail.com,+1-824-466-5220,6861 Cedar Blvd,San Diego,CA,51355,USA
880,Anthony,Moore,anthony.moore880@gmail.com,+1-716-581-6766,1012 Maple St,Augusta,GA,43716,USA
881,Amanda,Thompson,amanda.thompson881@hotmail.com,+1-555-232-9887,3413 Park St,Allentown,PA,11082,USA
882,Joseph,Walker,joseph.walker882@gmail.com,+1-675-376-4966,1471 Park St,Buffalo,NY,56594,USA
883,Patricia,Thomas,patricia.thomas883@gmail.com,+1-443-550-8161,7552 Oak St,Augusta,GA,44716,USA
884,Amanda,Jackson,amanda.jackson884@gmail.com,+1-210-504-4444,206 Cedar St,Pueblo,CO,22185,USA
885,Steven,Hill,steven.hill885@yahoo.com,+1-569-964-4213,3731 Oak Rd,Pueblo,CO,68060,USA
886,Lisa,Anderson,lisa.anderson886@outlook.com,+1-314-932-3392,9977 Maple Blvd,San Antonio,TX,59916,USA
887,Andrew,Jackson,andrew.jackson887@yahoo.com,+1-942-740-1620,3409 Park St,Dallas,TX,37364,USA
888,Joshua,Garcia,joshua.garcia888@gmail.com,+1-750-623-6729,5429 Cedar Rd,Jacksonville,FL,88034,USA
889,Emily,Wright,emily.wright889@outlook.com,+1-284-535-6073,4675 Park Rd,Los Angeles,CA,91973,USA
890,Amanda,Ramirez,amanda.ramirez890@hotmail.com,+1-783-432-4992,1359 Park Ave,Rochester,NY,44656,USA
891,Margaret,Thomas,margaret.thomas891@yahoo.com,+1-796-659-7709,2104 Pine Ave,Rockford,IL,66178,USA
892,James,Garcia,james.garcia892@gmail.com,+1-303-559-1637,7654 Park St,Los Angeles,CA,95811,USA
893,Ashley,White,ashley.white893@yahoo.com,+1-367-258-3568,5793 Main Blvd,Los Angeles,CA,41289,USA
894,Amanda,Johnson,amanda.johnson894@yahoo.com,+1-544-817-7519,1957 Oak Ave,Orlando,FL,55959,USA
895,Karen,Perez,karen.perez895@outlook.com,+1-217-811-3893,1064 Pine Blvd,Tacoma,WA,66166,USA
896,Matthew,Lewis,matthew.lewis896@yahoo.com,+1-487-569-9610,9090 Maple Blvd,Jacksonville,FL,84519,USA
897,Andrew,Taylor,andrew.taylor897@outlook.com,+1-201-948-8555,4426 Pine Ave,Tacoma,WA,68433,USA
898,Andrew,Sanchez,andrew.sanchez898@outlook.com,+1-645-487-1659,5132 Maple Blvd,Tampa,FL,80842,USA
899,Barbara,Taylor,barbara.taylor899@yahoo.com,+1-264-685-2401,1687 Maple St,Dallas,TX,74330,USA
900,Margaret,Clark,margaret.clark900@hotmail.com,+1-498-226-3414,747 Cedar Rd,Allentown,PA,23551,USA
901,Barbara,Perez,barbara.perez901@yahoo.com,+1-638-929-9873,7932 Park Blvd,Miami,FL,62063,USA
902,Joseph,Flores,joseph.flores902@hotmail.com,+1-816-787-3517,731 Maple St,Miami,FL,29177,USA
903,Michael,Nguyen,michael.nguyen903@hotmail.com,+1-890-941-8786,1015 Maple Ave,Jacksonville,FL,24994,USA
904,Joshua,Sanchez,joshua.sanchez904@outlook.com,+1-477-881-3107,7847 Oak Blvd,New York,NY,50598,USA
905,Linda,Wilson,linda.wilson905@outlook.com,+1-900-667-5245,3834 Park Ave,Orlando,FL,88928,USA
906,Barbara,King,barbara.king906@yahoo.com,+1-274-232-6685,8898 Pine Rd,Chicago,IL,95336,USA
907,Mary,Martin,mary.martin907@outlook.com,+1-549-378-1631,3775 Main Rd,Colorado Springs,CO,44375,USA
908,Daniel,Gonzalez,daniel.gonzalez908@hotmail.com,+1-832-840-4420,9952 Pine Blvd,San Diego,CA,30630,USA
909,David,Garcia,david.garcia909@yahoo.com,+1-830-715-4601,7728 Pine St,Los Angeles,CA,64298,USA
910,William,Taylor,william.taylor910@hotmail.com,+1-884-709-1762,9903 Pine St,Tucson,AZ,48038,USA
911,Elizabeth,Thompson,elizabeth.thompson911@gmail.com,+1-344-284-5408,8296 Pine Rd,Houston,TX,13889,USA
912,Sandra,Moore,sandra.moore912@gmail.com,+1-362-593-5008,7061 Cedar Ave,Los Angeles,CA,96107,USA
913,Joshua,Martinez,joshua.martinez913@yahoo.com,+1-426-790-1466,152 Oak Rd,Albany,NY,68127,USA
914,Lisa,Thompson,lisa.thompson914@yahoo.com,+1-622-839-2539,7904 Maple St,San Diego,CA,51476,USA
915,Michelle,Anderson,michelle.anderson915@outlook.com,+1-428-248-8277,3657 Maple Ave,Chicago,IL,69543,USA
916,Steven,Wilson,steven.wilson916@yahoo.com,+1-715-754-9232,7848 Maple Rd,Augusta,GA,46252,USA
917,Kevin,Nguyen,kevin.nguyen917@hotmail.com,+1-416-334-4491,2467 Oak St,San Antonio,TX,37866,USA
918,Steven,Sanchez,steven.sanchez918@yahoo.com,+1-806-805-8926,7608 Cedar St,Augusta,GA,73291,USA
919,Emily,Walker,emily.walker919@gmail.com,+1-247-959-6581,6619 Cedar Rd,Aurora,IL,57163,USA
920,Mark,Thomas,mark.thomas920@outlook.com,+1-392-319-8443,3227 Maple Blvd,Phoenix,AZ,36846,USA
921,Anthony,Moore,anthony.moore921@yahoo.com,+1-568-229-6642,2793 Park Blvd,San Francisco,CA,12384,USA
922,Steven,Robinson,steven.robinson922@outlook.com,+1-578-576-4384,1623 Cedar Ave,Denver,CO,12762,USA
923,Matthew,Thomas,matthew.thomas923@gmail.com,+1-648-767-9583,6375 Cedar Ave,Colorado Springs,CO,33551,USA
924,Paul,Martin,paul.martin924@outlook.com,+1-682-318-7497,7239 Pine Blvd,Houston,TX,37141,USA
925,Nancy,Lopez,nancy.lopez925@hotmail.com,+1-411-770-3898,8484 Park Blvd,Dallas,TX,60525,USA
926,Kevin,Allen,kevin.allen926@gmail.com,+1-975-826-7367,4946 Pine Rd,Spokane,WA,71208,USA
927,Joshua,Flores,joshua.flores927@yahoo.com,+1-905-887-7834,3701 Main St,San Diego,CA,83569,USA
928,Karen,Miller,karen.miller928@outlook.com,+1-464-681-1320,369 Oak Rd,San Diego,CA,27599,USA
929,Ashley,Smith,ashley.smith929@hotmail.com,+1-555-266-9653,2657 Maple Rd,Boulder,CO,41375,USA
930,Nancy,Sanchez,nancy.sanchez930@yahoo.com,+1-623-493-7477,1683 Maple Blvd,Mesa,AZ,39951,USA
931,Paul,Flores,paul.flores931@hotmail.com,+1-203-256-9162,9088 Park St,San Francisco,CA,62259,USA
932,James,King,james.king932@outlook.com,+1-642-917-1704,7302 Cedar St,Allentown,PA,75158,USA
933,Daniel,Perez,daniel.perez933@gmail.com,+1-976-469-2002,9081 Main St,Rochester,NY,59348,USA
934,Ashley,Gonzalez,ashley.gonzalez934@yahoo.com,+1-786-264-3548,3607 Cedar St,Denver,CO,46052,USA
935,Charles,Jones,charles.jones935@hotmail.com,+1-625-984-9295,6771 Maple Blvd,Pittsburgh,PA,70721,USA
936,Donna,Nguyen,donna.nguyen936@yahoo.com,+1-397-423-1856,9023 Cedar Blvd,Los Angeles,CA,88626,USA
937,Sarah,Martin,sarah.martin937@outlook.com,+1-538-610-9969,5521 Pine St,Orlando,FL,70966,USA
938,Sarah,Thomas,sarah.thomas938@hotmail.com,+1-706-592-1559,1759 Oak Ave,New York,NY,11956,USA
939,Charles,Harris,charles.harris939@hotmail.com,+1-447-572-8266,8112 Pine St,Pueblo,CO,52923,USA
940,James,Perez,james.perez940@outlook.com,+1-759-251-4514,1907 Cedar Ave,San Francisco,CA,32231,USA
941,Jennifer,Walker,jennifer.walker941@outlook.com,+1-673-299-7126,4337 Oak Blvd,Dallas,TX,11149,USA
942,Ashley,Allen,ashley.allen942@hotmail.com,+1-532-213-1641,6090 Cedar St,Orlando,FL,75955,USA
943,Charles,Young,charles.young943@gmail.com,+1-934-824-9221,9247 Cedar Ave,San Francisco,CA,43175,USA
944,Paul,Miller,paul.miller944@gmail.com,+1-664-736-1493,1104 Oak Ave,New York,NY,43168,USA
945,Lisa,Perez,lisa.perez945@gmail.com,+1-444-529-5807,6647 Maple Ave,Austin,TX,41524,USA
946,Sarah,Taylor,sarah.taylor946@gmail.com,+1-290-901-8931,4713 Cedar St,San Francisco,CA,88572,USA
947,Ashley,Rodriguez,ashley.rodriguez947@gmail.com,+1-568-224-1071,9288 Cedar Rd,Tampa,FL,57087,USA
948,Kevin,Williams,kevin.williams948@hotmail.com,+1-270-616-3461,4479 Maple Ave,Rochester,NY,32839,USA
949,John,Garcia,john.garcia949@gmail.com,+1-628-939-7203,2690 Cedar Ave,San Francisco,CA,69336,USA
950,Jessica,Gonzalez,jessica.gonzalez950@hotmail.com,+1-332-609-8136,9540 Main Ave,Denver,CO,11447,USA
951,Anthony,Thomas,anthony.thomas951@gmail.com,+1-622-567-2572,5053 Cedar St,Bellevue,WA,91682,USA
952,Barbara,Young,barbara.young952@hotmail.com,+1-637-613-3995,2899 Maple Rd,Boulder,CO,31194,USA
953,Jessica,Martinez,jessica.martinez953@outlook.com,+1-991-501-7984,583 Pine St,Atlanta,GA,47283,USA
954,James,Hernandez,james.hernandez954@outlook.com,+1-838-216-7568,9414 Pine Ave,Pittsburgh,PA,59819,USA
955,Robert,Brown,robert.brown955@hotmail.com,+1-283-377-9550,4196 Oak Rd,San Jose,CA,26652,USA
956,Matthew,Hill,matthew.hill956@outlook.com,+1-527-655-2708,3393 Pine Blvd,Pittsburgh,PA,42102,USA
957,Barbara,Hernandez,barbara.hernandez957@hotmail.com,+1-273-372-6207,6019 Main Ave,San Diego,CA,82604,USA
958,Brian,Martin,brian.martin958@outlook.com,+1-201-240-9625,6751 Main Blvd,Albany,NY,38401,USA
959,Matthew,Miller,matthew.miller959@gmail.com,+1-730-796-2138,6335 Oak Rd,Boulder,CO,77613,USA
960,William,Smith,william.smith960@outlook.com,+1-381-919-9693,7320 Pine Blvd,Austin,TX,78664,USA
961,Jessica,Smith,jessica.smith961@yahoo.com,+1-537-723-7935,7932 Pine Ave,San Antonio,TX,93988,USA
962,Elizabeth,Lewis,elizabeth.lewis962@hotmail.com,+1-459-604-2819,7457 Pine St,Tempe,AZ,38669,USA
963,Thomas,Martin,thomas.martin963@gmail.com,+1-574-439-8155,2016 Oak Blvd,Los Angeles,CA,66439,USA
964,Michael,Scott,michael.scott964@outlook.com,+1-651-839-4043,1664 Oak St,Austin,TX,36437,USA
965,Steven,Walker,steven.walker965@yahoo.com,+1-681-318-7701,9654 Cedar Ave,Pittsburgh,PA,45437,USA
966,Susan,Wilson,susan.wilson966@hotmail.com,+1-512-499-2171,6278 Pine Ave,San Jose,CA,25517,USA
967,John,Harris,john.harris967@hotmail.com,+1-775-292-9273,4590 Cedar Rd,Houston,TX,19157,USA
968,Barbara,Torres,barbara.torres968@outlook.com,+1-445-870-9975,1642 Pine Blvd,Los Angeles,CA,83865,USA
969,David,Hill,david.hill969@hotmail.com,+1-689-295-3872,6582 Park St,Orlando,FL,11641,USA
970,Steven,Miller,steven.miller970@gmail.com,+1-522-747-4042,2501 Cedar St,Tampa,FL,16357,USA
971,Brian,Davis,brian.davis971@yahoo.com,+1-994-467-4835,2114 Pine St,Rochester,NY,58869,USA
972,Elizabeth,Robinson,elizabeth.robinson972@gmail.com,+1-602-403-6857,9585 Oak Ave,Rochester,NY,91860,USA
973,Robert,Brown,robert.brown973@yahoo.com,+1-415-373-6945,6845 Park Rd,Orlando,FL,99062,USA
974,Karen,Martinez,karen.martinez974@yahoo.com,+1-654-303-6831,2896 Maple Ave,Orlando,FL,65790,USA
975,Linda,King,linda.king975@hotmail.com,+1-286-904-7737,9950 Cedar Blvd,Tempe,AZ,26950,USA
976,Barbara,Rodriguez,barbara.rodriguez976@yahoo.com,+1-355-803-5918,8980 Main Rd,Houston,TX,72442,USA
977,Joseph,Smith,joseph.smith977@yahoo.com,+1-465-816-8525,691 Park St,Buffalo,NY,55143,USA
978,Mark,Johnson,mark.johnson978@outlook.com,+1-427-294-4262,6705 Main Blvd,Austin,TX,34893,USA
979,Karen,Williams,karen.williams979@yahoo.com,+1-808-959-6250,3574 Pine St,Orlando,FL,74634,USA
980,Joshua,Martinez,joshua.martinez980@outlook.com,+1-655-226-5997,3525 Park Blvd,Denver,CO,99943,USA
981,Nancy,Wright,nancy.wright981@hotmail.com,+1-280-701-1639,8792 Oak Ave,San Francisco,CA,25434,USA
982,Kevin,Young,kevin.young982@yahoo.com,+1-818-222-7375,7363 Park Ave,Tampa,FL,35769,USA
983,Sandra,Perez,sandra.perez983@outlook.com,+1-520-775-1413,7602 Park Rd,San Jose,CA,31802,USA
984,Thomas,Garcia,thomas.garcia984@gmail.com,+1-820-735-4981,1583 Maple Rd,Dallas,TX,81344,USA
985,Steven,King,steven.king985@yahoo.com,+1-709-375-3395,1275 Park Rd,Jacksonville,FL,92008,USA
986,Lisa,Gonzalez,lisa.gonzalez986@outlook.com,+1-880-474-3457,8599 Maple Blvd,Tampa,FL,10323,USA
987,Anthony,Thomas,anthony.thomas987@outlook.com,+1-859-402-8051,9718 Cedar Rd,Miami,FL,60090,USA
988,Mark,Clark,mark.clark988@gmail.com,+1-966-692-5907,1632 Maple Rd,Dallas,TX,63600,USA
989,Jennifer,White,jennifer.white989@hotmail.com,+1-947-541-6024,6182 Oak Rd,Buffalo,NY,92434,USA
990,Donna,Clark,donna.clark990@gmail.com,+1-941-342-1821,3647 Park Rd,Pittsburgh,PA,95455,USA
991,Susan,Jackson,susan.jackson991@outlook.com,+1-905-374-3695,2323 Park Ave,Tempe,AZ,12548,USA
992,Daniel,Torres,daniel.torres992@yahoo.com,+1-838-785-2599,7519 Cedar St,Tampa,FL,55197,USA
993,Nancy,Wright,nancy.wright993@gmail.com,+1-953-464-5897,2031 Park Rd,Colorado Springs,CO,68058,USA
994,Sandra,Wilson,sandra.wilson994@yahoo.com,+1-732-465-7107,5213 Maple Blvd,San Diego,CA,60204,USA
995,Jennifer,Williams,jennifer.williams995@yahoo.com,+1-554-467-7400,8615 Cedar St,Albany,NY,87109,USA
996,Robert,Lewis,robert.lewis996@hotmail.com,+1-416-760-3049,3180 Maple St,San Jose,CA,30302,USA
997,Sarah,Allen,sarah.allen997@hotmail.com,+1-839-556-8479,5171 Maple Blvd,San Jose,CA,12197,USA
998,Paul,Davis,paul.davis998@outlook.com,+1-379-594-8890,3242 Main Rd,Aurora,IL,85194,USA
999,Robert,Martinez,robert.martinez999@hotmail.com,+1-675-749-9318,5690 Main St,Rockford,IL,36116,USA
1000,Joseph,Martinez,joseph.martinez1000@gmail.com,+1-850-437-7848,4578 Main Ave,Buffalo,NY,97630,USA
1001,Joseph,Brown,joseph.brown1001@hotmail.com,+1-696-871-7729,2888 Main Rd,Buffalo,NY,46064,USA
1002,Joseph,Smith,joseph.smith1002@gmail.com,+1-350-844-2131,3076 Maple Ave,Dallas,TX,66219,USA
1003,Jennifer,Williams,jennifer.williams1003@hotmail.com,+1-571-647-8665,2097 Cedar Rd,Seattle,WA,85276,USA
1004,Richard,Young,richard.young1004@yahoo.com,+1-720-655-9915,4032 Pine Rd,Houston,TX,95658,USA
1005,William,Jackson,william.jackson1005@yahoo.com,+1-641-993-2716,1336 Maple Ave,Houston,TX,41235,USA
1006,Joshua,Smith,joshua.smith1006@yahoo.com,+1-255-448-5578,670 Oak Blvd,New York,NY,64499,USA
1007,Linda,Jackson,linda.jackson1007@gmail.com,+1-708-357-6696,5152 Pine Blvd,Buffalo,NY,72715,USA
1008,Ashley,Ramirez,ashley.ramirez1008@hotmail.com,+1-707-904-2333,5873 Pine Rd,Austin,TX,69553,USA
1009,Barbara,Lewis,barbara.lewis1009@hotmail.com,+1-487-332-6721,3842 Maple Rd,San Jose,CA,62831,USA
1010,Nancy,Jackson,nancy.jackson1010@hotmail.com,+1-814-876-5440,776 Park Blvd,Allentown,PA,38878,USA
1011,Linda,Martinez,linda.martinez1011@gmail.com,+1-826-667-6018,3353 Maple Rd,Houston,TX,57345,USA
1012,Michelle,Thomas,michelle.thomas1012@hotmail.com,+1-603-955-3528,3107 Pine St,Pueblo,CO,99691,USA
1013,Lisa,Davis,lisa.davis1013@hotmail.com,+1-203-748-8273,1790 Oak Blvd,Chicago,IL,30792,USA
1014,Joshua,Smith,joshua.smith1014@gmail.com,+1-563-866-7804,963 Oak Blvd,Tacoma,WA,54411,USA
1015,Michelle,Wilson,michelle.wilson1015@gmail.com,+1-497-787-1777,9591 Pine Blvd,Boulder,CO,75883,USA
1016,Karen,King,karen.king1016@yahoo.com,+1-881-235-4873,7888 Oak Blvd,Tempe,AZ,26624,USA
1017,Amanda,Walker,amanda.walker1017@gmail.com,+1-810-465-9959,4454 Main Ave,San Francisco,CA,64876,USA
1018,Richard,Johnson,richard.johnson1018@hotmail.com,+1-578-296-4084,3503 Cedar Rd,New York,NY,19878,USA
1019,Mark,Taylor,mark.taylor1019@gmail.com,+1-959-519-3419,4949 Pine Rd,San Jose,CA,40084,USA
1020,Nancy,Moore,nancy.moore1020@hotmail.com,+1-301-694-6764,7289 Maple Rd,Dallas,TX,97776,USA
1021,Paul,Hernandez,paul.hernandez1021@gmail.com,+1-712-582-9194,7867 Oak Blvd,Erie,PA,45779,USA
1022,Robert,Scott,robert.scott1022@outlook.com,+1-339-949-2863,5927 Oak St,Colorado Springs,CO,66546,USA
1023,Donna,Anderson,donna.anderson1023@hotmail.com,+1-549-542-2037,4818 Cedar Rd,Allentown,PA,28255,USA
1024,Michelle,Hernandez,michelle.hernandez1024@gmail.com,+1-339-829-8905,8492 Pine Rd,Colorado Springs,CO,75327,USA
1025,Sandra,Taylor,sandra.taylor1025@yahoo.com,+1-603-512-9469,4786 Cedar St,New York,NY,56155,USA
1026,Michael,Lewis,michael.lewis1026@yahoo.com,+1-705-398-6441,6682 Maple St,Jacksonville,FL,81368,USA
1027,Steven,Martin,steven.martin1027@gmail.com,+1-370-446-1367,6292 Main Rd,San Jose,CA,11589,USA
1028,Sarah,Smith,sarah.smith1028@yahoo.com,+1-358-636-8526,2088 Cedar Blvd,Augusta,GA,95498,USA
1029,Barbara,Williams,barbara.williams1029@gmail.com,+1-264-790-8198,771 Maple Blvd,San Diego,CA,31112,USA
1030,Brian,Lee,brian.lee1030@yahoo.com,+1-633-649-2563,1604 Pine Rd,New York,NY,47873,USA
1031,Charles,Thomas,charles.thomas1031@hotmail.com,+1-856-934-3228,2513 Park St,Houston,TX,65461,USA
1032,Andrew,Thompson,andrew.thompson1032@yahoo.com,+1-354-934-6603,8276 Cedar Blvd,Rochester,NY,68155,USA
1033,Steven,Wright,steven.wright1033@hotmail.com,+1-243-906-9952,4687 Maple Ave,Dallas,TX,99224,USA
1034,Sandra,Scott,sandra.scott1034@yahoo.com,+1-820-837-8027,5086 Pine Blvd,Tucson,AZ,35808,USA
1035,John,Brown,john.brown1035@yahoo.com,+1-389-507-6394,728 Park Ave,Jacksonville,FL,11651,USA
1036,Matthew,Taylor,matthew.taylor1036@outlook.com,+1-295-784-3467,4598 Pine Blvd,Seattle,WA,27536,USA
1037,Brian,Johnson,brian.johnson1037@gmail.com,+1-771-273-6331,5589 Pine St,Jacksonville,FL,22763,USA
1038,Lisa,Gonzalez,lisa.gonzalez1038@outlook.com,+1-456-469-8196,9153 Main St,Rochester,NY,94364,USA
1039,Jennifer,Ramirez,jennifer.ramirez1039@yahoo.com,+1-881-486-5049,1878 Park Ave,Denver,CO,76835,USA
1040,Kevin,Sanchez,kevin.sanchez1040@yahoo.com,+1-885-366-3407,5372 Cedar Rd,Houston,TX,20345,USA
1041,Andrew,Martin,andrew.martin1041@outlook.com,+1-996-611-1447,2672 Main Ave,Athens,GA,98123,USA
1042,Paul,Wilson,paul.wilson1042@hotmail.com,+1-834-300-3319,8865 Park Blvd,San Diego,CA,94419,USA
1043,Matthew,Lopez,matthew.lopez1043@outlook.com,+1-933-376-3259,2642 Pine Rd,Rockford,IL,12463,USA
1044,Margaret,Ramirez,margaret.ramirez1044@hotmail.com,+1-298-878-5668,6686 Main Blvd,San Francisco,CA,88900,USA
1045,Joseph,Smith,joseph.smith1045@outlook.com,+1-642-426-7228,5704 Maple Ave,Boulder,CO,47208,USA
1046,Anthony,Clark,anthony.clark1046@yahoo.com,+1-969-633-7035,6079 Main Rd,Aurora,IL,62999,USA
1047,Matthew,Smith,matthew.smith1047@gmail.com,+1-922-523-4053,5986 Cedar Rd,Miami,FL,21168,USA
1048,Sarah,Hill,sarah.hill1048@outlook.com,+1-789-790-8945,5545 Main St,Austin,TX,89517,USA
1049,Sandra,Lopez,sandra.lopez1049@hotmail.com,+1-785-985-1888,4673 Oak Blvd,San Jose,CA,37435,USA
1050,David,Torres,david.torres1050@hotmail.com,+1-646-312-1360,3097 Main Rd,Athens,GA,25039,USA
1051,Steven,Moore,steven.moore1051@hotmail.com,+1-240-653-7399,7085 Pine St,Austin,TX,58436,USA
1052,Jessica,Scott,jessica.scott1052@hotmail.com,+1-708-545-2681,4093 Pine Rd,San Antonio,TX,42595,USA
1053,Mary,Lopez,mary.lopez1053@yahoo.com,+1-857-914-8075,7021 Cedar Rd,San Francisco,CA,85851,USA
1054,Joshua,Rodriguez,joshua.rodriguez1054@hotmail.com,+1-708-568-5717,9949 Pine Blvd,San Francisco,CA,78468,USA
1055,Barbara,Brown,barbara.brown1055@outlook.com,+1-741-844-3747,7924 Pine Blvd,Orlando,FL,60233,USA
1056,Thomas,Johnson,thomas.johnson1056@gmail.com,+1-307-285-1070,7567 Oak Rd,San Francisco,CA,51927,USA
1057,Jennifer,Robinson,jennifer.robinson1057@hotmail.com,+1-981-548-9216,4252 Oak Rd,Houston,TX,42778,USA
1058,Matthew,Garcia,matthew.garcia1058@hotmail.com,+1-688-509-7303,4846 Oak Ave,Spokane,WA,78874,USA
1059,Joseph,Davis,joseph.davis1059@outlook.com,+1-843-291-1010,6574 Oak St,Phoenix,AZ,19160,USA
1060,Kevin,Brown,kevin.brown1060@hotmail.com,+1-962-718-5775,5726 Cedar Blvd,Houston,TX,94160,USA
1061,Margaret,Jones,margaret.jones1061@outlook.com,+1-501-732-6061,3793 Maple St,Boulder,CO,15382,USA
1062,Nancy,Sanchez,nancy.sanchez1062@gmail.com,+1-610-915-4524,7665 Park Blvd,San Francisco,CA,72466,USA
1063,Anthony,Lopez,anthony.lopez1063@hotmail.com,+1-339-202-1976,9898 Pine St,Philadelphia,PA,26828,USA
1064,Barbara,Robinson,barbara.robinson1064@yahoo.com,+1-487-715-9506,8753 Oak Rd,Rochester,NY,58241,USA
1065,Emily,Clark,emily.clark1065@outlook.com,+1-202-339-1836,9147 Maple St,Pueblo,CO,25808,USA
1066,Anthony,Smith,anthony.smith1066@outlook.com,+1-382-763-8606,4733 Oak Ave,Rochester,NY,98036,USA
1067,Lisa,Moore,lisa.moore1067@gmail.com,+1-835-442-1369,9972 Park Ave,Houston,TX,36796,USA
1068,William,Davis,william.davis1068@outlook.com,+1-457-548-3861,1390 Maple Ave,Tampa,FL,25057,USA
1069,Daniel,Lewis,daniel.lewis1069@yahoo.com,+1-336-878-8786,5069 Maple Rd,Savannah,GA,31253,USA
1070,Joseph,Martinez,joseph.martinez1070@outlook.com,+1-470-431-5059,818 Maple Blvd,Savannah,GA,78229,USA
1071,John,Smith,john.smith1071@outlook.com,+1-926-936-8234,6489 Main Rd,Tempe,AZ,96626,USA
1072,Susan,Lee,susan.lee1072@gmail.com,+1-653-669-3934,7424 Park St,Athens,GA,18287,USA
1073,Paul,Hill,paul.hill1073@hotmail.com,+1-372-381-3621,1902 Oak Blvd,Orlando,FL,39873,USA
1074,Elizabeth,Jackson,elizabeth.jackson1074@hotmail.com,+1-577-323-6162,2707 Maple Rd,Pueblo,CO,12627,USA
1075,Susan,Harris,susan.harris1075@outlook.com,+1-759-253-6314,7700 Oak Blvd,Buffalo,NY,42719,USA
1076,Mark,Flores,mark.flores1076@outlook.com,+1-711-507-8267,1308 Oak Rd,Houston,TX,49589,USA
1077,Charles,King,charles.king1077@hotmail.com,+1-789-557-5851,2743 Cedar Ave,Rockford,IL,61553,USA
1078,Joseph,Flores,joseph.flores1078@outlook.com,+1-523-238-4631,8411 Pine St,Tampa,FL,82719,USA
1079,Mary,Martinez,mary.martinez1079@hotmail.com,+1-503-318-1057,6567 Oak St,Orlando,FL,27804,USA
1080,Jessica,Thompson,jessica.thompson1080@hotmail.com,+1-517-244-7491,8965 Main Blvd,Austin,TX,70513,USA
1081,Jennifer,Flores,jennifer.flores1081@hotmail.com,+1-538-203-2182,7906 Oak Blvd,Pittsburgh,PA,70742,USA
1082,Sarah,Nguyen,sarah.nguyen1082@outlook.com,+1-679-488-3974,2543 Park Blvd,Colorado Springs,CO,39759,USA
1083,Charles,Ramirez,charles.ramirez1083@yahoo.com,+1-916-538-6733,7419 Maple St,Buffalo,NY,20710,USA
1084,Elizabeth,Lee,elizabeth.lee1084@hotmail.com,+1-553-824-3364,7680 Main Blvd,Pueblo,CO,63150,USA
1085,James,Moore,james.moore1085@hotmail.com,+1-584-883-6232,9953 Oak Blvd,Chicago,IL,97349,USA
1086,Emily,Taylor,emily.taylor1086@hotmail.com,+1-522-676-9930,5897 Cedar St,Allentown,PA,16861,USA
1087,Linda,Thompson,linda.thompson1087@outlook.com,+1-765-862-4084,2361 Main St,Colorado Springs,CO,24433,USA
1088,Karen,Torres,karen.torres1088@yahoo.com,+1-642-641-8107,687 Oak Ave,Tacoma,WA,88765,USA
1089,Sarah,Hill,sarah.hill1089@yahoo.com,+1-601-958-9537,2284 Park Blvd,Colorado Springs,CO,45871,USA
1090,Steven,Young,steven.young1090@gmail.com,+1-332-448-3197,748 Oak Rd,Seattle,WA,76337,USA
1091,Thomas,Jackson,thomas.jackson1091@gmail.com,+1-683-338-6383,4397 Park St,San Diego,CA,60445,USA
1092,Mary,Martinez,mary.martinez1092@outlook.com,+1-325-373-8193,4216 Park Ave,Boulder,CO,73726,USA
1093,Sandra,Harris,sandra.harris1093@outlook.com,+1-411-360-9980,7202 Park Blvd,Atlanta,GA,28798,USA
1094,Elizabeth,Williams,elizabeth.williams1094@outlook.com,+1-906-547-3222,6385 Park Blvd,Los Angeles,CA,50521,USA
1095,Thomas,Johnson,thomas.johnson1095@outlook.com,+1-529-492-1140,7332 Maple Blvd,Austin,TX,35065,USA
1096,Robert,Williams,robert.williams1096@hotmail.com,+1-503-847-7452,1004 Main Rd,Tucson,AZ,51001,USA
1097,Kevin,Jackson,kevin.jackson1097@yahoo.com,+1-200-853-4430,5406 Park Ave,Pittsburgh,PA,33422,USA
1098,Joshua,Robinson,joshua.robinson1098@hotmail.com,+1-537-912-2110,9788 Park Rd,Buffalo,NY,11673,USA
1099,Michelle,Lopez,michelle.lopez1099@outlook.com,+1-831-690-7918,7636 Cedar St,Rockford,IL,88195,USA
1100,Sarah,Torres,sarah.torres1100@gmail.com,+1-908-544-5299,7478 Oak Rd,Seattle,WA,76771,USA
1101,Michael,King,michael.king1101@hotmail.com,+1-252-352-1432,143 Oak St,Orlando,FL,41335,USA
1102,Kevin,Robinson,kevin.robinson1102@hotmail.com,+1-337-517-9669,7801 Pine Ave,Springfield,IL,91331,USA
1103,Michelle,Davis,michelle.davis1103@hotmail.com,+1-760-340-4677,4272 Oak St,Albany,NY,30913,USA
1104,William,King,william.king1104@yahoo.com,+1-384-771-5670,1894 Oak Ave,San Francisco,CA,74552,USA
1105,Lisa,Sanchez,lisa.sanchez1105@yahoo.com,+1-506-895-6684,7168 Park St,Los Angeles,CA,36417,USA
1106,Nancy,Garcia,nancy.garcia1106@yahoo.com,+1-245-446-9500,523 Park St,Denver,CO,15009,USA
1107,Richard,Jackson,richard.jackson1107@outlook.com,+1-860-879-1654,6859 Park Ave,Tacoma,WA,71359,USA
1108,Susan,Jones,susan.jones1108@hotmail.com,+1-214-279-2762,3331 Pine Rd,Dallas,TX,88959,USA
1109,Joshua,Scott,joshua.scott1109@hotmail.com,+1-620-682-2146,7323 Main Blvd,Buffalo,NY,22166,USA
1110,Nancy,Davis,nancy.davis1110@gmail.com,+1-522-821-1818,3475 Park Blvd,Allentown,PA,53022,USA
1111,Amanda,Martinez,amanda.martinez1111@yahoo.com,+1-630-608-7061,4478 Cedar St,Los Angeles,CA,71424,USA
1112,Lisa,Lee,lisa.lee1112@gmail.com,+1-547-571-6041,6351 Maple Ave,Los Angeles,CA,19140,USA
1113,David,Lopez,david.lopez1113@yahoo.com,+1-906-274-9501,5050 Main Ave,Pueblo,CO,41163,USA
1114,Michelle,Ramirez,michelle.ramirez1114@gmail.com,+1-292-877-7913,4409 Pine Ave,Colorado Springs,CO,79904,USA
1115,Ashley,Lewis,ashley.lewis1115@outlook.com,+1-640-268-3820,7595 Oak St,Pittsburgh,PA,88286,USA
1116,Amanda,Lopez,amanda.lopez1116@outlook.com,+1-356-962-3490,8185 Pine Ave,Pueblo,CO,74450,USA
1117,Margaret,Williams,margaret.williams1117@hotmail.com,+1-694-446-1068,7328 Oak Blvd,Tempe,AZ,90380,USA
1118,Donna,Perez,donna.perez1118@gmail.com,+1-829-746-8095,3240 Oak St,New York,NY,12756,USA
1119,Steven,Davis,steven.davis1119@hotmail.com,+1-448-549-7071,9778 Park Blvd,Pueblo,CO,13275,USA
1120,Jennifer,Hernandez,jennifer.hernandez1120@yahoo.com,+1-364-864-8387,7003 Pine St,Colorado Springs,CO,55355,USA
1121,James,Miller,james.miller1121@gmail.com,+1-214-951-9733,1878 Oak Blvd,Tacoma,WA,64198,USA
1122,Sarah,Jackson,sarah.jackson1122@outlook.com,+1-525-815-6602,9326 Park Blvd,Pueblo,CO,33864,USA
1123,Jennifer,Wilson,jennifer.wilson1123@yahoo.com,+1-250-983-8673,8030 Maple St,New York,NY,37731,USA
1124,Charles,Smith,charles.smith1124@gmail.com,+1-601-781-6373,4994 Main St,Austin,TX,68494,USA
1125,Matthew,Lee,matthew.lee1125@hotmail.com,+1-554-289-8491,7221 Park Blvd,Houston,TX,47036,USA
1126,Paul,Lewis,paul.lewis1126@gmail.com,+1-809-205-9325,5319 Pine St,Pueblo,CO,76987,USA
1127,William,Wright,william.wright1127@yahoo.com,+1-256-430-4548,4523 Maple St,Springfield,IL,78359,USA
1128,Susan,Torres,susan.torres1128@gmail.com,+1-390-317-2592,8095 Main St,Erie,PA,27228,USA
1129,Mark,Robinson,mark.robinson1129@hotmail.com,+1-944-297-1227,1125 Maple Blvd,Miami,FL,44460,USA
1130,Kevin,Martin,kevin.martin1130@hotmail.com,+1-811-860-1630,3649 Cedar Blvd,Dallas,TX,21536,USA
1131,Sarah,Nguyen,sarah.nguyen1131@gmail.com,+1-264-919-5757,9844 Pine Rd,San Jose,CA,28876,USA
1132,Thomas,Lewis,thomas.lewis1132@hotmail.com,+1-879-239-6277,7287 Park St,Rochester,NY,71193,USA
1133,Mary,Nguyen,mary.nguyen1133@yahoo.com,+1-574-717-5230,9482 Pine Rd,Colorado Springs,CO,85472,USA
1134,Linda,Flores,linda.flores1134@yahoo.com,+1-429-762-3614,6915 Oak Ave,Phoenix,AZ,10833,USA
1135,Barbara,Ramirez,barbara.ramirez1135@yahoo.com,+1-525-737-1547,7771 Main Blvd,Austin,TX,63428,USA
1136,Donna,Moore,donna.moore1136@outlook.com,+1-980-902-7981,9330 Pine St,Aurora,IL,33575,USA
1137,William,Thompson,william.thompson1137@gmail.com,+1-282-910-6682,1728 Cedar Ave,Los Angeles,CA,37572,USA
1138,Robert,Clark,robert.clark1138@outlook.com,+1-820-223-9142,4692 Oak Rd,San Jose,CA,77809,USA
1139,Susan,Davis,susan.davis1139@gmail.com,+1-744-652-4279,8545 Park Blvd,Denver,CO,28982,USA
1140,Mark,Lee,mark.lee1140@yahoo.com,+1-938-738-8990,7232 Main St,Tempe,AZ,31832,USA
1141,Patricia,Johnson,patricia.johnson1141@yahoo.com,+1-718-313-7685,2943 Oak Ave,Orlando,FL,52375,USA
1142,David,Moore,david.moore1142@yahoo.com,+1-844-536-4307,5252 Maple St,Dallas,TX,61024,USA
1143,William,Moore,william.moore1143@yahoo.com,+1-332-655-7577,786 Oak Blvd,Atlanta,GA,85978,USA
1144,Amanda,Walker,amanda.walker1144@yahoo.com,+1-304-806-5643,4969 Maple Rd,New York,NY,89091,USA
1145,Elizabeth,Robinson,elizabeth.robinson1145@hotmail.com,+1-422-927-4367,4718 Main Blvd,Rockford,IL,37335,USA
1146,Jennifer,Ramirez,jennifer.ramirez1146@yahoo.com,+1-878-694-4626,2954 Park Rd,Boulder,CO,46286,USA
1147,Margaret,Brown,margaret.brown1147@yahoo.com,+1-337-998-9378,9115 Maple St,Jacksonville,FL,17205,USA
1148,Karen,Clark,karen.clark1148@hotmail.com,+1-308-492-5636,1369 Main Ave,Pittsburgh,PA,18505,USA
1149,Ashley,Robinson,ashley.robinson1149@yahoo.com,+1-858-382-3180,1465 Maple St,Dallas,TX,88745,USA
1150,Karen,Allen,karen.allen1150@hotmail.com,+1-497-218-9044,6368 Maple Rd,San Diego,CA,46087,USA
1151,Michael,Walker,michael.walker1151@outlook.com,+1-431-924-2134,9681 Main Ave,San Diego,CA,99685,USA
1152,Ashley,Clark,ashley.clark1152@hotmail.com,+1-641-843-8993,8819 Main St,Denver,CO,44266,USA
1153,Linda,Jones,linda.jones1153@hotmail.com,+1-755-982-1526,7704 Cedar Ave,Pittsburgh,PA,62934,USA
1154,Amanda,Thomas,amanda.thomas1154@outlook.com,+1-496-720-3615,6703 Park Rd,San Francisco,CA,25108,USA
1155,Jessica,Sanchez,jessica.sanchez1155@gmail.com,+1-418-625-4754,5664 Maple St,Augusta,GA,62503,USA
1156,Brian,Scott,brian.scott1156@hotmail.com,+1-586-846-7791,8205 Cedar Blvd,Denver,CO,91214,USA
1157,Kimberly,King,kimberly.king1157@hotmail.com,+1-857-479-6037,5275 Cedar Rd,Springfield,IL,92899,USA
1158,Joseph,Flores,joseph.flores1158@yahoo.com,+1-400-518-4173,707 Oak Ave,San Antonio,TX,73924,USA
1159,Brian,Miller,brian.miller1159@outlook.com,+1-463-494-3031,7670 Park St,Tampa,FL,23371,USA
1160,Andrew,Robinson,andrew.robinson1160@yahoo.com,+1-919-804-3015,9586 Cedar Rd,San Jose,CA,55111,USA
1161,Matthew,Thomas,matthew.thomas1161@hotmail.com,+1-624-836-1815,8902 Maple St,Rochester,NY,96016,USA
1162,Barbara,Smith,barbara.smith1162@yahoo.com,+1-742-908-8136,8483 Maple Ave,Colorado Springs,CO,28622,USA
1163,Sandra,Walker,sandra.walker1163@hotmail.com,+1-633-460-2816,5945 Maple St,Chicago,IL,84374,USA
1164,James,Brown,james.brown1164@outlook.com,+1-365-876-7872,9660 Main Rd,Denver,CO,88045,USA
1165,Elizabeth,Wilson,elizabeth.wilson1165@yahoo.com,+1-673-346-4796,1230 Maple Ave,Pittsburgh,PA,47523,USA
1166,Patricia,Torres,patricia.torres1166@yahoo.com,+1-331-326-7011,4414 Maple Blvd,New York,NY,34364,USA
1167,Amanda,Smith,amanda.smith1167@outlook.com,+1-464-238-3954,4411 Oak St,Springfield,IL,92382,USA
1168,Karen,Clark,karen.clark1168@outlook.com,+1-403-757-7313,7093 Maple Rd,Houston,TX,80898,USA
1169,Kevin,Smith,kevin.smith1169@gmail.com,+1-618-526-7813,7583 Cedar St,Rochester,NY,91581,USA
1170,Michael,Anderson,michael.anderson1170@hotmail.com,+1-327-569-7007,580 Pine Rd,New York,NY,25734,USA
1171,Joseph,Gonzalez,joseph.gonzalez1171@hotmail.com,+1-662-640-2808,876 Pine St,Rockford,IL,79152,USA
1172,Anthony,Gonzalez,anthony.gonzalez1172@yahoo.com,+1-745-488-7914,882 Pine St,Austin,TX,99292,USA
1173,John,Anderson,john.anderson1173@yahoo.com,+1-328-331-8560,6417 Main St,Rockford,IL,61566,USA
1174,Kimberly,Moore,kimberly.moore1174@hotmail.com,+1-875-223-1213,8835 Maple Blvd,Los Angeles,CA,45874,USA
1175,Mark,Miller,mark.miller1175@hotmail.com,+1-775-918-8744,3101 Cedar Rd,Tacoma,WA,12718,USA
1176,Thomas,Torres,thomas.torres1176@yahoo.com,+1-298-551-8362,7925 Cedar Ave,Austin,TX,26822,USA
1177,Richard,Anderson,richard.anderson1177@hotmail.com,+1-706-998-9668,7761 Pine Blvd,Aurora,IL,10328,USA
1178,Richard,Smith,richard.smith1178@hotmail.com,+1-810-669-9969,5141 Park Blvd,Mesa,AZ,45612,USA
1179,Joshua,Jones,joshua.jones1179@yahoo.com,+1-891-301-7654,6417 Oak Ave,Mesa,AZ,83862,USA
1180,Richard,Thompson,richard.thompson1180@yahoo.com,+1-318-517-9610,6269 Pine Blvd,Aurora,IL,24072,USA
1181,Kimberly,Martin,kimberly.martin1181@outlook.com,+1-843-266-8105,542 Oak St,San Diego,CA,90273,USA
1182,Ashley,Davis,ashley.davis1182@hotmail.com,+1-542-383-1238,6591 Pine Rd,Erie,PA,80402,USA
1183,David,Rodriguez,david.rodriguez1183@yahoo.com,+1-669-760-4869,3947 Pine Rd,Phoenix,AZ,71852,USA
1184,Brian,Flores,brian.flores1184@outlook.com,+1-893-828-1937,9570 Maple Rd,Savannah,GA,22653,USA
1185,Brian,Martin,brian.martin1185@yahoo.com,+1-868-817-3723,4972 Oak St,Boulder,CO,39759,USA
1186,Susan,Walker,susan.walker1186@yahoo.com,+1-788-975-1484,7896 Park Rd,Los Angeles,CA,66238,USA
1187,Mark,Thompson,mark.thompson1187@yahoo.com,+1-757-739-6047,9918 Pine Rd,Pueblo,CO,21629,USA
1188,Andrew,Harris,andrew.harris1188@hotmail.com,+1-358-443-6885,4868 Cedar St,San Francisco,CA,49785,USA
1189,Paul,Brown,paul.brown1189@gmail.com,+1-850-864-1884,331 Cedar Blvd,Colorado Springs,CO,53431,USA
1190,James,Rodriguez,james.rodriguez1190@yahoo.com,+1-635-456-6442,3312 Park St,Phoenix,AZ,19512,USA
1191,Barbara,Young,barbara.young1191@outlook.com,+1-421-906-2091,4830 Main Rd,Chicago,IL,27949,USA
1192,Karen,Rodriguez,karen.rodriguez1192@gmail.com,+1-680-663-5365,2687 Main Rd,Austin,TX,70547,USA
1193,Jessica,Lopez,jessica.lopez1193@outlook.com,+1-600-482-4834,706 Main Ave,San Antonio,TX,78570,USA
1194,Jennifer,King,jennifer.king1194@gmail.com,+1-772-842-9655,5234 Park St,Pittsburgh,PA,75355,USA
1195,Susan,Martin,susan.martin1195@outlook.com,+1-943-335-5663,7939 Park Blvd,Miami,FL,73263,USA
1196,Steven,Brown,steven.brown1196@outlook.com,+1-810-500-9015,6746 Park Rd,Los Angeles,CA,31893,USA
1197,Joshua,Torres,joshua.torres1197@yahoo.com,+1-794-493-2845,7724 Main Rd,Los Angeles,CA,41308,USA
1198,Robert,Lopez,robert.lopez1198@gmail.com,+1-750-973-9676,8665 Park Blvd,Buffalo,NY,26120,USA
1199,William,Jones,william.jones1199@outlook.com,+1-237-484-6078,802 Pine St,Mesa,AZ,72879,USA
1200,Margaret,Ramirez,margaret.ramirez1200@outlook.com,+1-922-384-3226,1323 Oak St,Los Angeles,CA,97616,USA
1201,Mark,Gonzalez,mark.gonzalez1201@gmail.com,+1-621-721-1992,848 Pine St,Athens,GA,54517,USA
1202,Mary,Williams,mary.williams1202@hotmail.com,+1-518-608-9535,5904 Pine Ave,Chicago,IL,29415,USA
1203,Daniel,Jones,daniel.jones1203@gmail.com,+1-763-353-6401,9471 Main Ave,Pueblo,CO,89736,USA
1204,Karen,Moore,karen.moore1204@hotmail.com,+1-667-569-7502,6445 Maple St,Dallas,TX,95204,USA
1205,Jennifer,Flores,jennifer.flores1205@hotmail.com,+1-965-539-2431,6862 Park Ave,Aurora,IL,49543,USA
1206,Emily,Garcia,emily.garcia1206@yahoo.com,+1-436-784-6621,3971 Pine Blvd,Boulder,CO,31944,USA
1207,Mary,Young,mary.young1207@outlook.com,+1-315-703-1690,7142 Pine Ave,Austin,TX,26014,USA
1208,Ashley,Torres,ashley.torres1208@gmail.com,+1-615-732-6093,7941 Maple Rd,Tucson,AZ,91939,USA
1209,John,Perez,john.perez1209@gmail.com,+1-328-897-9447,6561 Cedar St,San Jose,CA,95102,USA
1210,Thomas,Wright,thomas.wright1210@gmail.com,+1-450-722-5719,6758 Park Blvd,Houston,TX,50228,USA
1211,Linda,Martinez,linda.martinez1211@gmail.com,+1-428-490-8027,6750 Oak St,San Jose,CA,55264,USA
1212,Sarah,King,sarah.king1212@gmail.com,+1-222-362-4266,1439 Maple St,Tempe,AZ,78820,USA
1213,Anthony,Miller,anthony.miller1213@yahoo.com,+1-767-740-1989,8448 Pine Blvd,Austin,TX,15286,USA
1214,Lisa,Scott,lisa.scott1214@gmail.com,+1-200-872-1153,7674 Oak St,Pittsburgh,PA,16185,USA
1215,Sandra,Gonzalez,sandra.gonzalez1215@gmail.com,+1-936-282-3574,3675 Pine Rd,Spokane,WA,89148,USA
1216,James,Anderson,james.anderson1216@outlook.com,+1-643-399-9494,6777 Park Blvd,Aurora,IL,54108,USA
1217,Lisa,Davis,lisa.davis1217@gmail.com,+1-836-237-5377,6729 Pine Blvd,Colorado Springs,CO,55068,USA
1218,Kimberly,Lopez,kimberly.lopez1218@yahoo.com,+1-441-969-2516,9125 Cedar Ave,Atlanta,GA,68035,USA
1219,Andrew,Scott,andrew.scott1219@outlook.com,+1-573-646-4420,4751 Pine Rd,Seattle,WA,25929,USA
1220,Robert,Martin,robert.martin1220@yahoo.com,+1-659-800-5562,7875 Maple Blvd,Los Angeles,CA,29323,USA
1221,Daniel,Torres,daniel.torres1221@gmail.com,+1-978-268-9711,7147 Pine St,Rockford,IL,25082,USA
1222,Steven,Lopez,steven.lopez1222@gmail.com,+1-987-304-3424,994 Pine St,San Diego,CA,15688,USA
1223,Michael,White,michael.white1223@yahoo.com,+1-692-781-8287,1063 Pine Blvd,Dallas,TX,47503,USA
1224,Steven,Lopez,steven.lopez1224@outlook.com,+1-909-798-9728,6290 Pine Rd,Miami,FL,18855,USA
1225,Paul,Davis,paul.davis1225@outlook.com,+1-483-263-9378,7377 Pine Blvd,Tucson,AZ,32997,USA
1226,Barbara,Torres,barbara.torres1226@yahoo.com,+1-619-617-4559,117 Main Rd,Spokane,WA,85099,USA
1227,Amanda,Perez,amanda.perez1227@gmail.com,+1-336-719-6996,190 Pine Blvd,San Antonio,TX,20279,USA
1228,Linda,Martinez,linda.martinez1228@yahoo.com,+1-719-717-9714,4858 Maple Ave,New York,NY,19734,USA
1229,Emily,Perez,emily.perez1229@hotmail.com,+1-877-869-3279,5222 Cedar St,Savannah,GA,22955,USA
1230,Susan,Lewis,susan.lewis1230@hotmail.com,+1-286-852-8507,550 Pine Rd,Boulder,CO,63944,USA
1231,John,Rodriguez,john.rodriguez1231@outlook.com,+1-267-745-5842,1992 Cedar Ave,Seattle,WA,35506,USA
1232,Sarah,Miller,sarah.miller1232@outlook.com,+1-347-727-3909,9438 Cedar Ave,Austin,TX,97555,USA
1233,Brian,Williams,brian.williams1233@outlook.com,+1-507-756-7276,6190 Maple Rd,San Francisco,CA,78325,USA
1234,Linda,Thompson,linda.thompson1234@hotmail.com,+1-912-467-9355,6466 Oak St,Erie,PA,47966,USA
1235,Susan,Ramirez,susan.ramirez1235@outlook.com,+1-320-618-4269,6642 Main St,Dallas,TX,18976,USA
1236,Robert,King,robert.king1236@hotmail.com,+1-467-981-1824,4707 Park Blvd,Bellevue,WA,76263,USA
1237,Karen,Torres,karen.torres1237@gmail.com,+1-375-721-9602,7337 Main Blvd,Tempe,AZ,81523,USA
1238,Donna,Jackson,donna.jackson1238@gmail.com,+1-500-743-8067,2221 Park Rd,Aurora,IL,37591,USA
1239,Michael,Smith,michael.smith1239@yahoo.com,+1-239-892-1854,9584 Cedar Blvd,San Diego,CA,31819,USA
1240,Nancy,Wright,nancy.wright1240@hotmail.com,+1-990-253-4546,4347 Park St,Colorado Springs,CO,65073,USA
1241,Nancy,Flores,nancy.flores1241@yahoo.com,+1-772-324-2206,6590 Cedar St,San Diego,CA,17618,USA
1242,Elizabeth,Young,elizabeth.young1242@gmail.com,+1-277-356-7200,4308 Cedar Ave,Jacksonville,FL,51248,USA
1243,Karen,Smith,karen.smith1243@hotmail.com,+1-705-378-2103,4929 Cedar Rd,Seattle,WA,95842,USA
1244,Mary,Garcia,mary.garcia1244@hotmail.com,+1-447-992-2262,539 Maple Rd,Tacoma,WA,36664,USA
1245,Michelle,Walker,michelle.walker1245@outlook.com,+1-998-730-5256,4900 Main St,San Diego,CA,27459,USA
1246,Karen,Lopez,karen.lopez1246@gmail.com,+1-952-360-6944,5468 Park Ave,San Diego,CA,84763,USA
1247,John,White,john.white1247@outlook.com,+1-468-709-7951,9573 Park Ave,New York,NY,92403,USA
1248,Margaret,Harris,margaret.harris1248@outlook.com,+1-638-428-6072,4893 Main Rd,Austin,TX,30909,USA
1249,Nancy,Rodriguez,nancy.rodriguez1249@gmail.com,+1-701-300-6898,1296 Cedar St,Athens,GA,79709,USA
1250,Robert,White,robert.white1250@gmail.com,+1-902-831-1467,1912 Cedar Rd,Tacoma,WA,55121,USA
1251,Joshua,Sanchez,joshua.sanchez1251@outlook.com,+1-923-716-2309,1634 Cedar Blvd,Pueblo,CO,92394,USA
1252,Amanda,Smith,amanda.smith1252@hotmail.com,+1-586-872-3906,5292 Maple St,Savannah,GA,48531,USA
1253,Donna,Moore,donna.moore1253@outlook.com,+1-215-938-9912,6986 Pine Rd,Philadelphia,PA,10314,USA
1254,Daniel,Nguyen,daniel.nguyen1254@outlook.com,+1-725-335-4446,1926 Oak Rd,Tucson,AZ,43234,USA
1255,Elizabeth,Clark,elizabeth.clark1255@gmail.com,+1-731-796-4916,6179 Maple Rd,Los Angeles,CA,22977,USA
1256,James,Torres,james.torres1256@outlook.com,+1-610-256-7519,382 Cedar St,Mesa,AZ,67574,USA
1257,Margaret,Jackson,margaret.jackson1257@gmail.com,+1-223-286-5304,4202 Cedar Ave,Augusta,GA,66490,USA
1258,Steven,Thomas,steven.thomas1258@yahoo.com,+1-712-708-3971,3565 Main St,San Jose,CA,83553,USA
1259,Matthew,Nguyen,matthew.nguyen1259@yahoo.com,+1-669-510-8185,4721 Pine Ave,Athens,GA,83725,USA
1260,Donna,Ramirez,donna.ramirez1260@gmail.com,+1-713-910-9563,7593 Pine Blvd,Atlanta,GA,88258,USA
1261,Paul,Johnson,paul.johnson1261@yahoo.com,+1-237-501-9816,2375 Maple Blvd,Colorado Springs,CO,32681,USA
1262,Daniel,Miller,daniel.miller1262@outlook.com,+1-543-386-4003,3190 Main St,New York,NY,36708,USA
1263,Brian,Clark,brian.clark1263@hotmail.com,+1-558-674-9592,9866 Park Ave,San Jose,CA,22563,USA
1264,Daniel,Moore,daniel.moore1264@hotmail.com,+1-908-246-4195,1583 Oak Ave,Aurora,IL,70228,USA
1265,Michael,Flores,michael.flores1265@yahoo.com,+1-418-696-3345,8600 Pine St,San Antonio,TX,68113,USA
1266,Charles,Nguyen,charles.nguyen1266@gmail.com,+1-248-898-4334,7208 Maple Ave,San Jose,CA,17356,USA
1267,Joshua,Rodriguez,joshua.rodriguez1267@gmail.com,+1-255-945-8656,8843 Park Ave,Bellevue,WA,21823,USA
1268,Richard,Thomas,richard.thomas1268@hotmail.com,+1-291-786-8496,7325 Park Ave,San Jose,CA,54060,USA
1269,David,Miller,david.miller1269@hotmail.com,+1-366-465-5678,2410 Oak Ave,San Francisco,CA,21384,USA
1270,Kimberly,Jackson,kimberly.jackson1270@yahoo.com,+1-619-525-2325,2636 Cedar St,Chicago,IL,87123,USA
1271,Sandra,Johnson,sandra.johnson1271@hotmail.com,+1-492-928-9699,2034 Pine Ave,Austin,TX,53762,USA
1272,Matthew,Jackson,matthew.jackson1272@outlook.com,+1-750-528-6941,3918 Cedar Ave,Phoenix,AZ,45766,USA
1273,Margaret,Walker,margaret.walker1273@gmail.com,+1-972-497-4839,8751 Pine St,San Antonio,TX,20975,USA
1274,Joshua,Gonzalez,joshua.gonzalez1274@hotmail.com,+1-828-854-8083,9090 Main Rd,Aurora,IL,63312,USA
1275,Linda,White,linda.white1275@yahoo.com,+1-588-554-7246,2542 Maple Ave,Allentown,PA,51469,USA
1276,David,Lee,david.lee1276@yahoo.com,+1-892-647-6059,861 Maple Ave,San Jose,CA,96317,USA
1277,Ashley,Martin,ashley.martin1277@outlook.com,+1-354-588-9990,1855 Oak Ave,Rockford,IL,49168,USA
1278,Nancy,Sanchez,nancy.sanchez1278@outlook.com,+1-333-311-8789,3593 Oak Ave,Colorado Springs,CO,87656,USA
1279,Kevin,Williams,kevin.williams1279@yahoo.com,+1-929-575-1115,7277 Maple Ave,Colorado Springs,CO,97699,USA
1280,Daniel,Gonzalez,daniel.gonzalez1280@gmail.com,+1-373-538-1476,5100 Main Ave,Rochester,NY,61041,USA
1281,Karen,Miller,karen.miller1281@yahoo.com,+1-758-724-8364,7252 Park Rd,Los Angeles,CA,53839,USA
1282,Karen,Martin,karen.martin1282@hotmail.com,+1-674-970-3799,1416 Pine St,Spokane,WA,41799,USA
1283,Amanda,Garcia,amanda.garcia1283@outlook.com,+1-630-877-9631,2804 Cedar Rd,Austin,TX,59098,USA
1284,Nancy,Gonzalez,nancy.gonzalez1284@hotmail.com,+1-643-543-1462,6449 Park St,Allentown,PA,28551,USA
1285,Steven,Thompson,steven.thompson1285@hotmail.com,+1-943-767-2922,3730 Pine Ave,Augusta,GA,75552,USA
1286,David,Nguyen,david.nguyen1286@yahoo.com,+1-543-335-6445,7417 Pine Ave,Philadelphia,PA,30380,USA
1287,Joseph,Scott,joseph.scott1287@outlook.com,+1-438-446-4538,6378 Oak Blvd,Austin,TX,87584,USA
1288,Kevin,Thompson,kevin.thompson1288@yahoo.com,+1-929-504-6576,1060 Park St,Pueblo,CO,86926,USA
1289,John,Johnson,john.johnson1289@hotmail.com,+1-992-614-2859,889 Park St,San Francisco,CA,84413,USA
1290,Richard,Smith,richard.smith1290@outlook.com,+1-685-276-3413,9350 Maple Rd,San Jose,CA,66963,USA
1291,Elizabeth,Thomas,elizabeth.thomas1291@outlook.com,+1-917-389-3666,5468 Oak Blvd,Aurora,IL,92358,USA
1292,Ashley,Scott,ashley.scott1292@gmail.com,+1-554-754-1340,1402 Main St,Allentown,PA,76582,USA
1293,Karen,Scott,karen.scott1293@hotmail.com,+1-359-809-1630,7457 Pine Rd,Rochester,NY,43966,USA
1294,Nancy,Young,nancy.young1294@hotmail.com,+1-739-242-4342,4326 Maple Rd,Aurora,IL,10949,USA
1295,Nancy,Young,nancy.young1295@gmail.com,+1-610-698-3108,1306 Cedar Rd,Pueblo,CO,75575,USA
1296,Kevin,Williams,kevin.williams1296@gmail.com,+1-358-242-3906,7893 Cedar St,Tampa,FL,74094,USA
1297,Sandra,Lee,sandra.lee1297@gmail.com,+1-440-392-4700,1954 Park Rd,New York,NY,72596,USA
1298,Patricia,Miller,patricia.miller1298@gmail.com,+1-599-624-8191,484 Main Rd,Augusta,GA,44936,USA
1299,Anthony,Wilson,anthony.wilson1299@hotmail.com,+1-840-776-9204,964 Maple Blvd,Dallas,TX,24417,USA
1300,Brian,Miller,brian.miller1300@outlook.com,+1-515-694-6715,6347 Maple St,Tampa,FL,25660,USA
1301,Margaret,Davis,margaret.davis1301@gmail.com,+1-751-717-4213,9111 Park St,San Diego,CA,87210,USA
1302,Thomas,Miller,thomas.miller1302@hotmail.com,+1-512-415-1620,9823 Park Rd,San Diego,CA,72487,USA
1303,Andrew,Brown,andrew.brown1303@gmail.com,+1-364-212-1502,3014 Cedar Ave,Tempe,AZ,67546,USA
1304,Robert,Davis,robert.davis1304@hotmail.com,+1-376-666-6917,2562 Pine Rd,Buffalo,NY,81406,USA
1305,Emily,Flores,emily.flores1305@yahoo.com,+1-500-406-3895,605 Main Ave,Colorado Springs,CO,27883,USA
1306,Michelle,Gonzalez,michelle.gonzalez1306@yahoo.com,+1-756-205-4230,8657 Oak Blvd,Atlanta,GA,93788,USA
1307,David,Torres,david.torres1307@hotmail.com,+1-984-990-7146,1627 Pine St,Boulder,CO,66189,USA
1308,Susan,Ramirez,susan.ramirez1308@yahoo.com,+1-916-265-1766,5935 Cedar Blvd,San Jose,CA,13289,USA
1309,Daniel,Lee,daniel.lee1309@outlook.com,+1-832-967-1208,802 Oak Ave,Rochester,NY,43738,USA
1310,John,Torres,john.torres1310@yahoo.com,+1-348-442-6416,3516 Park Blvd,Pueblo,CO,48794,USA
1311,Michelle,Lopez,michelle.lopez1311@gmail.com,+1-902-771-3904,3771 Oak Rd,Jacksonville,FL,92016,USA
1312,Donna,Lewis,donna.lewis1312@hotmail.com,+1-241-715-8481,9263 Cedar St,Chicago,IL,40791,USA
1313,Kimberly,Moore,kimberly.moore1313@gmail.com,+1-704-204-4690,3233 Cedar Ave,Houston,TX,70440,USA
1314,Elizabeth,Sanchez,elizabeth.sanchez1314@hotmail.com,+1-626-973-8665,705 Park Blvd,Los Angeles,CA,58295,USA
1315,Michelle,Thomas,michelle.thomas1315@outlook.com,+1-210-304-6193,8628 Pine Rd,Pittsburgh,PA,17974,USA
1316,Patricia,Thompson,patricia.thompson1316@gmail.com,+1-493-986-6843,5324 Oak Rd,San Francisco,CA,56562,USA
1317,Patricia,Hernandez,patricia.hernandez1317@outlook.com,+1-746-725-3084,3714 Park Rd,Colorado Springs,CO,82753,USA
1318,David,Harris,david.harris1318@outlook.com,+1-344-969-5057,1168 Oak Blvd,Springfield,IL,16538,USA
1319,Kimberly,Brown,kimberly.brown1319@gmail.com,+1-696-380-4353,6185 Maple St,Tucson,AZ,96900,USA
1320,Linda,Johnson,linda.johnson1320@outlook.com,+1-384-948-5558,4496 Cedar Rd,San Francisco,CA,16275,USA
1321,Jennifer,Clark,jennifer.clark1321@gmail.com,+1-300-490-3961,9667 Cedar St,Jacksonville,FL,52829,USA
1322,Steven,Young,steven.young1322@gmail.com,+1-233-290-4820,4558 Park Blvd,San Antonio,TX,55300,USA
1323,Elizabeth,Miller,elizabeth.miller1323@gmail.com,+1-524-972-1441,5159 Oak Rd,Austin,TX,31236,USA
1324,Brian,Smith,brian.smith1324@gmail.com,+1-280-284-1398,9052 Cedar Ave,Rochester,NY,83402,USA
1325,Charles,Lopez,charles.lopez1325@hotmail.com,+1-652-327-8426,2437 Maple Rd,San Francisco,CA,83929,USA
1326,Barbara,Young,barbara.young1326@hotmail.com,+1-897-819-5641,5484 Park St,Los Angeles,CA,18949,USA
1327,Donna,Rodriguez,donna.rodriguez1327@yahoo.com,+1-664-830-6925,4884 Pine Blvd,Philadelphia,PA,26027,USA
1328,Jennifer,Jackson,jennifer.jackson1328@hotmail.com,+1-829-451-9380,2379 Park Rd,San Francisco,CA,86374,USA
1329,James,Ramirez,james.ramirez1329@hotmail.com,+1-275-473-3797,6737 Oak Rd,Denver,CO,63532,USA
1330,Brian,Johnson,brian.johnson1330@outlook.com,+1-747-559-1982,5511 Main St,Denver,CO,93460,USA
1331,Jennifer,Brown,jennifer.brown1331@hotmail.com,+1-468-524-6241,9469 Pine Rd,San Antonio,TX,73436,USA
1332,Michelle,Martin,michelle.martin1332@hotmail.com,+1-381-835-4084,7876 Oak Blvd,Erie,PA,17028,USA
1333,Kimberly,Robinson,kimberly.robinson1333@hotmail.com,+1-890-814-8511,4676 Cedar Rd,Dallas,TX,14088,USA
1334,Steven,Moore,steven.moore1334@hotmail.com,+1-786-650-1556,5699 Park Blvd,Spokane,WA,14648,USA
1335,Nancy,Miller,nancy.miller1335@outlook.com,+1-604-334-4948,8453 Cedar Rd,San Jose,CA,37645,USA
1336,Nancy,Wilson,nancy.wilson1336@outlook.com,+1-601-597-5416,296 Park St,Denver,CO,94598,USA
1337,James,Moore,james.moore1337@gmail.com,+1-813-872-1189,3077 Cedar Ave,Allentown,PA,81346,USA
1338,Daniel,Taylor,daniel.taylor1338@outlook.com,+1-455-257-8656,1148 Pine Rd,Philadelphia,PA,71322,USA
1339,Linda,Anderson,linda.anderson1339@gmail.com,+1-517-699-5698,9028 Pine St,Dallas,TX,26742,USA
1340,Daniel,Nguyen,daniel.nguyen1340@hotmail.com,+1-884-811-4437,9430 Oak Blvd,Bellevue,WA,46235,USA
1341,Joshua,Wright,joshua.wright1341@hotmail.com,+1-359-581-3611,5774 Oak Ave,Pittsburgh,PA,66709,USA
1342,Steven,Lopez,steven.lopez1342@outlook.com,+1-686-439-4659,5629 Cedar Rd,Buffalo,NY,92968,USA
1343,Ashley,Thomas,ashley.thomas1343@gmail.com,+1-355-869-4784,4915 Park Rd,San Francisco,CA,27212,USA
1344,Patricia,White,patricia.white1344@hotmail.com,+1-884-946-8941,2505 Pine Blvd,San Diego,CA,51559,USA
1345,James,Clark,james.clark1345@outlook.com,+1-547-393-8626,723 Maple Ave,Rockford,IL,92935,USA
1346,Lisa,Sanchez,lisa.sanchez1346@hotmail.com,+1-662-561-2126,3241 Cedar St,Jacksonville,FL,37366,USA
1347,Robert,Ramirez,robert.ramirez1347@gmail.com,+1-248-230-2406,6976 Cedar Blvd,Boulder,CO,47810,USA
1348,Robert,Allen,robert.allen1348@yahoo.com,+1-773-739-3230,834 Cedar Rd,Orlando,FL,41568,USA
1349,Lisa,Jackson,lisa.jackson1349@hotmail.com,+1-484-200-5039,3611 Main Ave,Athens,GA,86110,USA
1350,Susan,Thomas,susan.thomas1350@yahoo.com,+1-776-671-7449,5207 Main St,Colorado Springs,CO,75247,USA
1351,Linda,Walker,linda.walker1351@yahoo.com,+1-296-717-7356,6626 Park St,Springfield,IL,12523,USA
1352,Matthew,White,matthew.white1352@outlook.com,+1-646-835-4978,3395 Maple St,Orlando,FL,97842,USA
1353,Donna,Anderson,donna.anderson1353@outlook.com,+1-401-630-4919,7956 Oak Ave,Orlando,FL,81114,USA
1354,Mark,Hill,mark.hill1354@outlook.com,+1-332-390-1470,4698 Cedar Rd,Dallas,TX,52284,USA
1355,Kimberly,Nguyen,kimberly.nguyen1355@yahoo.com,+1-307-437-5656,7603 Park Rd,Los Angeles,CA,21879,USA
1356,David,Harris,david.harris1356@gmail.com,+1-525-660-1959,536 Oak Ave,San Diego,CA,20987,USA
1357,Sandra,Young,sandra.young1357@yahoo.com,+1-407-255-3815,1498 Cedar Ave,Albany,NY,58442,USA
1358,Richard,Thompson,richard.thompson1358@gmail.com,+1-944-459-7313,1919 Pine St,San Antonio,TX,77613,USA
1359,Amanda,Moore,amanda.moore1359@outlook.com,+1-912-212-4202,7745 Maple Blvd,Pueblo,CO,61176,USA
1360,Paul,Jones,paul.jones1360@gmail.com,+1-298-911-7736,6566 Maple Ave,Springfield,IL,23928,USA
1361,Robert,Hernandez,robert.hernandez1361@hotmail.com,+1-840-242-6208,512 Cedar Ave,Albany,NY,72486,USA
1362,Anthony,Torres,anthony.torres1362@hotmail.com,+1-465-615-6798,167 Oak Rd,Springfield,IL,53647,USA
1363,Daniel,Taylor,daniel.taylor1363@hotmail.com,+1-251-956-3679,9798 Pine Blvd,Austin,TX,37049,USA
1364,Robert,Lewis,robert.lewis1364@yahoo.com,+1-413-411-1016,6637 Main Ave,Los Angeles,CA,36027,USA
1365,Barbara,Thomas,barbara.thomas1365@outlook.com,+1-622-487-9110,3027 Main St,Seattle,WA,64776,USA
1366,Matthew,Wright,matthew.wright1366@hotmail.com,+1-626-785-7569,6705 Cedar Blvd,San Francisco,CA,75851,USA
1367,Karen,Allen,karen.allen1367@gmail.com,+1-369-511-9760,810 Oak Ave,Rochester,NY,31805,USA
1368,Kevin,Sanchez,kevin.sanchez1368@hotmail.com,+1-578-409-5023,4986 Park Rd,Houston,TX,91469,USA
1369,Sandra,Williams,sandra.williams1369@outlook.com,+1-461-911-9061,3451 Maple Blvd,San Francisco,CA,78745,USA
1370,Anthony,Torres,anthony.torres1370@outlook.com,+1-551-646-5699,7302 Oak Blvd,Chicago,IL,53095,USA
1371,Michelle,Wright,michelle.wright1371@yahoo.com,+1-620-615-6915,1511 Park St,Jacksonville,FL,53793,USA
1372,Nancy,Thomas,nancy.thomas1372@outlook.com,+1-822-946-7217,5283 Pine Ave,San Antonio,TX,91410,USA
1373,Elizabeth,Miller,elizabeth.miller1373@outlook.com,+1-536-222-6245,6341 Main St,Austin,TX,51010,USA
1374,Charles,Hill,charles.hill1374@yahoo.com,+1-521-663-3170,9133 Oak Ave,Phoenix,AZ,67158,USA
1375,Donna,White,donna.white1375@hotmail.com,+1-617-774-2686,988 Oak St,Savannah,GA,17564,USA
1376,Jessica,Robinson,jessica.robinson1376@gmail.com,+1-464-920-6174,5929 Pine St,Colorado Springs,CO,49489,USA
1377,Kevin,Thompson,kevin.thompson1377@outlook.com,+1-339-920-4433,9293 Oak St,Pueblo,CO,65991,USA
1378,Andrew,Taylor,andrew.taylor1378@hotmail.com,+1-414-594-1100,8101 Maple Blvd,Allentown,PA,55258,USA
1379,Daniel,Lee,daniel.lee1379@hotmail.com,+1-793-719-5814,4107 Park Blvd,Houston,TX,20144,USA
1380,Linda,Martinez,linda.martinez1380@hotmail.com,+1-854-820-2697,1340 Maple St,Austin,TX,72536,USA
1381,Joseph,Lopez,joseph.lopez1381@gmail.com,+1-834-982-3870,2227 Main Rd,Mesa,AZ,84421,USA
1382,Daniel,Lee,daniel.lee1382@gmail.com,+1-783-326-3070,9675 Oak Ave,Spokane,WA,75696,USA
1383,Charles,Young,charles.young1383@hotmail.com,+1-304-363-1990,2657 Oak St,Savannah,GA,62138,USA
1384,Richard,Wilson,richard.wilson1384@hotmail.com,+1-544-992-9107,6572 Oak Ave,San Diego,CA,67721,USA
1385,Kevin,Johnson,kevin.johnson1385@yahoo.com,+1-583-601-4098,8739 Cedar Rd,Miami,FL,21051,USA
1386,Joseph,Robinson,joseph.robinson1386@outlook.com,+1-703-936-9544,1747 Pine Rd,Rochester,NY,38739,USA
1387,John,Davis,john.davis1387@yahoo.com,+1-604-435-6764,3002 Oak St,Springfield,IL,41408,USA
1388,Paul,Gonzalez,paul.gonzalez1388@gmail.com,+1-996-496-7590,1273 Main Rd,Aurora,IL,51968,USA
1389,Sandra,Torres,sandra.torres1389@gmail.com,+1-380-640-5183,1988 Maple St,Rockford,IL,74338,USA
1390,David,Miller,david.miller1390@hotmail.com,+1-602-515-4962,6858 Oak Ave,Albany,NY,86275,USA
1391,Brian,Clark,brian.clark1391@gmail.com,+1-868-201-9650,1900 Oak St,Buffalo,NY,33689,USA
1392,Emily,Walker,emily.walker1392@outlook.com,+1-390-254-8756,4257 Maple Rd,Bellevue,WA,39445,USA
1393,Joseph,Nguyen,joseph.nguyen1393@outlook.com,+1-447-203-7194,3644 Cedar Ave,San Francisco,CA,52783,USA
1394,Sarah,Torres,sarah.torres1394@yahoo.com,+1-896-827-4191,5467 Maple Rd,Springfield,IL,89459,USA
1395,Sandra,Perez,sandra.perez1395@outlook.com,+1-544-929-5963,3874 Cedar Rd,Dallas,TX,14144,USA
1396,Michelle,Martinez,michelle.martinez1396@yahoo.com,+1-597-979-5870,7821 Main St,Colorado Springs,CO,58593,USA
1397,John,Johnson,john.johnson1397@outlook.com,+1-935-381-1306,2892 Pine Ave,Spokane,WA,40302,USA
1398,Daniel,Davis,daniel.davis1398@outlook.com,+1-980-901-6833,456 Cedar Ave,Augusta,GA,86846,USA
1399,Anthony,Robinson,anthony.robinson1399@outlook.com,+1-208-284-6823,9074 Pine Blvd,Savannah,GA,39404,USA
1400,Margaret,King,margaret.king1400@yahoo.com,+1-901-928-6753,404 Oak St,Buffalo,NY,25262,USA
1401,John,Perez,john.perez1401@hotmail.com,+1-718-841-7640,4892 Pine Ave,San Jose,CA,75583,USA
1402,Joseph,Scott,joseph.scott1402@yahoo.com,+1-486-893-7855,3475 Park Blvd,Austin,TX,18588,USA
1403,Mark,Miller,mark.miller1403@gmail.com,+1-651-772-9962,6742 Park Ave,San Diego,CA,48960,USA
1404,Michael,Williams,michael.williams1404@yahoo.com,+1-927-616-9149,6245 Main St,Buffalo,NY,57833,USA
1405,Linda,Ramirez,linda.ramirez1405@hotmail.com,+1-733-522-5676,6941 Maple Ave,Erie,PA,35417,USA
1406,Mark,Flores,mark.flores1406@yahoo.com,+1-785-331-2835,1331 Pine Blvd,San Diego,CA,60891,USA
1407,Brian,White,brian.white1407@outlook.com,+1-485-536-9578,5020 Pine Rd,Tempe,AZ,46471,USA
1408,Kevin,Walker,kevin.walker1408@hotmail.com,+1-530-861-1444,2281 Pine St,Mesa,AZ,51050,USA
1409,Jennifer,Davis,jennifer.davis1409@yahoo.com,+1-453-271-3991,7772 Main Blvd,Aurora,IL,23932,USA
1410,Kevin,Lopez,kevin.lopez1410@outlook.com,+1-541-461-7002,8224 Cedar Blvd,Bellevue,WA,20675,USA
1411,Jennifer,Clark,jennifer.clark1411@hotmail.com,+1-256-265-1305,5713 Main St,Chicago,IL,56323,USA
1412,Jessica,Hernandez,jessica.hernandez1412@outlook.com,+1-719-362-7552,729 Main Ave,Savannah,GA,89502,USA
1413,Emily,Torres,emily.torres1413@yahoo.com,+1-588-437-8787,7846 Cedar Rd,Austin,TX,42454,USA
1414,Barbara,Hernandez,barbara.hernandez1414@gmail.com,+1-967-754-8710,586 Cedar Rd,Rochester,NY,24264,USA
1415,Emily,Davis,emily.davis1415@hotmail.com,+1-945-755-1411,3109 Maple Blvd,Chicago,IL,69720,USA
1416,Ashley,Johnson,ashley.johnson1416@outlook.com,+1-373-575-9434,7537 Cedar St,Boulder,CO,11803,USA
1417,Patricia,Brown,patricia.brown1417@yahoo.com,+1-511-997-5853,4820 Main Ave,Mesa,AZ,35740,USA
1418,Donna,Flores,donna.flores1418@gmail.com,+1-538-356-8552,7411 Maple Ave,San Francisco,CA,19403,USA
1419,Lisa,Ramirez,lisa.ramirez1419@gmail.com,+1-821-308-2785,1774 Main St,Tucson,AZ,15056,USA
1420,Thomas,Wilson,thomas.wilson1420@gmail.com,+1-876-502-3553,1328 Oak Blvd,Buffalo,NY,88199,USA
1421,Kimberly,Robinson,kimberly.robinson1421@gmail.com,+1-775-278-6796,4318 Oak Ave,New York,NY,30942,USA
1422,Michael,Lopez,michael.lopez1422@yahoo.com,+1-800-992-5465,5400 Maple Blvd,San Jose,CA,68293,USA
1423,Nancy,Martinez,nancy.martinez1423@gmail.com,+1-588-361-9359,2031 Pine Blvd,Tucson,AZ,66135,USA
1424,Karen,Sanchez,karen.sanchez1424@yahoo.com,+1-546-242-9354,3922 Pine St,Miami,FL,14832,USA
1425,Thomas,Garcia,thomas.garcia1425@hotmail.com,+1-260-949-4126,8303 Main Ave,Allentown,PA,80610,USA
1426,Daniel,Wilson,daniel.wilson1426@yahoo.com,+1-803-423-7297,8834 Cedar Rd,Pueblo,CO,27033,USA
1427,William,Taylor,william.taylor1427@gmail.com,+1-528-211-5601,1175 Maple Ave,Houston,TX,70317,USA
1428,Barbara,Allen,barbara.allen1428@hotmail.com,+1-457-292-6842,2653 Pine Rd,San Antonio,TX,21166,USA
1429,Kimberly,Brown,kimberly.brown1429@yahoo.com,+1-528-896-5098,2256 Main Rd,Houston,TX,58383,USA
1430,Kimberly,Perez,kimberly.perez1430@gmail.com,+1-339-764-5177,9467 Pine St,Los Angeles,CA,75653,USA
1431,Kimberly,Wilson,kimberly.wilson1431@hotmail.com,+1-687-384-3037,388 Cedar Blvd,Houston,TX,76239,USA
1432,Susan,Nguyen,susan.nguyen1432@yahoo.com,+1-746-315-2827,4735 Maple St,Houston,TX,48378,USA
1433,Charles,White,charles.white1433@yahoo.com,+1-699-349-3993,2033 Main Rd,Rockford,IL,43982,USA
1434,Paul,Lewis,paul.lewis1434@yahoo.com,+1-817-496-6100,1991 Main Rd,Albany,NY,76620,USA
1435,Matthew,Johnson,matthew.johnson1435@outlook.com,+1-845-850-2435,366 Oak Rd,New York,NY,99089,USA
1436,Nancy,Anderson,nancy.anderson1436@yahoo.com,+1-319-847-7481,1055 Maple St,Seattle,WA,77024,USA
1437,Andrew,Wilson,andrew.wilson1437@outlook.com,+1-556-296-9221,875 Park Blvd,Bellevue,WA,83361,USA
1438,Joseph,Hill,joseph.hill1438@hotmail.com,+1-345-850-7111,6775 Main Ave,Houston,TX,90725,USA
1439,Donna,Johnson,donna.johnson1439@outlook.com,+1-403-725-6032,5499 Cedar Rd,Miami,FL,66164,USA
1440,Kimberly,Moore,kimberly.moore1440@gmail.com,+1-615-876-3119,1608 Main Ave,Atlanta,GA,95612,USA
1441,Patricia,Anderson,patricia.anderson1441@yahoo.com,+1-682-669-9212,1220 Oak St,San Jose,CA,12105,USA
1442,David,Ramirez,david.ramirez1442@outlook.com,+1-848-887-7735,1041 Oak St,Albany,NY,77816,USA
1443,Kimberly,Clark,kimberly.clark1443@gmail.com,+1-928-627-4473,7307 Park Rd,Aurora,IL,31271,USA
1444,Richard,King,richard.king1444@yahoo.com,+1-670-483-3345,7402 Maple Blvd,Mesa,AZ,88113,USA
1445,Amanda,Taylor,amanda.taylor1445@yahoo.com,+1-551-946-7313,5224 Oak Rd,Jacksonville,FL,30764,USA
1446,Nancy,Walker,nancy.walker1446@hotmail.com,+1-557-516-2385,3933 Oak Ave,San Antonio,TX,51648,USA
1447,Mark,Jones,mark.jones1447@hotmail.com,+1-756-560-7806,6805 Pine Rd,Jacksonville,FL,81284,USA
1448,Daniel,Thomas,daniel.thomas1448@yahoo.com,+1-913-635-1301,639 Cedar St,Springfield,IL,86373,USA
1449,Nancy,Flores,nancy.flores1449@gmail.com,+1-275-725-2936,8831 Oak Blvd,Savannah,GA,93674,USA
1450,Daniel,Moore,daniel.moore1450@yahoo.com,+1-420-405-1079,3831 Cedar Ave,Tucson,AZ,12610,USA
1451,Jennifer,Perez,jennifer.perez1451@yahoo.com,+1-438-262-1057,9046 Oak Rd,Miami,FL,51584,USA
1452,Charles,Ramirez,charles.ramirez1452@hotmail.com,+1-337-211-5868,5481 Maple St,Phoenix,AZ,28900,USA
1453,Charles,Hernandez,charles.hernandez1453@gmail.com,+1-579-541-5719,135 Pine Rd,Colorado Springs,CO,93622,USA
1454,Elizabeth,Walker,elizabeth.walker1454@yahoo.com,+1-687-796-6635,1437 Maple Ave,Albany,NY,10759,USA
1455,Sarah,Wright,sarah.wright1455@yahoo.com,+1-655-482-7745,3528 Oak St,Colorado Springs,CO,63259,USA
1456,Mark,Torres,mark.torres1456@hotmail.com,+1-767-780-4865,4608 Main Rd,Houston,TX,64688,USA
1457,Amanda,Allen,amanda.allen1457@outlook.com,+1-583-356-4307,9765 Maple Ave,Colorado Springs,CO,45441,USA
1458,Susan,Garcia,susan.garcia1458@gmail.com,+1-707-343-7663,3202 Cedar Ave,Tucson,AZ,94737,USA
1459,Lisa,Allen,lisa.allen1459@gmail.com,+1-454-817-8993,2645 Oak Blvd,San Jose,CA,14958,USA
1460,Elizabeth,Hernandez,elizabeth.hernandez1460@yahoo.com,+1-272-324-4832,2747 Oak Ave,Colorado Springs,CO,20759,USA
1461,Anthony,Allen,anthony.allen1461@outlook.com,+1-833-723-7338,6338 Park Rd,Jacksonville,FL,76775,USA
1462,John,Jones,john.jones1462@yahoo.com,+1-458-907-6778,4945 Cedar Rd,San Antonio,TX,87354,USA
1463,Mark,Lewis,mark.lewis1463@outlook.com,+1-828-863-3404,9159 Pine Blvd,Los Angeles,CA,24389,USA
1464,Michelle,Torres,michelle.torres1464@gmail.com,+1-483-973-7342,4301 Main Rd,Buffalo,NY,11518,USA
1465,Donna,Brown,donna.brown1465@yahoo.com,+1-437-830-9869,7865 Park Rd,Orlando,FL,78049,USA
1466,Kimberly,Johnson,kimberly.johnson1466@yahoo.com,+1-412-507-1429,8023 Pine Rd,San Antonio,TX,50136,USA
1467,Joshua,Johnson,joshua.johnson1467@outlook.com,+1-912-888-3718,2342 Cedar St,Austin,TX,98364,USA
1468,Anthony,Miller,anthony.miller1468@yahoo.com,+1-427-849-9941,3511 Main St,Los Angeles,CA,73058,USA
1469,Michael,Nguyen,michael.nguyen1469@outlook.com,+1-445-965-3663,179 Maple Rd,Denver,CO,76176,USA
1470,Sarah,Walker,sarah.walker1470@gmail.com,+1-364-622-2515,8132 Oak Blvd,Savannah,GA,68427,USA
1471,Andrew,White,andrew.white1471@outlook.com,+1-580-685-2111,385 Oak Blvd,Atlanta,GA,45081,USA
1472,Robert,White,robert.white1472@hotmail.com,+1-986-220-4670,7539 Maple Ave,Augusta,GA,39691,USA
1473,Emily,Wilson,emily.wilson1473@hotmail.com,+1-807-717-3767,9928 Maple Rd,Springfield,IL,20017,USA
1474,Charles,Torres,charles.torres1474@outlook.com,+1-939-570-9192,5210 Cedar Blvd,Houston,TX,81562,USA
1475,Robert,Johnson,robert.johnson1475@gmail.com,+1-454-608-8753,3813 Cedar Blvd,Boulder,CO,51155,USA
1476,Amanda,Harris,amanda.harris1476@gmail.com,+1-300-772-3085,1071 Park St,Austin,TX,60015,USA
1477,Elizabeth,Smith,elizabeth.smith1477@hotmail.com,+1-939-411-4041,2071 Main Ave,Orlando,FL,10855,USA
1478,Elizabeth,Martinez,elizabeth.martinez1478@outlook.com,+1-408-942-2635,4907 Pine Rd,Denver,CO,53881,USA
1479,Emily,Torres,emily.torres1479@outlook.com,+1-910-252-6818,6352 Main St,San Francisco,CA,50488,USA
1480,James,Lee,james.lee1480@gmail.com,+1-644-337-5446,4403 Cedar Ave,Atlanta,GA,97747,USA
1481,Patricia,Nguyen,patricia.nguyen1481@gmail.com,+1-826-680-7034,238 Maple Blvd,Dallas,TX,45695,USA
1482,Paul,Lewis,paul.lewis1482@outlook.com,+1-874-349-6370,7931 Main Blvd,Erie,PA,90025,USA
1483,Amanda,Torres,amanda.torres1483@gmail.com,+1-518-608-5849,7252 Oak St,Aurora,IL,83277,USA
1484,Joshua,Hill,joshua.hill1484@hotmail.com,+1-298-703-9210,5399 Pine Ave,Boulder,CO,98909,USA
1485,Robert,Robinson,robert.robinson1485@outlook.com,+1-370-862-8817,5139 Pine Blvd,Houston,TX,71373,USA
1486,Kevin,Jackson,kevin.jackson1486@yahoo.com,+1-228-642-6718,476 Maple Ave,Dallas,TX,41679,USA
1487,Donna,Harris,donna.harris1487@yahoo.com,+1-503-717-5128,6035 Maple Rd,Rockford,IL,96426,USA
1488,Mark,Gonzalez,mark.gonzalez1488@hotmail.com,+1-295-822-8715,2855 Park Ave,Tacoma,WA,11855,USA
1489,William,Flores,william.flores1489@outlook.com,+1-985-794-8317,5046 Park Blvd,San Antonio,TX,82924,USA
1490,Karen,Torres,karen.torres1490@yahoo.com,+1-291-578-2561,1545 Maple St,Tucson,AZ,18780,USA
1491,James,Miller,james.miller1491@hotmail.com,+1-789-301-9897,5220 Maple Blvd,Chicago,IL,47976,USA
1492,Paul,Rodriguez,paul.rodriguez1492@gmail.com,+1-609-843-5479,1523 Cedar St,San Francisco,CA,74384,USA
1493,David,Williams,david.williams1493@outlook.com,+1-330-362-2024,7145 Maple Ave,San Jose,CA,56247,USA
1494,Jessica,Hill,jessica.hill1494@outlook.com,+1-359-292-8884,544 Main Blvd,San Diego,CA,48669,USA
1495,Jennifer,Lee,jennifer.lee1495@yahoo.com,+1-626-404-7176,6796 Park Blvd,San Francisco,CA,37348,USA
1496,Charles,Johnson,charles.johnson1496@outlook.com,+1-931-340-3531,2429 Main Rd,Atlanta,GA,94784,USA
1497,Nancy,Thomas,nancy.thomas1497@yahoo.com,+1-575-449-2299,307 Oak Ave,Colorado Springs,CO,29762,USA
1498,Jennifer,Perez,jennifer.perez1498@outlook.com,+1-984-868-5541,4779 Main Blvd,Los Angeles,CA,45251,USA
1499,Thomas,Ramirez,thomas.ramirez1499@hotmail.com,+1-378-821-5120,5435 Cedar Ave,San Jose,CA,64089,USA
1500,Elizabeth,Torres,elizabeth.torres1500@outlook.com,+1-473-557-9885,1272 Pine Blvd,San Jose,CA,39788,USA
1501,Steven,Young,steven.young1501@yahoo.com,+1-877-393-1469,6305 Pine Ave,Chicago,IL,83580,USA
1502,Thomas,Clark,thomas.clark1502@outlook.com,+1-342-399-4941,4925 Maple Rd,Albany,NY,15635,USA
1503,Robert,Hill,robert.hill1503@hotmail.com,+1-469-712-6701,2410 Cedar Blvd,Denver,CO,89342,USA
1504,Charles,Torres,charles.torres1504@outlook.com,+1-978-869-5565,1401 Cedar Blvd,Orlando,FL,24064,USA
1505,Jessica,Nguyen,jessica.nguyen1505@outlook.com,+1-792-605-5128,7694 Cedar St,Springfield,IL,59543,USA
1506,Thomas,Wright,thomas.wright1506@outlook.com,+1-548-653-5869,1511 Pine Ave,Dallas,TX,23040,USA
1507,Kevin,Flores,kevin.flores1507@gmail.com,+1-733-375-5009,4700 Oak St,Springfield,IL,99315,USA
1508,Elizabeth,Sanchez,elizabeth.sanchez1508@hotmail.com,+1-647-949-6304,9336 Main Blvd,Orlando,FL,41504,USA
1509,Brian,Smith,brian.smith1509@outlook.com,+1-348-551-2604,7162 Maple Ave,Aurora,IL,39929,USA
1510,Mary,Sanchez,mary.sanchez1510@gmail.com,+1-227-700-6986,7677 Main St,Buffalo,NY,81691,USA
1511,Charles,Young,charles.young1511@gmail.com,+1-415-489-2437,9280 Main Blvd,San Francisco,CA,49702,USA
1512,Kimberly,Taylor,kimberly.taylor1512@gmail.com,+1-576-843-4845,2174 Main Ave,Springfield,IL,50249,USA
1513,William,Wright,william.wright1513@hotmail.com,+1-876-766-4797,306 Cedar Rd,Denver,CO,15840,USA
1514,Elizabeth,Rodriguez,elizabeth.rodriguez1514@hotmail.com,+1-399-566-5072,953 Cedar Ave,Denver,CO,25034,USA
1515,Thomas,Anderson,thomas.anderson1515@gmail.com,+1-743-921-5241,5707 Park Rd,San Francisco,CA,20452,USA
1516,Patricia,Thompson,patricia.thompson1516@gmail.com,+1-708-242-3429,4366 Oak St,Denver,CO,61660,USA
1517,Lisa,Allen,lisa.allen1517@hotmail.com,+1-805-339-9523,7745 Main St,Dallas,TX,88202,USA
1518,Anthony,Moore,anthony.moore1518@outlook.com,+1-657-300-9524,8313 Park Blvd,Dallas,TX,41171,USA
1519,Richard,Davis,richard.davis1519@hotmail.com,+1-576-231-8390,6753 Oak Ave,Seattle,WA,44376,USA
1520,Kevin,King,kevin.king1520@yahoo.com,+1-539-438-3945,9165 Pine St,Denver,CO,89581,USA
1521,Michelle,Robinson,michelle.robinson1521@yahoo.com,+1-375-311-4494,4818 Cedar Ave,Atlanta,GA,63827,USA
1522,John,Garcia,john.garcia1522@outlook.com,+1-379-493-7789,1710 Pine St,San Jose,CA,80229,USA
1523,Jessica,Sanchez,jessica.sanchez1523@gmail.com,+1-854-213-9992,6781 Pine Blvd,Bellevue,WA,36623,USA
1524,James,Walker,james.walker1524@yahoo.com,+1-814-971-3797,3528 Park Rd,Tucson,AZ,37159,USA
1525,Andrew,Ramirez,andrew.ramirez1525@hotmail.com,+1-228-515-3656,7908 Pine Ave,Aurora,IL,84944,USA
1526,Donna,Jackson,donna.jackson1526@outlook.com,+1-300-916-7099,4500 Oak Rd,Miami,FL,85048,USA
1527,David,Gonzalez,david.gonzalez1527@hotmail.com,+1-753-645-6949,3858 Maple St,San Diego,CA,62707,USA
1528,James,Wilson,james.wilson1528@hotmail.com,+1-232-930-2435,6219 Oak Rd,Denver,CO,48262,USA
1529,Steven,Davis,steven.davis1529@yahoo.com,+1-779-894-1861,9523 Main Blvd,Chicago,IL,13155,USA
1530,Donna,Perez,donna.perez1530@gmail.com,+1-330-381-6309,5882 Pine St,San Diego,CA,59493,USA
1531,Sarah,Torres,sarah.torres1531@gmail.com,+1-611-356-8329,3222 Main Blvd,Boulder,CO,83039,USA
1532,Thomas,Young,thomas.young1532@hotmail.com,+1-264-954-4743,1926 Cedar St,New York,NY,46575,USA
1533,Andrew,Thomas,andrew.thomas1533@hotmail.com,+1-976-537-6377,801 Oak Ave,Austin,TX,82584,USA
1534,Linda,Clark,linda.clark1534@gmail.com,+1-275-706-4871,3796 Pine Rd,Spokane,WA,40374,USA
1535,Karen,Wilson,karen.wilson1535@hotmail.com,+1-782-768-1981,3059 Maple Ave,Savannah,GA,12758,USA
1536,Sarah,Flores,sarah.flores1536@hotmail.com,+1-748-466-5258,8641 Maple Ave,Austin,TX,67564,USA
1537,Mark,Rodriguez,mark.rodriguez1537@gmail.com,+1-746-305-3419,9680 Oak St,Pueblo,CO,25517,USA
1538,Amanda,Williams,amanda.williams1538@hotmail.com,+1-740-434-5440,7684 Main Ave,San Jose,CA,67300,USA
1539,Linda,Sanchez,linda.sanchez1539@yahoo.com,+1-383-396-1885,253 Oak Ave,Colorado Springs,CO,25181,USA
1540,Andrew,Miller,andrew.miller1540@outlook.com,+1-543-252-3401,1705 Oak St,Augusta,GA,44470,USA
1541,Richard,Walker,richard.walker1541@yahoo.com,+1-711-211-1927,6631 Maple Blvd,Phoenix,AZ,43417,USA
1542,Mark,Young,mark.young1542@yahoo.com,+1-781-859-7060,8949 Pine St,San Antonio,TX,69152,USA
1543,Amanda,Flores,amanda.flores1543@gmail.com,+1-546-574-8431,5396 Cedar Blvd,Atlanta,GA,40246,USA
1544,Amanda,Davis,amanda.davis1544@hotmail.com,+1-452-399-3100,4775 Maple Ave,Albany,NY,73426,USA
1545,Mary,Taylor,mary.taylor1545@gmail.com,+1-871-720-1656,6412 Pine Rd,Los Angeles,CA,93758,USA
1546,Michelle,Anderson,michelle.anderson1546@hotmail.com,+1-597-997-8066,1422 Park St,San Diego,CA,41551,USA
1547,Thomas,Lewis,thomas.lewis1547@yahoo.com,+1-559-862-7382,2853 Maple St,Tacoma,WA,91050,USA
1548,Elizabeth,Jones,elizabeth.jones1548@gmail.com,+1-724-369-5925,2189 Oak Rd,San Diego,CA,92032,USA
1549,Emily,King,emily.king1549@hotmail.com,+1-538-315-7912,5138 Pine Ave,Los Angeles,CA,50654,USA
1550,Charles,Davis,charles.davis1550@gmail.com,+1-472-983-7368,3446 Main Blvd,Los Angeles,CA,16177,USA
1551,Anthony,Allen,anthony.allen1551@yahoo.com,+1-522-849-1788,4651 Pine St,Colorado Springs,CO,70342,USA
1552,Sarah,Garcia,sarah.garcia1552@yahoo.com,+1-710-343-9583,5970 Pine Ave,Los Angeles,CA,41716,USA
1553,Robert,Flores,robert.flores1553@gmail.com,+1-608-987-2297,8869 Oak Rd,San Jose,CA,28735,USA
1554,Anthony,Nguyen,anthony.nguyen1554@hotmail.com,+1-750-957-1741,6972 Main Blvd,Chicago,IL,41589,USA
1555,Kimberly,Nguyen,kimberly.nguyen1555@hotmail.com,+1-945-850-9669,9014 Cedar Blvd,Bellevue,WA,87800,USA
1556,Karen,Thomas,karen.thomas1556@yahoo.com,+1-635-885-6463,6115 Oak Rd,Tucson,AZ,51085,USA
1557,Mary,Martin,mary.martin1557@gmail.com,+1-503-799-6962,6723 Pine Blvd,Tempe,AZ,75229,USA
1558,Daniel,Hernandez,daniel.hernandez1558@gmail.com,+1-353-780-4298,6095 Maple Blvd,Los Angeles,CA,31335,USA
1559,Joseph,White,joseph.white1559@outlook.com,+1-948-669-6767,9163 Pine St,Aurora,IL,74936,USA
1560,David,Johnson,david.johnson1560@yahoo.com,+1-581-564-8359,4425 Maple Rd,Tacoma,WA,90431,USA
1561,Jessica,Walker,jessica.walker1561@yahoo.com,+1-715-946-9564,9588 Oak Rd,Orlando,FL,52392,USA
1562,Sarah,Perez,sarah.perez1562@outlook.com,+1-826-998-2614,2682 Cedar Rd,Chicago,IL,94292,USA
1563,Paul,Thomas,paul.thomas1563@hotmail.com,+1-879-806-5440,4302 Cedar Rd,Chicago,IL,60021,USA
1564,Kimberly,Hernandez,kimberly.hernandez1564@gmail.com,+1-760-705-3834,7266 Maple St,Pittsburgh,PA,82240,USA
1565,Emily,Perez,emily.perez1565@gmail.com,+1-356-704-6265,1520 Oak St,Tucson,AZ,83893,USA
1566,Ashley,Johnson,ashley.johnson1566@yahoo.com,+1-287-269-9069,4103 Park St,Tacoma,WA,45886,USA
1567,Sandra,Rodriguez,sandra.rodriguez1567@hotmail.com,+1-480-472-1469,4089 Main Ave,San Diego,CA,15299,USA
1568,Lisa,White,lisa.white1568@outlook.com,+1-848-697-9110,1375 Pine Blvd,San Francisco,CA,53285,USA
1569,Anthony,Wilson,anthony.wilson1569@hotmail.com,+1-428-386-5880,8947 Cedar Ave,San Jose,CA,95512,USA
1570,Barbara,Perez,barbara.perez1570@hotmail.com,+1-612-410-1231,462 Maple Blvd,Miami,FL,48788,USA
1571,John,Hill,john.hill1571@gmail.com,+1-953-600-4245,156 Cedar Ave,Boulder,CO,83112,USA
1572,Anthony,Flores,anthony.flores1572@gmail.com,+1-997-710-1856,3706 Park St,Jacksonville,FL,23166,USA
1573,Michelle,Robinson,michelle.robinson1573@gmail.com,+1-437-971-3853,1463 Main Ave,Houston,TX,82394,USA
1574,Paul,Nguyen,paul.nguyen1574@gmail.com,+1-390-349-6240,9802 Maple Rd,Allentown,PA,24556,USA
1575,Mark,Williams,mark.williams1575@gmail.com,+1-330-775-6826,222 Maple Rd,San Francisco,CA,33354,USA
1576,Brian,Garcia,brian.garcia1576@outlook.com,+1-595-845-2268,4649 Oak Ave,Houston,TX,65425,USA
1577,Ashley,Scott,ashley.scott1577@hotmail.com,+1-747-301-2044,7621 Cedar Blvd,Albany,NY,94985,USA
1578,Michelle,Hill,michelle.hill1578@yahoo.com,+1-715-568-4215,3041 Main Blvd,Albany,NY,33533,USA
1579,Donna,Anderson,donna.anderson1579@yahoo.com,+1-288-391-8856,1922 Oak Blvd,San Jose,CA,11994,USA
1580,Matthew,Robinson,matthew.robinson1580@yahoo.com,+1-632-916-6991,9588 Park Ave,Augusta,GA,28595,USA
1581,Matthew,White,matthew.white1581@hotmail.com,+1-807-394-4195,8450 Oak Blvd,Philadelphia,PA,18626,USA
1582,Charles,Perez,charles.perez1582@hotmail.com,+1-678-218-9510,1424 Main Blvd,Colorado Springs,CO,77438,USA
1583,John,Gonzalez,john.gonzalez1583@outlook.com,+1-810-691-8792,5735 Oak Blvd,Savannah,GA,31113,USA
1584,Sarah,Gonzalez,sarah.gonzalez1584@gmail.com,+1-706-989-2032,1462 Maple St,San Antonio,TX,97039,USA
1585,Sarah,Ramirez,sarah.ramirez1585@yahoo.com,+1-878-505-8107,9517 Cedar Ave,Miami,FL,75237,USA
1586,Anthony,Nguyen,anthony.nguyen1586@hotmail.com,+1-215-281-6825,2105 Cedar Rd,San Diego,CA,69040,USA
1587,Michelle,Johnson,michelle.johnson1587@yahoo.com,+1-819-847-1730,3863 Maple St,San Francisco,CA,10189,USA
1588,James,Sanchez,james.sanchez1588@outlook.com,+1-875-827-7675,375 Main Rd,Orlando,FL,58356,USA
1589,Elizabeth,Smith,elizabeth.smith1589@gmail.com,+1-215-938-4387,3487 Main Rd,Boulder,CO,85841,USA
1590,Brian,Martin,brian.martin1590@yahoo.com,+1-337-257-6242,628 Oak Blvd,Athens,GA,18319,USA
1591,Emily,Harris,emily.harris1591@gmail.com,+1-658-228-3947,665 Pine Blvd,Los Angeles,CA,48599,USA
1592,John,Walker,john.walker1592@outlook.com,+1-220-435-3787,2455 Cedar Blvd,New York,NY,80004,USA
1593,Thomas,Perez,thomas.perez1593@gmail.com,+1-864-933-3556,8195 Maple Rd,Albany,NY,56851,USA
1594,Sandra,King,sandra.king1594@yahoo.com,+1-292-410-2272,177 Park St,Mesa,AZ,80479,USA
1595,Charles,Garcia,charles.garcia1595@gmail.com,+1-995-754-7493,7487 Cedar Blvd,San Jose,CA,83763,USA
1596,James,Johnson,james.johnson1596@hotmail.com,+1-902-677-8380,7644 Cedar St,Jacksonville,FL,90089,USA
1597,Elizabeth,Sanchez,elizabeth.sanchez1597@outlook.com,+1-414-974-4343,9231 Maple Blvd,Athens,GA,87796,USA
1598,Jessica,Johnson,jessica.johnson1598@gmail.com,+1-323-356-9066,1468 Maple Rd,Tampa,FL,66880,USA
1599,Richard,Scott,richard.scott1599@yahoo.com,+1-572-706-7096,5831 Main Rd,Mesa,AZ,52675,USA
1600,Margaret,Gonzalez,margaret.gonzalez1600@hotmail.com,+1-226-395-1679,9354 Main St,Athens,GA,26522,USA
1601,Patricia,Davis,patricia.davis1601@gmail.com,+1-916-660-3997,821 Maple Rd,Austin,TX,15216,USA
1602,Charles,Wilson,charles.wilson1602@hotmail.com,+1-913-924-4027,8077 Oak Rd,New York,NY,47056,USA
1603,Jennifer,Clark,jennifer.clark1603@hotmail.com,+1-864-942-2539,8775 Main Rd,Tacoma,WA,88739,USA
1604,Paul,Hernandez,paul.hernandez1604@gmail.com,+1-973-368-5031,2694 Park St,Los Angeles,CA,92535,USA
1605,Amanda,Robinson,amanda.robinson1605@hotmail.com,+1-549-224-9050,1536 Pine Ave,Los Angeles,CA,53856,USA
1606,Linda,Jones,linda.jones1606@yahoo.com,+1-336-615-5995,3425 Oak Rd,Aurora,IL,61641,USA
1607,Joseph,Johnson,joseph.johnson1607@yahoo.com,+1-618-649-4457,9519 Maple Ave,Dallas,TX,30135,USA
1608,Barbara,Jackson,barbara.jackson1608@yahoo.com,+1-775-440-7840,7764 Cedar Ave,Pittsburgh,PA,38806,USA
1609,Kimberly,Sanchez,kimberly.sanchez1609@yahoo.com,+1-591-292-3419,2954 Oak Ave,San Jose,CA,50870,USA
1610,Elizabeth,King,elizabeth.king1610@gmail.com,+1-823-561-1256,6019 Cedar Ave,New York,NY,99834,USA
1611,William,Hernandez,william.hernandez1611@outlook.com,+1-437-392-6587,2574 Oak St,Erie,PA,32343,USA
1612,Ashley,Clark,ashley.clark1612@outlook.com,+1-646-285-8194,4144 Oak Blvd,Orlando,FL,49256,USA
1613,Linda,Garcia,linda.garcia1613@gmail.com,+1-583-663-6671,5329 Pine Ave,Orlando,FL,42311,USA
1614,Donna,Torres,donna.torres1614@gmail.com,+1-311-953-9761,1319 Main Rd,Spokane,WA,84629,USA
1615,William,Jackson,william.jackson1615@gmail.com,+1-725-813-9119,3227 Pine St,Bellevue,WA,61761,USA
1616,Kevin,Martinez,kevin.martinez1616@yahoo.com,+1-496-261-7278,3999 Cedar Rd,Augusta,GA,94989,USA
1617,William,Rodriguez,william.rodriguez1617@outlook.com,+1-703-262-4758,9421 Park Rd,Chicago,IL,26770,USA
1618,Paul,Miller,paul.miller1618@yahoo.com,+1-452-932-1250,9572 Main Blvd,Pueblo,CO,50991,USA
1619,David,Martin,david.martin1619@hotmail.com,+1-656-424-2943,5682 Pine Blvd,Rochester,NY,56195,USA
1620,Michael,Moore,michael.moore1620@gmail.com,+1-822-521-2854,5367 Cedar Ave,Denver,CO,62383,USA
1621,Mark,Taylor,mark.taylor1621@gmail.com,+1-353-761-6641,3305 Pine St,San Diego,CA,10195,USA
1622,Elizabeth,Jones,elizabeth.jones1622@gmail.com,+1-549-915-5930,2069 Cedar Ave,Chicago,IL,72181,USA
1623,William,Johnson,william.johnson1623@hotmail.com,+1-736-960-7169,3090 Pine Blvd,San Antonio,TX,56692,USA
1624,Nancy,Scott,nancy.scott1624@hotmail.com,+1-442-823-1243,9639 Main Rd,Philadelphia,PA,16177,USA
1625,Anthony,Jones,anthony.jones1625@outlook.com,+1-938-731-4582,5835 Pine St,San Diego,CA,14456,USA
1626,Anthony,Brown,anthony.brown1626@outlook.com,+1-658-657-1357,4822 Maple Ave,Miami,FL,78702,USA
1627,Jennifer,Thomas,jennifer.thomas1627@yahoo.com,+1-960-692-7058,7750 Park Rd,Rockford,IL,23454,USA
1628,Donna,Moore,donna.moore1628@hotmail.com,+1-560-554-2148,5538 Pine Rd,Chicago,IL,28682,USA
1629,Anthony,Jones,anthony.jones1629@hotmail.com,+1-255-628-9135,5489 Park Ave,Houston,TX,13590,USA
1630,Margaret,Hernandez,margaret.hernandez1630@yahoo.com,+1-237-848-6060,4256 Maple St,Miami,FL,64704,USA
1631,Donna,Anderson,donna.anderson1631@hotmail.com,+1-838-535-7413,2600 Maple Blvd,Austin,TX,44680,USA
1632,Jessica,Torres,jessica.torres1632@outlook.com,+1-471-635-3245,2511 Main Rd,Buffalo,NY,36027,USA
1633,Ashley,Hill,ashley.hill1633@yahoo.com,+1-301-465-8957,1991 Park Blvd,Augusta,GA,19378,USA
1634,Patricia,Wright,patricia.wright1634@gmail.com,+1-257-434-8545,7560 Cedar Rd,Los Angeles,CA,45291,USA
1635,Margaret,Jones,margaret.jones1635@gmail.com,+1-352-256-8717,7850 Main Rd,Colorado Springs,CO,14951,USA
1636,Thomas,Torres,thomas.torres1636@hotmail.com,+1-436-543-1782,8697 Pine Rd,Athens,GA,94213,USA
1637,Karen,Wilson,karen.wilson1637@outlook.com,+1-792-403-9568,1050 Maple St,New York,NY,37932,USA
1638,Karen,Wright,karen.wright1638@gmail.com,+1-580-496-9341,1788 Main St,San Antonio,TX,56411,USA
1639,John,Miller,john.miller1639@gmail.com,+1-245-589-9593,5784 Oak St,San Jose,CA,72439,USA
1640,Amanda,Young,amanda.young1640@hotmail.com,+1-483-446-3355,6070 Oak Ave,Miami,FL,32352,USA
1641,Steven,Hernandez,steven.hernandez1641@yahoo.com,+1-989-552-8501,4785 Oak Ave,Austin,TX,18416,USA
1642,Ashley,Wilson,ashley.wilson1642@hotmail.com,+1-320-427-1301,5590 Cedar St,Tampa,FL,29454,USA
1643,Richard,Allen,richard.allen1643@gmail.com,+1-344-717-5385,3709 Cedar Ave,Buffalo,NY,13183,USA
1644,Brian,Flores,brian.flores1644@hotmail.com,+1-827-941-2131,6593 Maple Rd,Colorado Springs,CO,82347,USA
1645,Brian,Jackson,brian.jackson1645@gmail.com,+1-369-805-7943,2757 Maple Rd,San Francisco,CA,77734,USA
1646,Sarah,Torres,sarah.torres1646@hotmail.com,+1-358-854-8193,5209 Oak Ave,Athens,GA,50199,USA
1647,Ashley,Sanchez,ashley.sanchez1647@yahoo.com,+1-373-869-3831,7141 Oak St,Springfield,IL,66296,USA
1648,Thomas,Williams,thomas.williams1648@gmail.com,+1-976-569-8071,9997 Maple Blvd,Springfield,IL,71756,USA
1649,Kevin,Miller,kevin.miller1649@yahoo.com,+1-516-217-8108,3548 Pine Ave,Chicago,IL,41869,USA
1650,Daniel,Ramirez,daniel.ramirez1650@yahoo.com,+1-490-805-7427,1776 Park Blvd,San Jose,CA,14476,USA
1651,Nancy,Robinson,nancy.robinson1651@gmail.com,+1-577-305-8960,2895 Maple St,Buffalo,NY,17376,USA
1652,Kimberly,Lewis,kimberly.lewis1652@gmail.com,+1-812-968-5798,4810 Oak Rd,Dallas,TX,25871,USA
1653,Steven,Allen,steven.allen1653@hotmail.com,+1-667-589-2902,5074 Park St,Boulder,CO,48401,USA
1654,Nancy,Anderson,nancy.anderson1654@gmail.com,+1-966-373-9370,2854 Cedar Blvd,Austin,TX,65001,USA
1655,Sandra,Williams,sandra.williams1655@outlook.com,+1-791-836-6494,2703 Park Rd,Boulder,CO,87678,USA
1656,Donna,Lee,donna.lee1656@hotmail.com,+1-496-410-4247,5546 Main Rd,San Antonio,TX,83020,USA
1657,Mary,Davis,mary.davis1657@outlook.com,+1-485-898-4090,440 Maple St,Austin,TX,46635,USA
1658,Sarah,Walker,sarah.walker1658@hotmail.com,+1-987-244-4080,7260 Cedar Ave,San Francisco,CA,20397,USA
1659,Joshua,Lopez,joshua.lopez1659@gmail.com,+1-646-839-1015,1106 Pine Ave,Austin,TX,69889,USA
1660,Barbara,Lee,barbara.lee1660@gmail.com,+1-526-389-2791,4331 Pine Rd,Buffalo,NY,96124,USA
1661,Donna,Sanchez,donna.sanchez1661@outlook.com,+1-886-325-4869,2723 Park Ave,Miami,FL,38165,USA
1662,David,Scott,david.scott1662@hotmail.com,+1-574-529-9539,6594 Pine Rd,Orlando,FL,98084,USA
1663,Andrew,Hill,andrew.hill1663@outlook.com,+1-253-258-5602,9892 Main Ave,Pueblo,CO,23055,USA
1664,Thomas,King,thomas.king1664@yahoo.com,+1-228-942-7933,6901 Maple Rd,Erie,PA,42571,USA
1665,Barbara,Harris,barbara.harris1665@yahoo.com,+1-524-492-9320,4465 Pine Ave,San Francisco,CA,51099,USA
1666,Andrew,Allen,andrew.allen1666@yahoo.com,+1-721-884-9049,8451 Maple Ave,Augusta,GA,10392,USA
1667,Michael,Miller,michael.miller1667@yahoo.com,+1-998-262-1771,4438 Oak Ave,Houston,TX,72496,USA
1668,Joshua,Thomas,joshua.thomas1668@hotmail.com,+1-435-797-1576,6327 Oak Rd,New York,NY,64944,USA
1669,Charles,Walker,charles.walker1669@hotmail.com,+1-562-595-2759,5692 Oak Blvd,Dallas,TX,37167,USA
1670,Patricia,Brown,patricia.brown1670@yahoo.com,+1-324-250-1405,7469 Cedar Rd,Miami,FL,60245,USA
1671,Thomas,Thompson,thomas.thompson1671@outlook.com,+1-743-828-8740,3114 Maple St,Rochester,NY,97102,USA
1672,Joseph,Anderson,joseph.anderson1672@yahoo.com,+1-880-747-2589,1615 Cedar Ave,Chicago,IL,25934,USA
1673,Jessica,Rodriguez,jessica.rodriguez1673@gmail.com,+1-510-714-3586,8960 Park Ave,Jacksonville,FL,16030,USA
1674,Lisa,Jones,lisa.jones1674@hotmail.com,+1-797-289-3135,9818 Main Blvd,Pittsburgh,PA,19615,USA
1675,James,Scott,james.scott1675@outlook.com,+1-489-494-4444,1255 Main St,Savannah,GA,82180,USA
1676,Lisa,Rodriguez,lisa.rodriguez1676@hotmail.com,+1-633-411-6381,2841 Pine St,Bellevue,WA,20016,USA
1677,Barbara,White,barbara.white1677@hotmail.com,+1-487-305-6707,6688 Park Rd,Austin,TX,26096,USA
1678,Karen,Ramirez,karen.ramirez1678@hotmail.com,+1-394-635-3815,6403 Park Rd,Albany,NY,25449,USA
1679,Linda,Taylor,linda.taylor1679@gmail.com,+1-962-313-3576,2313 Pine St,Aurora,IL,70324,USA
1680,Joshua,Harris,joshua.harris1680@outlook.com,+1-460-216-1312,9261 Main Ave,San Francisco,CA,18591,USA
1681,Jessica,Lopez,jessica.lopez1681@outlook.com,+1-729-831-8167,4082 Main Rd,Springfield,IL,45908,USA
1682,Mary,Davis,mary.davis1682@outlook.com,+1-296-500-6407,4525 Cedar Ave,Phoenix,AZ,80927,USA
1683,Richard,Nguyen,richard.nguyen1683@yahoo.com,+1-494-344-2345,6237 Cedar Ave,Erie,PA,75953,USA
1684,Kimberly,Garcia,kimberly.garcia1684@gmail.com,+1-459-632-8957,9076 Main Blvd,San Jose,CA,81844,USA
1685,Jennifer,Miller,jennifer.miller1685@outlook.com,+1-508-222-5176,5414 Park Ave,New York,NY,36401,USA
1686,Susan,Garcia,susan.garcia1686@outlook.com,+1-813-803-8287,2654 Pine Ave,Boulder,CO,99047,USA
1687,Sarah,Gonzalez,sarah.gonzalez1687@hotmail.com,+1-375-562-1796,243 Pine Ave,Los Angeles,CA,75646,USA
1688,Emily,Hill,emily.hill1688@yahoo.com,+1-398-549-4297,1134 Main Ave,Allentown,PA,88252,USA
1689,Michael,Rodriguez,michael.rodriguez1689@yahoo.com,+1-784-749-2168,6993 Maple St,Dallas,TX,37121,USA
1690,Andrew,Lopez,andrew.lopez1690@yahoo.com,+1-964-552-9481,5137 Main Ave,Savannah,GA,14435,USA
1691,Patricia,King,patricia.king1691@outlook.com,+1-425-902-3202,5917 Cedar Blvd,San Diego,CA,29929,USA
1692,Brian,Jones,brian.jones1692@yahoo.com,+1-401-459-6676,8091 Cedar Blvd,Tampa,FL,91527,USA
1693,Robert,Lee,robert.lee1693@yahoo.com,+1-365-644-5066,9387 Oak St,Erie,PA,37255,USA
1694,Barbara,Lopez,barbara.lopez1694@outlook.com,+1-564-275-5879,4361 Pine Blvd,Tucson,AZ,59811,USA
1695,Mark,King,mark.king1695@outlook.com,+1-223-480-8677,6306 Oak Ave,Savannah,GA,12181,USA
1696,Matthew,Ramirez,matthew.ramirez1696@gmail.com,+1-656-538-6034,1714 Park Rd,San Francisco,CA,57972,USA
1697,Joseph,Garcia,joseph.garcia1697@outlook.com,+1-235-226-5291,7264 Pine Ave,Phoenix,AZ,85820,USA
1698,Richard,Lee,richard.lee1698@outlook.com,+1-963-375-6559,4372 Pine Ave,Rochester,NY,97164,USA
1699,Ashley,Jones,ashley.jones1699@gmail.com,+1-239-451-7637,5893 Pine Rd,Dallas,TX,96998,USA
1700,Amanda,Taylor,amanda.taylor1700@outlook.com,+1-234-579-8363,4514 Pine St,San Diego,CA,31492,USA
1701,Mark,White,mark.white1701@gmail.com,+1-846-830-7576,8901 Main Rd,Boulder,CO,98974,USA
1702,Richard,Hernandez,richard.hernandez1702@gmail.com,+1-370-500-5849,1432 Park Rd,San Diego,CA,95872,USA
1703,Elizabeth,Garcia,elizabeth.garcia1703@gmail.com,+1-304-367-2811,4214 Cedar Rd,Pueblo,CO,59915,USA
1704,Karen,Davis,karen.davis1704@yahoo.com,+1-803-868-6163,6437 Oak St,San Antonio,TX,27445,USA
1705,Mary,Lewis,mary.lewis1705@yahoo.com,+1-277-962-3949,3738 Cedar Blvd,Tucson,AZ,29051,USA
1706,Andrew,Garcia,andrew.garcia1706@yahoo.com,+1-629-930-9560,6568 Main St,Springfield,IL,34545,USA
1707,Anthony,Smith,anthony.smith1707@yahoo.com,+1-583-324-4593,942 Pine Ave,Denver,CO,88477,USA
1708,Jessica,Walker,jessica.walker1708@hotmail.com,+1-844-426-4546,7872 Pine Blvd,New York,NY,28588,USA
1709,Joseph,Allen,joseph.allen1709@hotmail.com,+1-252-489-9303,9553 Main St,Houston,TX,65956,USA
1710,Andrew,Wright,andrew.wright1710@hotmail.com,+1-555-935-9908,8815 Main Blvd,Los Angeles,CA,86183,USA
1711,Nancy,Walker,nancy.walker1711@hotmail.com,+1-977-996-7109,4127 Main St,Miami,FL,75555,USA
1712,Barbara,Martin,barbara.martin1712@outlook.com,+1-666-744-3372,3068 Park St,Pueblo,CO,21462,USA
1713,Joseph,Young,joseph.young1713@gmail.com,+1-623-981-5055,3346 Oak St,Atlanta,GA,58338,USA
1714,Joseph,King,joseph.king1714@yahoo.com,+1-602-694-2728,6162 Maple Rd,Rochester,NY,74035,USA
1715,Thomas,Lewis,thomas.lewis1715@hotmail.com,+1-944-599-8966,6623 Pine Blvd,New York,NY,77251,USA
1716,Joseph,Rodriguez,joseph.rodriguez1716@yahoo.com,+1-242-310-7551,4583 Cedar St,San Antonio,TX,60051,USA
1717,Mary,Martin,mary.martin1717@yahoo.com,+1-215-578-9315,9978 Oak Blvd,Miami,FL,71255,USA
1718,Kevin,Thomas,kevin.thomas1718@yahoo.com,+1-301-426-3002,8187 Park St,Mesa,AZ,81662,USA
1719,Patricia,Young,patricia.young1719@hotmail.com,+1-812-632-6909,7933 Maple St,San Diego,CA,52582,USA
1720,John,Wilson,john.wilson1720@outlook.com,+1-672-561-6321,8146 Park Blvd,Phoenix,AZ,82238,USA
1721,Paul,Martinez,paul.martinez1721@gmail.com,+1-816-912-6145,5298 Cedar Ave,Philadelphia,PA,36310,USA
1722,Andrew,Garcia,andrew.garcia1722@gmail.com,+1-316-722-4616,8971 Park St,Rochester,NY,27396,USA
1723,Lisa,Harris,lisa.harris1723@hotmail.com,+1-699-804-7480,5110 Oak Blvd,Orlando,FL,66297,USA
1724,Andrew,Lee,andrew.lee1724@outlook.com,+1-211-753-8799,9483 Park Ave,San Antonio,TX,90417,USA
1725,Lisa,White,lisa.white1725@yahoo.com,+1-422-486-7064,9239 Oak St,Chicago,IL,73514,USA
1726,David,Johnson,david.johnson1726@gmail.com,+1-543-494-7029,3790 Cedar Blvd,Pueblo,CO,97653,USA
1727,Nancy,Jones,nancy.jones1727@gmail.com,+1-572-313-8090,5789 Maple Blvd,Phoenix,AZ,77818,USA
1728,Charles,Gonzalez,charles.gonzalez1728@outlook.com,+1-794-205-7225,8897 Cedar Rd,Rochester,NY,78061,USA
1729,Ashley,Torres,ashley.torres1729@hotmail.com,+1-282-572-8701,618 Park Rd,San Jose,CA,57757,USA
1730,Mark,Taylor,mark.taylor1730@outlook.com,+1-577-691-2189,8160 Cedar Ave,Tampa,FL,31968,USA
1731,David,Jones,david.jones1731@gmail.com,+1-791-692-9331,5923 Maple Rd,Pittsburgh,PA,87092,USA
1732,Margaret,Young,margaret.young1732@gmail.com,+1-293-795-4316,9479 Oak Blvd,San Diego,CA,15837,USA
1733,Amanda,Flores,amanda.flores1733@outlook.com,+1-215-843-1955,7958 Cedar Blvd,Dallas,TX,99079,USA
1734,Karen,Perez,karen.perez1734@gmail.com,+1-626-796-2575,5090 Cedar Ave,Aurora,IL,79145,USA
1735,Emily,Ramirez,emily.ramirez1735@gmail.com,+1-883-358-1627,1259 Pine Ave,Rockford,IL,71847,USA
1736,Susan,White,susan.white1736@gmail.com,+1-416-897-1100,6634 Oak St,Mesa,AZ,90352,USA
1737,Mary,Miller,mary.miller1737@outlook.com,+1-419-384-1627,8492 Cedar Ave,San Diego,CA,37286,USA
1738,Emily,Garcia,emily.garcia1738@outlook.com,+1-886-760-8246,3090 Cedar St,Bellevue,WA,87125,USA
1739,John,Anderson,john.anderson1739@gmail.com,+1-842-280-1760,7664 Park St,San Francisco,CA,32777,USA
1740,Paul,Martinez,paul.martinez1740@hotmail.com,+1-533-415-9541,7300 Oak Ave,Erie,PA,90169,USA
1741,Kevin,Miller,kevin.miller1741@gmail.com,+1-631-829-3734,2255 Maple Rd,Miami,FL,51539,USA
1742,Paul,Robinson,paul.robinson1742@outlook.com,+1-281-257-1674,7636 Main Blvd,San Antonio,TX,70813,USA
1743,Brian,Garcia,brian.garcia1743@yahoo.com,+1-970-501-7070,665 Maple Ave,San Jose,CA,99079,USA
1744,Michael,Brown,michael.brown1744@yahoo.com,+1-273-223-8061,8913 Oak Rd,San Antonio,TX,74749,USA
1745,James,Williams,james.williams1745@hotmail.com,+1-955-748-2334,449 Maple Ave,Springfield,IL,69043,USA
1746,Andrew,Garcia,andrew.garcia1746@outlook.com,+1-888-735-1767,1001 Maple Ave,San Jose,CA,37721,USA
1747,Kimberly,Davis,kimberly.davis1747@gmail.com,+1-382-615-7007,8258 Park Blvd,Augusta,GA,43385,USA
1748,Patricia,Davis,patricia.davis1748@yahoo.com,+1-253-505-2609,1368 Park Ave,Tucson,AZ,51461,USA
1749,Sarah,Rodriguez,sarah.rodriguez1749@hotmail.com,+1-494-414-9618,5506 Cedar Ave,Austin,TX,89485,USA
1750,Paul,Williams,paul.williams1750@outlook.com,+1-259-966-1164,3930 Main Blvd,Tucson,AZ,23148,USA
1751,Kevin,Jones,kevin.jones1751@hotmail.com,+1-852-878-3465,9380 Park Ave,San Diego,CA,94810,USA
1752,Sarah,Martin,sarah.martin1752@gmail.com,+1-971-953-8488,7096 Main St,Philadelphia,PA,97308,USA
1753,Patricia,Lee,patricia.lee1753@outlook.com,+1-895-378-2434,5047 Oak Ave,Rochester,NY,87241,USA
1754,Kevin,Torres,kevin.torres1754@outlook.com,+1-819-538-8697,7328 Maple Blvd,Savannah,GA,22897,USA
1755,James,Harris,james.harris1755@yahoo.com,+1-737-567-8301,6396 Maple Rd,Seattle,WA,95667,USA
1756,Andrew,Flores,andrew.flores1756@outlook.com,+1-286-841-1856,6051 Oak St,San Francisco,CA,64021,USA
1757,Mark,Wright,mark.wright1757@hotmail.com,+1-582-683-5515,3736 Cedar St,Savannah,GA,65991,USA
1758,Steven,Walker,steven.walker1758@outlook.com,+1-786-948-5221,6675 Cedar Ave,Mesa,AZ,42569,USA
1759,Mary,Thomas,mary.thomas1759@gmail.com,+1-946-561-3476,3609 Maple Rd,Savannah,GA,87099,USA
1760,Elizabeth,Johnson,elizabeth.johnson1760@gmail.com,+1-241-788-6886,6573 Maple Rd,Jacksonville,FL,56480,USA
1761,Mark,Anderson,mark.anderson1761@gmail.com,+1-727-386-4540,5557 Main Rd,Allentown,PA,51858,USA
1762,Donna,Perez,donna.perez1762@gmail.com,+1-524-606-2209,1882 Pine Rd,San Jose,CA,72986,USA
1763,Steven,Clark,steven.clark1763@gmail.com,+1-290-696-9067,2167 Maple Ave,Los Angeles,CA,54077,USA
1764,Kimberly,Sanchez,kimberly.sanchez1764@hotmail.com,+1-634-742-7020,1874 Cedar Ave,San Diego,CA,45952,USA
1765,Robert,Walker,robert.walker1765@yahoo.com,+1-327-497-3344,7194 Park St,San Diego,CA,50489,USA
1766,Barbara,Smith,barbara.smith1766@outlook.com,+1-351-715-1504,512 Pine Blvd,Savannah,GA,39360,USA
1767,David,Jones,david.jones1767@hotmail.com,+1-914-325-8058,2982 Park Ave,Buffalo,NY,68015,USA
1768,Kevin,Scott,kevin.scott1768@yahoo.com,+1-232-361-5924,8767 Pine Rd,San Antonio,TX,34648,USA
1769,Margaret,Lee,margaret.lee1769@gmail.com,+1-905-748-4622,5881 Main Ave,Miami,FL,84269,USA
1770,Lisa,Young,lisa.young1770@outlook.com,+1-658-519-4182,8121 Pine Rd,Los Angeles,CA,99492,USA
1771,Andrew,Taylor,andrew.taylor1771@outlook.com,+1-808-810-8855,4626 Park Ave,Los Angeles,CA,68328,USA
1772,Michael,Wright,michael.wright1772@hotmail.com,+1-383-821-9013,9190 Oak Ave,Albany,NY,40685,USA
1773,Charles,Thompson,charles.thompson1773@outlook.com,+1-532-424-6078,2671 Park Ave,Tempe,AZ,56810,USA
1774,Lisa,Johnson,lisa.johnson1774@yahoo.com,+1-300-422-9157,7943 Oak Rd,Colorado Springs,CO,18430,USA
1775,Daniel,Jackson,daniel.jackson1775@hotmail.com,+1-869-397-1872,4883 Cedar Blvd,Jacksonville,FL,78883,USA
1776,Michelle,Garcia,michelle.garcia1776@gmail.com,+1-824-313-5218,7297 Main Ave,Dallas,TX,82082,USA
1777,Susan,Thompson,susan.thompson1777@hotmail.com,+1-577-437-5493,3795 Maple Blvd,Rochester,NY,48838,USA
1778,Paul,Garcia,paul.garcia1778@outlook.com,+1-806-432-4366,9422 Oak Ave,Phoenix,AZ,60994,USA
1779,Emily,Taylor,emily.taylor1779@yahoo.com,+1-826-804-3110,7092 Maple Ave,Tampa,FL,45455,USA
1780,Amanda,Smith,amanda.smith1780@hotmail.com,+1-650-914-5990,559 Park Blvd,Dallas,TX,46072,USA
1781,Donna,Williams,donna.williams1781@gmail.com,+1-726-790-8021,7818 Cedar Blvd,Tucson,AZ,34629,USA
1782,Paul,Wright,paul.wright1782@gmail.com,+1-824-246-5906,5354 Park Ave,Phoenix,AZ,15841,USA
1783,Sarah,Hill,sarah.hill1783@outlook.com,+1-207-642-9630,8496 Oak Rd,New York,NY,44466,USA
1784,Andrew,Allen,andrew.allen1784@hotmail.com,+1-825-278-2311,2614 Cedar Ave,Tempe,AZ,18910,USA
1785,Kevin,Wilson,kevin.wilson1785@yahoo.com,+1-402-247-1135,6468 Pine Ave,Augusta,GA,44329,USA
1786,Mary,Scott,mary.scott1786@outlook.com,+1-683-559-3433,3253 Park Rd,Orlando,FL,47141,USA
1787,William,Martin,william.martin1787@outlook.com,+1-244-749-9019,2730 Main Rd,New York,NY,17035,USA
1788,Kevin,Lee,kevin.lee1788@yahoo.com,+1-442-447-9769,6325 Pine Ave,San Diego,CA,72808,USA
1789,Linda,Hernandez,linda.hernandez1789@hotmail.com,+1-839-386-4445,9288 Main St,Pittsburgh,PA,93136,USA
1790,Jessica,Walker,jessica.walker1790@yahoo.com,+1-633-733-2210,3503 Park Ave,Jacksonville,FL,83170,USA
1791,Brian,Martinez,brian.martinez1791@hotmail.com,+1-623-695-4972,6391 Cedar Rd,Albany,NY,92350,USA
1792,Linda,Hill,linda.hill1792@gmail.com,+1-932-972-8960,4025 Oak Ave,San Diego,CA,17824,USA
1793,Brian,Taylor,brian.taylor1793@outlook.com,+1-689-343-4889,4074 Oak Ave,San Antonio,TX,63180,USA
1794,Matthew,Torres,matthew.torres1794@yahoo.com,+1-636-936-4469,471 Pine Rd,Los Angeles,CA,66613,USA
1795,Margaret,Brown,margaret.brown1795@yahoo.com,+1-319-973-9934,2593 Oak Blvd,Tampa,FL,90034,USA
1796,Kimberly,Rodriguez,kimberly.rodriguez1796@hotmail.com,+1-888-475-2676,7850 Main St,San Antonio,TX,72284,USA
1797,Brian,Clark,brian.clark1797@outlook.com,+1-914-833-1073,9862 Main St,Chicago,IL,69248,USA
1798,Lisa,Walker,lisa.walker1798@outlook.com,+1-429-679-1066,7207 Pine St,Mesa,AZ,19698,USA
1799,Mary,Lewis,mary.lewis1799@hotmail.com,+1-385-481-5991,4680 Pine Blvd,Athens,GA,37810,USA
1800,Emily,Wilson,emily.wilson1800@gmail.com,+1-967-346-3350,5883 Park St,New York,NY,13029,USA
1801,John,Allen,john.allen1801@hotmail.com,+1-459-719-2040,7986 Main Rd,Chicago,IL,85053,USA
1802,Sandra,Robinson,sandra.robinson1802@hotmail.com,+1-558-540-9268,1866 Pine Blvd,Philadelphia,PA,80560,USA
1803,Mary,Robinson,mary.robinson1803@outlook.com,+1-876-395-3376,8637 Main Ave,Pueblo,CO,68636,USA
1804,Kimberly,Williams,kimberly.williams1804@hotmail.com,+1-495-310-1751,3765 Maple Blvd,Philadelphia,PA,48190,USA
1805,Joshua,Lee,joshua.lee1805@hotmail.com,+1-212-934-3240,6442 Park Blvd,Tempe,AZ,51746,USA
1806,Kevin,Thomas,kevin.thomas1806@hotmail.com,+1-891-330-1653,5868 Main Ave,Spokane,WA,91299,USA
1807,Steven,Wilson,steven.wilson1807@outlook.com,+1-853-535-4906,9883 Main Ave,Boulder,CO,75168,USA
1808,Robert,King,robert.king1808@outlook.com,+1-775-823-4499,6920 Oak St,San Francisco,CA,75730,USA
1809,Jessica,Harris,jessica.harris1809@outlook.com,+1-508-636-9140,8844 Maple Blvd,San Diego,CA,20235,USA
1810,Susan,Miller,susan.miller1810@hotmail.com,+1-953-848-4100,8987 Oak St,Tampa,FL,56143,USA
1811,Lisa,Nguyen,lisa.nguyen1811@gmail.com,+1-797-804-5021,6720 Main Rd,Buffalo,NY,87359,USA
1812,Sarah,Scott,sarah.scott1812@outlook.com,+1-281-968-1721,9151 Maple Rd,Springfield,IL,42248,USA
1813,Lisa,Nguyen,lisa.nguyen1813@gmail.com,+1-464-707-5938,7614 Maple Rd,Boulder,CO,65979,USA
1814,Karen,Anderson,karen.anderson1814@yahoo.com,+1-398-585-2512,2774 Main Ave,San Diego,CA,32210,USA
1815,Joseph,Lopez,joseph.lopez1815@outlook.com,+1-614-623-7202,7004 Main Ave,Bellevue,WA,46482,USA
1816,Mark,Brown,mark.brown1816@outlook.com,+1-281-689-2391,8214 Main St,Tampa,FL,87265,USA
1817,Robert,Johnson,robert.johnson1817@hotmail.com,+1-634-538-9457,5640 Oak Rd,Colorado Springs,CO,52256,USA
1818,Anthony,Perez,anthony.perez1818@outlook.com,+1-538-351-8879,8100 Cedar Rd,San Antonio,TX,59975,USA
1819,Michael,Davis,michael.davis1819@outlook.com,+1-208-870-9025,672 Cedar St,New York,NY,68363,USA
1820,Brian,Miller,brian.miller1820@yahoo.com,+1-421-624-5937,7332 Main Ave,Orlando,FL,92308,USA
1821,Linda,Lewis,linda.lewis1821@yahoo.com,+1-934-961-3736,9428 Park St,Dallas,TX,96114,USA
1822,Patricia,Hernandez,patricia.hernandez1822@hotmail.com,+1-944-503-2454,2967 Maple Rd,Austin,TX,10131,USA
1823,Brian,Young,brian.young1823@hotmail.com,+1-323-304-3483,1766 Cedar St,San Jose,CA,39229,USA
1824,Matthew,Miller,matthew.miller1824@outlook.com,+1-549-709-4004,195 Pine Ave,San Jose,CA,95522,USA
1825,Karen,Perez,karen.perez1825@hotmail.com,+1-204-502-3652,7730 Cedar Rd,Athens,GA,55421,USA
1826,Anthony,Wilson,anthony.wilson1826@yahoo.com,+1-748-930-4607,5098 Main Blvd,Phoenix,AZ,10275,USA
1827,Lisa,Flores,lisa.flores1827@outlook.com,+1-668-895-2802,769 Oak Rd,Houston,TX,38352,USA
1828,Margaret,Torres,margaret.torres1828@gmail.com,+1-777-583-6552,2299 Maple Rd,Dallas,TX,31986,USA
1829,Joseph,Hernandez,joseph.hernandez1829@gmail.com,+1-816-933-8522,926 Main Rd,Dallas,TX,77622,USA
1830,Michelle,Jackson,michelle.jackson1830@gmail.com,+1-690-396-5974,5629 Main Blvd,Chicago,IL,71029,USA
1831,Richard,Jones,richard.jones1831@outlook.com,+1-774-729-5416,1024 Park St,Jacksonville,FL,81084,USA
1832,Susan,Martinez,susan.martinez1832@hotmail.com,+1-787-414-4850,6891 Park Ave,Chicago,IL,36036,USA
1833,William,Garcia,william.garcia1833@hotmail.com,+1-787-566-6762,1973 Park St,Springfield,IL,49534,USA
1834,John,Hernandez,john.hernandez1834@yahoo.com,+1-304-296-6173,7187 Pine Blvd,San Diego,CA,40416,USA
1835,Amanda,Sanchez,amanda.sanchez1835@yahoo.com,+1-729-454-1988,5291 Oak St,Buffalo,NY,79572,USA
1836,Barbara,King,barbara.king1836@yahoo.com,+1-841-966-5420,5211 Pine Blvd,Springfield,IL,95255,USA
1837,Donna,Harris,donna.harris1837@hotmail.com,+1-239-244-7897,2236 Main Blvd,Pueblo,CO,61744,USA
1838,Ashley,Wright,ashley.wright1838@yahoo.com,+1-842-272-5981,8237 Main St,Houston,TX,69305,USA
1839,Barbara,Hill,barbara.hill1839@hotmail.com,+1-465-244-2214,4603 Pine Blvd,Dallas,TX,26238,USA
1840,Richard,Lopez,richard.lopez1840@outlook.com,+1-206-886-4829,9148 Oak St,Athens,GA,35242,USA
1841,Robert,Thomas,robert.thomas1841@hotmail.com,+1-356-587-8820,271 Cedar Blvd,Austin,TX,17155,USA
1842,Charles,Walker,charles.walker1842@gmail.com,+1-748-545-1015,9393 Maple Ave,Albany,NY,42822,USA
1843,Michael,Smith,michael.smith1843@outlook.com,+1-248-603-6764,2786 Maple Ave,Rochester,NY,95285,USA
1844,Joshua,Johnson,joshua.johnson1844@gmail.com,+1-424-525-3091,2429 Oak Rd,Los Angeles,CA,25303,USA
1845,Mark,Taylor,mark.taylor1845@hotmail.com,+1-579-569-6359,4355 Main Rd,Boulder,CO,76690,USA
1846,Kevin,Wright,kevin.wright1846@outlook.com,+1-333-278-4715,1121 Oak Ave,Allentown,PA,51677,USA
1847,David,Lewis,david.lewis1847@gmail.com,+1-568-978-4758,2206 Pine Rd,San Diego,CA,75653,USA
1848,Kimberly,Lopez,kimberly.lopez1848@outlook.com,+1-289-766-9784,9901 Oak Ave,Jacksonville,FL,53009,USA
1849,Jessica,Gonzalez,jessica.gonzalez1849@gmail.com,+1-789-942-9875,8194 Oak St,Denver,CO,51668,USA
1850,Mark,Young,mark.young1850@gmail.com,+1-693-560-6658,221 Cedar Ave,Austin,TX,69005,USA
1851,Karen,Garcia,karen.garcia1851@hotmail.com,+1-633-634-9781,1136 Cedar Rd,Erie,PA,67906,USA
1852,Andrew,Martinez,andrew.martinez1852@gmail.com,+1-282-417-4852,4432 Oak Rd,Los Angeles,CA,12716,USA
1853,Patricia,Thomas,patricia.thomas1853@hotmail.com,+1-308-581-3270,9753 Oak Rd,Allentown,PA,34879,USA
1854,Mark,Flores,mark.flores1854@outlook.com,+1-880-509-8092,3995 Oak St,Austin,TX,81180,USA
1855,Lisa,Hernandez,lisa.hernandez1855@outlook.com,+1-732-850-5234,536 Main Rd,Allentown,PA,69521,USA
1856,Michelle,Walker,michelle.walker1856@outlook.com,+1-806-883-2864,6976 Oak Ave,Los Angeles,CA,91270,USA
1857,Joshua,Davis,joshua.davis1857@yahoo.com,+1-842-556-2920,4654 Main Ave,San Jose,CA,23638,USA
1858,Anthony,White,anthony.white1858@hotmail.com,+1-400-398-7412,7091 Cedar Ave,Pittsburgh,PA,93524,USA
1859,Linda,Nguyen,linda.nguyen1859@yahoo.com,+1-281-740-3335,5452 Park St,Jacksonville,FL,79036,USA
1860,Robert,Gonzalez,robert.gonzalez1860@yahoo.com,+1-976-665-1146,1498 Main St,Seattle,WA,40966,USA
1861,Robert,Walker,robert.walker1861@hotmail.com,+1-873-808-8086,8847 Cedar St,Atlanta,GA,89754,USA
1862,Sarah,Lewis,sarah.lewis1862@yahoo.com,+1-748-330-1424,9030 Pine Rd,Tempe,AZ,83989,USA
1863,Barbara,Lopez,barbara.lopez1863@outlook.com,+1-306-843-4731,4831 Oak St,Erie,PA,58287,USA
1864,Mark,Nguyen,mark.nguyen1864@gmail.com,+1-388-840-7847,9354 Main Blvd,New York,NY,49745,USA
1865,Kimberly,Hill,kimberly.hill1865@gmail.com,+1-599-801-9298,6297 Oak St,San Francisco,CA,67398,USA
1866,Kevin,Sanchez,kevin.sanchez1866@hotmail.com,+1-828-710-2889,9965 Pine Ave,San Diego,CA,97914,USA
1867,Richard,Jackson,richard.jackson1867@hotmail.com,+1-818-383-5318,1311 Main Blvd,Tempe,AZ,13875,USA
1868,Patricia,Robinson,patricia.robinson1868@hotmail.com,+1-491-208-8648,255 Maple Rd,Jacksonville,FL,88397,USA
1869,Ashley,Davis,ashley.davis1869@yahoo.com,+1-366-498-6788,1093 Park Rd,Buffalo,NY,61732,USA
1870,Sandra,Wright,sandra.wright1870@hotmail.com,+1-565-807-5744,1520 Oak St,Pueblo,CO,42787,USA
1871,Sarah,Smith,sarah.smith1871@hotmail.com,+1-451-671-7079,6275 Park Rd,Boulder,CO,51533,USA
1872,Sarah,Miller,sarah.miller1872@outlook.com,+1-913-200-7015,3939 Oak Ave,Boulder,CO,97710,USA
1873,Susan,Moore,susan.moore1873@gmail.com,+1-679-845-9869,8806 Maple Rd,San Francisco,CA,73364,USA
1874,Ashley,Flores,ashley.flores1874@yahoo.com,+1-637-931-6337,7652 Cedar Blvd,Orlando,FL,17785,USA
1875,Lisa,Lewis,lisa.lewis1875@hotmail.com,+1-664-908-2965,8033 Cedar Blvd,Mesa,AZ,46644,USA
1876,Kevin,Lopez,kevin.lopez1876@yahoo.com,+1-876-400-2196,5428 Pine Blvd,Jacksonville,FL,21270,USA
1877,Charles,Johnson,charles.johnson1877@hotmail.com,+1-574-426-1449,9131 Oak Rd,Dallas,TX,81447,USA
1878,Jennifer,Young,jennifer.young1878@yahoo.com,+1-423-590-6360,3434 Main Rd,Pittsburgh,PA,34018,USA
1879,Ashley,Miller,ashley.miller1879@hotmail.com,+1-293-529-9500,5945 Maple St,San Diego,CA,36367,USA
1880,John,Clark,john.clark1880@yahoo.com,+1-739-812-5065,4846 Cedar Ave,San Diego,CA,31903,USA
1881,Steven,Martinez,steven.martinez1881@hotmail.com,+1-675-833-9695,8183 Pine Blvd,San Diego,CA,53132,USA
1882,Richard,Martin,richard.martin1882@yahoo.com,+1-379-623-8586,6636 Pine St,Orlando,FL,83170,USA
1883,Paul,Allen,paul.allen1883@gmail.com,+1-848-288-4880,1691 Pine St,Rockford,IL,12233,USA
1884,Joshua,Torres,joshua.torres1884@gmail.com,+1-956-848-4460,9300 Oak St,Jacksonville,FL,29747,USA
1885,Patricia,Allen,patricia.allen1885@outlook.com,+1-931-204-7646,5357 Cedar Rd,Spokane,WA,74280,USA
1886,Emily,Rodriguez,emily.rodriguez1886@hotmail.com,+1-535-565-2270,5915 Maple Rd,Springfield,IL,75188,USA
1887,Sandra,Gonzalez,sandra.gonzalez1887@yahoo.com,+1-892-378-7511,3852 Maple Rd,Houston,TX,44510,USA
1888,Matthew,Torres,matthew.torres1888@outlook.com,+1-478-216-8515,2664 Oak Ave,Mesa,AZ,62598,USA
1889,Richard,Williams,richard.williams1889@hotmail.com,+1-930-986-3817,5708 Park Blvd,San Francisco,CA,98639,USA
1890,Michael,Wright,michael.wright1890@gmail.com,+1-508-239-7881,2696 Maple Blvd,Orlando,FL,80771,USA
1891,Margaret,Sanchez,margaret.sanchez1891@hotmail.com,+1-498-856-3845,4445 Maple St,San Francisco,CA,92243,USA
1892,Kevin,Gonzalez,kevin.gonzalez1892@yahoo.com,+1-282-498-5490,7648 Park Rd,San Antonio,TX,20015,USA
1893,Jessica,Gonzalez,jessica.gonzalez1893@gmail.com,+1-743-245-3982,4775 Oak St,Mesa,AZ,23479,USA
1894,William,Flores,william.flores1894@outlook.com,+1-810-956-5034,6617 Oak Rd,San Jose,CA,56689,USA
1895,Brian,Lopez,brian.lopez1895@hotmail.com,+1-220-390-7449,9254 Pine Rd,Albany,NY,48895,USA
1896,Amanda,Torres,amanda.torres1896@yahoo.com,+1-918-541-5991,8242 Main St,San Francisco,CA,24564,USA
1897,Paul,Torres,paul.torres1897@outlook.com,+1-251-519-8972,3977 Cedar Blvd,Rochester,NY,64320,USA
1898,Sandra,Jones,sandra.jones1898@hotmail.com,+1-880-343-1431,7182 Park St,Spokane,WA,97961,USA
1899,Emily,Robinson,emily.robinson1899@gmail.com,+1-875-351-9605,9424 Oak St,Erie,PA,74413,USA
1900,Mark,White,mark.white1900@hotmail.com,+1-929-815-7801,9290 Maple St,Buffalo,NY,12081,USA
1901,Mary,Jones,mary.jones1901@hotmail.com,+1-590-428-7125,9576 Park St,Orlando,FL,53703,USA
1902,Matthew,Scott,matthew.scott1902@hotmail.com,+1-253-578-7241,3365 Main Blvd,San Antonio,TX,57683,USA
1903,William,Allen,william.allen1903@yahoo.com,+1-336-965-9543,429 Maple Ave,Miami,FL,13397,USA
1904,William,Miller,william.miller1904@yahoo.com,+1-848-349-5522,5743 Park Rd,Mesa,AZ,31969,USA
1905,Patricia,Nguyen,patricia.nguyen1905@yahoo.com,+1-944-317-5720,8679 Cedar Blvd,Tampa,FL,27601,USA
1906,Michael,Lewis,michael.lewis1906@yahoo.com,+1-382-509-8051,608 Cedar Rd,Los Angeles,CA,68924,USA
1907,Michelle,Wilson,michelle.wilson1907@outlook.com,+1-269-650-2214,3255 Maple Rd,Phoenix,AZ,46365,USA
1908,David,Robinson,david.robinson1908@outlook.com,+1-261-331-4590,4046 Main St,Tempe,AZ,84866,USA
1909,Barbara,Clark,barbara.clark1909@outlook.com,+1-698-406-7894,971 Park St,Austin,TX,39350,USA
1910,David,Davis,david.davis1910@gmail.com,+1-256-618-2590,2423 Maple St,San Jose,CA,37012,USA
1911,Mary,Gonzalez,mary.gonzalez1911@gmail.com,+1-340-583-7556,8085 Main Blvd,Aurora,IL,14092,USA
1912,Lisa,Nguyen,lisa.nguyen1912@hotmail.com,+1-640-335-3047,6689 Maple Rd,Dallas,TX,53171,USA
1913,David,Williams,david.williams1913@gmail.com,+1-773-322-2786,9384 Oak St,Los Angeles,CA,49470,USA
1914,Linda,Jones,linda.jones1914@outlook.com,+1-975-698-5152,6966 Cedar Rd,San Francisco,CA,95490,USA
1915,Kimberly,Sanchez,kimberly.sanchez1915@yahoo.com,+1-453-806-9288,8279 Oak St,Austin,TX,28208,USA
1916,Elizabeth,Brown,elizabeth.brown1916@hotmail.com,+1-654-307-9136,9528 Oak Ave,Dallas,TX,74415,USA
1917,Andrew,Perez,andrew.perez1917@hotmail.com,+1-892-278-3924,8421 Pine Rd,Aurora,IL,60405,USA
1918,Mark,Sanchez,mark.sanchez1918@yahoo.com,+1-914-312-2735,564 Pine Rd,San Francisco,CA,21538,USA
1919,Nancy,Perez,nancy.perez1919@hotmail.com,+1-215-476-7051,1264 Park Ave,Buffalo,NY,76089,USA
1920,Richard,Flores,richard.flores1920@outlook.com,+1-498-319-3350,2484 Park St,Springfield,IL,81167,USA
1921,Matthew,Miller,matthew.miller1921@hotmail.com,+1-998-723-7855,9655 Cedar Blvd,New York,NY,82113,USA
1922,Brian,Lee,brian.lee1922@outlook.com,+1-599-905-5002,8265 Oak Ave,Boulder,CO,23000,USA
1923,Daniel,King,daniel.king1923@gmail.com,+1-565-573-8951,6446 Cedar Rd,Austin,TX,73870,USA
1924,Jennifer,Johnson,jennifer.johnson1924@outlook.com,+1-238-370-6775,502 Park Ave,San Antonio,TX,10522,USA
1925,James,Walker,james.walker1925@gmail.com,+1-956-437-9033,2474 Pine St,San Francisco,CA,30964,USA
1926,Anthony,Wright,anthony.wright1926@yahoo.com,+1-510-540-3911,1551 Cedar Blvd,Buffalo,NY,52923,USA
1927,Robert,Moore,robert.moore1927@gmail.com,+1-411-221-9265,3232 Main Ave,Albany,NY,36002,USA
1928,Sarah,Garcia,sarah.garcia1928@hotmail.com,+1-662-856-1782,8160 Main Blvd,Dallas,TX,74935,USA
1929,Charles,Taylor,charles.taylor1929@hotmail.com,+1-336-677-9689,3281 Park Blvd,Miami,FL,49845,USA
1930,Paul,Martin,paul.martin1930@outlook.com,+1-464-286-3055,7019 Maple Blvd,Erie,PA,85959,USA
1931,Susan,Flores,susan.flores1931@yahoo.com,+1-342-641-2478,5123 Cedar Blvd,San Antonio,TX,10445,USA
1932,Andrew,Lewis,andrew.lewis1932@hotmail.com,+1-803-669-2628,9121 Pine Ave,Phoenix,AZ,44564,USA
1933,Anthony,Hernandez,anthony.hernandez1933@outlook.com,+1-554-870-7199,8039 Park Rd,Albany,NY,97661,USA
1934,Michael,Walker,michael.walker1934@hotmail.com,+1-263-911-1361,1385 Main Rd,Bellevue,WA,76650,USA
1935,Andrew,Perez,andrew.perez1935@gmail.com,+1-429-888-2078,3942 Park Ave,Los Angeles,CA,91636,USA
1936,John,Martin,john.martin1936@hotmail.com,+1-560-729-2168,3345 Pine Blvd,Houston,TX,72848,USA
1937,Joshua,Ramirez,joshua.ramirez1937@yahoo.com,+1-978-483-5459,3243 Maple St,Buffalo,NY,65540,USA
1938,Andrew,Davis,andrew.davis1938@outlook.com,+1-668-977-1734,4817 Oak Ave,Philadelphia,PA,58208,USA
1939,Andrew,Moore,andrew.moore1939@outlook.com,+1-711-822-2649,2006 Maple Ave,Tucson,AZ,28513,USA
1940,Mary,Gonzalez,mary.gonzalez1940@outlook.com,+1-283-847-2685,2964 Maple Blvd,Austin,TX,71084,USA
1941,John,Nguyen,john.nguyen1941@outlook.com,+1-556-391-6790,5746 Cedar Ave,Jacksonville,FL,55094,USA
1942,Kevin,Wilson,kevin.wilson1942@hotmail.com,+1-549-492-8378,9322 Cedar Rd,Los Angeles,CA,88117,USA
1943,Elizabeth,Clark,elizabeth.clark1943@gmail.com,+1-691-333-2451,8940 Main Ave,Dallas,TX,57970,USA
1944,Amanda,Clark,amanda.clark1944@outlook.com,+1-930-902-6785,2701 Park Ave,New York,NY,69947,USA
1945,Elizabeth,Anderson,elizabeth.anderson1945@outlook.com,+1-311-492-7649,1584 Main Ave,Tacoma,WA,95873,USA
1946,Nancy,Harris,nancy.harris1946@hotmail.com,+1-464-710-2104,7432 Oak Rd,San Antonio,TX,94730,USA
1947,Donna,Garcia,donna.garcia1947@gmail.com,+1-249-234-2717,8727 Cedar St,San Jose,CA,48430,USA
1948,Joshua,Taylor,joshua.taylor1948@hotmail.com,+1-380-516-5617,8397 Park Ave,Tucson,AZ,39616,USA
1949,Anthony,Walker,anthony.walker1949@outlook.com,+1-290-820-7099,8496 Park Rd,San Diego,CA,37117,USA
1950,John,White,john.white1950@yahoo.com,+1-596-855-4864,3614 Main St,Mesa,AZ,66970,USA
1951,Brian,Martin,brian.martin1951@outlook.com,+1-553-335-5385,7581 Main St,Seattle,WA,90706,USA
1952,Mark,King,mark.king1952@hotmail.com,+1-970-237-6569,7551 Park Blvd,Buffalo,NY,38537,USA
1953,Brian,Thomas,brian.thomas1953@gmail.com,+1-832-672-3144,1931 Cedar Ave,Buffalo,NY,75047,USA
1954,Susan,King,susan.king1954@hotmail.com,+1-235-369-8242,6469 Pine Blvd,Seattle,WA,97358,USA
1955,Joshua,Rodriguez,joshua.rodriguez1955@yahoo.com,+1-584-967-9595,6324 Oak Blvd,Tacoma,WA,71027,USA
1956,James,Nguyen,james.nguyen1956@outlook.com,+1-447-630-5928,8835 Main Rd,Rochester,NY,20678,USA
1957,Joseph,King,joseph.king1957@hotmail.com,+1-482-815-9482,695 Pine Rd,Los Angeles,CA,41081,USA
1958,Barbara,Davis,barbara.davis1958@outlook.com,+1-569-247-9870,1011 Cedar Blvd,Colorado Springs,CO,52093,USA
1959,Thomas,Flores,thomas.flores1959@outlook.com,+1-865-324-5153,642 Main St,Phoenix,AZ,39924,USA
1960,John,Scott,john.scott1960@outlook.com,+1-218-545-6416,562 Cedar Rd,Orlando,FL,10817,USA
1961,Matthew,Brown,matthew.brown1961@outlook.com,+1-702-364-6029,1054 Park St,San Jose,CA,26863,USA
1962,Kevin,Harris,kevin.harris1962@gmail.com,+1-215-399-6601,3970 Cedar Rd,Dallas,TX,11661,USA
1963,Daniel,Moore,daniel.moore1963@yahoo.com,+1-982-527-5303,6775 Park Ave,Tacoma,WA,66463,USA
1964,Kevin,Martinez,kevin.martinez1964@outlook.com,+1-328-743-9606,1398 Oak Ave,Buffalo,NY,63520,USA
1965,Jennifer,Wright,jennifer.wright1965@outlook.com,+1-446-308-1752,8095 Maple Rd,Orlando,FL,80614,USA
1966,Barbara,Wright,barbara.wright1966@gmail.com,+1-654-882-2333,5306 Oak Rd,Tampa,FL,12675,USA
1967,Emily,Allen,emily.allen1967@yahoo.com,+1-863-330-2800,4129 Main Blvd,Jacksonville,FL,28557,USA
1968,Brian,Miller,brian.miller1968@gmail.com,+1-267-733-7554,1407 Cedar Blvd,Tampa,FL,67683,USA
1969,Paul,Martinez,paul.martinez1969@yahoo.com,+1-851-655-8521,2139 Cedar St,Aurora,IL,82151,USA
1970,Mark,Wilson,mark.wilson1970@gmail.com,+1-422-311-5027,1453 Park Blvd,Tucson,AZ,21522,USA
1971,William,Lopez,william.lopez1971@gmail.com,+1-475-651-5941,3484 Oak St,Orlando,FL,29112,USA
1972,Mark,Wright,mark.wright1972@outlook.com,+1-848-366-2980,2396 Pine Ave,Miami,FL,80632,USA
1973,Daniel,Davis,daniel.davis1973@gmail.com,+1-237-944-1625,6052 Park Ave,Spokane,WA,56976,USA
1974,Ashley,King,ashley.king1974@gmail.com,+1-572-722-2847,5809 Main Blvd,Pueblo,CO,23143,USA
1975,Amanda,Gonzalez,amanda.gonzalez1975@gmail.com,+1-561-528-2412,8018 Pine St,Dallas,TX,17800,USA
1976,Ashley,Scott,ashley.scott1976@gmail.com,+1-864-268-6537,8298 Cedar St,Springfield,IL,58371,USA
1977,Emily,Anderson,emily.anderson1977@outlook.com,+1-237-933-1796,776 Cedar St,Spokane,WA,31959,USA
1978,Emily,Flores,emily.flores1978@yahoo.com,+1-349-872-1364,5212 Pine Rd,Tempe,AZ,31002,USA
1979,Michelle,Lee,michelle.lee1979@yahoo.com,+1-767-762-2019,8088 Cedar Blvd,San Diego,CA,46747,USA
1980,Ashley,Johnson,ashley.johnson1980@yahoo.com,+1-934-273-2793,993 Park St,San Diego,CA,25372,USA
1981,Richard,Torres,richard.torres1981@outlook.com,+1-888-616-9315,6544 Maple Blvd,Houston,TX,50969,USA
1982,Emily,Martinez,emily.martinez1982@gmail.com,+1-509-764-1095,4063 Cedar Ave,San Diego,CA,61911,USA
1983,Kimberly,Young,kimberly.young1983@gmail.com,+1-416-519-3768,1535 Maple Blvd,Rochester,NY,53458,USA
1984,Brian,Hernandez,brian.hernandez1984@yahoo.com,+1-888-823-1918,9098 Main Blvd,Aurora,IL,96373,USA
1985,James,Garcia,james.garcia1985@yahoo.com,+1-754-250-1470,9439 Cedar St,Philadelphia,PA,89357,USA
1986,Patricia,Wilson,patricia.wilson1986@hotmail.com,+1-512-927-5905,8681 Park Rd,Atlanta,GA,37245,USA
1987,Jennifer,Lopez,jennifer.lopez1987@gmail.com,+1-657-605-2357,5060 Park Rd,Jacksonville,FL,86443,USA
1988,Nancy,Anderson,nancy.anderson1988@hotmail.com,+1-613-781-2391,2008 Park Rd,Buffalo,NY,91443,USA
1989,Charles,Lee,charles.lee1989@yahoo.com,+1-466-307-1345,1276 Pine St,Austin,TX,22086,USA
1990,Barbara,Robinson,barbara.robinson1990@gmail.com,+1-372-382-8966,1296 Park Blvd,Dallas,TX,79873,USA
1991,Jessica,Perez,jessica.perez1991@hotmail.com,+1-835-573-7834,8789 Cedar Ave,Albany,NY,31069,USA
1992,Joshua,King,joshua.king1992@outlook.com,+1-455-886-1005,8278 Pine Rd,San Francisco,CA,74029,USA
1993,David,Walker,david.walker1993@gmail.com,+1-370-715-2898,5306 Cedar Blvd,Colorado Springs,CO,49301,USA
1994,John,Garcia,john.garcia1994@gmail.com,+1-927-712-9176,4863 Park Ave,Aurora,IL,22996,USA
1995,Charles,Brown,charles.brown1995@hotmail.com,+1-800-964-3384,9908 Pine St,San Jose,CA,46320,USA
1996,Richard,Rodriguez,richard.rodriguez1996@yahoo.com,+1-868-576-9844,5842 Cedar Blvd,Aurora,IL,32930,USA
1997,Paul,Ramirez,paul.ramirez1997@yahoo.com,+1-863-734-9222,8593 Cedar Ave,Springfield,IL,84108,USA
1998,Elizabeth,Gonzalez,elizabeth.gonzalez1998@hotmail.com,+1-459-583-2253,9196 Main Rd,Augusta,GA,16503,USA
1999,Karen,Taylor,karen.taylor1999@outlook.com,+1-478-371-2410,4616 Cedar Ave,Pittsburgh,PA,37003,USA
2000,Thomas,Hill,thomas.hill2000@yahoo.com,+1-361-280-5151,1706 Maple Ave,Miami,FL,62570,USA
2001,Kevin,Hernandez,kevin.hernandez2001@gmail.com,+1-309-703-9261,4081 Oak Blvd,Chicago,IL,75913,USA
2002,Ashley,Nguyen,ashley.nguyen2002@outlook.com,+1-796-801-6615,2082 Cedar Blvd,Houston,TX,86966,USA
2003,Sarah,Martin,sarah.martin2003@gmail.com,+1-510-331-4643,3765 Pine Rd,San Diego,CA,16275,USA
2004,Richard,Wright,richard.wright2004@hotmail.com,+1-304-371-4661,4813 Park Rd,Orlando,FL,44414,USA
2005,Karen,Jones,karen.jones2005@outlook.com,+1-334-480-3267,472 Park Ave,San Antonio,TX,76345,USA
2006,Ashley,White,ashley.white2006@gmail.com,+1-879-816-2646,3019 Oak Rd,San Jose,CA,13375,USA
2007,Ashley,Scott,ashley.scott2007@outlook.com,+1-492-918-5950,380 Cedar St,Mesa,AZ,17745,USA
2008,Barbara,Martinez,barbara.martinez2008@gmail.com,+1-462-799-6220,4558 Main Blvd,Pueblo,CO,50841,USA
2009,Donna,Miller,donna.miller2009@yahoo.com,+1-652-334-6899,5514 Pine Ave,Los Angeles,CA,36285,USA
2010,Robert,Rodriguez,robert.rodriguez2010@yahoo.com,+1-919-652-1240,6795 Maple Blvd,Augusta,GA,94385,USA
2011,Nancy,Davis,nancy.davis2011@outlook.com,+1-826-824-6084,5776 Pine Ave,Pueblo,CO,93090,USA
2012,Emily,Hill,emily.hill2012@gmail.com,+1-579-977-5843,6972 Cedar St,Allentown,PA,15934,USA
2013,Joseph,Ramirez,joseph.ramirez2013@gmail.com,+1-400-889-2864,5292 Cedar Ave,Albany,NY,90398,USA
2014,Charles,Garcia,charles.garcia2014@hotmail.com,+1-470-795-6895,7278 Pine Ave,Denver,CO,67539,USA
2015,Brian,Miller,brian.miller2015@yahoo.com,+1-443-750-5055,8670 Oak Rd,Bellevue,WA,17114,USA
2016,Emily,Hill,emily.hill2016@yahoo.com,+1-254-994-5053,1215 Oak Blvd,Athens,GA,26720,USA
2017,Daniel,Robinson,daniel.robinson2017@hotmail.com,+1-481-657-7292,4566 Cedar Ave,Houston,TX,80772,USA
2018,Karen,Jackson,karen.jackson2018@yahoo.com,+1-343-792-8238,8905 Cedar St,Springfield,IL,49698,USA
2019,Charles,Williams,charles.williams2019@yahoo.com,+1-329-903-7717,8301 Pine St,San Jose,CA,89089,USA
2020,Nancy,Lopez,nancy.lopez2020@outlook.com,+1-349-462-1488,9976 Park Rd,Houston,TX,85370,USA
2021,Charles,Lee,charles.lee2021@yahoo.com,+1-440-757-6290,600 Park Blvd,Buffalo,NY,60479,USA
2022,Joshua,Gonzalez,joshua.gonzalez2022@yahoo.com,+1-464-813-4230,8088 Park Ave,Denver,CO,84159,USA
2023,Michael,Miller,michael.miller2023@yahoo.com,+1-903-660-4676,2851 Maple Blvd,New York,NY,34427,USA
2024,David,Lee,david.lee2024@hotmail.com,+1-549-487-9335,5818 Pine Ave,Spokane,WA,81985,USA
2025,Paul,White,paul.white2025@yahoo.com,+1-612-938-1754,718 Pine Rd,Orlando,FL,95199,USA
2026,Andrew,Lopez,andrew.lopez2026@hotmail.com,+1-812-760-1703,4545 Main St,Erie,PA,85805,USA
2027,Susan,Robinson,susan.robinson2027@outlook.com,+1-940-553-5629,1710 Pine St,Philadelphia,PA,75043,USA
2028,Paul,Garcia,paul.garcia2028@hotmail.com,+1-738-571-4704,9166 Park Rd,Savannah,GA,85190,USA
2029,Daniel,Clark,daniel.clark2029@yahoo.com,+1-604-295-7230,2652 Pine Blvd,Spokane,WA,41419,USA
2030,Thomas,Thomas,thomas.thomas2030@yahoo.com,+1-878-486-3532,1907 Park St,San Antonio,TX,77553,USA
2031,Thomas,Hernandez,thomas.hernandez2031@hotmail.com,+1-866-535-4700,7740 Park St,Boulder,CO,56417,USA
2032,Richard,Garcia,richard.garcia2032@yahoo.com,+1-607-736-4274,5770 Pine Rd,Savannah,GA,70297,USA
2033,Jessica,Anderson,jessica.anderson2033@yahoo.com,+1-993-708-9090,6204 Maple Rd,Pueblo,CO,82646,USA
2034,Mary,Hernandez,mary.hernandez2034@gmail.com,+1-837-923-4980,340 Maple Ave,Rockford,IL,90572,USA
2035,Paul,King,paul.king2035@gmail.com,+1-648-629-2548,5866 Park Rd,San Diego,CA,37666,USA
2036,Elizabeth,Anderson,elizabeth.anderson2036@hotmail.com,+1-477-495-2948,364 Oak Ave,Miami,FL,85567,USA
2037,Brian,Brown,brian.brown2037@outlook.com,+1-391-384-9594,4379 Oak Rd,San Antonio,TX,15669,USA
2038,Barbara,Hill,barbara.hill2038@yahoo.com,+1-352-931-7112,425 Park St,San Diego,CA,12169,USA
2039,Margaret,Sanchez,margaret.sanchez2039@outlook.com,+1-366-405-6382,6021 Park Rd,Austin,TX,47213,USA
2040,Robert,Anderson,robert.anderson2040@gmail.com,+1-443-582-2022,622 Maple Rd,New York,NY,82214,USA
2041,Lisa,Garcia,lisa.garcia2041@hotmail.com,+1-777-427-9712,9469 Cedar Blvd,Pueblo,CO,12854,USA
2042,Michelle,Jackson,michelle.jackson2042@hotmail.com,+1-977-784-8372,9242 Main St,Colorado Springs,CO,89628,USA
2043,Matthew,Brown,matthew.brown2043@outlook.com,+1-643-681-4349,4531 Cedar Blvd,San Jose,CA,11858,USA
2044,Paul,Davis,paul.davis2044@hotmail.com,+1-838-978-1152,2357 Maple Ave,San Francisco,CA,12209,USA
2045,Linda,Taylor,linda.taylor2045@outlook.com,+1-932-387-7845,1467 Park St,Seattle,WA,40120,USA
2046,Anthony,Lee,anthony.lee2046@outlook.com,+1-657-393-5730,623 Main Rd,New York,NY,81153,USA
2047,Linda,Garcia,linda.garcia2047@gmail.com,+1-276-717-1232,1672 Cedar St,San Diego,CA,51001,USA
2048,Jessica,Moore,jessica.moore2048@hotmail.com,+1-602-953-9629,9373 Cedar Rd,Orlando,FL,42106,USA
2049,Richard,Thomas,richard.thomas2049@hotmail.com,+1-303-346-2598,1382 Park Rd,Pueblo,CO,54494,USA
2050,William,Lewis,william.lewis2050@hotmail.com,+1-915-867-9392,4029 Maple Rd,San Jose,CA,62886,USA
2051,Daniel,Thompson,daniel.thompson2051@yahoo.com,+1-910-739-1166,6941 Main Blvd,Miami,FL,74877,USA
2052,Mary,Hernandez,mary.hernandez2052@yahoo.com,+1-662-467-7408,1924 Pine Rd,Miami,FL,45248,USA
2053,Mark,Martin,mark.martin2053@outlook.com,+1-314-998-6586,5563 Main Ave,Colorado Springs,CO,57668,USA
2054,Robert,Thomas,robert.thomas2054@outlook.com,+1-335-546-2913,3847 Park Blvd,Tacoma,WA,93577,USA
2055,Sandra,Smith,sandra.smith2055@yahoo.com,+1-412-402-5442,6263 Maple St,Boulder,CO,56358,USA
2056,Daniel,Thomas,daniel.thomas2056@gmail.com,+1-300-800-8464,3465 Oak St,San Jose,CA,69331,USA
2057,Kevin,Scott,kevin.scott2057@outlook.com,+1-704-657-1844,8234 Maple Ave,Pueblo,CO,92964,USA
2058,Jennifer,King,jennifer.king2058@outlook.com,+1-970-518-6792,3615 Cedar St,San Diego,CA,96337,USA
2059,Andrew,Harris,andrew.harris2059@yahoo.com,+1-343-607-3733,9478 Oak Blvd,Miami,FL,16382,USA
2060,Steven,Allen,steven.allen2060@gmail.com,+1-753-382-8183,5548 Main Rd,Mesa,AZ,19632,USA
2061,Michael,Lopez,michael.lopez2061@outlook.com,+1-492-270-4834,3582 Maple Blvd,Pittsburgh,PA,22638,USA
2062,Margaret,Miller,margaret.miller2062@outlook.com,+1-857-238-4659,5538 Cedar St,Rochester,NY,39600,USA
2063,Mary,White,mary.white2063@yahoo.com,+1-953-984-6865,770 Pine Blvd,Chicago,IL,14769,USA
2064,Lisa,Clark,lisa.clark2064@gmail.com,+1-611-750-9803,6835 Main St,Dallas,TX,34523,USA
2065,Mary,Lopez,mary.lopez2065@outlook.com,+1-219-935-3699,9099 Pine St,Mesa,AZ,91807,USA
2066,Steven,Harris,steven.harris2066@hotmail.com,+1-274-607-3425,1873 Pine Rd,Houston,TX,13885,USA
2067,Joshua,Flores,joshua.flores2067@gmail.com,+1-627-285-5698,9312 Maple Ave,Atlanta,GA,48768,USA
2068,Barbara,Williams,barbara.williams2068@hotmail.com,+1-537-787-7120,6445 Maple St,Aurora,IL,84063,USA
2069,Richard,Thomas,richard.thomas2069@hotmail.com,+1-277-395-7717,2735 Cedar St,San Jose,CA,43160,USA
2070,Richard,Walker,richard.walker2070@outlook.com,+1-260-997-7523,8477 Maple St,Denver,CO,57283,USA
2071,Mark,Garcia,mark.garcia2071@outlook.com,+1-255-882-7524,2725 Park Blvd,Mesa,AZ,74809,USA
2072,Jessica,Harris,jessica.harris2072@gmail.com,+1-532-870-6717,2057 Pine Ave,San Antonio,TX,78889,USA
2073,Kevin,Wright,kevin.wright2073@hotmail.com,+1-652-819-9442,6275 Park Ave,Rockford,IL,28720,USA
2074,Kevin,Sanchez,kevin.sanchez2074@outlook.com,+1-957-443-8811,7098 Maple St,San Diego,CA,20409,USA
2075,Mary,Flores,mary.flores2075@outlook.com,+1-355-849-3995,704 Park Blvd,Jacksonville,FL,23586,USA
2076,Amanda,Thomas,amanda.thomas2076@gmail.com,+1-674-585-2181,7306 Maple Ave,San Diego,CA,47175,USA
2077,Lisa,Lee,lisa.lee2077@yahoo.com,+1-906-229-2316,1643 Oak Ave,Pueblo,CO,83445,USA
2078,Linda,Wilson,linda.wilson2078@outlook.com,+1-782-427-8693,8383 Main Rd,Houston,TX,84677,USA
2079,Elizabeth,Jackson,elizabeth.jackson2079@yahoo.com,+1-865-375-4219,3986 Pine Rd,Tucson,AZ,47865,USA
2080,Ashley,Miller,ashley.miller2080@gmail.com,+1-208-228-7056,1240 Main Blvd,Houston,TX,17329,USA
2081,Donna,Scott,donna.scott2081@outlook.com,+1-549-412-7771,1437 Park Blvd,Dallas,TX,67663,USA
2082,Elizabeth,Johnson,elizabeth.johnson2082@hotmail.com,+1-781-383-3369,6239 Cedar Blvd,Houston,TX,78514,USA
2083,Thomas,Robinson,thomas.robinson2083@hotmail.com,+1-943-493-1900,4000 Pine Blvd,Los Angeles,CA,26277,USA
2084,Paul,Thompson,paul.thompson2084@outlook.com,+1-942-615-6339,8976 Park Blvd,San Francisco,CA,14472,USA
2085,Nancy,Davis,nancy.davis2085@outlook.com,+1-664-735-4045,2112 Park St,Atlanta,GA,13844,USA
2086,Kevin,Young,kevin.young2086@outlook.com,+1-871-948-8735,8812 Pine St,Bellevue,WA,88504,USA
2087,Ashley,Johnson,ashley.johnson2087@hotmail.com,+1-833-207-6035,7963 Oak Blvd,Tampa,FL,54230,USA
2088,Margaret,Anderson,margaret.anderson2088@gmail.com,+1-469-810-9657,1475 Park St,Jacksonville,FL,20507,USA
2089,James,Gonzalez,james.gonzalez2089@gmail.com,+1-825-582-4180,3430 Oak Rd,Athens,GA,77945,USA
2090,Elizabeth,Robinson,elizabeth.robinson2090@yahoo.com,+1-564-604-1179,4314 Cedar St,Bellevue,WA,23312,USA
2091,Sarah,Jones,sarah.jones2091@yahoo.com,+1-873-745-9132,1083 Pine Blvd,Houston,TX,16235,USA
2092,William,Johnson,william.johnson2092@gmail.com,+1-615-853-5871,4601 Maple Blvd,Tampa,FL,85015,USA
2093,Amanda,Flores,amanda.flores2093@yahoo.com,+1-454-959-5916,6059 Cedar St,Allentown,PA,62392,USA
2094,Joseph,Thompson,joseph.thompson2094@hotmail.com,+1-714-732-6530,7895 Park Ave,Boulder,CO,91485,USA
2095,Steven,Young,steven.young2095@gmail.com,+1-591-589-1691,7280 Main Ave,Aurora,IL,84100,USA
2096,James,Hill,james.hill2096@gmail.com,+1-574-743-5534,3332 Cedar Blvd,Pueblo,CO,55686,USA
2097,David,Davis,david.davis2097@hotmail.com,+1-730-583-5333,4477 Oak Blvd,Albany,NY,65968,USA
2098,Lisa,Nguyen,lisa.nguyen2098@yahoo.com,+1-332-418-8211,8034 Pine Ave,Allentown,PA,59935,USA
2099,Emily,Brown,emily.brown2099@yahoo.com,+1-312-266-3141,1627 Main Ave,Rochester,NY,21996,USA
2100,Michelle,Nguyen,michelle.nguyen2100@yahoo.com,+1-608-609-8366,1415 Maple Rd,Rockford,IL,26193,USA
2101,Andrew,Gonzalez,andrew.gonzalez2101@gmail.com,+1-208-444-2891,6467 Maple Blvd,Mesa,AZ,89587,USA
2102,Kimberly,Wright,kimberly.wright2102@gmail.com,+1-231-249-7331,7926 Maple Rd,Pittsburgh,PA,99958,USA
2103,Nancy,White,nancy.white2103@yahoo.com,+1-291-743-9856,1436 Main St,Atlanta,GA,77111,USA
2104,Kevin,White,kevin.white2104@yahoo.com,+1-614-816-3764,3942 Oak Ave,Philadelphia,PA,29071,USA
2105,Michelle,Clark,michelle.clark2105@gmail.com,+1-337-827-5908,1313 Pine St,New York,NY,14486,USA
2106,Brian,Garcia,brian.garcia2106@yahoo.com,+1-277-620-8874,5405 Park Blvd,San Diego,CA,86302,USA
2107,James,Smith,james.smith2107@outlook.com,+1-828-365-3278,2068 Park Ave,Pittsburgh,PA,36707,USA
2108,John,Garcia,john.garcia2108@yahoo.com,+1-513-320-9928,251 Oak Rd,Albany,NY,50324,USA
2109,Sandra,Torres,sandra.torres2109@outlook.com,+1-822-477-7000,2585 Park St,Athens,GA,76693,USA
2110,David,Moore,david.moore2110@gmail.com,+1-313-545-8758,6788 Pine Blvd,Orlando,FL,53579,USA
2111,Jennifer,Jones,jennifer.jones2111@hotmail.com,+1-387-741-2945,3475 Pine Blvd,Philadelphia,PA,89210,USA
2112,Amanda,Allen,amanda.allen2112@gmail.com,+1-588-561-9677,6170 Maple Rd,Jacksonville,FL,76963,USA
2113,Andrew,Moore,andrew.moore2113@yahoo.com,+1-759-934-1002,8070 Park Blvd,Denver,CO,62979,USA
2114,Ashley,White,ashley.white2114@yahoo.com,+1-950-284-2821,7757 Oak St,San Jose,CA,79692,USA
2115,Robert,Jackson,robert.jackson2115@gmail.com,+1-986-270-3185,8583 Oak Rd,Mesa,AZ,80971,USA
2116,Barbara,Jackson,barbara.jackson2116@gmail.com,+1-989-577-1074,2752 Main Ave,Pueblo,CO,98188,USA
2117,Steven,White,steven.white2117@outlook.com,+1-407-661-9925,1242 Park Blvd,Albany,NY,76089,USA
2118,Lisa,Lopez,lisa.lopez2118@gmail.com,+1-250-335-9875,384 Cedar Ave,Pueblo,CO,60588,USA
2119,Sandra,Scott,sandra.scott2119@outlook.com,+1-534-696-2559,8142 Oak Rd,San Francisco,CA,36658,USA
2120,Emily,Lee,emily.lee2120@gmail.com,+1-555-417-7738,7688 Maple Rd,San Diego,CA,80764,USA
2121,Paul,Lewis,paul.lewis2121@yahoo.com,+1-642-763-5542,592 Pine Ave,Albany,NY,19696,USA
2122,Lisa,Torres,lisa.torres2122@outlook.com,+1-252-590-1096,9049 Cedar Blvd,Savannah,GA,99281,USA
2123,Jessica,Hill,jessica.hill2123@gmail.com,+1-724-878-1497,9225 Pine Ave,Athens,GA,37004,USA
2124,Donna,Walker,donna.walker2124@gmail.com,+1-533-671-2085,622 Cedar Rd,Tacoma,WA,69936,USA
2125,Patricia,Robinson,patricia.robinson2125@gmail.com,+1-528-751-8782,2364 Oak St,Dallas,TX,30172,USA
2126,Sarah,Moore,sarah.moore2126@yahoo.com,+1-625-590-8901,9850 Oak Blvd,San Jose,CA,97061,USA
2127,Lisa,Williams,lisa.williams2127@outlook.com,+1-837-860-4810,8751 Maple Blvd,Augusta,GA,73831,USA
2128,Michelle,Lopez,michelle.lopez2128@yahoo.com,+1-317-513-4796,5022 Cedar Rd,Dallas,TX,66288,USA
2129,Patricia,Wilson,patricia.wilson2129@outlook.com,+1-619-236-1109,4184 Main Rd,Los Angeles,CA,99495,USA
2130,Anthony,Anderson,anthony.anderson2130@hotmail.com,+1-311-218-9515,2335 Cedar Ave,Denver,CO,53213,USA
2131,John,Sanchez,john.sanchez2131@yahoo.com,+1-336-820-6179,5807 Park St,San Antonio,TX,97283,USA
2132,Nancy,Anderson,nancy.anderson2132@hotmail.com,+1-521-478-2811,198 Pine St,San Jose,CA,16792,USA
2133,John,Lee,john.lee2133@hotmail.com,+1-292-350-1692,2527 Oak Ave,Tucson,AZ,43287,USA
2134,Elizabeth,Smith,elizabeth.smith2134@hotmail.com,+1-972-231-2514,4570 Park Ave,Bellevue,WA,64677,USA
2135,Sandra,Garcia,sandra.garcia2135@outlook.com,+1-716-308-3593,5987 Main Rd,Miami,FL,45879,USA
2136,Richard,Allen,richard.allen2136@outlook.com,+1-992-239-7357,901 Maple St,San Diego,CA,56049,USA
2137,Andrew,Flores,andrew.flores2137@outlook.com,+1-202-629-2660,804 Pine Ave,Austin,TX,61160,USA
2138,Donna,Miller,donna.miller2138@yahoo.com,+1-226-332-2298,7064 Main Rd,Tucson,AZ,24104,USA
2139,Paul,Clark,paul.clark2139@outlook.com,+1-556-279-4222,9336 Maple St,Spokane,WA,73442,USA
2140,Kimberly,Harris,kimberly.harris2140@outlook.com,+1-599-643-6384,1009 Pine Ave,Jacksonville,FL,91117,USA
2141,Brian,Johnson,brian.johnson2141@outlook.com,+1-952-871-7764,8217 Oak Rd,Orlando,FL,37822,USA
2142,Amanda,Brown,amanda.brown2142@yahoo.com,+1-784-935-1672,5320 Main Ave,Miami,FL,79905,USA
2143,Paul,Davis,paul.davis2143@yahoo.com,+1-889-913-2798,2277 Oak Ave,Orlando,FL,77058,USA
2144,Joseph,Jackson,joseph.jackson2144@gmail.com,+1-947-610-7636,9309 Park Blvd,San Diego,CA,96554,USA
2145,William,Gonzalez,william.gonzalez2145@hotmail.com,+1-297-687-3747,4048 Oak Blvd,Tucson,AZ,28250,USA
2146,Karen,Wilson,karen.wilson2146@outlook.com,+1-241-208-7177,6910 Maple Ave,Athens,GA,38811,USA
2147,Barbara,Lewis,barbara.lewis2147@outlook.com,+1-471-428-3235,1323 Oak St,Rochester,NY,37002,USA
2148,Joshua,Walker,joshua.walker2148@outlook.com,+1-571-833-7916,7367 Oak Blvd,Los Angeles,CA,89842,USA
2149,Matthew,Young,matthew.young2149@yahoo.com,+1-375-312-3758,6478 Park St,Allentown,PA,76575,USA
2150,Mark,Hernandez,mark.hernandez2150@gmail.com,+1-730-990-6885,9290 Main Rd,Buffalo,NY,80983,USA
2151,Paul,Smith,paul.smith2151@hotmail.com,+1-613-729-5912,4514 Cedar Rd,Tampa,FL,39125,USA
2152,Daniel,Taylor,daniel.taylor2152@gmail.com,+1-371-205-9372,1341 Park Blvd,Chicago,IL,90067,USA
2153,Charles,Walker,charles.walker2153@hotmail.com,+1-971-343-6334,2199 Oak Ave,Denver,CO,75899,USA
2154,Patricia,Lewis,patricia.lewis2154@gmail.com,+1-842-247-1592,8565 Pine Ave,New York,NY,65478,USA
2155,Steven,King,steven.king2155@yahoo.com,+1-667-864-3677,6885 Maple Blvd,San Jose,CA,97907,USA
2156,James,Walker,james.walker2156@gmail.com,+1-840-410-4888,1251 Cedar Blvd,San Francisco,CA,34773,USA
2157,William,Young,william.young2157@yahoo.com,+1-336-740-6180,152 Maple Ave,Austin,TX,70940,USA
2158,Brian,Jackson,brian.jackson2158@yahoo.com,+1-375-950-9023,5767 Pine Blvd,Chicago,IL,65861,USA
2159,Mary,Clark,mary.clark2159@outlook.com,+1-739-262-9922,8905 Oak Blvd,Rochester,NY,32022,USA
2160,David,Rodriguez,david.rodriguez2160@yahoo.com,+1-449-824-4661,923 Cedar Blvd,San Francisco,CA,93883,USA
2161,Elizabeth,White,elizabeth.white2161@gmail.com,+1-331-885-5737,4497 Main St,Tampa,FL,78124,USA
2162,David,Sanchez,david.sanchez2162@outlook.com,+1-685-763-2257,4005 Park Blvd,Los Angeles,CA,16578,USA
2163,Jessica,Hernandez,jessica.hernandez2163@hotmail.com,+1-994-534-1095,4930 Cedar Blvd,San Diego,CA,72798,USA
2164,Brian,Davis,brian.davis2164@gmail.com,+1-468-390-1294,2829 Cedar St,San Francisco,CA,70394,USA
2165,Matthew,Torres,matthew.torres2165@yahoo.com,+1-985-647-6178,6152 Maple St,Denver,CO,18460,USA
2166,Lisa,Martinez,lisa.martinez2166@hotmail.com,+1-800-429-9710,7759 Maple St,San Jose,CA,81253,USA
2167,Lisa,Miller,lisa.miller2167@yahoo.com,+1-526-863-6480,2834 Main Blvd,San Antonio,TX,71784,USA
2168,Karen,Lopez,karen.lopez2168@gmail.com,+1-278-599-6842,4825 Maple Blvd,Jacksonville,FL,96229,USA
2169,Matthew,Miller,matthew.miller2169@gmail.com,+1-949-469-9238,6497 Cedar Rd,Tempe,AZ,26751,USA
2170,John,Moore,john.moore2170@outlook.com,+1-520-340-5339,8395 Maple Ave,Orlando,FL,70485,USA
2171,Charles,Sanchez,charles.sanchez2171@gmail.com,+1-271-439-4465,2813 Cedar Rd,New York,NY,70721,USA
2172,Steven,Rodriguez,steven.rodriguez2172@hotmail.com,+1-727-724-8464,6518 Main Blvd,Spokane,WA,73906,USA
2173,Charles,Clark,charles.clark2173@outlook.com,+1-572-725-3461,5412 Pine St,Philadelphia,PA,63328,USA
2174,Jessica,Wilson,jessica.wilson2174@gmail.com,+1-646-362-7349,2334 Oak Rd,Albany,NY,99333,USA
2175,William,Torres,william.torres2175@yahoo.com,+1-693-400-4787,6740 Pine Blvd,Houston,TX,19293,USA
2176,Susan,Ramirez,susan.ramirez2176@outlook.com,+1-612-273-4842,2521 Park Rd,San Antonio,TX,93166,USA
2177,Susan,White,susan.white2177@gmail.com,+1-564-907-3917,4264 Park Blvd,Denver,CO,65914,USA
2178,Anthony,Sanchez,anthony.sanchez2178@gmail.com,+1-799-711-9042,4753 Maple St,Aurora,IL,29193,USA
2179,Lisa,Garcia,lisa.garcia2179@outlook.com,+1-319-359-5513,3956 Park Ave,Philadelphia,PA,19224,USA
2180,Brian,Lee,brian.lee2180@gmail.com,+1-296-918-5269,3419 Oak Rd,Philadelphia,PA,90059,USA
2181,Michael,Flores,michael.flores2181@outlook.com,+1-592-660-7995,2546 Maple Blvd,Philadelphia,PA,76462,USA
2182,Emily,White,emily.white2182@gmail.com,+1-290-623-2127,6859 Main Blvd,Dallas,TX,68050,USA
2183,Matthew,Lewis,matthew.lewis2183@outlook.com,+1-942-946-4348,1184 Maple Rd,Dallas,TX,32712,USA
2184,Nancy,Sanchez,nancy.sanchez2184@gmail.com,+1-419-782-6566,7426 Maple St,Boulder,CO,31564,USA
2185,John,Lee,john.lee2185@yahoo.com,+1-265-352-5774,2252 Oak Rd,Dallas,TX,79713,USA
2186,Nancy,Garcia,nancy.garcia2186@yahoo.com,+1-554-704-1508,9496 Main St,Mesa,AZ,20454,USA
2187,Margaret,Martinez,margaret.martinez2187@gmail.com,+1-502-921-1270,2491 Cedar Ave,Rochester,NY,25770,USA
2188,Nancy,Taylor,nancy.taylor2188@outlook.com,+1-635-315-8222,1413 Pine Ave,Los Angeles,CA,65763,USA
2189,Jennifer,Ramirez,jennifer.ramirez2189@hotmail.com,+1-505-828-2660,7274 Main St,Los Angeles,CA,43983,USA
2190,Karen,Harris,karen.harris2190@hotmail.com,+1-467-879-5343,5578 Park Ave,Buffalo,NY,38295,USA
2191,Joseph,Robinson,joseph.robinson2191@yahoo.com,+1-661-295-7307,3048 Oak Blvd,Rockford,IL,42774,USA
2192,Joseph,Hill,joseph.hill2192@gmail.com,+1-251-926-4752,1894 Maple St,San Antonio,TX,83349,USA
2193,Emily,Sanchez,emily.sanchez2193@outlook.com,+1-201-917-4967,1123 Maple Blvd,San Jose,CA,69714,USA
2194,Susan,Hill,susan.hill2194@yahoo.com,+1-248-213-1946,9225 Cedar Blvd,Colorado Springs,CO,73837,USA
2195,William,Clark,william.clark2195@yahoo.com,+1-626-765-6508,5858 Cedar Blvd,Philadelphia,PA,97081,USA
2196,James,Smith,james.smith2196@outlook.com,+1-938-845-4964,8688 Cedar St,Tampa,FL,76151,USA
2197,Elizabeth,Rodriguez,elizabeth.rodriguez2197@yahoo.com,+1-372-932-8992,2382 Cedar St,Orlando,FL,36800,USA
2198,Mary,White,mary.white2198@hotmail.com,+1-613-452-3717,6631 Pine Ave,Houston,TX,24241,USA
2199,Paul,Lopez,paul.lopez2199@yahoo.com,+1-783-678-6482,9829 Oak St,New York,NY,97009,USA
2200,Mark,King,mark.king2200@outlook.com,+1-687-829-4069,1653 Cedar Rd,Augusta,GA,30695,USA
2201,William,Johnson,william.johnson2201@outlook.com,+1-291-349-1663,3657 Main St,Houston,TX,73320,USA
2202,Andrew,Brown,andrew.brown2202@gmail.com,+1-300-706-1556,4091 Main Ave,Seattle,WA,88350,USA
2203,James,Smith,james.smith2203@gmail.com,+1-330-318-1964,9510 Main Blvd,Pueblo,CO,19441,USA
2204,Thomas,Wright,thomas.wright2204@outlook.com,+1-539-863-9776,4133 Oak Blvd,Boulder,CO,56218,USA
2205,Sandra,Ramirez,sandra.ramirez2205@gmail.com,+1-658-607-8168,6605 Main St,San Jose,CA,68105,USA
2206,William,Gonzalez,william.gonzalez2206@gmail.com,+1-981-434-3536,7337 Maple St,Pittsburgh,PA,13762,USA
2207,Sandra,Nguyen,sandra.nguyen2207@gmail.com,+1-514-542-8963,4258 Cedar Blvd,Pueblo,CO,63515,USA
2208,Sarah,Jackson,sarah.jackson2208@gmail.com,+1-663-882-9950,3928 Park Blvd,Pittsburgh,PA,60858,USA
2209,Jessica,Hernandez,jessica.hernandez2209@gmail.com,+1-206-494-2098,1207 Oak Blvd,San Antonio,TX,68372,USA
2210,Margaret,Thomas,margaret.thomas2210@gmail.com,+1-579-339-2434,9159 Cedar Blvd,Pueblo,CO,47853,USA
2211,Michelle,Hill,michelle.hill2211@outlook.com,+1-894-941-6446,5728 Park Rd,San Jose,CA,78542,USA
2212,Margaret,Lee,margaret.lee2212@outlook.com,+1-814-573-8148,3865 Main St,San Francisco,CA,22771,USA
2213,Karen,Jackson,karen.jackson2213@yahoo.com,+1-624-439-4801,1406 Maple St,Tucson,AZ,29378,USA
2214,Richard,Torres,richard.torres2214@outlook.com,+1-381-945-7183,8477 Main Ave,Dallas,TX,49297,USA
2215,Sandra,Smith,sandra.smith2215@hotmail.com,+1-421-886-8386,7068 Cedar St,Buffalo,NY,61951,USA
2216,Joshua,Allen,joshua.allen2216@outlook.com,+1-975-691-4056,1135 Maple Blvd,Dallas,TX,52782,USA
2217,Donna,Wilson,donna.wilson2217@hotmail.com,+1-241-739-2898,9539 Pine St,Buffalo,NY,86664,USA
2218,Emily,Jackson,emily.jackson2218@gmail.com,+1-206-478-9138,6165 Cedar Blvd,Colorado Springs,CO,16184,USA
2219,Robert,Rodriguez,robert.rodriguez2219@gmail.com,+1-642-727-5491,557 Maple Rd,Seattle,WA,49375,USA
2220,Joshua,Rodriguez,joshua.rodriguez2220@outlook.com,+1-358-683-6272,4338 Cedar Rd,Allentown,PA,33437,USA
2221,William,Johnson,william.johnson2221@gmail.com,+1-283-612-9548,952 Pine Rd,Philadelphia,PA,62399,USA
2222,Mark,Harris,mark.harris2222@yahoo.com,+1-527-538-8872,461 Cedar St,Houston,TX,45609,USA
2223,Sarah,Johnson,sarah.johnson2223@yahoo.com,+1-336-225-6445,1743 Oak Ave,Dallas,TX,32616,USA
2224,Richard,Thomas,richard.thomas2224@hotmail.com,+1-346-727-1518,6311 Main Ave,San Antonio,TX,90730,USA
2225,Emily,Williams,emily.williams2225@yahoo.com,+1-387-798-6460,1799 Oak St,San Francisco,CA,37494,USA
2226,Donna,King,donna.king2226@yahoo.com,+1-552-674-2573,3784 Oak St,Rochester,NY,19145,USA
2227,Kimberly,Jones,kimberly.jones2227@gmail.com,+1-216-276-5597,6293 Main Blvd,Pittsburgh,PA,94266,USA
2228,Mary,Perez,mary.perez2228@yahoo.com,+1-891-577-3033,1908 Oak St,Houston,TX,39493,USA
2229,Elizabeth,Sanchez,elizabeth.sanchez2229@outlook.com,+1-862-581-3729,3349 Maple St,Buffalo,NY,11717,USA
2230,William,Walker,william.walker2230@hotmail.com,+1-813-472-5236,1012 Park St,Dallas,TX,32480,USA
2231,Joseph,White,joseph.white2231@gmail.com,+1-466-952-2224,7405 Park St,San Jose,CA,79398,USA
2232,Joshua,Lewis,joshua.lewis2232@gmail.com,+1-383-698-4131,510 Pine Blvd,Denver,CO,39776,USA
2233,Kimberly,Johnson,kimberly.johnson2233@yahoo.com,+1-836-445-9692,6790 Park Blvd,Rockford,IL,85059,USA
2234,David,Johnson,david.johnson2234@outlook.com,+1-902-365-2305,4472 Pine Blvd,Albany,NY,41799,USA
2235,Sarah,Nguyen,sarah.nguyen2235@hotmail.com,+1-374-340-2081,2395 Pine Rd,Philadelphia,PA,90836,USA
2236,Emily,Jackson,emily.jackson2236@gmail.com,+1-613-237-8475,5207 Park Ave,Colorado Springs,CO,41564,USA
2237,Michelle,Taylor,michelle.taylor2237@outlook.com,+1-861-434-1420,5755 Pine St,Austin,TX,68351,USA
2238,Linda,Martinez,linda.martinez2238@outlook.com,+1-934-910-3659,291 Main St,Philadelphia,PA,50998,USA
2239,James,Young,james.young2239@outlook.com,+1-509-824-8493,2388 Pine Rd,Mesa,AZ,89671,USA
2240,Brian,Martin,brian.martin2240@gmail.com,+1-781-725-6026,1099 Oak Blvd,Springfield,IL,12528,USA
2241,Joseph,Garcia,joseph.garcia2241@yahoo.com,+1-365-666-1112,6108 Cedar Rd,Seattle,WA,43412,USA
2242,Brian,Sanchez,brian.sanchez2242@yahoo.com,+1-828-436-3348,980 Main Rd,Albany,NY,99621,USA
2243,Barbara,Taylor,barbara.taylor2243@hotmail.com,+1-551-467-9824,4604 Main Ave,Orlando,FL,46599,USA
2244,Mark,Flores,mark.flores2244@yahoo.com,+1-821-260-6035,127 Cedar St,San Diego,CA,69776,USA
2245,John,Miller,john.miller2245@hotmail.com,+1-978-267-1112,6052 Oak Blvd,Pueblo,CO,47005,USA
2246,Charles,Jackson,charles.jackson2246@gmail.com,+1-376-328-8244,912 Park Blvd,Houston,TX,71287,USA
2247,John,Lee,john.lee2247@hotmail.com,+1-490-708-1666,9304 Cedar Blvd,Springfield,IL,61820,USA
2248,Ashley,Thomas,ashley.thomas2248@hotmail.com,+1-259-298-4566,2328 Maple Ave,Buffalo,NY,22685,USA
2249,James,Gonzalez,james.gonzalez2249@outlook.com,+1-969-502-1058,4998 Park Blvd,Rockford,IL,81165,USA
2250,John,Smith,john.smith2250@yahoo.com,+1-484-816-9991,2176 Main Rd,Jacksonville,FL,90181,USA
2251,Mark,Hernandez,mark.hernandez2251@outlook.com,+1-290-894-1829,9586 Main Blvd,Austin,TX,54455,USA
2252,Matthew,Sanchez,matthew.sanchez2252@outlook.com,+1-276-390-8067,6913 Cedar St,Erie,PA,81816,USA
2253,Robert,Thomas,robert.thomas2253@yahoo.com,+1-820-360-1591,4748 Cedar Ave,Dallas,TX,85849,USA
2254,Amanda,Hernandez,amanda.hernandez2254@yahoo.com,+1-265-433-7926,4611 Pine Ave,Pueblo,CO,95004,USA
2255,Robert,Jones,robert.jones2255@gmail.com,+1-995-307-2357,2971 Pine Blvd,San Diego,CA,96184,USA
2256,Nancy,Harris,nancy.harris2256@hotmail.com,+1-573-921-9048,7496 Cedar St,Augusta,GA,42585,USA
2257,Elizabeth,Taylor,elizabeth.taylor2257@outlook.com,+1-785-705-7503,9632 Park Ave,Houston,TX,63032,USA
2258,Sarah,King,sarah.king2258@gmail.com,+1-620-288-2824,9832 Park Blvd,Dallas,TX,63414,USA
2259,Joseph,Thompson,joseph.thompson2259@yahoo.com,+1-607-680-6008,1458 Pine St,Chicago,IL,19537,USA
2260,Matthew,Flores,matthew.flores2260@hotmail.com,+1-468-309-2123,6371 Main Ave,Philadelphia,PA,32527,USA
2261,Margaret,Wright,margaret.wright2261@hotmail.com,+1-592-989-3031,5404 Pine Ave,Pueblo,CO,78697,USA
2262,Joshua,White,joshua.white2262@yahoo.com,+1-851-885-2331,413 Park Blvd,Erie,PA,66245,USA
2263,Donna,Torres,donna.torres2263@hotmail.com,+1-384-499-8059,9309 Cedar Ave,Denver,CO,47308,USA
2264,Daniel,Garcia,daniel.garcia2264@hotmail.com,+1-772-610-8641,1896 Maple St,Boulder,CO,46589,USA
2265,Brian,Walker,brian.walker2265@hotmail.com,+1-338-959-5721,3349 Pine St,Rockford,IL,20457,USA
2266,Thomas,Hernandez,thomas.hernandez2266@outlook.com,+1-912-904-4024,8260 Maple Blvd,Seattle,WA,70986,USA
2267,Jessica,Lewis,jessica.lewis2267@gmail.com,+1-997-821-9674,7510 Cedar Blvd,Rockford,IL,58367,USA
2268,Andrew,Smith,andrew.smith2268@yahoo.com,+1-824-653-4551,8343 Pine Ave,Dallas,TX,45291,USA
2269,Nancy,Rodriguez,nancy.rodriguez2269@hotmail.com,+1-444-978-7139,214 Park St,Pittsburgh,PA,39012,USA
2270,Joshua,Rodriguez,joshua.rodriguez2270@outlook.com,+1-631-357-7936,6574 Park St,Aurora,IL,29497,USA
2271,Mark,Hill,mark.hill2271@outlook.com,+1-446-565-1778,9084 Oak Ave,San Diego,CA,11040,USA
2272,Joseph,Flores,joseph.flores2272@yahoo.com,+1-252-983-6833,158 Park St,Allentown,PA,63362,USA
2273,Daniel,Johnson,daniel.johnson2273@hotmail.com,+1-779-613-1411,3317 Park Ave,Allentown,PA,22374,USA
2274,Joshua,Smith,joshua.smith2274@outlook.com,+1-875-891-1716,2211 Pine St,San Jose,CA,66107,USA
2275,Charles,Young,charles.young2275@yahoo.com,+1-875-729-5561,4476 Main Rd,Seattle,WA,21689,USA
2276,Jennifer,Martinez,jennifer.martinez2276@outlook.com,+1-844-351-3536,8948 Oak St,San Diego,CA,31377,USA
2277,Paul,Perez,paul.perez2277@outlook.com,+1-299-320-6251,6092 Cedar Ave,Albany,NY,59488,USA
2278,Richard,Young,richard.young2278@outlook.com,+1-862-614-1526,6504 Pine Ave,San Diego,CA,81859,USA
2279,Andrew,King,andrew.king2279@hotmail.com,+1-920-773-7064,6019 Main Ave,Aurora,IL,44369,USA
2280,Kevin,Young,kevin.young2280@gmail.com,+1-781-949-2492,6195 Oak Ave,Tucson,AZ,64940,USA
2281,John,Scott,john.scott2281@outlook.com,+1-418-943-9868,1499 Oak Ave,Tempe,AZ,23219,USA
2282,Matthew,Jones,matthew.jones2282@hotmail.com,+1-454-839-7161,9400 Oak St,Denver,CO,18707,USA
2283,Barbara,King,barbara.king2283@hotmail.com,+1-347-605-5672,3574 Park Ave,Spokane,WA,42325,USA
2284,Robert,Garcia,robert.garcia2284@yahoo.com,+1-205-863-2987,7593 Cedar St,Colorado Springs,CO,48444,USA
2285,Jessica,Hill,jessica.hill2285@outlook.com,+1-853-237-4294,1223 Pine St,Jacksonville,FL,71403,USA
2286,Barbara,Lewis,barbara.lewis2286@yahoo.com,+1-237-591-5000,362 Oak St,Erie,PA,28206,USA
2287,Karen,Sanchez,karen.sanchez2287@gmail.com,+1-299-912-9503,372 Cedar Blvd,Austin,TX,96182,USA
2288,Mary,Wright,mary.wright2288@yahoo.com,+1-423-839-2237,6151 Oak Rd,San Jose,CA,87804,USA
2289,Michelle,Lee,michelle.lee2289@yahoo.com,+1-779-536-2782,9217 Park Blvd,San Antonio,TX,25304,USA
2290,Patricia,Hernandez,patricia.hernandez2290@outlook.com,+1-922-530-6796,5975 Cedar Rd,Pueblo,CO,67886,USA
2291,Patricia,Hill,patricia.hill2291@gmail.com,+1-392-401-6946,648 Cedar Ave,Colorado Springs,CO,59496,USA
2292,William,Walker,william.walker2292@hotmail.com,+1-909-853-1195,3241 Maple Rd,Colorado Springs,CO,65940,USA
2293,Susan,Jackson,susan.jackson2293@yahoo.com,+1-811-503-3645,4455 Pine Blvd,Austin,TX,38443,USA
2294,Joshua,Martin,joshua.martin2294@yahoo.com,+1-515-738-1755,8931 Park Rd,Bellevue,WA,36392,USA
2295,William,White,william.white2295@yahoo.com,+1-482-806-7886,9473 Main Ave,San Francisco,CA,76975,USA
2296,Robert,Lee,robert.lee2296@yahoo.com,+1-703-909-1051,622 Pine St,Tampa,FL,70524,USA
2297,Patricia,Garcia,patricia.garcia2297@hotmail.com,+1-797-566-5071,6645 Main Ave,Allentown,PA,22305,USA
2298,Jessica,Hill,jessica.hill2298@outlook.com,+1-401-666-5283,5595 Cedar Rd,Athens,GA,18677,USA
2299,Susan,Davis,susan.davis2299@yahoo.com,+1-904-497-4935,3404 Pine St,Colorado Springs,CO,95364,USA
2300,Amanda,Allen,amanda.allen2300@outlook.com,+1-664-799-1256,9010 Main Ave,Bellevue,WA,74030,USA
2301,Joshua,Thomas,joshua.thomas2301@yahoo.com,+1-826-646-2402,5313 Oak Rd,San Jose,CA,46292,USA
2302,Joseph,Perez,joseph.perez2302@outlook.com,+1-675-649-5507,1067 Pine Blvd,Denver,CO,21089,USA
2303,Anthony,Anderson,anthony.anderson2303@outlook.com,+1-429-751-5962,7480 Main St,Boulder,CO,38465,USA
2304,Sarah,Hernandez,sarah.hernandez2304@gmail.com,+1-709-530-5152,5161 Park Rd,Augusta,GA,94189,USA
2305,Patricia,Garcia,patricia.garcia2305@outlook.com,+1-313-716-9366,5722 Pine Rd,Allentown,PA,54332,USA
2306,Barbara,Young,barbara.young2306@outlook.com,+1-720-904-6523,6108 Maple Ave,Chicago,IL,34959,USA
2307,Nancy,Garcia,nancy.garcia2307@hotmail.com,+1-364-454-3618,7279 Maple Blvd,Augusta,GA,76502,USA
2308,Steven,Anderson,steven.anderson2308@outlook.com,+1-518-364-3073,5770 Park St,Los Angeles,CA,63653,USA
2309,Sandra,Martinez,sandra.martinez2309@outlook.com,+1-488-876-4574,6129 Main Rd,Albany,NY,65218,USA
2310,Amanda,Williams,amanda.williams2310@yahoo.com,+1-269-910-1754,575 Maple Blvd,Pittsburgh,PA,93657,USA
2311,Lisa,Anderson,lisa.anderson2311@outlook.com,+1-726-487-5682,7705 Oak Rd,San Diego,CA,69141,USA
2312,Steven,Wright,steven.wright2312@hotmail.com,+1-320-283-8385,748 Main St,Pueblo,CO,83337,USA
2313,Joshua,Flores,joshua.flores2313@outlook.com,+1-634-567-5207,6001 Pine Ave,Mesa,AZ,99186,USA
2314,William,Garcia,william.garcia2314@yahoo.com,+1-886-858-8355,9217 Pine Ave,Rochester,NY,30148,USA
2315,Brian,Scott,brian.scott2315@outlook.com,+1-250-703-6356,9036 Maple Ave,Miami,FL,11043,USA
2316,Robert,Taylor,robert.taylor2316@yahoo.com,+1-666-506-8352,2964 Main Ave,Austin,TX,74174,USA
2317,Andrew,Allen,andrew.allen2317@outlook.com,+1-986-773-5451,6003 Maple Blvd,Houston,TX,10756,USA
2318,Michael,Hill,michael.hill2318@gmail.com,+1-390-742-9308,1501 Oak Blvd,San Francisco,CA,76361,USA
2319,Barbara,King,barbara.king2319@gmail.com,+1-234-597-8942,9741 Cedar Ave,Rochester,NY,43454,USA
2320,Kevin,Ramirez,kevin.ramirez2320@gmail.com,+1-280-279-5251,5292 Main Rd,Athens,GA,32520,USA
2321,Thomas,Torres,thomas.torres2321@hotmail.com,+1-575-891-2734,891 Maple Rd,Colorado Springs,CO,92109,USA
2322,Joseph,Lopez,joseph.lopez2322@hotmail.com,+1-509-403-9535,9526 Park Rd,Buffalo,NY,85059,USA
2323,Brian,Moore,brian.moore2323@yahoo.com,+1-606-756-5884,2720 Park St,Austin,TX,76411,USA
2324,Robert,Hill,robert.hill2324@outlook.com,+1-249-631-6000,3622 Park Ave,San Diego,CA,52534,USA
2325,Nancy,Lewis,nancy.lewis2325@gmail.com,+1-327-463-7515,3992 Pine St,Athens,GA,58100,USA
2326,Mark,Ramirez,mark.ramirez2326@gmail.com,+1-230-395-8409,4283 Main Blvd,San Diego,CA,96229,USA
2327,Donna,Perez,donna.perez2327@yahoo.com,+1-248-432-7889,1028 Main Ave,Tampa,FL,10467,USA
2328,Michael,Moore,michael.moore2328@hotmail.com,+1-704-993-6593,3714 Pine Rd,Denver,CO,61354,USA
2329,Emily,Harris,emily.harris2329@outlook.com,+1-848-967-4892,5591 Maple St,Springfield,IL,40600,USA
2330,Joseph,Lopez,joseph.lopez2330@hotmail.com,+1-503-621-9955,8928 Maple St,San Diego,CA,18568,USA
2331,Margaret,King,margaret.king2331@hotmail.com,+1-991-473-7043,7154 Oak Ave,Austin,TX,22681,USA
2332,Charles,Lee,charles.lee2332@gmail.com,+1-379-494-8847,9892 Main Ave,Rockford,IL,95394,USA
2333,Mary,Wilson,mary.wilson2333@outlook.com,+1-218-401-7260,3001 Pine Ave,San Francisco,CA,45806,USA
2334,Sarah,Williams,sarah.williams2334@hotmail.com,+1-302-498-5474,5958 Main St,San Jose,CA,97652,USA
2335,Ashley,White,ashley.white2335@outlook.com,+1-434-387-5623,319 Cedar Blvd,Mesa,AZ,61213,USA
2336,Charles,Perez,charles.perez2336@gmail.com,+1-534-249-9095,7963 Park Ave,Jacksonville,FL,83516,USA
2337,Lisa,Davis,lisa.davis2337@hotmail.com,+1-280-763-6874,5299 Maple Ave,Albany,NY,94408,USA
2338,Donna,Williams,donna.williams2338@yahoo.com,+1-332-411-9094,5889 Oak Ave,Seattle,WA,93162,USA
2339,Jessica,White,jessica.white2339@gmail.com,+1-831-386-8727,4564 Main Rd,Allentown,PA,66285,USA
2340,Thomas,Nguyen,thomas.nguyen2340@outlook.com,+1-450-946-8067,9358 Main Rd,Boulder,CO,55662,USA
2341,John,Martin,john.martin2341@outlook.com,+1-881-737-3331,5122 Main Rd,Houston,TX,21453,USA
2342,Amanda,Torres,amanda.torres2342@hotmail.com,+1-300-795-9777,1463 Main Rd,Austin,TX,78614,USA
2343,James,Johnson,james.johnson2343@outlook.com,+1-466-875-7708,8351 Pine St,Jacksonville,FL,60609,USA
2344,William,Martin,william.martin2344@yahoo.com,+1-746-420-5482,3369 Main St,San Francisco,CA,83102,USA
2345,Brian,Miller,brian.miller2345@yahoo.com,+1-309-900-4982,8195 Cedar St,Houston,TX,25166,USA
2346,William,Hernandez,william.hernandez2346@yahoo.com,+1-295-949-9777,2050 Park Ave,Pueblo,CO,10794,USA
2347,Jessica,Brown,jessica.brown2347@outlook.com,+1-463-783-4143,7143 Pine Rd,Houston,TX,91534,USA
2348,Jessica,Gonzalez,jessica.gonzalez2348@hotmail.com,+1-522-333-5930,8199 Park Blvd,San Diego,CA,87830,USA
2349,Michelle,Johnson,michelle.johnson2349@hotmail.com,+1-555-620-5421,4763 Maple Rd,San Jose,CA,92727,USA
2350,Mary,Harris,mary.harris2350@hotmail.com,+1-617-593-7444,2345 Park Ave,Aurora,IL,94059,USA
2351,Jennifer,Torres,jennifer.torres2351@outlook.com,+1-410-292-7962,7400 Maple Ave,San Francisco,CA,46604,USA
2352,Emily,Walker,emily.walker2352@hotmail.com,+1-673-468-5609,4255 Pine Rd,Austin,TX,40036,USA
2353,Brian,Martinez,brian.martinez2353@gmail.com,+1-354-403-6633,7187 Main Ave,Athens,GA,81007,USA
2354,Amanda,Hernandez,amanda.hernandez2354@yahoo.com,+1-708-547-7456,3678 Cedar Rd,New York,NY,16876,USA
2355,Andrew,Lopez,andrew.lopez2355@yahoo.com,+1-271-653-1066,9598 Cedar Ave,Bellevue,WA,40374,USA
2356,Barbara,Williams,barbara.williams2356@yahoo.com,+1-463-273-4732,7354 Maple Rd,Boulder,CO,80981,USA
2357,Charles,Williams,charles.williams2357@outlook.com,+1-970-696-1606,1857 Pine Blvd,San Diego,CA,48161,USA
2358,Margaret,Walker,margaret.walker2358@outlook.com,+1-486-635-8916,6240 Cedar Rd,Orlando,FL,80831,USA
2359,Matthew,Wilson,matthew.wilson2359@yahoo.com,+1-954-735-1874,6344 Pine Rd,Pueblo,CO,85915,USA
2360,William,Martinez,william.martinez2360@yahoo.com,+1-948-971-6715,4270 Maple Rd,New York,NY,72244,USA
2361,Anthony,Harris,anthony.harris2361@yahoo.com,+1-891-774-6325,9280 Cedar St,Miami,FL,29333,USA
2362,Anthony,Garcia,anthony.garcia2362@hotmail.com,+1-878-823-7502,6162 Cedar St,Erie,PA,68421,USA
2363,Jennifer,Jackson,jennifer.jackson2363@yahoo.com,+1-554-447-4881,978 Cedar Blvd,San Diego,CA,15079,USA
2364,Anthony,Brown,anthony.brown2364@hotmail.com,+1-484-618-3968,9183 Pine St,San Jose,CA,79608,USA
2365,Kimberly,White,kimberly.white2365@outlook.com,+1-325-571-9316,7922 Main St,San Jose,CA,14098,USA
2366,John,Wright,john.wright2366@gmail.com,+1-217-823-1723,2326 Oak Blvd,Springfield,IL,73915,USA
2367,Margaret,Jones,margaret.jones2367@gmail.com,+1-992-353-3482,1720 Main Ave,San Jose,CA,94104,USA
2368,Matthew,Perez,matthew.perez2368@outlook.com,+1-809-472-4141,7933 Pine Blvd,Philadelphia,PA,75760,USA
2369,Karen,Lewis,karen.lewis2369@gmail.com,+1-201-527-2598,1568 Main Rd,San Diego,CA,43389,USA
2370,Amanda,Allen,amanda.allen2370@yahoo.com,+1-253-855-8700,7841 Cedar Blvd,Pueblo,CO,22356,USA
2371,Kimberly,Walker,kimberly.walker2371@hotmail.com,+1-812-213-3509,5025 Pine Blvd,New York,NY,30298,USA
2372,Robert,Harris,robert.harris2372@outlook.com,+1-568-900-1866,6543 Cedar Blvd,New York,NY,20766,USA
2373,Brian,Gonzalez,brian.gonzalez2373@outlook.com,+1-223-704-4867,2688 Maple Rd,Buffalo,NY,65970,USA
2374,Andrew,Wright,andrew.wright2374@outlook.com,+1-368-306-9959,2533 Park Ave,Bellevue,WA,66890,USA
2375,Patricia,Robinson,patricia.robinson2375@outlook.com,+1-897-828-7721,2009 Park Blvd,Mesa,AZ,54727,USA
2376,Joshua,Robinson,joshua.robinson2376@yahoo.com,+1-621-841-4491,6289 Main St,Savannah,GA,58673,USA
2377,Joshua,Taylor,joshua.taylor2377@gmail.com,+1-389-410-5888,2984 Oak St,Pueblo,CO,15451,USA
2378,Jessica,Thomas,jessica.thomas2378@hotmail.com,+1-931-769-6425,7151 Main Blvd,Augusta,GA,65411,USA
2379,Ashley,Allen,ashley.allen2379@yahoo.com,+1-919-395-5864,6604 Oak Rd,Pueblo,CO,13105,USA
2380,Linda,Martinez,linda.martinez2380@outlook.com,+1-731-430-8350,9617 Main Blvd,San Jose,CA,86345,USA
2381,Anthony,Allen,anthony.allen2381@outlook.com,+1-296-792-3104,6522 Main St,Allentown,PA,73276,USA
2382,Robert,Harris,robert.harris2382@hotmail.com,+1-238-867-1318,9628 Maple Ave,Aurora,IL,36194,USA
2383,Kimberly,Davis,kimberly.davis2383@yahoo.com,+1-411-502-8095,4692 Cedar Ave,San Diego,CA,55809,USA
2384,Karen,Wilson,karen.wilson2384@yahoo.com,+1-778-737-4111,4016 Pine Blvd,Los Angeles,CA,47768,USA
2385,Nancy,Taylor,nancy.taylor2385@outlook.com,+1-293-352-4518,424 Cedar Blvd,Denver,CO,81188,USA
2386,Daniel,Johnson,daniel.johnson2386@outlook.com,+1-561-453-5688,9899 Oak Rd,Austin,TX,85676,USA
2387,Kimberly,Ramirez,kimberly.ramirez2387@outlook.com,+1-276-399-4951,7319 Cedar Ave,Seattle,WA,85927,USA
2388,Margaret,Ramirez,margaret.ramirez2388@yahoo.com,+1-972-451-2587,268 Oak Rd,Savannah,GA,86523,USA
2389,Patricia,Harris,patricia.harris2389@hotmail.com,+1-809-407-8390,9172 Cedar Ave,New York,NY,23016,USA
2390,Patricia,Davis,patricia.davis2390@hotmail.com,+1-793-865-7430,3934 Cedar Ave,Colorado Springs,CO,95695,USA
2391,Mark,Miller,mark.miller2391@outlook.com,+1-589-949-2559,9529 Oak Rd,Philadelphia,PA,41770,USA
2392,Lisa,Sanchez,lisa.sanchez2392@hotmail.com,+1-419-816-6750,4439 Cedar Ave,San Francisco,CA,20966,USA
2393,Joshua,Gonzalez,joshua.gonzalez2393@hotmail.com,+1-375-666-2060,4210 Main Ave,Erie,PA,66157,USA
2394,Andrew,Martinez,andrew.martinez2394@hotmail.com,+1-280-675-6702,1953 Main Rd,Dallas,TX,21983,USA
2395,Brian,Walker,brian.walker2395@yahoo.com,+1-634-710-1737,3297 Park Blvd,Savannah,GA,16749,USA
2396,Thomas,Taylor,thomas.taylor2396@hotmail.com,+1-977-989-6630,3756 Maple Blvd,New York,NY,62560,USA
2397,Emily,Hill,emily.hill2397@gmail.com,+1-929-346-2440,1312 Main Ave,Rockford,IL,41824,USA
2398,Sandra,Lopez,sandra.lopez2398@outlook.com,+1-562-903-2775,8306 Park St,Dallas,TX,13690,USA
2399,Susan,Martinez,susan.martinez2399@gmail.com,+1-608-896-8743,262 Maple Ave,Boulder,CO,18948,USA
2400,Matthew,Jackson,matthew.jackson2400@gmail.com,+1-349-513-7617,9557 Oak St,Dallas,TX,84007,USA
2401,Joseph,Rodriguez,joseph.rodriguez2401@hotmail.com,+1-924-835-1301,3524 Park St,Philadelphia,PA,47941,USA
2402,Lisa,Lopez,lisa.lopez2402@gmail.com,+1-627-286-2888,2034 Maple Ave,Tampa,FL,84790,USA
2403,Joseph,Williams,joseph.williams2403@yahoo.com,+1-975-372-3524,7914 Oak St,Allentown,PA,72581,USA
2404,Daniel,Nguyen,daniel.nguyen2404@gmail.com,+1-914-789-6548,1386 Park Rd,Albany,NY,43859,USA
2405,Donna,Martinez,donna.martinez2405@outlook.com,+1-474-506-6477,837 Maple Blvd,Pueblo,CO,91921,USA
2406,Amanda,Robinson,amanda.robinson2406@outlook.com,+1-528-569-6633,6644 Maple St,Pittsburgh,PA,66873,USA
2407,Susan,Clark,susan.clark2407@hotmail.com,+1-358-559-9968,4126 Cedar Ave,New York,NY,68662,USA
2408,Linda,Ramirez,linda.ramirez2408@gmail.com,+1-651-387-3051,9064 Main Ave,San Diego,CA,84794,USA
2409,Donna,Anderson,donna.anderson2409@outlook.com,+1-917-253-3548,9188 Park St,Jacksonville,FL,17637,USA
2410,David,Lewis,david.lewis2410@gmail.com,+1-796-403-7112,4457 Pine Rd,Albany,NY,83982,USA
2411,Brian,Miller,brian.miller2411@hotmail.com,+1-532-892-8025,8348 Cedar Ave,Dallas,TX,32012,USA
2412,Michael,Thompson,michael.thompson2412@hotmail.com,+1-684-550-4544,5090 Pine St,Los Angeles,CA,95843,USA
2413,Andrew,Thomas,andrew.thomas2413@yahoo.com,+1-552-757-9255,9883 Maple St,Austin,TX,31427,USA
2414,Sandra,Moore,sandra.moore2414@gmail.com,+1-493-817-8180,7127 Park Ave,Houston,TX,30819,USA
2415,Thomas,Wright,thomas.wright2415@hotmail.com,+1-952-369-1035,4868 Pine Rd,Colorado Springs,CO,53890,USA
2416,Ashley,Davis,ashley.davis2416@outlook.com,+1-577-672-1340,9077 Cedar St,Dallas,TX,24204,USA
2417,William,Martin,william.martin2417@yahoo.com,+1-769-610-2704,9847 Cedar Ave,Miami,FL,20290,USA
2418,Donna,Wilson,donna.wilson2418@hotmail.com,+1-852-774-4969,7321 Maple Blvd,Austin,TX,65392,USA
2419,Joshua,Torres,joshua.torres2419@hotmail.com,+1-457-236-9667,5188 Oak Ave,Phoenix,AZ,10965,USA
2420,William,Smith,william.smith2420@gmail.com,+1-640-908-5759,3276 Oak Rd,Pittsburgh,PA,67516,USA
2421,James,Hernandez,james.hernandez2421@gmail.com,+1-263-956-5885,8314 Park Ave,San Antonio,TX,63597,USA
2422,Thomas,King,thomas.king2422@hotmail.com,+1-882-311-2697,1801 Main Ave,Jacksonville,FL,56906,USA
2423,Linda,Jones,linda.jones2423@gmail.com,+1-233-214-8719,6656 Maple St,Seattle,WA,73867,USA
2424,Steven,Wright,steven.wright2424@gmail.com,+1-370-223-4870,670 Cedar Blvd,Denver,CO,37365,USA
2425,Margaret,White,margaret.white2425@hotmail.com,+1-880-621-6960,4332 Oak St,Dallas,TX,70820,USA
2426,Elizabeth,Jones,elizabeth.jones2426@outlook.com,+1-835-689-2868,6494 Maple Ave,Springfield,IL,44999,USA
2427,Sandra,Williams,sandra.williams2427@hotmail.com,+1-994-741-8545,6471 Main Ave,Springfield,IL,95541,USA
2428,Michael,Brown,michael.brown2428@hotmail.com,+1-967-856-1951,1197 Main Blvd,Allentown,PA,74327,USA
2429,Joshua,Walker,joshua.walker2429@gmail.com,+1-956-569-9718,5660 Maple Blvd,San Francisco,CA,50821,USA
2430,Anthony,Lee,anthony.lee2430@yahoo.com,+1-994-509-5848,3500 Maple Ave,Aurora,IL,70942,USA
2431,John,Ramirez,john.ramirez2431@yahoo.com,+1-259-385-1587,6831 Maple St,San Francisco,CA,77574,USA
2432,Matthew,Robinson,matthew.robinson2432@yahoo.com,+1-308-310-5950,1053 Pine Ave,Aurora,IL,13854,USA
2433,Mary,Thomas,mary.thomas2433@outlook.com,+1-203-662-9165,1642 Cedar Ave,Tacoma,WA,31858,USA
2434,Steven,Martin,steven.martin2434@hotmail.com,+1-576-696-4909,9624 Oak Blvd,Phoenix,AZ,79115,USA
2435,Elizabeth,Gonzalez,elizabeth.gonzalez2435@outlook.com,+1-889-929-8678,3695 Cedar St,Springfield,IL,84179,USA
2436,Barbara,Harris,barbara.harris2436@hotmail.com,+1-767-722-9394,2270 Park Ave,San Diego,CA,32850,USA
2437,Ashley,Smith,ashley.smith2437@yahoo.com,+1-780-403-4429,6648 Cedar Ave,Dallas,TX,29371,USA
2438,Mary,Ramirez,mary.ramirez2438@hotmail.com,+1-241-378-6966,9134 Park Ave,Allentown,PA,60116,USA
2439,Andrew,Hernandez,andrew.hernandez2439@hotmail.com,+1-794-948-3254,5998 Pine Ave,San Jose,CA,90326,USA
2440,Elizabeth,Lopez,elizabeth.lopez2440@outlook.com,+1-699-608-2048,8316 Cedar Ave,Spokane,WA,72441,USA
2441,Thomas,Harris,thomas.harris2441@hotmail.com,+1-401-973-2884,6626 Park Blvd,Austin,TX,44259,USA
2442,Brian,Miller,brian.miller2442@yahoo.com,+1-359-328-6391,5077 Main Ave,San Antonio,TX,90634,USA
2443,Sandra,Torres,sandra.torres2443@gmail.com,+1-662-892-6825,8483 Pine Blvd,Mesa,AZ,65501,USA
2444,David,Thomas,david.thomas2444@gmail.com,+1-849-217-3601,1859 Maple Ave,San Antonio,TX,53816,USA
2445,Margaret,Smith,margaret.smith2445@yahoo.com,+1-538-205-7537,3824 Park St,Athens,GA,23991,USA
2446,Amanda,Rodriguez,amanda.rodriguez2446@gmail.com,+1-257-566-9230,1076 Oak Ave,San Francisco,CA,60560,USA
2447,Michelle,Allen,michelle.allen2447@hotmail.com,+1-841-929-1902,5049 Cedar Blvd,Houston,TX,63443,USA
2448,Donna,Young,donna.young2448@hotmail.com,+1-405-226-5975,6621 Maple Blvd,Buffalo,NY,71642,USA
2449,Michelle,King,michelle.king2449@yahoo.com,+1-388-464-3867,4434 Park Blvd,Tacoma,WA,43330,USA
2450,Nancy,Torres,nancy.torres2450@hotmail.com,+1-257-989-5573,145 Cedar Ave,Houston,TX,86527,USA
2451,William,Ramirez,william.ramirez2451@gmail.com,+1-951-962-4453,7305 Maple Blvd,Miami,FL,11960,USA
2452,Matthew,Williams,matthew.williams2452@gmail.com,+1-400-661-7900,4427 Park St,Buffalo,NY,70628,USA
2453,Elizabeth,Harris,elizabeth.harris2453@hotmail.com,+1-606-528-8161,4245 Cedar Blvd,Pueblo,CO,48768,USA
2454,Steven,Clark,steven.clark2454@gmail.com,+1-498-458-2813,5558 Park Ave,Aurora,IL,90589,USA
2455,Susan,Clark,susan.clark2455@gmail.com,+1-772-577-7945,7554 Maple Blvd,Tempe,AZ,67813,USA
2456,Amanda,Wilson,amanda.wilson2456@hotmail.com,+1-238-698-2051,718 Park Ave,Pueblo,CO,28213,USA
2457,Michelle,Davis,michelle.davis2457@yahoo.com,+1-500-240-5517,5040 Pine St,San Jose,CA,69795,USA
2458,Joseph,Young,joseph.young2458@hotmail.com,+1-957-509-5775,7718 Main Ave,Jacksonville,FL,75884,USA
2459,Andrew,Jones,andrew.jones2459@gmail.com,+1-728-646-7506,6429 Oak St,Miami,FL,96511,USA
2460,Jessica,Davis,jessica.davis2460@hotmail.com,+1-532-811-3799,9814 Oak Blvd,Mesa,AZ,80527,USA
2461,Mark,Wright,mark.wright2461@hotmail.com,+1-667-476-1566,4368 Main Rd,Boulder,CO,57033,USA
2462,Charles,Taylor,charles.taylor2462@hotmail.com,+1-465-850-3525,478 Oak Blvd,Austin,TX,98562,USA
2463,Joshua,Torres,joshua.torres2463@yahoo.com,+1-432-819-2939,4592 Park Blvd,Philadelphia,PA,12888,USA
2464,Andrew,Ramirez,andrew.ramirez2464@outlook.com,+1-613-440-7947,834 Oak Rd,Orlando,FL,72940,USA
2465,Matthew,Martin,matthew.martin2465@yahoo.com,+1-628-384-8735,2051 Pine Blvd,San Francisco,CA,74733,USA
2466,Karen,Perez,karen.perez2466@gmail.com,+1-794-860-8877,7586 Cedar Ave,Springfield,IL,52695,USA
2467,Lisa,Flores,lisa.flores2467@gmail.com,+1-519-947-2017,5722 Pine Blvd,Houston,TX,83468,USA
2468,Karen,Gonzalez,karen.gonzalez2468@gmail.com,+1-415-425-8420,8668 Pine Rd,Pueblo,CO,40610,USA
2469,Elizabeth,Rodriguez,elizabeth.rodriguez2469@gmail.com,+1-310-742-1608,2359 Maple Ave,Pueblo,CO,38274,USA
2470,Emily,Jones,emily.jones2470@outlook.com,+1-924-311-3157,5408 Park Blvd,Orlando,FL,91197,USA
2471,Matthew,Hill,matthew.hill2471@outlook.com,+1-605-852-7952,9641 Maple St,Savannah,GA,55431,USA
2472,John,Martin,john.martin2472@yahoo.com,+1-571-309-9411,7216 Oak Ave,San Antonio,TX,57139,USA
2473,Ashley,Moore,ashley.moore2473@gmail.com,+1-990-405-4350,9111 Maple Blvd,Aurora,IL,42555,USA
2474,Andrew,Hernandez,andrew.hernandez2474@yahoo.com,+1-594-529-8260,7808 Cedar Ave,Allentown,PA,49591,USA
2475,Joseph,Williams,joseph.williams2475@yahoo.com,+1-777-508-6478,4920 Maple St,Buffalo,NY,64663,USA
2476,Kimberly,Lewis,kimberly.lewis2476@outlook.com,+1-683-246-4811,7626 Pine Rd,Tempe,AZ,50306,USA
2477,Matthew,Thomas,matthew.thomas2477@yahoo.com,+1-650-591-5996,2751 Cedar St,Chicago,IL,59125,USA
2478,Karen,Allen,karen.allen2478@hotmail.com,+1-212-440-9348,4663 Main Blvd,San Francisco,CA,77053,USA
2479,Donna,Martin,donna.martin2479@outlook.com,+1-782-695-2589,7215 Pine Rd,San Jose,CA,66545,USA
2480,Jessica,Jackson,jessica.jackson2480@gmail.com,+1-373-247-4602,192 Cedar Blvd,Athens,GA,27318,USA
2481,Joshua,Miller,joshua.miller2481@hotmail.com,+1-439-285-6314,7633 Cedar St,Orlando,FL,81470,USA
2482,Linda,Taylor,linda.taylor2482@outlook.com,+1-436-720-3462,8270 Cedar Rd,Albany,NY,93645,USA
2483,Patricia,Lopez,patricia.lopez2483@outlook.com,+1-223-770-1860,3903 Main St,Chicago,IL,38295,USA
2484,Matthew,Martinez,matthew.martinez2484@gmail.com,+1-835-910-6320,8817 Park Ave,San Antonio,TX,41021,USA
2485,Donna,Perez,donna.perez2485@yahoo.com,+1-943-997-5732,9122 Oak Rd,Albany,NY,19322,USA
2486,Thomas,Robinson,thomas.robinson2486@yahoo.com,+1-273-705-6022,6258 Oak St,Atlanta,GA,24185,USA
2487,Michelle,Lee,michelle.lee2487@yahoo.com,+1-878-853-4344,6286 Oak Blvd,New York,NY,93695,USA
2488,Brian,Lewis,brian.lewis2488@yahoo.com,+1-497-808-6781,6016 Main Rd,Boulder,CO,12317,USA
2489,Patricia,Hernandez,patricia.hernandez2489@gmail.com,+1-480-583-7416,9263 Main Ave,Dallas,TX,57647,USA
2490,James,White,james.white2490@yahoo.com,+1-521-920-2486,3427 Park St,Savannah,GA,28844,USA
2491,Joseph,Clark,joseph.clark2491@hotmail.com,+1-777-805-8768,4926 Park St,Rochester,NY,55362,USA
2492,Michelle,Johnson,michelle.johnson2492@gmail.com,+1-217-763-7992,1996 Pine St,Erie,PA,91570,USA
2493,Amanda,Lee,amanda.lee2493@outlook.com,+1-587-985-2841,6262 Cedar Blvd,Houston,TX,31081,USA
2494,Jessica,Smith,jessica.smith2494@yahoo.com,+1-528-339-5205,7433 Cedar Blvd,Aurora,IL,29844,USA
2495,Lisa,Miller,lisa.miller2495@gmail.com,+1-278-234-3886,1169 Main St,Phoenix,AZ,16483,USA
2496,John,Miller,john.miller2496@hotmail.com,+1-685-849-8181,6928 Oak Rd,Springfield,IL,32391,USA
2497,Joshua,Lewis,joshua.lewis2497@yahoo.com,+1-373-506-5631,1045 Oak Blvd,Pueblo,CO,38528,USA
2498,Elizabeth,Hill,elizabeth.hill2498@hotmail.com,+1-655-375-5340,2419 Maple Ave,San Antonio,TX,77758,USA
2499,Brian,Lopez,brian.lopez2499@yahoo.com,+1-677-834-3826,425 Cedar Ave,Allentown,PA,93266,USA
2500,Sandra,Miller,sandra.miller2500@outlook.com,+1-281-251-4944,8367 Maple St,Spokane,WA,80344,USA
2501,Kevin,Robinson,kevin.robinson2501@outlook.com,+1-626-823-9523,9282 Cedar St,New York,NY,20034,USA
2502,Mary,Smith,mary.smith2502@yahoo.com,+1-790-642-6321,7215 Park St,Denver,CO,29427,USA
2503,Anthony,Garcia,anthony.garcia2503@yahoo.com,+1-960-579-2346,7861 Park Rd,Erie,PA,89475,USA
2504,Emily,Harris,emily.harris2504@hotmail.com,+1-891-378-2433,1212 Pine Rd,Boulder,CO,87229,USA
2505,William,Davis,william.davis2505@hotmail.com,+1-857-459-2046,7706 Cedar St,Tampa,FL,53661,USA
2506,James,Robinson,james.robinson2506@hotmail.com,+1-698-461-7467,8253 Main St,Aurora,IL,68695,USA
2507,Donna,Thompson,donna.thompson2507@yahoo.com,+1-916-602-8341,5254 Cedar Rd,San Antonio,TX,58167,USA
2508,Kevin,Clark,kevin.clark2508@hotmail.com,+1-205-328-9653,8049 Pine Blvd,Atlanta,GA,63065,USA
2509,Brian,Jones,brian.jones2509@hotmail.com,+1-457-753-1756,9456 Pine St,Orlando,FL,73663,USA
2510,Jennifer,White,jennifer.white2510@outlook.com,+1-281-701-6273,9863 Park Rd,San Jose,CA,65309,USA
2511,Andrew,Perez,andrew.perez2511@hotmail.com,+1-551-689-9905,8806 Cedar St,San Diego,CA,67192,USA
2512,William,Nguyen,william.nguyen2512@outlook.com,+1-938-778-4828,2659 Maple St,Buffalo,NY,20600,USA
2513,Andrew,Lewis,andrew.lewis2513@outlook.com,+1-771-649-4990,7262 Main St,Springfield,IL,17880,USA
2514,Paul,Gonzalez,paul.gonzalez2514@outlook.com,+1-800-407-4386,2760 Park Rd,Albany,NY,10429,USA
2515,Matthew,Wilson,matthew.wilson2515@outlook.com,+1-849-560-8809,8640 Oak St,Houston,TX,21177,USA
2516,Amanda,Robinson,amanda.robinson2516@yahoo.com,+1-506-343-1801,4050 Main Rd,Aurora,IL,98375,USA
2517,John,Hernandez,john.hernandez2517@gmail.com,+1-711-346-2877,2395 Oak Blvd,Austin,TX,18184,USA
2518,Ashley,Thompson,ashley.thompson2518@hotmail.com,+1-799-454-5015,3760 Park Blvd,Savannah,GA,63436,USA
2519,Jennifer,Jones,jennifer.jones2519@gmail.com,+1-692-783-5602,6940 Maple St,Jacksonville,FL,96762,USA
2520,Lisa,Miller,lisa.miller2520@yahoo.com,+1-543-798-2514,2899 Park Blvd,Chicago,IL,56441,USA
2521,John,Davis,john.davis2521@gmail.com,+1-244-333-1898,373 Main Rd,Seattle,WA,97951,USA
2522,William,Sanchez,william.sanchez2522@yahoo.com,+1-980-629-7727,3064 Park St,Tacoma,WA,51278,USA
2523,Barbara,Garcia,barbara.garcia2523@gmail.com,+1-687-992-9694,2590 Oak Ave,Austin,TX,44578,USA
2524,Barbara,Jones,barbara.jones2524@yahoo.com,+1-517-581-2530,3106 Oak St,Buffalo,NY,43243,USA
2525,Elizabeth,Williams,elizabeth.williams2525@outlook.com,+1-263-400-3199,7989 Main Rd,Los Angeles,CA,33963,USA
2526,Joseph,Davis,joseph.davis2526@hotmail.com,+1-846-881-2233,3961 Oak Ave,Houston,TX,53283,USA
2527,Michelle,Smith,michelle.smith2527@gmail.com,+1-579-464-4872,1418 Pine Rd,Houston,TX,54090,USA
2528,Lisa,Perez,lisa.perez2528@yahoo.com,+1-951-892-7787,8827 Main Rd,Tucson,AZ,80751,USA
2529,Robert,Hernandez,robert.hernandez2529@hotmail.com,+1-937-784-4233,1846 Cedar Blvd,Tucson,AZ,25727,USA
2530,Joshua,Hernandez,joshua.hernandez2530@hotmail.com,+1-401-645-9166,5370 Maple Rd,New York,NY,95573,USA
2531,Linda,Sanchez,linda.sanchez2531@hotmail.com,+1-922-500-2211,2670 Park Rd,Atlanta,GA,58817,USA
2532,John,Williams,john.williams2532@gmail.com,+1-384-230-4897,1194 Park Blvd,San Diego,CA,19750,USA
2533,Nancy,Flores,nancy.flores2533@hotmail.com,+1-256-535-5879,4414 Main Ave,Tucson,AZ,42613,USA
2534,Mary,Wright,mary.wright2534@gmail.com,+1-998-712-2590,3609 Maple Blvd,Philadelphia,PA,95055,USA
2535,Elizabeth,Martin,elizabeth.martin2535@hotmail.com,+1-629-859-1794,6228 Park Ave,Boulder,CO,91510,USA
2536,Linda,Harris,linda.harris2536@outlook.com,+1-267-629-9322,460 Main St,Tacoma,WA,68238,USA
2537,Michael,Scott,michael.scott2537@yahoo.com,+1-239-961-8305,2056 Main Ave,San Jose,CA,43870,USA
2538,David,Lewis,david.lewis2538@gmail.com,+1-895-613-2241,8952 Cedar St,Augusta,GA,18511,USA
2539,John,Nguyen,john.nguyen2539@hotmail.com,+1-255-789-8968,4545 Maple Ave,Rochester,NY,81743,USA
2540,Mary,Walker,mary.walker2540@hotmail.com,+1-462-341-4032,2150 Park Ave,Houston,TX,17037,USA
2541,Jennifer,Harris,jennifer.harris2541@gmail.com,+1-745-952-1424,781 Park Blvd,Chicago,IL,87557,USA
2542,Linda,Flores,linda.flores2542@outlook.com,+1-529-635-7306,3230 Pine Ave,San Diego,CA,43010,USA
2543,Robert,Gonzalez,robert.gonzalez2543@outlook.com,+1-575-323-4253,6855 Main St,Houston,TX,44440,USA
2544,Patricia,Thomas,patricia.thomas2544@outlook.com,+1-330-521-7308,6628 Park Ave,Houston,TX,25166,USA
2545,Susan,Wright,susan.wright2545@outlook.com,+1-511-575-7819,7000 Main Blvd,Rochester,NY,21772,USA
2546,Paul,White,paul.white2546@hotmail.com,+1-481-371-5717,604 Oak Blvd,Rockford,IL,49713,USA
2547,Charles,Flores,charles.flores2547@gmail.com,+1-873-338-4587,7658 Park St,Athens,GA,25091,USA
2548,Charles,Johnson,charles.johnson2548@hotmail.com,+1-611-583-3079,8106 Oak Blvd,Buffalo,NY,42870,USA
2549,Elizabeth,Thompson,elizabeth.thompson2549@gmail.com,+1-453-287-4400,4978 Pine Blvd,Allentown,PA,55146,USA
2550,Paul,Allen,paul.allen2550@yahoo.com,+1-944-990-7307,2200 Cedar St,Denver,CO,10601,USA
2551,Anthony,Lee,anthony.lee2551@yahoo.com,+1-443-665-2318,7355 Oak Rd,Rochester,NY,52177,USA
2552,John,Rodriguez,john.rodriguez2552@outlook.com,+1-938-722-7840,2401 Maple Rd,Savannah,GA,58540,USA
2553,Steven,Taylor,steven.taylor2553@outlook.com,+1-785-889-9850,3464 Oak Ave,Pueblo,CO,75341,USA
2554,Ashley,Wright,ashley.wright2554@hotmail.com,+1-499-470-3995,9678 Park Blvd,Mesa,AZ,33626,USA
2555,James,Wright,james.wright2555@yahoo.com,+1-374-666-8445,9449 Maple Rd,San Diego,CA,51642,USA
2556,Amanda,Thomas,amanda.thomas2556@outlook.com,+1-219-630-2015,6275 Pine St,Springfield,IL,43858,USA
2557,Michael,Scott,michael.scott2557@yahoo.com,+1-568-745-3882,7931 Main Ave,Spokane,WA,87783,USA
2558,Joseph,Wilson,joseph.wilson2558@gmail.com,+1-394-406-8590,4750 Main Rd,Spokane,WA,95646,USA
2559,Nancy,Jackson,nancy.jackson2559@hotmail.com,+1-726-478-7838,7834 Pine Blvd,Tucson,AZ,98226,USA
2560,Sarah,Hill,sarah.hill2560@outlook.com,+1-403-350-2328,2928 Park Ave,Phoenix,AZ,52227,USA
2561,Thomas,Sanchez,thomas.sanchez2561@hotmail.com,+1-769-211-9283,1399 Main Blvd,San Jose,CA,37767,USA
2562,Linda,Lewis,linda.lewis2562@hotmail.com,+1-328-991-1497,3647 Pine Rd,Miami,FL,61582,USA
2563,William,Scott,william.scott2563@gmail.com,+1-718-728-2244,2888 Cedar Rd,San Jose,CA,81300,USA
2564,Mark,Taylor,mark.taylor2564@outlook.com,+1-804-970-9073,6550 Maple Blvd,Miami,FL,20554,USA
2565,Kimberly,Lee,kimberly.lee2565@hotmail.com,+1-262-308-2496,9959 Oak Rd,Buffalo,NY,16580,USA
2566,Linda,Johnson,linda.johnson2566@gmail.com,+1-306-944-8016,7983 Pine Ave,Dallas,TX,57350,USA
2567,Donna,Ramirez,donna.ramirez2567@outlook.com,+1-511-861-6041,8651 Maple St,Augusta,GA,14226,USA
2568,Elizabeth,Thomas,elizabeth.thomas2568@hotmail.com,+1-476-221-5099,2994 Main Blvd,Albany,NY,56420,USA
2569,Donna,Nguyen,donna.nguyen2569@gmail.com,+1-638-590-2064,6002 Cedar St,Austin,TX,86100,USA
2570,Nancy,Rodriguez,nancy.rodriguez2570@yahoo.com,+1-608-711-8160,2119 Pine Blvd,Albany,NY,69946,USA
2571,Mark,Thompson,mark.thompson2571@gmail.com,+1-445-274-9877,8732 Maple Blvd,San Antonio,TX,70557,USA
2572,David,Davis,david.davis2572@outlook.com,+1-628-806-3833,1994 Cedar St,Spokane,WA,89875,USA
2573,Donna,Rodriguez,donna.rodriguez2573@outlook.com,+1-813-506-6441,6974 Cedar Rd,San Diego,CA,33826,USA
2574,Susan,Scott,susan.scott2574@gmail.com,+1-341-672-6244,1845 Park Ave,San Francisco,CA,82045,USA
2575,Amanda,Walker,amanda.walker2575@yahoo.com,+1-883-602-6229,1580 Cedar Rd,San Antonio,TX,75037,USA
2576,Sarah,Brown,sarah.brown2576@gmail.com,+1-774-719-5509,1309 Cedar Ave,Jacksonville,FL,56861,USA
2577,Margaret,Jones,margaret.jones2577@gmail.com,+1-595-593-5727,6459 Park Blvd,Buffalo,NY,41901,USA
2578,Anthony,White,anthony.white2578@outlook.com,+1-232-216-1489,3097 Pine St,Los Angeles,CA,88264,USA
2579,Linda,Lopez,linda.lopez2579@gmail.com,+1-489-599-2492,9799 Cedar St,Spokane,WA,10208,USA
2580,Robert,Anderson,robert.anderson2580@hotmail.com,+1-238-439-8153,4494 Pine Ave,Chicago,IL,15902,USA
2581,Anthony,Lopez,anthony.lopez2581@gmail.com,+1-611-264-6286,4640 Cedar St,Savannah,GA,12982,USA
2582,Anthony,White,anthony.white2582@outlook.com,+1-882-993-8208,9890 Cedar Ave,Dallas,TX,68728,USA
2583,Thomas,Torres,thomas.torres2583@yahoo.com,+1-336-552-7841,6436 Park St,Dallas,TX,75274,USA
2584,Sandra,Lee,sandra.lee2584@yahoo.com,+1-590-499-8165,9706 Maple Ave,Pittsburgh,PA,69698,USA
2585,Nancy,Young,nancy.young2585@gmail.com,+1-295-226-4617,7247 Pine Blvd,San Jose,CA,78157,USA
2586,Anthony,Martin,anthony.martin2586@gmail.com,+1-640-321-7392,5151 Pine Ave,Colorado Springs,CO,23941,USA
2587,William,Thompson,william.thompson2587@outlook.com,+1-367-348-5121,1181 Pine Ave,Atlanta,GA,92058,USA
2588,Steven,Jones,steven.jones2588@hotmail.com,+1-659-377-1177,3809 Pine St,Miami,FL,29269,USA
2589,Steven,Rodriguez,steven.rodriguez2589@outlook.com,+1-688-966-6308,6763 Cedar Rd,Houston,TX,31672,USA
2590,Joshua,Wright,joshua.wright2590@yahoo.com,+1-756-420-9490,125 Park Ave,Colorado Springs,CO,36544,USA
2591,Nancy,Jackson,nancy.jackson2591@outlook.com,+1-225-983-3954,5221 Maple Rd,Los Angeles,CA,19946,USA
2592,Robert,White,robert.white2592@yahoo.com,+1-339-428-1280,1331 Oak St,Springfield,IL,47359,USA
2593,Paul,Nguyen,paul.nguyen2593@outlook.com,+1-670-514-5641,2460 Park St,Denver,CO,72509,USA
2594,Susan,Jackson,susan.jackson2594@yahoo.com,+1-826-424-6497,1557 Oak Blvd,Los Angeles,CA,83000,USA
2595,Sarah,Lopez,sarah.lopez2595@hotmail.com,+1-871-978-8285,9575 Cedar St,Mesa,AZ,87677,USA
2596,Patricia,Rodriguez,patricia.rodriguez2596@gmail.com,+1-843-363-8396,1149 Oak St,Tacoma,WA,66602,USA
2597,Anthony,Ramirez,anthony.ramirez2597@gmail.com,+1-673-583-2002,6509 Maple Ave,Dallas,TX,48869,USA
2598,David,Jones,david.jones2598@yahoo.com,+1-789-990-2614,7843 Pine Rd,Los Angeles,CA,65738,USA
2599,Kevin,Walker,kevin.walker2599@hotmail.com,+1-433-716-5299,1673 Cedar Blvd,Springfield,IL,52098,USA
2600,Amanda,Harris,amanda.harris2600@hotmail.com,+1-558-393-5840,6097 Cedar Blvd,San Francisco,CA,53161,USA
2601,Joshua,Thomas,joshua.thomas2601@outlook.com,+1-861-398-3074,2925 Maple Ave,Aurora,IL,91625,USA
2602,Charles,Lopez,charles.lopez2602@hotmail.com,+1-622-912-4952,7570 Pine Blvd,Dallas,TX,40919,USA
2603,Linda,Lee,linda.lee2603@outlook.com,+1-339-400-9245,1834 Cedar Rd,Chicago,IL,82116,USA
2604,Anthony,Lopez,anthony.lopez2604@yahoo.com,+1-559-449-2486,4749 Pine Blvd,Boulder,CO,88151,USA
2605,William,Hill,william.hill2605@yahoo.com,+1-261-757-6136,8331 Pine Rd,Los Angeles,CA,80649,USA
2606,Elizabeth,Lewis,elizabeth.lewis2606@gmail.com,+1-914-609-2613,1963 Cedar Rd,San Jose,CA,38570,USA
2607,James,Thompson,james.thompson2607@yahoo.com,+1-561-538-5964,3439 Cedar St,Springfield,IL,31579,USA
2608,Emily,Davis,emily.davis2608@outlook.com,+1-408-705-1380,3543 Oak St,Austin,TX,58740,USA
2609,Michelle,Sanchez,michelle.sanchez2609@yahoo.com,+1-354-889-4191,7655 Park St,New York,NY,25494,USA
2610,Brian,Perez,brian.perez2610@hotmail.com,+1-205-980-3465,3712 Pine Blvd,Colorado Springs,CO,73584,USA
2611,Steven,Young,steven.young2611@outlook.com,+1-751-280-7467,3824 Main Rd,Houston,TX,79951,USA
2612,Sarah,Taylor,sarah.taylor2612@yahoo.com,+1-469-654-3057,2392 Maple Ave,Los Angeles,CA,96931,USA
2613,Amanda,Wilson,amanda.wilson2613@outlook.com,+1-798-780-5740,2557 Pine St,Colorado Springs,CO,17402,USA
2614,Daniel,Young,daniel.young2614@yahoo.com,+1-213-599-8531,9135 Cedar St,Tempe,AZ,86136,USA
2615,Linda,Wright,linda.wright2615@outlook.com,+1-441-741-9755,5445 Maple Ave,Miami,FL,40137,USA
2616,Sarah,Rodriguez,sarah.rodriguez2616@hotmail.com,+1-685-254-7628,5443 Pine Rd,Spokane,WA,81832,USA
2617,Richard,Moore,richard.moore2617@outlook.com,+1-434-200-3108,690 Park Blvd,San Antonio,TX,53463,USA
2618,Susan,Lewis,susan.lewis2618@gmail.com,+1-493-864-1672,7242 Pine Ave,Allentown,PA,65233,USA
2619,Daniel,Smith,daniel.smith2619@hotmail.com,+1-877-477-4227,9912 Oak Ave,San Francisco,CA,50828,USA
2620,Mark,Williams,mark.williams2620@hotmail.com,+1-832-958-1941,4226 Cedar Rd,Tucson,AZ,75568,USA
2621,Linda,Lewis,linda.lewis2621@hotmail.com,+1-567-995-9970,7725 Main St,Tampa,FL,82613,USA
2622,Steven,Clark,steven.clark2622@hotmail.com,+1-208-531-9405,1442 Pine St,Colorado Springs,CO,56096,USA
2623,Linda,Davis,linda.davis2623@gmail.com,+1-441-669-1090,2040 Maple Blvd,New York,NY,48633,USA
2624,Kimberly,Martin,kimberly.martin2624@gmail.com,+1-204-818-8963,4702 Oak St,Dallas,TX,88424,USA
2625,Amanda,Williams,amanda.williams2625@yahoo.com,+1-245-627-6268,6499 Oak Rd,Colorado Springs,CO,86697,USA
2626,Emily,Sanchez,emily.sanchez2626@outlook.com,+1-723-521-7919,2592 Park Blvd,Spokane,WA,80753,USA
2627,Sandra,Allen,sandra.allen2627@outlook.com,+1-947-225-3894,8394 Maple Rd,Tucson,AZ,63608,USA
2628,Richard,Ramirez,richard.ramirez2628@outlook.com,+1-985-582-6838,5369 Cedar Rd,San Diego,CA,16516,USA
2629,Barbara,Smith,barbara.smith2629@yahoo.com,+1-308-624-6897,2810 Park Rd,Athens,GA,74667,USA
2630,Michael,Gonzalez,michael.gonzalez2630@hotmail.com,+1-484-374-6630,2216 Maple St,Mesa,AZ,11420,USA
2631,Karen,Ramirez,karen.ramirez2631@hotmail.com,+1-233-411-3820,759 Maple Blvd,Springfield,IL,11101,USA
2632,Mark,Miller,mark.miller2632@yahoo.com,+1-855-218-9162,9733 Park Ave,San Diego,CA,89593,USA
2633,Andrew,Martinez,andrew.martinez2633@hotmail.com,+1-889-247-3680,4371 Pine Rd,Los Angeles,CA,30757,USA
2634,Karen,Williams,karen.williams2634@yahoo.com,+1-360-270-8707,1237 Oak Blvd,Tucson,AZ,61000,USA
2635,Elizabeth,Thompson,elizabeth.thompson2635@outlook.com,+1-375-392-2510,4782 Main Blvd,Orlando,FL,83355,USA
2636,Barbara,Clark,barbara.clark2636@outlook.com,+1-917-256-1118,2490 Main Rd,San Francisco,CA,75255,USA
2637,Jessica,Clark,jessica.clark2637@outlook.com,+1-580-406-6983,4812 Pine Rd,Athens,GA,31404,USA
2638,Sandra,Garcia,sandra.garcia2638@gmail.com,+1-503-229-2255,5336 Main Rd,Savannah,GA,35090,USA
2639,Andrew,Clark,andrew.clark2639@outlook.com,+1-279-892-8380,8962 Oak Ave,Los Angeles,CA,96095,USA
2640,Joseph,Johnson,joseph.johnson2640@hotmail.com,+1-581-588-3995,6342 Pine Rd,Houston,TX,82566,USA
2641,Sandra,Wilson,sandra.wilson2641@hotmail.com,+1-291-252-8913,2413 Main St,Dallas,TX,14397,USA
2642,Amanda,Torres,amanda.torres2642@outlook.com,+1-353-384-4024,6872 Park Rd,Houston,TX,95112,USA
2643,Linda,Thompson,linda.thompson2643@gmail.com,+1-251-553-9328,2919 Cedar St,Los Angeles,CA,55155,USA
2644,Barbara,Lopez,barbara.lopez2644@outlook.com,+1-957-315-3346,9947 Park Ave,Colorado Springs,CO,91197,USA
2645,Nancy,Taylor,nancy.taylor2645@outlook.com,+1-650-947-8375,4538 Main St,Phoenix,AZ,57018,USA
2646,Nancy,Ramirez,nancy.ramirez2646@hotmail.com,+1-995-871-9237,3119 Maple St,Erie,PA,35484,USA
2647,Mary,Davis,mary.davis2647@hotmail.com,+1-668-794-1223,9878 Main St,San Antonio,TX,49702,USA
2648,Michael,Lewis,michael.lewis2648@yahoo.com,+1-675-895-8428,1320 Pine Rd,Boulder,CO,43520,USA
2649,Karen,Robinson,karen.robinson2649@hotmail.com,+1-818-598-9692,3515 Park Rd,Jacksonville,FL,58946,USA
2650,Mark,Torres,mark.torres2650@yahoo.com,+1-754-354-7240,5884 Main Blvd,Los Angeles,CA,87246,USA
2651,Amanda,Perez,amanda.perez2651@yahoo.com,+1-425-709-1176,8582 Pine Rd,Dallas,TX,21806,USA
2652,Mary,Robinson,mary.robinson2652@hotmail.com,+1-396-563-2403,1125 Park Ave,San Diego,CA,99221,USA
2653,Michelle,Torres,michelle.torres2653@yahoo.com,+1-873-511-4484,6482 Main Blvd,Austin,TX,84496,USA
2654,Matthew,Brown,matthew.brown2654@hotmail.com,+1-332-213-5037,1883 Main St,Aurora,IL,13094,USA
2655,Thomas,Brown,thomas.brown2655@yahoo.com,+1-946-323-8906,751 Maple Rd,San Antonio,TX,47080,USA
2656,Margaret,Jones,margaret.jones2656@hotmail.com,+1-901-956-5487,7685 Pine Ave,San Diego,CA,28894,USA
2657,David,Harris,david.harris2657@outlook.com,+1-224-577-2665,6139 Cedar Ave,Los Angeles,CA,94416,USA
2658,Joseph,Ramirez,joseph.ramirez2658@hotmail.com,+1-800-519-4231,9148 Cedar St,Allentown,PA,94240,USA
2659,Kimberly,Sanchez,kimberly.sanchez2659@yahoo.com,+1-997-307-6410,9290 Pine Rd,Tempe,AZ,11197,USA
2660,Anthony,White,anthony.white2660@hotmail.com,+1-595-635-6338,312 Main Ave,Spokane,WA,77803,USA
2661,Emily,Jones,emily.jones2661@gmail.com,+1-834-849-1653,1499 Park Blvd,Dallas,TX,78830,USA
2662,Steven,Flores,steven.flores2662@yahoo.com,+1-323-214-4464,345 Maple Blvd,Tucson,AZ,23053,USA
2663,Sandra,Allen,sandra.allen2663@gmail.com,+1-531-925-3428,6695 Park St,Philadelphia,PA,83725,USA
2664,Karen,Martin,karen.martin2664@gmail.com,+1-352-634-5672,901 Cedar Blvd,Springfield,IL,90033,USA
2665,John,Scott,john.scott2665@outlook.com,+1-295-974-2418,9345 Park St,San Francisco,CA,30212,USA
2666,Jessica,Thomas,jessica.thomas2666@gmail.com,+1-982-909-1458,4529 Main Blvd,Colorado Springs,CO,39945,USA
2667,Jennifer,Lee,jennifer.lee2667@yahoo.com,+1-320-248-5389,5701 Cedar Rd,San Diego,CA,67478,USA
2668,Charles,Wright,charles.wright2668@hotmail.com,+1-871-469-7497,3771 Main Rd,Tempe,AZ,58947,USA
2669,Charles,Garcia,charles.garcia2669@outlook.com,+1-496-917-8692,967 Oak St,Dallas,TX,50789,USA
2670,Elizabeth,Nguyen,elizabeth.nguyen2670@yahoo.com,+1-675-935-8699,1416 Maple Ave,Tacoma,WA,74453,USA
2671,William,White,william.white2671@gmail.com,+1-820-788-5228,8536 Maple Ave,Aurora,IL,56677,USA
2672,Amanda,Johnson,amanda.johnson2672@hotmail.com,+1-981-930-2404,4025 Oak Rd,Tampa,FL,84293,USA
2673,Lisa,Torres,lisa.torres2673@yahoo.com,+1-333-623-1441,1897 Main Rd,Buffalo,NY,76348,USA
2674,Sandra,Garcia,sandra.garcia2674@yahoo.com,+1-602-217-1799,8157 Main Ave,Miami,FL,55436,USA
2675,Lisa,Wright,lisa.wright2675@yahoo.com,+1-368-748-1845,2775 Park Blvd,Pittsburgh,PA,78670,USA
2676,Jessica,Robinson,jessica.robinson2676@gmail.com,+1-897-860-1168,7355 Main St,Rochester,NY,34168,USA
2677,Barbara,Thomas,barbara.thomas2677@yahoo.com,+1-938-566-3401,1363 Park Rd,Houston,TX,35536,USA
2678,John,Lee,john.lee2678@yahoo.com,+1-395-593-6104,1210 Pine Rd,San Francisco,CA,57509,USA
2679,Jennifer,Nguyen,jennifer.nguyen2679@outlook.com,+1-592-348-4043,7301 Pine St,Aurora,IL,62116,USA
2680,Linda,King,linda.king2680@gmail.com,+1-705-652-5874,1924 Park St,Seattle,WA,39439,USA
2681,Kimberly,Thompson,kimberly.thompson2681@gmail.com,+1-861-535-9524,4649 Main Rd,Miami,FL,12920,USA
2682,Margaret,Nguyen,margaret.nguyen2682@outlook.com,+1-396-487-4691,6833 Cedar Ave,Springfield,IL,12410,USA
2683,Mark,Lopez,mark.lopez2683@yahoo.com,+1-285-396-5827,9972 Main Ave,San Francisco,CA,29067,USA
2684,Michael,Hernandez,michael.hernandez2684@gmail.com,+1-533-844-4401,4202 Pine Rd,Pueblo,CO,71701,USA
2685,Elizabeth,Sanchez,elizabeth.sanchez2685@gmail.com,+1-459-972-1940,8571 Main Rd,Colorado Springs,CO,36123,USA
2686,Anthony,King,anthony.king2686@yahoo.com,+1-875-575-9769,9589 Park St,Miami,FL,14740,USA
2687,Joseph,Torres,joseph.torres2687@hotmail.com,+1-238-466-6484,2691 Cedar St,Tempe,AZ,58928,USA
2688,Daniel,Hill,daniel.hill2688@yahoo.com,+1-989-309-6679,1615 Cedar Rd,Pueblo,CO,97388,USA
2689,Karen,Scott,karen.scott2689@yahoo.com,+1-465-401-1265,4381 Oak Rd,Albany,NY,57992,USA
2690,Karen,White,karen.white2690@gmail.com,+1-317-530-1874,9172 Cedar Ave,Albany,NY,83937,USA
2691,Susan,Scott,susan.scott2691@gmail.com,+1-483-802-4808,2372 Cedar Ave,Miami,FL,83388,USA
2692,Patricia,Anderson,patricia.anderson2692@hotmail.com,+1-580-687-6864,3559 Main Ave,Tempe,AZ,70139,USA
2693,James,Brown,james.brown2693@outlook.com,+1-435-714-6342,1533 Main Rd,Jacksonville,FL,39843,USA
2694,Richard,Wilson,richard.wilson2694@outlook.com,+1-456-391-7437,7514 Main Ave,Phoenix,AZ,88726,USA
2695,Emily,Miller,emily.miller2695@gmail.com,+1-724-424-4911,4942 Oak St,Los Angeles,CA,53017,USA
2696,Linda,Walker,linda.walker2696@yahoo.com,+1-540-394-4287,9487 Oak Rd,Tampa,FL,32403,USA
2697,James,Miller,james.miller2697@outlook.com,+1-461-335-8561,2725 Main St,Pittsburgh,PA,96833,USA
2698,Patricia,Ramirez,patricia.ramirez2698@hotmail.com,+1-353-772-8515,7225 Cedar Blvd,Springfield,IL,65215,USA
2699,Donna,Hill,donna.hill2699@outlook.com,+1-426-378-1337,8111 Park St,Athens,GA,62290,USA
2700,Joseph,Scott,joseph.scott2700@outlook.com,+1-831-606-8889,6201 Oak St,Aurora,IL,48651,USA
2701,Kevin,Torres,kevin.torres2701@hotmail.com,+1-647-276-4993,1665 Main Blvd,Savannah,GA,92626,USA
2702,Patricia,Sanchez,patricia.sanchez2702@gmail.com,+1-881-360-5718,9088 Cedar Blvd,Austin,TX,66401,USA
2703,Robert,Smith,robert.smith2703@hotmail.com,+1-849-675-7246,5043 Cedar St,Colorado Springs,CO,20311,USA
2704,Michael,Gonzalez,michael.gonzalez2704@yahoo.com,+1-531-476-6698,867 Oak Ave,Tampa,FL,94897,USA
2705,Charles,Brown,charles.brown2705@outlook.com,+1-622-596-8538,8553 Main Blvd,Los Angeles,CA,48123,USA
2706,Charles,Young,charles.young2706@gmail.com,+1-480-988-4119,3675 Main Blvd,Buffalo,NY,91543,USA
2707,Linda,Garcia,linda.garcia2707@gmail.com,+1-431-903-1095,1597 Oak St,San Francisco,CA,87017,USA
2708,Matthew,Wright,matthew.wright2708@outlook.com,+1-666-773-8696,4643 Oak Blvd,Athens,GA,90462,USA
2709,Barbara,Thompson,barbara.thompson2709@gmail.com,+1-889-370-6239,6454 Maple Blvd,Erie,PA,34209,USA
2710,David,Harris,david.harris2710@yahoo.com,+1-835-748-7349,1089 Main Rd,San Diego,CA,41922,USA
2711,Sarah,Thompson,sarah.thompson2711@hotmail.com,+1-436-436-8800,4913 Oak Rd,Houston,TX,13865,USA
2712,David,Lee,david.lee2712@gmail.com,+1-848-226-5256,3533 Pine Blvd,Bellevue,WA,42037,USA
2713,Susan,Allen,susan.allen2713@outlook.com,+1-727-425-3615,1432 Pine Rd,New York,NY,94362,USA
2714,Joshua,Jones,joshua.jones2714@gmail.com,+1-659-883-4052,985 Oak Rd,Orlando,FL,40126,USA
2715,Paul,Perez,paul.perez2715@hotmail.com,+1-522-375-8421,2580 Pine Rd,Pittsburgh,PA,33333,USA
2716,Emily,Miller,emily.miller2716@hotmail.com,+1-924-480-8488,3534 Main Ave,New York,NY,84641,USA
2717,Mark,Miller,mark.miller2717@hotmail.com,+1-496-706-3929,891 Cedar Ave,Spokane,WA,28522,USA
2718,Michael,Torres,michael.torres2718@hotmail.com,+1-528-569-1107,8462 Cedar St,Aurora,IL,71210,USA
2719,Patricia,Thompson,patricia.thompson2719@outlook.com,+1-301-427-7352,651 Oak Ave,Philadelphia,PA,30746,USA
2720,Charles,Anderson,charles.anderson2720@gmail.com,+1-297-937-5253,7167 Pine St,Seattle,WA,22087,USA
2721,Karen,Perez,karen.perez2721@yahoo.com,+1-322-512-5666,9586 Park Blvd,Philadelphia,PA,66012,USA
2722,Ashley,Martin,ashley.martin2722@outlook.com,+1-879-876-3165,6631 Park Rd,Jacksonville,FL,34340,USA
2723,Susan,Lewis,susan.lewis2723@yahoo.com,+1-553-621-4475,8410 Park St,Austin,TX,24673,USA
2724,Ashley,Allen,ashley.allen2724@hotmail.com,+1-893-454-5836,2602 Maple Blvd,Los Angeles,CA,99161,USA
2725,Andrew,Martinez,andrew.martinez2725@hotmail.com,+1-463-721-9336,3890 Main Blvd,Houston,TX,25101,USA
2726,Jessica,Gonzalez,jessica.gonzalez2726@outlook.com,+1-696-642-6901,2087 Pine St,Colorado Springs,CO,39037,USA
2727,Richard,Martin,richard.martin2727@hotmail.com,+1-238-766-8119,7502 Park St,Atlanta,GA,52005,USA
2728,Jennifer,Anderson,jennifer.anderson2728@yahoo.com,+1-260-528-6564,9485 Pine Blvd,San Antonio,TX,27592,USA
2729,Margaret,Young,margaret.young2729@outlook.com,+1-365-660-4383,3679 Oak Blvd,Orlando,FL,45003,USA
2730,Michelle,Robinson,michelle.robinson2730@gmail.com,+1-642-497-8890,2567 Maple Ave,Atlanta,GA,94411,USA
2731,Lisa,Rodriguez,lisa.rodriguez2731@yahoo.com,+1-565-428-1369,9360 Pine Blvd,Denver,CO,28538,USA
2732,Paul,Lee,paul.lee2732@gmail.com,+1-273-818-5333,4224 Pine Rd,Philadelphia,PA,95262,USA
2733,Andrew,Torres,andrew.torres2733@hotmail.com,+1-248-388-4641,4396 Cedar Ave,Philadelphia,PA,33008,USA
2734,Joseph,Lewis,joseph.lewis2734@outlook.com,+1-888-664-3727,5609 Main Blvd,Rochester,NY,79619,USA
2735,Sarah,Lopez,sarah.lopez2735@yahoo.com,+1-282-522-8132,5772 Oak Ave,San Antonio,TX,39615,USA
2736,Amanda,Thompson,amanda.thompson2736@hotmail.com,+1-255-319-9693,8881 Park Ave,Pittsburgh,PA,37023,USA
2737,Michael,Martin,michael.martin2737@hotmail.com,+1-739-826-5859,827 Cedar Ave,Rockford,IL,20770,USA
2738,Lisa,Brown,lisa.brown2738@hotmail.com,+1-876-260-5045,8205 Pine Ave,Tacoma,WA,64706,USA
2739,Margaret,Rodriguez,margaret.rodriguez2739@hotmail.com,+1-589-272-8727,7420 Maple Blvd,Orlando,FL,22866,USA
2740,Steven,Clark,steven.clark2740@gmail.com,+1-437-801-1412,1708 Oak St,Tempe,AZ,70893,USA
2741,Joshua,Smith,joshua.smith2741@hotmail.com,+1-549-887-2827,9471 Pine St,San Francisco,CA,75709,USA
2742,Charles,Perez,charles.perez2742@gmail.com,+1-786-327-6694,8033 Maple Rd,Philadelphia,PA,12232,USA
2743,Jennifer,Thomas,jennifer.thomas2743@hotmail.com,+1-209-574-1142,7541 Main St,Orlando,FL,74820,USA
2744,Sarah,Rodriguez,sarah.rodriguez2744@outlook.com,+1-227-859-4803,7848 Cedar St,San Francisco,CA,37405,USA
2745,Richard,Young,richard.young2745@outlook.com,+1-473-473-6997,7476 Maple Ave,San Antonio,TX,79095,USA
2746,Charles,Gonzalez,charles.gonzalez2746@outlook.com,+1-202-964-9340,1641 Oak Blvd,Augusta,GA,19821,USA
2747,Barbara,Clark,barbara.clark2747@yahoo.com,+1-867-549-9685,9100 Main St,Pittsburgh,PA,65635,USA
2748,Linda,White,linda.white2748@outlook.com,+1-819-641-2210,2797 Park Blvd,Atlanta,GA,69097,USA
2749,Richard,Jones,richard.jones2749@outlook.com,+1-660-581-2309,266 Cedar Ave,Jacksonville,FL,85462,USA
2750,Paul,Perez,paul.perez2750@gmail.com,+1-425-475-1642,553 Cedar Rd,Miami,FL,57467,USA
2751,Karen,Jones,karen.jones2751@outlook.com,+1-721-559-1061,1638 Park Blvd,Athens,GA,29535,USA
2752,Michelle,Wilson,michelle.wilson2752@gmail.com,+1-650-888-8516,1589 Park Ave,Albany,NY,98303,USA
2753,Michelle,Perez,michelle.perez2753@yahoo.com,+1-318-441-7172,114 Pine Ave,Bellevue,WA,53931,USA
2754,Steven,Taylor,steven.taylor2754@yahoo.com,+1-685-936-2803,7501 Main Blvd,Houston,TX,50853,USA
2755,William,Robinson,william.robinson2755@yahoo.com,+1-541-233-9579,6844 Park Blvd,Jacksonville,FL,67323,USA
2756,Jennifer,Thompson,jennifer.thompson2756@hotmail.com,+1-409-923-4068,1608 Park St,Savannah,GA,47431,USA
2757,Elizabeth,King,elizabeth.king2757@outlook.com,+1-215-787-5010,3382 Main Rd,Seattle,WA,18936,USA
2758,Ashley,Rodriguez,ashley.rodriguez2758@gmail.com,+1-958-467-9711,3584 Pine Rd,Springfield,IL,31049,USA
2759,James,Garcia,james.garcia2759@outlook.com,+1-505-784-1734,3828 Park Rd,Houston,TX,72855,USA
2760,Emily,Lee,emily.lee2760@yahoo.com,+1-445-658-3602,5513 Pine Ave,New York,NY,53088,USA
2761,Charles,Jackson,charles.jackson2761@outlook.com,+1-973-553-5297,7997 Cedar Rd,Atlanta,GA,27459,USA
2762,Patricia,Anderson,patricia.anderson2762@yahoo.com,+1-332-469-5168,8314 Main Blvd,Chicago,IL,54757,USA
2763,Sarah,Moore,sarah.moore2763@gmail.com,+1-569-668-9109,7816 Park Ave,Austin,TX,66114,USA
2764,Linda,Rodriguez,linda.rodriguez2764@yahoo.com,+1-201-778-4416,8967 Park Blvd,Philadelphia,PA,27327,USA
2765,Linda,King,linda.king2765@outlook.com,+1-907-795-8752,4979 Park Blvd,San Diego,CA,96562,USA
2766,Linda,Brown,linda.brown2766@hotmail.com,+1-831-519-3146,2303 Pine Blvd,Erie,PA,75210,USA
2767,Patricia,Brown,patricia.brown2767@yahoo.com,+1-306-299-7750,8867 Maple Blvd,Dallas,TX,49861,USA
2768,Emily,Moore,emily.moore2768@outlook.com,+1-994-944-1300,2367 Main Rd,Albany,NY,25239,USA
2769,Amanda,Rodriguez,amanda.rodriguez2769@outlook.com,+1-867-908-7917,2849 Park Ave,Houston,TX,57463,USA
2770,Lisa,Anderson,lisa.anderson2770@gmail.com,+1-939-301-5485,4936 Pine Rd,San Antonio,TX,81704,USA
2771,Patricia,Wilson,patricia.wilson2771@gmail.com,+1-309-294-5889,1440 Maple Rd,Los Angeles,CA,69772,USA
2772,Thomas,Scott,thomas.scott2772@hotmail.com,+1-863-497-2212,2583 Maple Rd,Dallas,TX,42985,USA
2773,Emily,Walker,emily.walker2773@gmail.com,+1-584-354-2893,917 Maple Rd,Tampa,FL,11580,USA
2774,Andrew,Hill,andrew.hill2774@outlook.com,+1-243-681-2187,8211 Pine Blvd,Tacoma,WA,14784,USA
2775,David,Rodriguez,david.rodriguez2775@outlook.com,+1-435-805-7379,5481 Oak St,Savannah,GA,24403,USA
2776,Karen,Walker,karen.walker2776@yahoo.com,+1-984-914-2488,3545 Maple Rd,Buffalo,NY,17014,USA
2777,Patricia,Robinson,patricia.robinson2777@yahoo.com,+1-481-297-9889,8257 Cedar Rd,Houston,TX,39754,USA
2778,Amanda,Lee,amanda.lee2778@yahoo.com,+1-346-518-9076,6417 Park Ave,Erie,PA,97748,USA
2779,Emily,Thomas,emily.thomas2779@gmail.com,+1-294-746-5718,3821 Oak St,Dallas,TX,34729,USA
2780,Barbara,Brown,barbara.brown2780@yahoo.com,+1-873-570-2072,6359 Main Rd,Springfield,IL,54091,USA
2781,Amanda,Lewis,amanda.lewis2781@gmail.com,+1-394-512-3288,365 Main Blvd,Mesa,AZ,24760,USA
2782,Michael,Allen,michael.allen2782@gmail.com,+1-458-970-5085,9793 Park St,Tampa,FL,51140,USA
2783,Mary,Wilson,mary.wilson2783@hotmail.com,+1-737-756-9246,9443 Cedar St,San Francisco,CA,63925,USA
2784,Brian,Miller,brian.miller2784@gmail.com,+1-496-285-4555,3912 Maple Rd,San Jose,CA,54845,USA
2785,Mark,Sanchez,mark.sanchez2785@hotmail.com,+1-913-620-2964,7868 Cedar Blvd,San Francisco,CA,75975,USA
2786,Charles,Wright,charles.wright2786@outlook.com,+1-383-928-6256,7543 Park Ave,Los Angeles,CA,49013,USA
2787,Jennifer,Scott,jennifer.scott2787@outlook.com,+1-524-931-1660,1703 Main Rd,Rochester,NY,43793,USA
2788,Matthew,Jones,matthew.jones2788@hotmail.com,+1-326-350-9208,9630 Cedar Ave,Tampa,FL,51330,USA
2789,Andrew,Jones,andrew.jones2789@hotmail.com,+1-932-541-5100,9643 Pine Rd,San Jose,CA,63928,USA
2790,Sandra,Martinez,sandra.martinez2790@yahoo.com,+1-707-872-9626,6961 Cedar Ave,Albany,NY,99514,USA
2791,Joshua,Lewis,joshua.lewis2791@hotmail.com,+1-248-972-2278,5775 Maple Rd,Orlando,FL,25303,USA
2792,Mark,Brown,mark.brown2792@gmail.com,+1-549-513-5828,8884 Oak Ave,Philadelphia,PA,75674,USA
2793,Brian,Jackson,brian.jackson2793@hotmail.com,+1-941-334-7621,3519 Cedar St,Dallas,TX,45017,USA
2794,Charles,Williams,charles.williams2794@gmail.com,+1-719-699-1287,5878 Oak Blvd,Orlando,FL,89709,USA
2795,Anthony,Johnson,anthony.johnson2795@gmail.com,+1-763-468-2294,5724 Park Rd,Rochester,NY,94175,USA
2796,David,Thompson,david.thompson2796@hotmail.com,+1-552-703-6708,6889 Maple Rd,New York,NY,62382,USA
2797,Mary,Anderson,mary.anderson2797@gmail.com,+1-813-388-2211,2486 Pine St,Buffalo,NY,18668,USA
2798,Sandra,Brown,sandra.brown2798@outlook.com,+1-911-446-3509,6328 Park Ave,Los Angeles,CA,38364,USA
2799,Kevin,Williams,kevin.williams2799@hotmail.com,+1-927-833-7493,2201 Cedar Rd,Pittsburgh,PA,19901,USA
2800,Joshua,Martinez,joshua.martinez2800@gmail.com,+1-318-391-9182,3274 Maple Rd,Tucson,AZ,37056,USA
2801,Nancy,Moore,nancy.moore2801@hotmail.com,+1-338-475-8699,8106 Maple Rd,Allentown,PA,47001,USA
2802,Jessica,Walker,jessica.walker2802@yahoo.com,+1-997-901-4211,1947 Maple Rd,Savannah,GA,23696,USA
2803,Anthony,Martin,anthony.martin2803@outlook.com,+1-283-553-4825,1882 Main Rd,Dallas,TX,48210,USA
2804,Elizabeth,Harris,elizabeth.harris2804@gmail.com,+1-708-363-2474,1002 Park Blvd,Rochester,NY,54589,USA
2805,Sarah,Sanchez,sarah.sanchez2805@hotmail.com,+1-467-750-6103,7533 Oak St,Tampa,FL,69190,USA
2806,Brian,Thomas,brian.thomas2806@gmail.com,+1-655-950-9595,343 Oak Rd,Houston,TX,78392,USA
2807,Kevin,Lee,kevin.lee2807@hotmail.com,+1-374-848-3653,4431 Park Ave,Savannah,GA,99763,USA
2808,Ashley,Scott,ashley.scott2808@outlook.com,+1-742-308-4589,9663 Cedar St,Colorado Springs,CO,25230,USA
2809,David,Thompson,david.thompson2809@yahoo.com,+1-694-361-8826,9172 Cedar Ave,Springfield,IL,40313,USA
2810,Ashley,Scott,ashley.scott2810@gmail.com,+1-930-750-7281,6240 Maple Blvd,Tampa,FL,68674,USA
2811,Barbara,Lee,barbara.lee2811@hotmail.com,+1-948-694-2496,6770 Main Rd,New York,NY,60543,USA
2812,Karen,Brown,karen.brown2812@yahoo.com,+1-230-776-7766,9600 Cedar St,Orlando,FL,67376,USA
2813,Kevin,Jackson,kevin.jackson2813@hotmail.com,+1-540-778-8788,179 Park Rd,Houston,TX,88078,USA
2814,Lisa,Taylor,lisa.taylor2814@gmail.com,+1-924-788-2426,8183 Cedar Ave,Mesa,AZ,53588,USA
2815,Mark,Scott,mark.scott2815@hotmail.com,+1-557-303-6155,9225 Park Ave,Mesa,AZ,28163,USA
2816,Richard,White,richard.white2816@yahoo.com,+1-791-735-7085,9194 Oak Blvd,Houston,TX,45131,USA
2817,Lisa,Davis,lisa.davis2817@gmail.com,+1-925-589-1377,8667 Cedar Rd,Aurora,IL,63384,USA
2818,Steven,Moore,steven.moore2818@outlook.com,+1-202-503-2765,8465 Cedar St,Springfield,IL,70425,USA
2819,Kevin,Thompson,kevin.thompson2819@hotmail.com,+1-542-693-7627,9569 Pine Ave,Jacksonville,FL,30115,USA
2820,William,Allen,william.allen2820@hotmail.com,+1-722-495-9971,354 Park Ave,San Francisco,CA,55887,USA
2821,Karen,Hill,karen.hill2821@hotmail.com,+1-642-330-6498,2233 Cedar Blvd,Seattle,WA,39399,USA
2822,Patricia,King,patricia.king2822@gmail.com,+1-314-772-7119,279 Pine Ave,Dallas,TX,38086,USA
2823,Emily,Scott,emily.scott2823@gmail.com,+1-825-449-2103,7682 Main Rd,Erie,PA,89514,USA
2824,James,Young,james.young2824@outlook.com,+1-219-515-9392,1929 Cedar Blvd,Allentown,PA,10188,USA
2825,Paul,Wilson,paul.wilson2825@yahoo.com,+1-955-782-8285,252 Maple Ave,San Diego,CA,95320,USA
2826,Barbara,Sanchez,barbara.sanchez2826@yahoo.com,+1-810-891-7453,3059 Oak Ave,Tampa,FL,80675,USA
2827,Michelle,Clark,michelle.clark2827@yahoo.com,+1-383-418-7754,8628 Park Rd,San Francisco,CA,27639,USA
2828,Kimberly,Sanchez,kimberly.sanchez2828@yahoo.com,+1-701-874-4576,2057 Maple Ave,Austin,TX,13276,USA
2829,Charles,Taylor,charles.taylor2829@hotmail.com,+1-789-303-7047,9197 Maple St,San Francisco,CA,11089,USA
2830,Lisa,Hill,lisa.hill2830@outlook.com,+1-577-681-5303,5665 Oak Blvd,Philadelphia,PA,81796,USA
2831,Steven,Scott,steven.scott2831@hotmail.com,+1-235-232-8730,9699 Oak Blvd,Orlando,FL,55514,USA
2832,Joseph,Davis,joseph.davis2832@outlook.com,+1-404-566-7882,3801 Pine Blvd,Rochester,NY,51848,USA
2833,Barbara,Thompson,barbara.thompson2833@hotmail.com,+1-894-894-2592,4795 Maple Blvd,Houston,TX,90521,USA
2834,Paul,Rodriguez,paul.rodriguez2834@hotmail.com,+1-426-673-7221,3028 Park Rd,Austin,TX,68978,USA
2835,Donna,Brown,donna.brown2835@gmail.com,+1-218-258-6027,7224 Maple Rd,San Antonio,TX,38521,USA
2836,Donna,Davis,donna.davis2836@outlook.com,+1-342-769-6103,3236 Cedar Blvd,San Francisco,CA,78753,USA
2837,Susan,Martin,susan.martin2837@hotmail.com,+1-714-348-7115,4077 Maple Blvd,Orlando,FL,38295,USA
2838,Karen,Ramirez,karen.ramirez2838@hotmail.com,+1-302-913-8200,1097 Pine Blvd,Buffalo,NY,74182,USA
2839,Linda,Ramirez,linda.ramirez2839@gmail.com,+1-733-779-6625,1032 Pine Ave,Dallas,TX,97173,USA
2840,Nancy,Jones,nancy.jones2840@outlook.com,+1-836-664-2394,1227 Oak Rd,Boulder,CO,75523,USA
2841,David,Wilson,david.wilson2841@yahoo.com,+1-620-490-1252,9626 Maple Blvd,Colorado Springs,CO,82428,USA
2842,Thomas,Rodriguez,thomas.rodriguez2842@hotmail.com,+1-231-360-5568,4024 Oak St,Aurora,IL,78498,USA
2843,James,Jackson,james.jackson2843@yahoo.com,+1-482-823-6731,2128 Main Blvd,Houston,TX,44094,USA
2844,Barbara,Perez,barbara.perez2844@hotmail.com,+1-874-230-1134,9277 Main Rd,San Jose,CA,52433,USA
2845,William,Thompson,william.thompson2845@hotmail.com,+1-455-535-2431,7331 Maple Rd,San Francisco,CA,73057,USA
2846,Charles,Thomas,charles.thomas2846@outlook.com,+1-735-865-4525,9613 Cedar St,Dallas,TX,82923,USA
2847,Michael,Hill,michael.hill2847@gmail.com,+1-273-692-9743,1271 Maple Ave,Rochester,NY,41523,USA
2848,Kevin,Williams,kevin.williams2848@yahoo.com,+1-748-951-3312,7602 Park Rd,Erie,PA,76181,USA
2849,Mary,Hernandez,mary.hernandez2849@hotmail.com,+1-290-584-8300,9636 Main Ave,Atlanta,GA,43422,USA
2850,Joseph,Martin,joseph.martin2850@hotmail.com,+1-876-419-7816,9894 Cedar St,San Jose,CA,21225,USA
2851,Barbara,Lewis,barbara.lewis2851@yahoo.com,+1-240-611-7763,8552 Maple Blvd,Los Angeles,CA,68228,USA
2852,Matthew,Jackson,matthew.jackson2852@gmail.com,+1-312-448-4395,4372 Oak Rd,Colorado Springs,CO,86863,USA
2853,Jessica,Jones,jessica.jones2853@hotmail.com,+1-268-260-4679,995 Pine Rd,Chicago,IL,91691,USA
2854,Susan,Allen,susan.allen2854@hotmail.com,+1-299-869-8152,7068 Maple Rd,Tempe,AZ,43414,USA
2855,Donna,Smith,donna.smith2855@yahoo.com,+1-809-359-9879,4654 Park Ave,Bellevue,WA,92850,USA
2856,Donna,Brown,donna.brown2856@outlook.com,+1-639-970-1022,2027 Park Ave,Philadelphia,PA,75352,USA
2857,Susan,Brown,susan.brown2857@hotmail.com,+1-941-913-3515,400 Maple Blvd,San Jose,CA,19774,USA
2858,Ashley,Smith,ashley.smith2858@gmail.com,+1-600-310-4376,5799 Oak Ave,Augusta,GA,18318,USA
2859,Emily,Wright,emily.wright2859@outlook.com,+1-279-963-2424,173 Cedar Ave,Miami,FL,30419,USA
2860,Emily,Torres,emily.torres2860@yahoo.com,+1-302-486-1191,7914 Maple Rd,San Jose,CA,64860,USA
2861,Amanda,Lopez,amanda.lopez2861@outlook.com,+1-382-471-4859,711 Main Blvd,San Francisco,CA,33471,USA
2862,Steven,Wilson,steven.wilson2862@gmail.com,+1-540-309-8134,7119 Cedar Blvd,San Francisco,CA,82258,USA
2863,Emily,Sanchez,emily.sanchez2863@outlook.com,+1-824-683-3329,2606 Cedar Blvd,Pueblo,CO,41157,USA
2864,Thomas,Miller,thomas.miller2864@yahoo.com,+1-457-699-6031,1055 Park Blvd,San Antonio,TX,72458,USA
2865,Thomas,Thompson,thomas.thompson2865@hotmail.com,+1-978-883-8855,5940 Maple St,Los Angeles,CA,75251,USA
2866,Nancy,Rodriguez,nancy.rodriguez2866@yahoo.com,+1-755-696-7835,9949 Cedar Ave,Tampa,FL,18695,USA
2867,Charles,Hernandez,charles.hernandez2867@hotmail.com,+1-492-304-8097,1508 Maple Blvd,Springfield,IL,50205,USA
2868,Richard,Nguyen,richard.nguyen2868@gmail.com,+1-219-710-6153,9839 Oak Ave,Aurora,IL,61813,USA
2869,Nancy,Rodriguez,nancy.rodriguez2869@outlook.com,+1-896-653-1389,1814 Cedar Blvd,Springfield,IL,44802,USA
2870,Robert,Hernandez,robert.hernandez2870@outlook.com,+1-598-512-8034,2702 Cedar Ave,San Antonio,TX,37645,USA
2871,Daniel,Brown,daniel.brown2871@hotmail.com,+1-385-229-7820,4007 Oak Blvd,Erie,PA,44696,USA
2872,Charles,Robinson,charles.robinson2872@outlook.com,+1-629-206-9604,566 Main Ave,Athens,GA,28857,USA
2873,Mary,White,mary.white2873@outlook.com,+1-560-931-4305,7705 Maple Ave,Mesa,AZ,59243,USA
2874,Nancy,Anderson,nancy.anderson2874@hotmail.com,+1-692-613-4616,7608 Main Rd,Tacoma,WA,94026,USA
2875,Joshua,Moore,joshua.moore2875@hotmail.com,+1-945-451-9948,7602 Oak St,Erie,PA,22684,USA
2876,Nancy,Miller,nancy.miller2876@yahoo.com,+1-422-522-8386,6640 Pine Rd,Allentown,PA,91016,USA
2877,Susan,Martinez,susan.martinez2877@hotmail.com,+1-309-458-7134,1880 Maple Blvd,Allentown,PA,99742,USA
2878,John,White,john.white2878@yahoo.com,+1-436-527-2824,8467 Oak St,Athens,GA,49435,USA
2879,Mark,Miller,mark.miller2879@yahoo.com,+1-719-920-9405,1467 Park Ave,Los Angeles,CA,74880,USA
2880,Joshua,Nguyen,joshua.nguyen2880@hotmail.com,+1-780-779-7990,149 Maple St,San Francisco,CA,41051,USA
2881,Susan,Harris,susan.harris2881@gmail.com,+1-708-764-6287,3541 Oak Rd,Aurora,IL,54877,USA
2882,Linda,Johnson,linda.johnson2882@yahoo.com,+1-251-717-2564,4690 Cedar Rd,Tampa,FL,86871,USA
2883,Emily,Robinson,emily.robinson2883@gmail.com,+1-578-799-1549,1646 Main Rd,Aurora,IL,73157,USA
2884,Daniel,Taylor,daniel.taylor2884@hotmail.com,+1-992-548-4401,9348 Cedar Rd,San Diego,CA,69924,USA
2885,Michelle,Jackson,michelle.jackson2885@hotmail.com,+1-875-758-2417,3266 Park St,Athens,GA,75468,USA
2886,Matthew,Martin,matthew.martin2886@yahoo.com,+1-866-550-1355,4984 Cedar St,Colorado Springs,CO,51163,USA
2887,Nancy,Jones,nancy.jones2887@yahoo.com,+1-468-585-9771,7033 Pine Rd,Allentown,PA,70854,USA
2888,Linda,Lee,linda.lee2888@yahoo.com,+1-737-774-4885,3378 Cedar St,Houston,TX,94674,USA
2889,John,Nguyen,john.nguyen2889@hotmail.com,+1-988-608-9534,9866 Oak Rd,Tampa,FL,76952,USA
2890,Michelle,Smith,michelle.smith2890@yahoo.com,+1-722-561-4363,8948 Park Blvd,Orlando,FL,48710,USA
2891,Mary,King,mary.king2891@yahoo.com,+1-456-577-1149,5724 Oak Ave,Tampa,FL,83229,USA
2892,Michelle,Harris,michelle.harris2892@hotmail.com,+1-936-226-3527,3577 Pine Blvd,Allentown,PA,27582,USA
2893,Thomas,Robinson,thomas.robinson2893@hotmail.com,+1-227-566-1883,7956 Main Rd,Chicago,IL,17169,USA
2894,David,Williams,david.williams2894@hotmail.com,+1-520-719-9869,3474 Main Rd,Tempe,AZ,19700,USA
2895,Brian,Wright,brian.wright2895@yahoo.com,+1-801-598-1640,9996 Oak Ave,San Francisco,CA,18211,USA
2896,Robert,Johnson,robert.johnson2896@hotmail.com,+1-948-932-5378,9044 Main Rd,San Antonio,TX,86240,USA
2897,Linda,Robinson,linda.robinson2897@outlook.com,+1-325-988-9031,7331 Maple Rd,Tucson,AZ,25476,USA
2898,Kevin,Torres,kevin.torres2898@yahoo.com,+1-809-201-7935,6508 Oak Blvd,San Antonio,TX,48310,USA
2899,Kimberly,Moore,kimberly.moore2899@gmail.com,+1-733-875-2925,4324 Park St,Spokane,WA,24727,USA
2900,Joshua,Martin,joshua.martin2900@gmail.com,+1-671-509-8671,9416 Maple Ave,Augusta,GA,75768,USA
2901,Michelle,Young,michelle.young2901@yahoo.com,+1-605-377-4379,5546 Park Blvd,Athens,GA,18667,USA
2902,Joseph,Hill,joseph.hill2902@hotmail.com,+1-253-489-6064,9889 Park Blvd,Jacksonville,FL,38470,USA
2903,Nancy,Miller,nancy.miller2903@outlook.com,+1-628-231-3747,3782 Maple Ave,Orlando,FL,74620,USA
2904,Joshua,Scott,joshua.scott2904@yahoo.com,+1-497-986-8539,619 Maple Rd,Tampa,FL,76205,USA
2905,Lisa,Martinez,lisa.martinez2905@yahoo.com,+1-737-583-8130,6000 Pine St,Colorado Springs,CO,87100,USA
2906,Andrew,Perez,andrew.perez2906@gmail.com,+1-248-553-5548,7762 Main St,Atlanta,GA,58332,USA
2907,Joshua,Torres,joshua.torres2907@outlook.com,+1-558-263-5692,6272 Pine Ave,Phoenix,AZ,61210,USA
2908,Susan,Young,susan.young2908@gmail.com,+1-428-368-7112,7161 Main Blvd,Dallas,TX,98728,USA
2909,Sandra,Anderson,sandra.anderson2909@outlook.com,+1-222-488-2424,1499 Maple Blvd,Colorado Springs,CO,54165,USA
2910,Matthew,Walker,matthew.walker2910@yahoo.com,+1-284-916-7752,1621 Cedar Rd,Jacksonville,FL,88875,USA
2911,John,Scott,john.scott2911@gmail.com,+1-614-278-3207,2521 Park Blvd,Austin,TX,93525,USA
2912,Joshua,Scott,joshua.scott2912@outlook.com,+1-211-897-6490,5341 Park Ave,Pueblo,CO,81349,USA
2913,Sarah,Hill,sarah.hill2913@yahoo.com,+1-391-448-8355,5949 Cedar Ave,Tucson,AZ,97291,USA
2914,Margaret,Flores,margaret.flores2914@hotmail.com,+1-818-524-8799,8690 Cedar Rd,San Jose,CA,66818,USA
2915,Steven,Nguyen,steven.nguyen2915@outlook.com,+1-317-728-3431,3024 Pine Blvd,Springfield,IL,28207,USA
2916,Margaret,Perez,margaret.perez2916@hotmail.com,+1-835-687-6297,288 Park Rd,Los Angeles,CA,71241,USA
2917,Sandra,Young,sandra.young2917@outlook.com,+1-496-559-3846,7988 Maple Blvd,San Jose,CA,91984,USA
2918,Margaret,Harris,margaret.harris2918@yahoo.com,+1-855-571-5168,432 Pine St,Savannah,GA,11363,USA
2919,William,Clark,william.clark2919@yahoo.com,+1-949-391-6885,5085 Cedar St,Tucson,AZ,58347,USA
2920,Margaret,Brown,margaret.brown2920@gmail.com,+1-705-513-7398,6843 Oak St,Pittsburgh,PA,25417,USA
2921,David,Garcia,david.garcia2921@hotmail.com,+1-962-518-7132,2383 Main Ave,Jacksonville,FL,32821,USA
2922,David,Lewis,david.lewis2922@yahoo.com,+1-247-712-6223,8013 Maple Blvd,Dallas,TX,91282,USA
2923,Charles,Thompson,charles.thompson2923@yahoo.com,+1-600-804-6909,717 Cedar Rd,San Jose,CA,24797,USA
2924,Mary,Anderson,mary.anderson2924@outlook.com,+1-489-635-3492,1622 Pine Blvd,Houston,TX,47563,USA
2925,Nancy,Clark,nancy.clark2925@hotmail.com,+1-333-545-5139,2123 Maple Blvd,Los Angeles,CA,22848,USA
2926,Paul,King,paul.king2926@yahoo.com,+1-446-329-1601,9015 Park Rd,New York,NY,73739,USA
2927,Jennifer,White,jennifer.white2927@outlook.com,+1-611-526-6273,5650 Cedar Rd,Austin,TX,95778,USA
2928,Brian,Lopez,brian.lopez2928@outlook.com,+1-378-965-9269,2138 Maple Rd,New York,NY,19528,USA
2929,Linda,Nguyen,linda.nguyen2929@hotmail.com,+1-474-727-4004,8499 Oak St,Allentown,PA,51455,USA
2930,Ashley,Sanchez,ashley.sanchez2930@hotmail.com,+1-958-749-3546,8310 Maple Blvd,Tampa,FL,41948,USA
2931,Donna,Lewis,donna.lewis2931@yahoo.com,+1-773-664-4628,9854 Main Ave,Buffalo,NY,25753,USA
2932,Andrew,Rodriguez,andrew.rodriguez2932@hotmail.com,+1-758-214-7388,6289 Oak St,Los Angeles,CA,10308,USA
2933,Sarah,Scott,sarah.scott2933@outlook.com,+1-756-217-2285,4326 Oak St,Tucson,AZ,41762,USA
2934,Steven,Flores,steven.flores2934@outlook.com,+1-507-575-2159,1698 Oak St,Miami,FL,95976,USA
2935,Nancy,Walker,nancy.walker2935@gmail.com,+1-650-527-1789,7640 Pine Ave,Aurora,IL,35601,USA
2936,Linda,Flores,linda.flores2936@yahoo.com,+1-717-592-5892,6950 Pine Blvd,Buffalo,NY,97043,USA
2937,Jessica,Lee,jessica.lee2937@gmail.com,+1-761-280-5593,7444 Main Rd,Chicago,IL,15185,USA
2938,Michelle,Sanchez,michelle.sanchez2938@gmail.com,+1-784-398-3684,3584 Pine Ave,Los Angeles,CA,29661,USA
2939,Thomas,Gonzalez,thomas.gonzalez2939@gmail.com,+1-295-278-1791,7679 Cedar Rd,Dallas,TX,44471,USA
2940,David,Rodriguez,david.rodriguez2940@yahoo.com,+1-398-880-1453,3127 Pine Blvd,Austin,TX,28746,USA
2941,Matthew,Johnson,matthew.johnson2941@gmail.com,+1-648-369-5176,7782 Main Rd,Denver,CO,76549,USA
2942,Linda,Davis,linda.davis2942@yahoo.com,+1-404-753-1345,2641 Cedar Blvd,Buffalo,NY,74825,USA
2943,Susan,Walker,susan.walker2943@hotmail.com,+1-788-922-8793,969 Oak Ave,San Diego,CA,77458,USA
2944,Michelle,Perez,michelle.perez2944@yahoo.com,+1-749-926-6525,1672 Oak Blvd,Orlando,FL,43410,USA
2945,Andrew,Scott,andrew.scott2945@gmail.com,+1-200-869-7532,3316 Maple St,Houston,TX,78239,USA
2946,Susan,Wilson,susan.wilson2946@hotmail.com,+1-777-437-5389,5902 Main St,Austin,TX,57193,USA
2947,Amanda,Hernandez,amanda.hernandez2947@gmail.com,+1-819-376-9533,864 Park Blvd,Erie,PA,23287,USA
2948,Andrew,Walker,andrew.walker2948@gmail.com,+1-328-882-1416,8185 Cedar St,Rochester,NY,74724,USA
2949,Thomas,Hernandez,thomas.hernandez2949@outlook.com,+1-257-319-1491,8958 Oak Ave,Tucson,AZ,41314,USA
2950,Paul,Jackson,paul.jackson2950@gmail.com,+1-392-399-9660,817 Pine Blvd,Philadelphia,PA,65269,USA
2951,Michelle,Anderson,michelle.anderson2951@outlook.com,+1-519-420-7045,1242 Cedar Rd,Jacksonville,FL,29723,USA
2952,Elizabeth,Nguyen,elizabeth.nguyen2952@gmail.com,+1-833-550-6321,1624 Cedar Ave,San Antonio,TX,35734,USA
2953,Anthony,Young,anthony.young2953@yahoo.com,+1-993-885-1179,6014 Oak St,Orlando,FL,33836,USA
2954,David,Flores,david.flores2954@gmail.com,+1-319-961-2624,5011 Park Rd,Rochester,NY,47945,USA
2955,Lisa,Harris,lisa.harris2955@yahoo.com,+1-540-304-5416,6583 Cedar Blvd,Buffalo,NY,83434,USA
2956,Daniel,Jones,daniel.jones2956@yahoo.com,+1-643-953-4259,9908 Park St,Athens,GA,13731,USA
2957,Andrew,Williams,andrew.williams2957@hotmail.com,+1-754-426-1664,1624 Oak St,Miami,FL,27018,USA
2958,Jessica,Hill,jessica.hill2958@gmail.com,+1-544-405-4294,8856 Oak Blvd,San Francisco,CA,36350,USA
2959,Patricia,Taylor,patricia.taylor2959@gmail.com,+1-301-571-1313,8169 Pine Rd,Tampa,FL,11669,USA
2960,James,Robinson,james.robinson2960@gmail.com,+1-677-506-9487,5975 Main Blvd,San Francisco,CA,93790,USA
2961,Kimberly,Brown,kimberly.brown2961@gmail.com,+1-272-351-4650,101 Pine Rd,Phoenix,AZ,65433,USA
2962,Emily,Jones,emily.jones2962@outlook.com,+1-397-646-6311,4005 Maple Blvd,Tampa,FL,28058,USA
2963,Barbara,Taylor,barbara.taylor2963@yahoo.com,+1-742-977-8576,5804 Maple Rd,Buffalo,NY,41961,USA
2964,Anthony,Perez,anthony.perez2964@outlook.com,+1-829-501-4238,2643 Maple Rd,Los Angeles,CA,36792,USA
2965,Michael,Allen,michael.allen2965@hotmail.com,+1-346-645-6285,4187 Cedar Blvd,Boulder,CO,35301,USA
2966,Andrew,Sanchez,andrew.sanchez2966@hotmail.com,+1-745-549-7981,7586 Main Ave,Rockford,IL,98839,USA
2967,David,Clark,david.clark2967@hotmail.com,+1-848-704-7271,8893 Cedar Blvd,Colorado Springs,CO,47679,USA
2968,Matthew,Rodriguez,matthew.rodriguez2968@gmail.com,+1-951-968-4589,8248 Main Ave,Houston,TX,43845,USA
2969,Linda,Johnson,linda.johnson2969@outlook.com,+1-509-539-3830,8311 Pine Blvd,Los Angeles,CA,28699,USA
2970,Andrew,Sanchez,andrew.sanchez2970@outlook.com,+1-686-908-8924,9843 Cedar Ave,Allentown,PA,90798,USA
2971,William,Thomas,william.thomas2971@yahoo.com,+1-633-803-5290,4705 Oak Rd,Dallas,TX,55756,USA
2972,James,Young,james.young2972@gmail.com,+1-395-235-2115,9739 Main Blvd,Dallas,TX,13075,USA
2973,Robert,Scott,robert.scott2973@yahoo.com,+1-289-325-8010,788 Pine Blvd,Augusta,GA,58959,USA
2974,Charles,Torres,charles.torres2974@hotmail.com,+1-546-942-8360,7866 Main Blvd,Rockford,IL,75167,USA
2975,Kevin,King,kevin.king2975@hotmail.com,+1-671-470-1534,8708 Cedar Rd,Augusta,GA,24103,USA
2976,Jessica,Gonzalez,jessica.gonzalez2976@outlook.com,+1-310-223-3678,7853 Park Blvd,Rochester,NY,11983,USA
2977,Karen,Nguyen,karen.nguyen2977@gmail.com,+1-786-923-8065,5778 Cedar Blvd,New York,NY,70473,USA
2978,Mary,Gonzalez,mary.gonzalez2978@outlook.com,+1-661-556-3905,1619 Pine Rd,Orlando,FL,98179,USA
2979,Kimberly,Johnson,kimberly.johnson2979@hotmail.com,+1-676-346-9415,1888 Oak St,Atlanta,GA,36745,USA
2980,Kimberly,White,kimberly.white2980@outlook.com,+1-304-645-9286,6906 Pine Blvd,Boulder,CO,37805,USA
2981,Michelle,Hernandez,michelle.hernandez2981@outlook.com,+1-887-982-6238,9496 Pine Ave,Pittsburgh,PA,80966,USA
2982,Linda,Jones,linda.jones2982@yahoo.com,+1-785-906-7488,4672 Maple St,San Diego,CA,58503,USA
2983,Margaret,Young,margaret.young2983@hotmail.com,+1-532-301-4962,1260 Park Rd,Spokane,WA,96860,USA
2984,Steven,Taylor,steven.taylor2984@outlook.com,+1-877-800-6889,4689 Cedar Blvd,Albany,NY,84027,USA
2985,Anthony,Johnson,anthony.johnson2985@hotmail.com,+1-465-204-9991,6700 Maple Blvd,Rochester,NY,84197,USA
2986,Linda,Nguyen,linda.nguyen2986@yahoo.com,+1-426-376-9375,4251 Oak Rd,Jacksonville,FL,40895,USA
2987,Mark,Miller,mark.miller2987@outlook.com,+1-214-990-1240,4103 Park St,Jacksonville,FL,84120,USA
2988,Richard,Lopez,richard.lopez2988@outlook.com,+1-970-458-5915,7506 Cedar Blvd,Boulder,CO,32225,USA
2989,Anthony,Jones,anthony.jones2989@outlook.com,+1-817-509-2419,7760 Oak Blvd,San Francisco,CA,16024,USA
2990,Paul,Moore,paul.moore2990@outlook.com,+1-632-695-6137,8879 Cedar St,San Francisco,CA,93914,USA
2991,Barbara,Perez,barbara.perez2991@hotmail.com,+1-375-884-6053,5840 Main St,Rockford,IL,93385,USA
2992,Kevin,Hernandez,kevin.hernandez2992@yahoo.com,+1-345-357-3808,4761 Main Blvd,Savannah,GA,87742,USA
2993,Amanda,Garcia,amanda.garcia2993@gmail.com,+1-692-665-2595,9939 Oak Blvd,San Antonio,TX,75953,USA
2994,Daniel,Clark,daniel.clark2994@outlook.com,+1-233-376-4973,7792 Pine Rd,Pueblo,CO,32251,USA
2995,Patricia,Allen,patricia.allen2995@gmail.com,+1-995-207-3293,5614 Park Ave,Mesa,AZ,51623,USA
2996,Matthew,Johnson,matthew.johnson2996@gmail.com,+1-523-867-3621,1267 Main Blvd,Tucson,AZ,41880,USA
2997,Patricia,Anderson,patricia.anderson2997@yahoo.com,+1-715-748-8343,6191 Maple Blvd,Savannah,GA,71100,USA
2998,Ashley,Rodriguez,ashley.rodriguez2998@yahoo.com,+1-834-336-7543,6166 Main St,Buffalo,NY,55219,USA
2999,James,Thompson,james.thompson2999@outlook.com,+1-979-589-1795,7957 Pine Rd,Austin,TX,70963,USA
3000,Andrew,Harris,andrew.harris3000@gmail.com,+1-906-862-9544,6464 Cedar St,Tempe,AZ,39692,USA
3001,William,Hill,william.hill3001@gmail.com,+1-407-968-1581,5958 Main Blvd,San Antonio,TX,29381,USA
3002,Elizabeth,Thomas,elizabeth.thomas3002@outlook.com,+1-235-586-7158,5153 Cedar Blvd,San Francisco,CA,73381,USA
3003,Sarah,Wilson,sarah.wilson3003@outlook.com,+1-409-383-8814,4543 Main Rd,Rockford,IL,70374,USA
3004,Daniel,Brown,daniel.brown3004@hotmail.com,+1-222-932-5436,7851 Main Blvd,Phoenix,AZ,58255,USA
3005,Nancy,Davis,nancy.davis3005@hotmail.com,+1-253-884-7890,4005 Oak Ave,Mesa,AZ,34444,USA
3006,Linda,Allen,linda.allen3006@gmail.com,+1-267-586-8668,7845 Maple Ave,Colorado Springs,CO,60507,USA
3007,Sarah,Martin,sarah.martin3007@yahoo.com,+1-548-494-6862,925 Park Ave,San Antonio,TX,42262,USA
3008,Robert,Davis,robert.davis3008@hotmail.com,+1-828-591-9072,7416 Maple Ave,Jacksonville,FL,51570,USA
3009,Margaret,Rodriguez,margaret.rodriguez3009@yahoo.com,+1-975-682-5969,8204 Cedar Ave,Athens,GA,78222,USA
3010,Charles,Clark,charles.clark3010@outlook.com,+1-568-202-2360,8574 Oak Rd,New York,NY,44123,USA
3011,Robert,Clark,robert.clark3011@gmail.com,+1-875-984-2596,2623 Oak Rd,San Francisco,CA,37867,USA
3012,Richard,Lewis,richard.lewis3012@yahoo.com,+1-971-535-7982,1906 Main Ave,Colorado Springs,CO,58193,USA
3013,Susan,Walker,susan.walker3013@gmail.com,+1-426-455-5732,2171 Park St,Philadelphia,PA,54817,USA
3014,Richard,Rodriguez,richard.rodriguez3014@outlook.com,+1-610-776-7052,5229 Oak Blvd,Dallas,TX,65418,USA
3015,Lisa,Hernandez,lisa.hernandez3015@hotmail.com,+1-789-513-4190,172 Park Ave,Chicago,IL,61768,USA
3016,Paul,Taylor,paul.taylor3016@gmail.com,+1-473-330-5402,4504 Park Ave,Orlando,FL,23098,USA
3017,Jennifer,Young,jennifer.young3017@outlook.com,+1-602-956-5038,2445 Pine Rd,Erie,PA,28099,USA
3018,Nancy,Robinson,nancy.robinson3018@yahoo.com,+1-565-630-1810,3867 Oak Ave,Tampa,FL,80974,USA
3019,Kevin,Perez,kevin.perez3019@gmail.com,+1-918-830-4957,9633 Main Blvd,Jacksonville,FL,11891,USA
3020,Margaret,Lopez,margaret.lopez3020@hotmail.com,+1-515-657-6844,6646 Main St,Seattle,WA,70602,USA
3021,Mary,Young,mary.young3021@hotmail.com,+1-798-537-2006,9909 Park St,San Antonio,TX,69225,USA
3022,Thomas,Smith,thomas.smith3022@yahoo.com,+1-582-921-6037,5298 Maple St,Tampa,FL,11582,USA
3023,Kimberly,Scott,kimberly.scott3023@yahoo.com,+1-879-526-5890,7697 Main Rd,Miami,FL,51078,USA
3024,Matthew,Flores,matthew.flores3024@outlook.com,+1-261-534-9649,9219 Pine Ave,Dallas,TX,61134,USA
3025,Thomas,Brown,thomas.brown3025@gmail.com,+1-997-826-6062,5744 Oak St,San Diego,CA,55498,USA
3026,Michelle,Miller,michelle.miller3026@gmail.com,+1-595-471-8826,9949 Maple Rd,Tempe,AZ,41709,USA
3027,Joshua,Allen,joshua.allen3027@gmail.com,+1-922-911-8827,655 Maple Ave,Tempe,AZ,36653,USA
3028,Margaret,White,margaret.white3028@hotmail.com,+1-897-624-4384,7793 Main Rd,Tampa,FL,84992,USA
3029,James,Lewis,james.lewis3029@gmail.com,+1-551-641-4453,5219 Maple Blvd,Allentown,PA,44437,USA
3030,Michelle,Garcia,michelle.garcia3030@outlook.com,+1-424-991-2804,3673 Maple Rd,Denver,CO,58594,USA
3031,Emily,Hill,emily.hill3031@gmail.com,+1-769-762-3199,3168 Maple Rd,Pittsburgh,PA,83187,USA
3032,Jennifer,Allen,jennifer.allen3032@yahoo.com,+1-993-658-5190,3927 Park Rd,Allentown,PA,74963,USA
3033,Nancy,Davis,nancy.davis3033@yahoo.com,+1-663-674-3085,9134 Pine Blvd,Boulder,CO,89414,USA
3034,Ashley,Nguyen,ashley.nguyen3034@outlook.com,+1-680-482-4029,5029 Maple Ave,Los Angeles,CA,30239,USA
3035,Joshua,Smith,joshua.smith3035@outlook.com,+1-262-468-5762,1220 Main St,Los Angeles,CA,38874,USA
3036,David,Wright,david.wright3036@hotmail.com,+1-487-690-1615,4485 Pine Ave,San Francisco,CA,85800,USA
3037,Jennifer,Robinson,jennifer.robinson3037@yahoo.com,+1-945-357-5742,3303 Pine Ave,Phoenix,AZ,60143,USA
3038,Sarah,Hill,sarah.hill3038@gmail.com,+1-335-832-9542,7854 Pine Blvd,Houston,TX,96729,USA
3039,Linda,Sanchez,linda.sanchez3039@hotmail.com,+1-592-901-9687,6699 Park Rd,Rochester,NY,92191,USA
3040,Mary,Brown,mary.brown3040@gmail.com,+1-399-886-2847,6357 Oak St,Savannah,GA,20840,USA
3041,Sarah,Jackson,sarah.jackson3041@yahoo.com,+1-529-541-6687,8499 Park Ave,Savannah,GA,14434,USA
3042,Paul,Robinson,paul.robinson3042@gmail.com,+1-739-766-3151,7132 Pine St,Pittsburgh,PA,34862,USA
3043,Patricia,Miller,patricia.miller3043@gmail.com,+1-648-200-3347,4344 Pine Rd,Pueblo,CO,55809,USA
3044,Andrew,Jones,andrew.jones3044@gmail.com,+1-207-224-6471,3165 Oak Rd,Savannah,GA,27449,USA
3045,Michael,Clark,michael.clark3045@hotmail.com,+1-413-645-1213,4042 Oak St,San Diego,CA,67461,USA
3046,Susan,Jackson,susan.jackson3046@gmail.com,+1-759-537-5783,5428 Cedar Blvd,Philadelphia,PA,54127,USA
3047,Anthony,Miller,anthony.miller3047@outlook.com,+1-741-997-5366,1728 Park Rd,Los Angeles,CA,48177,USA
3048,Steven,Anderson,steven.anderson3048@yahoo.com,+1-660-268-8881,7121 Oak St,Houston,TX,85035,USA
3049,Steven,Clark,steven.clark3049@hotmail.com,+1-360-276-8291,2183 Maple Rd,Rockford,IL,67753,USA
3050,Jessica,Miller,jessica.miller3050@gmail.com,+1-683-890-6076,4142 Oak Ave,Allentown,PA,87174,USA
3051,Mark,Lee,mark.lee3051@outlook.com,+1-619-497-4795,1257 Oak St,Mesa,AZ,67698,USA
3052,Michelle,Thompson,michelle.thompson3052@hotmail.com,+1-377-815-1162,6331 Oak Blvd,Phoenix,AZ,31893,USA
3053,Susan,Davis,susan.davis3053@outlook.com,+1-338-416-4777,8972 Main St,Miami,FL,51364,USA
3054,Jessica,Harris,jessica.harris3054@hotmail.com,+1-311-325-7275,5965 Main St,Miami,FL,60542,USA
3055,Susan,Young,susan.young3055@hotmail.com,+1-203-802-1496,9962 Main Rd,Savannah,GA,26056,USA
3056,Amanda,Hernandez,amanda.hernandez3056@outlook.com,+1-772-832-6501,9192 Park Rd,San Antonio,TX,10233,USA
3057,Charles,Hill,charles.hill3057@gmail.com,+1-872-791-4178,2292 Pine St,Chicago,IL,54657,USA
3058,Kimberly,Moore,kimberly.moore3058@outlook.com,+1-517-467-4807,6255 Pine St,Pittsburgh,PA,12589,USA
3059,Matthew,Thomas,matthew.thomas3059@outlook.com,+1-307-481-7680,530 Maple Blvd,San Francisco,CA,64338,USA
3060,Steven,Nguyen,steven.nguyen3060@gmail.com,+1-756-271-8128,6342 Pine St,Philadelphia,PA,60413,USA
3061,Michael,Flores,michael.flores3061@hotmail.com,+1-804-399-3615,3919 Main St,New York,NY,51884,USA
3062,Kimberly,Allen,kimberly.allen3062@yahoo.com,+1-871-914-5546,5482 Pine Blvd,San Francisco,CA,46570,USA
3063,Jennifer,Gonzalez,jennifer.gonzalez3063@gmail.com,+1-819-432-3966,5108 Park St,Buffalo,NY,81538,USA
3064,John,White,john.white3064@gmail.com,+1-917-801-5671,1758 Pine Ave,Erie,PA,10160,USA
3065,Richard,Scott,richard.scott3065@hotmail.com,+1-517-591-7339,3978 Cedar Rd,San Diego,CA,65998,USA
3066,Richard,Brown,richard.brown3066@outlook.com,+1-386-539-5437,8964 Pine Rd,Aurora,IL,92020,USA
3067,Nancy,Martin,nancy.martin3067@gmail.com,+1-380-450-4500,7069 Main St,Boulder,CO,44058,USA
3068,Ashley,Torres,ashley.torres3068@hotmail.com,+1-784-421-2178,652 Cedar Blvd,San Diego,CA,74096,USA
3069,Paul,Hernandez,paul.hernandez3069@yahoo.com,+1-436-575-1577,3970 Pine Ave,Denver,CO,61938,USA
3070,Paul,Robinson,paul.robinson3070@outlook.com,+1-385-702-6174,2866 Oak Rd,Tempe,AZ,45858,USA
3071,Sandra,Smith,sandra.smith3071@gmail.com,+1-270-305-4744,6749 Pine Ave,Rochester,NY,59358,USA
3072,Anthony,White,anthony.white3072@outlook.com,+1-936-923-3264,4241 Cedar Rd,Athens,GA,41732,USA
3073,Amanda,Flores,amanda.flores3073@gmail.com,+1-662-282-8288,7725 Main St,San Diego,CA,15540,USA
3074,James,Brown,james.brown3074@hotmail.com,+1-835-747-8779,4614 Maple St,Augusta,GA,83306,USA
3075,Robert,Robinson,robert.robinson3075@outlook.com,+1-366-544-9390,239 Park St,Rochester,NY,14622,USA
3076,Brian,Hill,brian.hill3076@yahoo.com,+1-871-495-5881,4875 Oak Rd,Tacoma,WA,57354,USA
3077,Thomas,Walker,thomas.walker3077@yahoo.com,+1-791-369-6012,4722 Oak Rd,Orlando,FL,70706,USA
3078,Emily,Flores,emily.flores3078@gmail.com,+1-786-650-7695,434 Maple Blvd,San Jose,CA,82277,USA
3079,Steven,Martinez,steven.martinez3079@hotmail.com,+1-720-524-9038,9622 Oak Ave,Spokane,WA,77127,USA
3080,Emily,Hill,emily.hill3080@hotmail.com,+1-339-750-5305,6058 Oak Blvd,Colorado Springs,CO,21659,USA
3081,Emily,Lopez,emily.lopez3081@gmail.com,+1-660-325-9684,2835 Cedar St,Tacoma,WA,37583,USA
3082,Thomas,Flores,thomas.flores3082@hotmail.com,+1-699-822-5847,9933 Pine Ave,San Antonio,TX,14667,USA
3083,William,Williams,william.williams3083@outlook.com,+1-433-979-9559,2683 Maple Ave,Aurora,IL,96018,USA
3084,James,Wright,james.wright3084@hotmail.com,+1-377-235-3738,8160 Oak St,Aurora,IL,98811,USA
3085,Michael,Scott,michael.scott3085@yahoo.com,+1-423-836-5279,1247 Maple Rd,Dallas,TX,79327,USA
3086,Richard,Martin,richard.martin3086@hotmail.com,+1-393-903-7540,1717 Park Blvd,Pueblo,CO,41114,USA
3087,Mark,Young,mark.young3087@gmail.com,+1-841-892-1741,8059 Park Ave,Tucson,AZ,36980,USA
3088,Charles,Gonzalez,charles.gonzalez3088@gmail.com,+1-970-700-8194,5139 Maple St,Seattle,WA,50355,USA
3089,Kimberly,Allen,kimberly.allen3089@hotmail.com,+1-704-965-5003,5287 Oak St,San Jose,CA,49196,USA
3090,Thomas,Allen,thomas.allen3090@gmail.com,+1-724-330-3435,4043 Main Rd,Philadelphia,PA,96149,USA
3091,Jessica,Thompson,jessica.thompson3091@yahoo.com,+1-873-594-9272,375 Pine Ave,Orlando,FL,67507,USA
3092,Donna,Garcia,donna.garcia3092@outlook.com,+1-345-906-1043,5060 Cedar St,New York,NY,44307,USA
3093,Charles,Lewis,charles.lewis3093@gmail.com,+1-808-713-3032,8496 Pine St,Philadelphia,PA,41706,USA
3094,Elizabeth,Young,elizabeth.young3094@hotmail.com,+1-550-429-7477,339 Maple Blvd,Erie,PA,13909,USA
3095,Margaret,Lewis,margaret.lewis3095@yahoo.com,+1-933-344-5120,766 Cedar Rd,Chicago,IL,79262,USA
3096,Jessica,Williams,jessica.williams3096@yahoo.com,+1-647-594-6611,746 Main St,Spokane,WA,28259,USA
3097,Mary,Taylor,mary.taylor3097@gmail.com,+1-216-328-6594,3400 Cedar Blvd,Los Angeles,CA,39573,USA
3098,Lisa,Lee,lisa.lee3098@gmail.com,+1-257-391-3572,7236 Park St,Mesa,AZ,35286,USA
3099,Richard,Lewis,richard.lewis3099@gmail.com,+1-357-990-8059,9768 Pine Ave,Dallas,TX,80103,USA
3100,David,Wilson,david.wilson3100@yahoo.com,+1-512-216-3624,566 Main Blvd,San Francisco,CA,46081,USA
3101,Robert,Scott,robert.scott3101@gmail.com,+1-484-711-5575,3895 Cedar Rd,Miami,FL,67748,USA
3102,Jennifer,Scott,jennifer.scott3102@outlook.com,+1-478-802-8446,5395 Cedar Ave,Tempe,AZ,61228,USA
3103,David,Lewis,david.lewis3103@hotmail.com,+1-629-983-4761,6199 Park Rd,Los Angeles,CA,94558,USA
3104,John,Gonzalez,john.gonzalez3104@hotmail.com,+1-469-375-7235,9597 Maple St,Orlando,FL,55379,USA
3105,Margaret,Miller,margaret.miller3105@gmail.com,+1-230-920-4407,4111 Park Blvd,Athens,GA,17828,USA
3106,Sarah,Brown,sarah.brown3106@outlook.com,+1-670-495-8266,6975 Cedar Blvd,Tucson,AZ,15769,USA
3107,Sandra,Martin,sandra.martin3107@yahoo.com,+1-630-335-9220,8918 Oak St,Seattle,WA,56476,USA
3108,Joshua,Johnson,joshua.johnson3108@yahoo.com,+1-463-241-5262,1398 Oak St,San Jose,CA,79637,USA
3109,Jessica,Allen,jessica.allen3109@gmail.com,+1-956-971-2655,3274 Pine St,San Jose,CA,34734,USA
3110,Joshua,Miller,joshua.miller3110@gmail.com,+1-916-407-9348,8373 Maple Rd,Tampa,FL,63211,USA
3111,Steven,Johnson,steven.johnson3111@hotmail.com,+1-252-220-5797,2306 Pine St,San Antonio,TX,42922,USA
3112,Nancy,Hernandez,nancy.hernandez3112@hotmail.com,+1-215-367-7877,1120 Cedar Rd,Bellevue,WA,22357,USA
3113,Susan,Allen,susan.allen3113@yahoo.com,+1-611-445-3945,8194 Pine Blvd,Orlando,FL,27628,USA
3114,Susan,Young,susan.young3114@outlook.com,+1-245-973-1886,3678 Park St,Allentown,PA,21846,USA
3115,Kevin,Hill,kevin.hill3115@gmail.com,+1-474-458-7636,5515 Oak Blvd,Springfield,IL,29801,USA
3116,Linda,Nguyen,linda.nguyen3116@hotmail.com,+1-492-376-6704,9549 Oak St,Philadelphia,PA,99202,USA
3117,Elizabeth,Walker,elizabeth.walker3117@gmail.com,+1-348-799-8209,4680 Park Blvd,Phoenix,AZ,66670,USA
3118,Nancy,Jones,nancy.jones3118@outlook.com,+1-967-985-5740,7118 Cedar Ave,Orlando,FL,26051,USA
3119,Thomas,Perez,thomas.perez3119@outlook.com,+1-500-490-9426,376 Main Blvd,Austin,TX,20005,USA
3120,John,Scott,john.scott3120@outlook.com,+1-584-871-7689,9530 Cedar St,Tucson,AZ,34942,USA
3121,Emily,Ramirez,emily.ramirez3121@gmail.com,+1-241-470-6986,5219 Cedar Rd,Pueblo,CO,32066,USA
3122,Jessica,Clark,jessica.clark3122@hotmail.com,+1-872-935-5411,3214 Main Rd,San Antonio,TX,51533,USA
3123,Karen,Perez,karen.perez3123@outlook.com,+1-415-256-3307,3279 Cedar Rd,Bellevue,WA,30128,USA
3124,Daniel,Perez,daniel.perez3124@gmail.com,+1-645-921-3973,8990 Oak Rd,Tampa,FL,57560,USA
3125,William,Scott,william.scott3125@outlook.com,+1-852-292-4162,2134 Maple Ave,Albany,NY,93033,USA
3126,Lisa,Wright,lisa.wright3126@outlook.com,+1-471-239-8517,7850 Maple Ave,San Francisco,CA,40799,USA
3127,Amanda,Johnson,amanda.johnson3127@outlook.com,+1-448-828-5072,7020 Main Ave,Aurora,IL,42680,USA
3128,Elizabeth,Torres,elizabeth.torres3128@yahoo.com,+1-940-685-3729,1766 Park Blvd,New York,NY,81129,USA
3129,Patricia,Lee,patricia.lee3129@gmail.com,+1-942-531-7191,6552 Maple Blvd,Springfield,IL,24062,USA
3130,Matthew,Anderson,matthew.anderson3130@gmail.com,+1-892-893-1374,9726 Pine St,Orlando,FL,17325,USA
3131,Margaret,Johnson,margaret.johnson3131@gmail.com,+1-542-679-2306,3380 Oak Ave,San Antonio,TX,27388,USA
3132,Linda,Rodriguez,linda.rodriguez3132@outlook.com,+1-752-985-9171,6732 Maple Blvd,Pueblo,CO,77284,USA
3133,Mark,Flores,mark.flores3133@hotmail.com,+1-642-639-9798,2499 Maple Ave,San Jose,CA,91939,USA
3134,Matthew,Thompson,matthew.thompson3134@outlook.com,+1-949-245-3324,3226 Cedar Ave,Erie,PA,95994,USA
3135,Donna,Smith,donna.smith3135@yahoo.com,+1-851-262-7512,930 Pine St,Philadelphia,PA,59869,USA
3136,Lisa,Young,lisa.young3136@hotmail.com,+1-865-956-7956,8366 Park Blvd,San Jose,CA,50843,USA
3137,Lisa,Rodriguez,lisa.rodriguez3137@outlook.com,+1-482-996-8147,8184 Pine St,Houston,TX,96806,USA
3138,James,Hernandez,james.hernandez3138@gmail.com,+1-276-232-7096,4557 Oak Ave,Colorado Springs,CO,49085,USA
3139,Amanda,Martinez,amanda.martinez3139@gmail.com,+1-869-374-1228,8344 Pine Rd,Aurora,IL,14206,USA
3140,Joshua,Clark,joshua.clark3140@gmail.com,+1-304-451-3859,9945 Maple St,Rochester,NY,81788,USA
3141,Patricia,Robinson,patricia.robinson3141@outlook.com,+1-419-909-7427,6647 Oak Blvd,Tampa,FL,20776,USA
3142,Elizabeth,Moore,elizabeth.moore3142@hotmail.com,+1-962-383-6474,5196 Park Blvd,Tucson,AZ,60860,USA
3143,Anthony,Miller,anthony.miller3143@yahoo.com,+1-993-935-8480,6353 Maple St,Spokane,WA,84930,USA
3144,Sandra,Ramirez,sandra.ramirez3144@outlook.com,+1-646-998-4672,7412 Cedar St,Austin,TX,79817,USA
3145,Charles,Young,charles.young3145@yahoo.com,+1-646-676-9259,1671 Maple Blvd,Seattle,WA,38550,USA
3146,Brian,Martin,brian.martin3146@gmail.com,+1-918-494-8834,6798 Park St,Erie,PA,30506,USA
3147,Amanda,Martin,amanda.martin3147@gmail.com,+1-947-864-4187,4924 Maple Rd,Boulder,CO,13602,USA
3148,James,Davis,james.davis3148@outlook.com,+1-860-917-9072,7585 Oak Blvd,San Diego,CA,37021,USA
3149,Joshua,Jones,joshua.jones3149@outlook.com,+1-654-557-2916,9206 Park Ave,Dallas,TX,28005,USA
3150,Steven,Perez,steven.perez3150@hotmail.com,+1-359-410-4766,7958 Main St,Jacksonville,FL,57019,USA
3151,Brian,Anderson,brian.anderson3151@gmail.com,+1-918-846-4670,6267 Oak Rd,Albany,NY,26943,USA
3152,Emily,Hernandez,emily.hernandez3152@gmail.com,+1-864-894-7551,4136 Oak St,Denver,CO,82272,USA
3153,Michelle,Davis,michelle.davis3153@hotmail.com,+1-309-480-2398,6776 Cedar St,Los Angeles,CA,15266,USA
3154,Ashley,Ramirez,ashley.ramirez3154@outlook.com,+1-396-449-2986,2882 Cedar Blvd,Dallas,TX,71085,USA
3155,Charles,Williams,charles.williams3155@yahoo.com,+1-314-414-7623,2682 Cedar St,Jacksonville,FL,68304,USA
3156,Michelle,White,michelle.white3156@outlook.com,+1-791-935-5310,3636 Cedar Rd,Rochester,NY,12423,USA
3157,Sandra,Moore,sandra.moore3157@yahoo.com,+1-822-962-8449,8958 Park Blvd,Rochester,NY,91984,USA
3158,Andrew,Jackson,andrew.jackson3158@gmail.com,+1-797-269-3974,550 Park Blvd,Erie,PA,89544,USA
3159,Kimberly,Wilson,kimberly.wilson3159@hotmail.com,+1-416-779-2863,1894 Pine Ave,San Jose,CA,60561,USA
3160,Sandra,Thompson,sandra.thompson3160@outlook.com,+1-409-220-1020,6728 Main Rd,Philadelphia,PA,16033,USA
3161,John,Walker,john.walker3161@hotmail.com,+1-934-352-7978,1305 Cedar Ave,Orlando,FL,91947,USA
3162,Lisa,Young,lisa.young3162@hotmail.com,+1-819-790-7982,7786 Main Ave,San Diego,CA,27173,USA
3163,Kevin,Jones,kevin.jones3163@outlook.com,+1-569-533-1607,2649 Park Rd,Spokane,WA,58191,USA
3164,John,Gonzalez,john.gonzalez3164@hotmail.com,+1-255-665-6456,5233 Cedar St,San Jose,CA,19561,USA
3165,Sarah,King,sarah.king3165@gmail.com,+1-687-434-2133,296 Oak Ave,Albany,NY,52599,USA
3166,Steven,Miller,steven.miller3166@yahoo.com,+1-878-940-2674,9420 Maple Rd,San Jose,CA,12360,USA
3167,Ashley,Lee,ashley.lee3167@gmail.com,+1-802-685-5734,2437 Cedar Ave,Los Angeles,CA,52252,USA
3168,Margaret,White,margaret.white3168@hotmail.com,+1-408-494-7485,365 Cedar Blvd,Aurora,IL,28183,USA
3169,Ashley,Martinez,ashley.martinez3169@gmail.com,+1-438-636-3575,248 Main Rd,San Antonio,TX,34409,USA
3170,Margaret,White,margaret.white3170@outlook.com,+1-833-400-3664,6198 Cedar Blvd,San Diego,CA,85840,USA
3171,Barbara,Smith,barbara.smith3171@yahoo.com,+1-275-957-9130,1391 Pine Rd,Tempe,AZ,66015,USA
3172,Matthew,Taylor,matthew.taylor3172@hotmail.com,+1-777-549-8615,5478 Main St,San Diego,CA,77879,USA
3173,Daniel,Scott,daniel.scott3173@yahoo.com,+1-366-740-2194,5523 Main St,Augusta,GA,59702,USA
3174,Robert,Wilson,robert.wilson3174@yahoo.com,+1-467-949-6379,1483 Main Ave,Pueblo,CO,64968,USA
3175,Linda,Flores,linda.flores3175@outlook.com,+1-235-351-6501,7483 Park St,Augusta,GA,81252,USA
3176,Emily,Jackson,emily.jackson3176@outlook.com,+1-326-440-2333,5169 Maple Ave,San Francisco,CA,16002,USA
3177,Robert,Hill,robert.hill3177@outlook.com,+1-943-699-3372,8406 Park St,Augusta,GA,48193,USA
3178,William,Wilson,william.wilson3178@hotmail.com,+1-555-552-3811,4882 Main Ave,Austin,TX,27275,USA
3179,Patricia,Moore,patricia.moore3179@gmail.com,+1-320-313-5022,9742 Cedar Ave,Denver,CO,87832,USA
3180,Kimberly,Allen,kimberly.allen3180@outlook.com,+1-309-935-8957,5195 Maple St,Springfield,IL,53866,USA
3181,Jennifer,Nguyen,jennifer.nguyen3181@hotmail.com,+1-834-881-9231,3331 Pine St,Dallas,TX,82527,USA
3182,Elizabeth,Wright,elizabeth.wright3182@yahoo.com,+1-629-514-2620,736 Main Ave,Orlando,FL,20578,USA
3183,Andrew,Nguyen,andrew.nguyen3183@outlook.com,+1-932-226-8133,6219 Maple Ave,Los Angeles,CA,22846,USA
3184,Matthew,Thomas,matthew.thomas3184@yahoo.com,+1-516-634-5104,8665 Oak St,New York,NY,49682,USA
3185,Patricia,Gonzalez,patricia.gonzalez3185@yahoo.com,+1-560-803-3055,8229 Maple St,Colorado Springs,CO,28889,USA
3186,Charles,Smith,charles.smith3186@hotmail.com,+1-452-969-2860,7278 Oak Blvd,Seattle,WA,64572,USA
3187,Elizabeth,Allen,elizabeth.allen3187@yahoo.com,+1-747-762-5625,606 Pine St,Pueblo,CO,18286,USA
3188,Charles,Torres,charles.torres3188@gmail.com,+1-837-814-2411,5533 Main Blvd,Seattle,WA,17867,USA
3189,Jennifer,Torres,jennifer.torres3189@yahoo.com,+1-959-357-6346,1573 Maple Rd,Chicago,IL,93139,USA
3190,Lisa,White,lisa.white3190@yahoo.com,+1-784-929-7636,1813 Maple Blvd,Rockford,IL,70531,USA
3191,Donna,Scott,donna.scott3191@hotmail.com,+1-985-694-4569,1697 Maple St,Pittsburgh,PA,17299,USA
3192,Patricia,Brown,patricia.brown3192@yahoo.com,+1-337-815-1784,8386 Park Rd,Houston,TX,67892,USA
3193,Mary,Wilson,mary.wilson3193@outlook.com,+1-309-986-1787,1199 Cedar Blvd,San Diego,CA,93867,USA
3194,Kevin,Rodriguez,kevin.rodriguez3194@outlook.com,+1-488-289-8997,8674 Cedar St,Atlanta,GA,76377,USA
3195,Andrew,Lewis,andrew.lewis3195@gmail.com,+1-374-710-5178,6447 Pine St,Dallas,TX,67155,USA
3196,Michelle,Anderson,michelle.anderson3196@hotmail.com,+1-724-909-9401,2076 Maple Rd,Boulder,CO,88913,USA
3197,Kimberly,Martinez,kimberly.martinez3197@gmail.com,+1-916-994-9458,9248 Maple Blvd,Denver,CO,98626,USA
3198,Mary,Smith,mary.smith3198@gmail.com,+1-347-672-9789,9001 Maple Ave,Orlando,FL,30304,USA
3199,Kimberly,Gonzalez,kimberly.gonzalez3199@gmail.com,+1-590-959-4264,1840 Oak St,San Diego,CA,21387,USA
3200,Charles,Jackson,charles.jackson3200@gmail.com,+1-877-527-9249,2647 Pine Ave,Rockford,IL,66554,USA
3201,Brian,Clark,brian.clark3201@gmail.com,+1-537-957-9592,5605 Park Blvd,Springfield,IL,82260,USA
3202,Thomas,Young,thomas.young3202@gmail.com,+1-421-254-5476,6578 Main Rd,Orlando,FL,24831,USA
3203,Kimberly,Jones,kimberly.jones3203@yahoo.com,+1-690-700-4877,6375 Maple Blvd,Pittsburgh,PA,45375,USA
3204,Joshua,Sanchez,joshua.sanchez3204@yahoo.com,+1-726-840-8297,2565 Park Rd,Chicago,IL,82279,USA
3205,Sandra,Walker,sandra.walker3205@hotmail.com,+1-337-332-6854,4231 Park Ave,San Jose,CA,23302,USA
3206,Lisa,Jackson,lisa.jackson3206@outlook.com,+1-631-783-8999,7878 Maple Ave,New York,NY,23665,USA
3207,Emily,Nguyen,emily.nguyen3207@outlook.com,+1-471-263-7224,7115 Park Blvd,Jacksonville,FL,95753,USA
3208,James,Martinez,james.martinez3208@gmail.com,+1-708-323-7972,5307 Cedar Ave,Orlando,FL,38832,USA
3209,Michael,Moore,michael.moore3209@hotmail.com,+1-916-717-8991,1636 Maple Ave,Los Angeles,CA,88240,USA
3210,Paul,Lopez,paul.lopez3210@outlook.com,+1-344-729-9308,666 Pine Ave,Aurora,IL,19313,USA
3211,Daniel,Hernandez,daniel.hernandez3211@hotmail.com,+1-930-651-9085,9174 Pine Blvd,Phoenix,AZ,77841,USA
3212,Charles,Davis,charles.davis3212@gmail.com,+1-791-964-4320,6757 Cedar St,San Francisco,CA,78795,USA
3213,Karen,Johnson,karen.johnson3213@hotmail.com,+1-279-540-9634,1186 Oak Ave,San Francisco,CA,62383,USA
3214,Patricia,Torres,patricia.torres3214@gmail.com,+1-757-298-4921,4189 Maple St,Denver,CO,20900,USA
3215,Robert,Wilson,robert.wilson3215@hotmail.com,+1-768-203-3155,6054 Park Blvd,San Jose,CA,43055,USA
3216,Sandra,Wright,sandra.wright3216@yahoo.com,+1-732-678-8586,8102 Oak Rd,Los Angeles,CA,60216,USA
3217,Kevin,Lee,kevin.lee3217@hotmail.com,+1-491-890-3406,6647 Park St,Boulder,CO,39128,USA
3218,Thomas,Flores,thomas.flores3218@gmail.com,+1-230-829-4229,644 Main Ave,Houston,TX,13292,USA
3219,Lisa,Moore,lisa.moore3219@gmail.com,+1-629-894-5535,8803 Park Blvd,Pittsburgh,PA,87176,USA
3220,Thomas,Clark,thomas.clark3220@outlook.com,+1-681-425-6054,7512 Cedar St,Allentown,PA,98231,USA
3221,Thomas,Walker,thomas.walker3221@outlook.com,+1-206-437-7963,2249 Oak Rd,New York,NY,41744,USA
3222,Daniel,Perez,daniel.perez3222@gmail.com,+1-520-202-7289,6763 Maple St,Austin,TX,15021,USA
3223,Richard,Perez,richard.perez3223@yahoo.com,+1-687-758-2415,8881 Park Ave,Dallas,TX,13906,USA
3224,Margaret,Jones,margaret.jones3224@hotmail.com,+1-925-668-9922,3160 Maple Ave,Houston,TX,48394,USA
3225,Mark,Williams,mark.williams3225@hotmail.com,+1-573-508-3964,1917 Park Blvd,Atlanta,GA,74824,USA
3226,Matthew,Lee,matthew.lee3226@outlook.com,+1-854-234-5543,2808 Maple Blvd,Bellevue,WA,79820,USA
3227,James,Miller,james.miller3227@yahoo.com,+1-779-833-3305,328 Pine Rd,Pueblo,CO,39944,USA
3228,Patricia,Wilson,patricia.wilson3228@hotmail.com,+1-965-646-6941,3137 Pine Ave,Rochester,NY,23436,USA
3229,Richard,Rodriguez,richard.rodriguez3229@outlook.com,+1-381-696-8220,9653 Oak Rd,San Francisco,CA,23730,USA
3230,Jennifer,Lopez,jennifer.lopez3230@outlook.com,+1-517-637-8558,9193 Maple Blvd,San Antonio,TX,39042,USA
3231,Michelle,Wright,michelle.wright3231@outlook.com,+1-969-722-3491,8796 Maple Rd,Chicago,IL,85768,USA
3232,Jennifer,Moore,jennifer.moore3232@yahoo.com,+1-818-326-5261,5477 Oak St,Tempe,AZ,33536,USA
3233,Emily,Moore,emily.moore3233@outlook.com,+1-567-927-2393,3804 Main Rd,San Jose,CA,86819,USA
3234,Ashley,Young,ashley.young3234@outlook.com,+1-202-466-5696,7216 Oak Rd,Buffalo,NY,48372,USA
3235,Jessica,Perez,jessica.perez3235@yahoo.com,+1-911-924-5392,8078 Main St,Miami,FL,99738,USA
3236,Susan,Thompson,susan.thompson3236@yahoo.com,+1-489-792-1286,8139 Park Rd,Colorado Springs,CO,79493,USA
3237,Anthony,Thomas,anthony.thomas3237@outlook.com,+1-569-479-2506,8770 Maple Ave,Pueblo,CO,43401,USA
3238,Charles,Thompson,charles.thompson3238@hotmail.com,+1-587-715-9453,4517 Park St,Austin,TX,67629,USA
3239,Lisa,Johnson,lisa.johnson3239@outlook.com,+1-579-861-6050,9167 Cedar Rd,Tempe,AZ,96180,USA
3240,Nancy,Ramirez,nancy.ramirez3240@gmail.com,+1-995-908-2982,6203 Cedar St,Rockford,IL,99913,USA
3241,Amanda,Lewis,amanda.lewis3241@hotmail.com,+1-390-339-3766,4471 Maple Rd,San Antonio,TX,95509,USA
3242,Richard,Rodriguez,richard.rodriguez3242@gmail.com,+1-667-981-2769,6432 Cedar St,Bellevue,WA,77626,USA
3243,Andrew,Johnson,andrew.johnson3243@outlook.com,+1-407-293-3426,7835 Main Blvd,Orlando,FL,47525,USA
3244,Mark,Hill,mark.hill3244@gmail.com,+1-286-305-2304,8133 Park Ave,Austin,TX,71705,USA
3245,Sandra,Harris,sandra.harris3245@yahoo.com,+1-294-934-6882,1788 Maple Rd,San Francisco,CA,24359,USA
3246,Jennifer,Torres,jennifer.torres3246@hotmail.com,+1-914-709-3260,4252 Maple Blvd,Erie,PA,22675,USA
3247,Kimberly,Anderson,kimberly.anderson3247@outlook.com,+1-398-435-3434,6696 Main Rd,Philadelphia,PA,37334,USA
3248,Barbara,Jackson,barbara.jackson3248@hotmail.com,+1-991-472-4651,4357 Park Blvd,Tampa,FL,36088,USA
3249,Sarah,Jones,sarah.jones3249@outlook.com,+1-979-975-2775,545 Cedar Ave,Dallas,TX,59409,USA
3250,Karen,Allen,karen.allen3250@outlook.com,+1-986-415-2600,2923 Cedar St,Rockford,IL,46151,USA
3251,William,Wright,william.wright3251@hotmail.com,+1-467-910-9312,4025 Main Rd,Denver,CO,83528,USA
3252,Barbara,Lee,barbara.lee3252@outlook.com,+1-831-955-3177,5563 Main Rd,New York,NY,59864,USA
3253,Kevin,White,kevin.white3253@outlook.com,+1-582-400-1303,8537 Park Rd,Atlanta,GA,17314,USA
3254,Margaret,Nguyen,margaret.nguyen3254@gmail.com,+1-557-314-8742,6116 Main Ave,Rochester,NY,62480,USA
3255,Mark,Williams,mark.williams3255@yahoo.com,+1-466-686-7133,4639 Park Ave,San Francisco,CA,47355,USA
3256,Kimberly,Wright,kimberly.wright3256@hotmail.com,+1-500-766-9774,7759 Cedar Blvd,Albany,NY,37756,USA
3257,Michelle,Scott,michelle.scott3257@yahoo.com,+1-627-246-5839,5819 Main St,Aurora,IL,64844,USA
3258,Paul,Hill,paul.hill3258@gmail.com,+1-342-584-8949,6581 Park Rd,Los Angeles,CA,59902,USA
3259,James,Thomas,james.thomas3259@yahoo.com,+1-814-453-7662,392 Park Blvd,Tacoma,WA,77496,USA
3260,Daniel,King,daniel.king3260@hotmail.com,+1-520-534-3555,800 Main Ave,Los Angeles,CA,90820,USA
3261,Susan,King,susan.king3261@hotmail.com,+1-858-592-9296,8879 Main Rd,Tempe,AZ,75320,USA
3262,Mary,Martinez,mary.martinez3262@gmail.com,+1-910-361-7705,2635 Park Rd,Austin,TX,74886,USA
3263,Robert,Allen,robert.allen3263@hotmail.com,+1-317-382-7825,7419 Main Blvd,Erie,PA,58428,USA
3264,Elizabeth,Allen,elizabeth.allen3264@hotmail.com,+1-240-313-5184,4415 Maple Ave,Phoenix,AZ,71103,USA
3265,Joshua,Williams,joshua.williams3265@outlook.com,+1-731-928-6315,2270 Oak Blvd,San Diego,CA,74588,USA
3266,Michelle,Johnson,michelle.johnson3266@yahoo.com,+1-563-570-5614,3239 Main St,Pueblo,CO,26052,USA
3267,Susan,White,susan.white3267@outlook.com,+1-956-577-5284,6365 Main Blvd,Chicago,IL,69512,USA
3268,Patricia,Anderson,patricia.anderson3268@hotmail.com,+1-340-774-2641,1093 Oak St,Springfield,IL,18118,USA
3269,Patricia,Young,patricia.young3269@gmail.com,+1-213-725-2396,6006 Maple St,Seattle,WA,35608,USA
3270,Mary,Clark,mary.clark3270@yahoo.com,+1-632-394-4864,7767 Pine Ave,Boulder,CO,18033,USA
3271,Jennifer,Sanchez,jennifer.sanchez3271@hotmail.com,+1-752-919-9902,584 Maple Blvd,Colorado Springs,CO,90226,USA
3272,Matthew,Jones,matthew.jones3272@yahoo.com,+1-208-656-8671,6401 Maple Rd,Orlando,FL,99036,USA
3273,Karen,Martinez,karen.martinez3273@hotmail.com,+1-506-689-5734,443 Maple St,San Diego,CA,54248,USA
3274,Mary,Clark,mary.clark3274@yahoo.com,+1-646-370-4585,5443 Oak St,San Diego,CA,39825,USA
3275,Joshua,Flores,joshua.flores3275@gmail.com,+1-406-902-5937,7002 Pine Rd,Tempe,AZ,72163,USA
3276,Mark,White,mark.white3276@hotmail.com,+1-896-535-6192,9802 Oak St,Tempe,AZ,82989,USA
3277,David,Clark,david.clark3277@yahoo.com,+1-646-297-7202,388 Maple Rd,Los Angeles,CA,42686,USA
3278,William,Flores,william.flores3278@gmail.com,+1-561-660-1797,5837 Oak Ave,San Jose,CA,47377,USA
3279,Nancy,Sanchez,nancy.sanchez3279@hotmail.com,+1-824-421-5028,6729 Pine Ave,Houston,TX,45797,USA
3280,Andrew,Harris,andrew.harris3280@hotmail.com,+1-973-296-7236,6186 Maple Blvd,Seattle,WA,81154,USA
3281,Brian,Taylor,brian.taylor3281@outlook.com,+1-829-462-5139,7375 Oak Rd,Chicago,IL,98485,USA
3282,Michelle,Walker,michelle.walker3282@yahoo.com,+1-445-647-9645,8546 Cedar St,Rockford,IL,58863,USA
3283,Joshua,Rodriguez,joshua.rodriguez3283@hotmail.com,+1-928-673-4673,1702 Main Rd,Buffalo,NY,20133,USA
3284,Kimberly,Rodriguez,kimberly.rodriguez3284@yahoo.com,+1-990-459-2491,1030 Cedar Rd,Austin,TX,59445,USA
3285,Donna,Lopez,donna.lopez3285@yahoo.com,+1-389-436-6823,2015 Cedar St,Orlando,FL,11156,USA
3286,Jennifer,Torres,jennifer.torres3286@yahoo.com,+1-496-948-2128,7009 Cedar St,Houston,TX,75342,USA
3287,Brian,Jones,brian.jones3287@outlook.com,+1-695-292-8790,6624 Oak Ave,Seattle,WA,15545,USA
3288,Kimberly,Thompson,kimberly.thompson3288@hotmail.com,+1-924-544-2804,1169 Maple Rd,Augusta,GA,96417,USA
3289,Nancy,Smith,nancy.smith3289@gmail.com,+1-693-636-6075,422 Park Rd,San Antonio,TX,80826,USA
3290,Anthony,Rodriguez,anthony.rodriguez3290@outlook.com,+1-434-975-6974,2736 Oak St,Phoenix,AZ,66548,USA
3291,Richard,Rodriguez,richard.rodriguez3291@yahoo.com,+1-687-327-1153,5689 Main Rd,San Francisco,CA,88912,USA
3292,Donna,Thompson,donna.thompson3292@gmail.com,+1-544-701-7049,2606 Oak Ave,Atlanta,GA,66355,USA
3293,Barbara,Sanchez,barbara.sanchez3293@gmail.com,+1-560-634-8683,3039 Oak Ave,Aurora,IL,97342,USA
3294,Joseph,Lewis,joseph.lewis3294@gmail.com,+1-300-961-3663,5067 Pine Ave,San Diego,CA,53328,USA
3295,Charles,Scott,charles.scott3295@outlook.com,+1-786-951-5189,7884 Maple Ave,New York,NY,67229,USA
3296,Thomas,Moore,thomas.moore3296@outlook.com,+1-656-843-5912,6784 Pine Blvd,Rockford,IL,36082,USA
3297,Thomas,Lewis,thomas.lewis3297@gmail.com,+1-919-218-9979,702 Pine Rd,Houston,TX,63837,USA
3298,Mark,Lee,mark.lee3298@yahoo.com,+1-457-713-4657,9184 Main Rd,Orlando,FL,37339,USA
3299,Linda,Lee,linda.lee3299@yahoo.com,+1-285-397-7946,7303 Pine St,San Antonio,TX,91021,USA
3300,Lisa,Wilson,lisa.wilson3300@yahoo.com,+1-751-959-8444,7956 Oak Ave,Orlando,FL,14653,USA
3301,Susan,White,susan.white3301@yahoo.com,+1-487-364-8573,9325 Pine Ave,San Francisco,CA,66671,USA
3302,Margaret,Davis,margaret.davis3302@outlook.com,+1-727-989-6144,8080 Oak Ave,San Francisco,CA,90562,USA
3303,Paul,Torres,paul.torres3303@yahoo.com,+1-598-343-4335,1387 Park Ave,Atlanta,GA,87625,USA
3304,Lisa,Flores,lisa.flores3304@yahoo.com,+1-886-439-9874,9079 Maple Ave,San Antonio,TX,21293,USA
3305,Donna,Nguyen,donna.nguyen3305@outlook.com,+1-724-457-2767,5715 Cedar Ave,San Diego,CA,11123,USA
3306,John,Sanchez,john.sanchez3306@outlook.com,+1-758-216-3241,3924 Park Rd,Colorado Springs,CO,78142,USA
3307,Margaret,Walker,margaret.walker3307@yahoo.com,+1-349-583-7236,2725 Oak St,Buffalo,NY,14525,USA
3308,Michelle,Hernandez,michelle.hernandez3308@gmail.com,+1-301-396-5764,3863 Main Ave,Tempe,AZ,77515,USA
3309,Ashley,White,ashley.white3309@gmail.com,+1-328-412-5196,2315 Pine Blvd,Pittsburgh,PA,64327,USA
3310,Joshua,Brown,joshua.brown3310@hotmail.com,+1-525-582-8933,3361 Pine St,Springfield,IL,38744,USA
3311,David,Perez,david.perez3311@outlook.com,+1-717-570-4743,815 Cedar St,Bellevue,WA,66741,USA
3312,Joseph,Williams,joseph.williams3312@gmail.com,+1-247-799-8978,9867 Cedar St,Allentown,PA,85774,USA
3313,Sandra,Williams,sandra.williams3313@gmail.com,+1-631-843-2394,1666 Maple Rd,Tucson,AZ,94249,USA
3314,Nancy,Williams,nancy.williams3314@outlook.com,+1-260-485-9801,9737 Cedar St,Rochester,NY,78956,USA
3315,Michelle,Ramirez,michelle.ramirez3315@outlook.com,+1-448-603-6117,2811 Maple Blvd,Tacoma,WA,25003,USA
3316,David,Martin,david.martin3316@yahoo.com,+1-924-699-2242,8522 Park Rd,Spokane,WA,33607,USA
3317,Brian,Perez,brian.perez3317@yahoo.com,+1-451-481-6620,2665 Maple St,San Jose,CA,61686,USA
3318,Thomas,White,thomas.white3318@outlook.com,+1-252-522-2827,7418 Cedar St,Austin,TX,50375,USA
3319,Charles,Gonzalez,charles.gonzalez3319@gmail.com,+1-444-713-5518,1549 Cedar Rd,Augusta,GA,64671,USA
3320,Lisa,Garcia,lisa.garcia3320@hotmail.com,+1-638-619-6858,1096 Oak Rd,New York,NY,53387,USA
3321,Michelle,Lewis,michelle.lewis3321@outlook.com,+1-883-727-4384,6684 Maple Rd,Colorado Springs,CO,92749,USA
3322,Kimberly,Perez,kimberly.perez3322@yahoo.com,+1-279-645-5865,5009 Park Blvd,Boulder,CO,10182,USA
3323,Karen,Thomas,karen.thomas3323@gmail.com,+1-853-377-1288,5604 Park Rd,Albany,NY,22150,USA
3324,Margaret,Clark,margaret.clark3324@yahoo.com,+1-657-802-4793,427 Cedar Rd,Rochester,NY,67516,USA
3325,Barbara,Sanchez,barbara.sanchez3325@yahoo.com,+1-741-267-9809,2559 Maple Blvd,San Francisco,CA,44159,USA
3326,Margaret,Sanchez,margaret.sanchez3326@yahoo.com,+1-281-992-5385,764 Oak Rd,Springfield,IL,91951,USA
3327,Steven,Davis,steven.davis3327@outlook.com,+1-420-265-6339,2004 Park Rd,Erie,PA,21975,USA
3328,Anthony,Moore,anthony.moore3328@hotmail.com,+1-534-339-3173,6868 Oak Rd,Denver,CO,69921,USA
3329,John,Taylor,john.taylor3329@hotmail.com,+1-407-301-3852,6085 Main Ave,Miami,FL,30853,USA
3330,James,Lopez,james.lopez3330@gmail.com,+1-791-663-7581,3900 Main Ave,Buffalo,NY,77495,USA
3331,Karen,Wilson,karen.wilson3331@yahoo.com,+1-920-771-6921,420 Main Ave,Allentown,PA,50717,USA
3332,Jennifer,Miller,jennifer.miller3332@outlook.com,+1-528-532-3650,1722 Oak St,Spokane,WA,87138,USA
3333,Mary,Gonzalez,mary.gonzalez3333@yahoo.com,+1-925-538-2925,5260 Maple Rd,Colorado Springs,CO,68726,USA
3334,Andrew,Wilson,andrew.wilson3334@gmail.com,+1-902-806-7448,7820 Park Rd,Savannah,GA,42860,USA
3335,Joshua,Moore,joshua.moore3335@hotmail.com,+1-663-524-7865,2183 Pine Rd,Albany,NY,83266,USA
3336,Elizabeth,Walker,elizabeth.walker3336@gmail.com,+1-250-517-5902,1213 Cedar Rd,Los Angeles,CA,47203,USA
3337,John,Robinson,john.robinson3337@yahoo.com,+1-690-662-9177,9009 Maple St,Chicago,IL,65623,USA
3338,William,Ramirez,william.ramirez3338@outlook.com,+1-815-942-6529,4347 Pine Ave,Buffalo,NY,40216,USA
3339,Kevin,King,kevin.king3339@yahoo.com,+1-557-646-2679,6384 Park Blvd,San Antonio,TX,42434,USA
3340,Michael,Allen,michael.allen3340@outlook.com,+1-856-704-3222,605 Main Blvd,Houston,TX,13335,USA
3341,Margaret,Perez,margaret.perez3341@yahoo.com,+1-230-966-7212,9141 Pine Rd,Rochester,NY,46299,USA
3342,Kimberly,Martin,kimberly.martin3342@yahoo.com,+1-903-565-4334,988 Pine Rd,Mesa,AZ,12484,USA
3343,Joseph,Miller,joseph.miller3343@gmail.com,+1-378-730-7383,1192 Maple Rd,Buffalo,NY,65239,USA
3344,Nancy,Robinson,nancy.robinson3344@gmail.com,+1-423-749-4620,1621 Maple Ave,San Francisco,CA,61851,USA
3345,John,Moore,john.moore3345@hotmail.com,+1-683-766-9751,3056 Park Blvd,Tacoma,WA,15579,USA
3346,Michael,Davis,michael.davis3346@hotmail.com,+1-254-525-1292,2119 Oak Ave,Mesa,AZ,85999,USA
3347,Karen,Johnson,karen.johnson3347@hotmail.com,+1-793-209-9237,3321 Oak St,Aurora,IL,68028,USA
3348,Mark,Flores,mark.flores3348@gmail.com,+1-709-434-6591,6273 Pine Blvd,Colorado Springs,CO,55355,USA
3349,Joshua,Rodriguez,joshua.rodriguez3349@outlook.com,+1-766-910-3906,4945 Park Blvd,San Jose,CA,14470,USA
3350,Elizabeth,Rodriguez,elizabeth.rodriguez3350@yahoo.com,+1-311-818-8356,7343 Pine Rd,San Antonio,TX,30265,USA
3351,Charles,Young,charles.young3351@outlook.com,+1-874-377-8103,140 Park Ave,Houston,TX,90426,USA
3352,Nancy,Moore,nancy.moore3352@gmail.com,+1-973-389-8348,6389 Pine St,Denver,CO,57603,USA
3353,Daniel,Brown,daniel.brown3353@gmail.com,+1-688-757-6666,8063 Oak Blvd,Chicago,IL,92706,USA
3354,James,Williams,james.williams3354@hotmail.com,+1-909-230-9886,6193 Park Rd,Dallas,TX,34471,USA
3355,Amanda,Wilson,amanda.wilson3355@yahoo.com,+1-221-655-2977,8845 Cedar St,San Diego,CA,93215,USA
3356,Lisa,Nguyen,lisa.nguyen3356@gmail.com,+1-686-906-8636,4499 Cedar Rd,San Diego,CA,59467,USA
3357,Richard,Miller,richard.miller3357@outlook.com,+1-208-782-4547,1361 Maple Ave,Jacksonville,FL,49036,USA
3358,Ashley,King,ashley.king3358@hotmail.com,+1-435-952-5281,9260 Main St,Buffalo,NY,17566,USA
3359,John,Nguyen,john.nguyen3359@yahoo.com,+1-542-385-2435,1537 Main Blvd,Springfield,IL,55610,USA
3360,John,Garcia,john.garcia3360@outlook.com,+1-808-877-9428,7105 Cedar Rd,Bellevue,WA,17467,USA
3361,Michelle,Martinez,michelle.martinez3361@hotmail.com,+1-591-918-8396,9704 Maple St,Jacksonville,FL,51292,USA
3362,Thomas,King,thomas.king3362@yahoo.com,+1-206-815-8088,3266 Cedar Rd,San Antonio,TX,68484,USA
3363,Charles,Walker,charles.walker3363@gmail.com,+1-453-703-8024,5181 Pine Ave,San Jose,CA,91326,USA
3364,Susan,Miller,susan.miller3364@outlook.com,+1-827-531-2002,1754 Cedar Rd,Los Angeles,CA,20991,USA
3365,Steven,Taylor,steven.taylor3365@outlook.com,+1-429-876-2007,5288 Maple Rd,San Jose,CA,48522,USA
3366,Thomas,Torres,thomas.torres3366@hotmail.com,+1-438-833-1636,7598 Cedar St,San Diego,CA,85638,USA
3367,William,Miller,william.miller3367@hotmail.com,+1-252-827-5312,6007 Oak Blvd,Colorado Springs,CO,93171,USA
3368,Daniel,Wilson,daniel.wilson3368@yahoo.com,+1-441-406-8463,2878 Cedar Rd,Boulder,CO,12611,USA
3369,Mary,Wilson,mary.wilson3369@yahoo.com,+1-607-255-3281,4004 Pine Blvd,Los Angeles,CA,31192,USA
3370,Margaret,Miller,margaret.miller3370@gmail.com,+1-797-871-4888,7507 Pine St,Houston,TX,29447,USA
3371,Kimberly,Miller,kimberly.miller3371@yahoo.com,+1-332-297-7157,7385 Cedar Ave,Orlando,FL,34370,USA
3372,Karen,Sanchez,karen.sanchez3372@outlook.com,+1-836-560-2549,7747 Main Blvd,Phoenix,AZ,45250,USA
3373,Steven,Anderson,steven.anderson3373@outlook.com,+1-302-905-7832,2617 Maple Blvd,San Diego,CA,89545,USA
3374,Margaret,Robinson,margaret.robinson3374@gmail.com,+1-649-381-7614,5991 Park Rd,Tacoma,WA,91014,USA
3375,Linda,Flores,linda.flores3375@gmail.com,+1-954-646-3426,8517 Main Blvd,Jacksonville,FL,29551,USA
3376,Steven,Lewis,steven.lewis3376@gmail.com,+1-692-558-6718,1788 Cedar Rd,Mesa,AZ,28968,USA
3377,Robert,Williams,robert.williams3377@gmail.com,+1-606-594-8062,3844 Cedar Rd,Colorado Springs,CO,55356,USA
3378,Mark,Robinson,mark.robinson3378@hotmail.com,+1-905-736-6470,4473 Oak Ave,Pueblo,CO,79191,USA
3379,Anthony,Moore,anthony.moore3379@yahoo.com,+1-877-335-3032,5587 Park Ave,Rockford,IL,84614,USA
3380,Richard,Hill,richard.hill3380@outlook.com,+1-948-359-9496,4758 Cedar St,Tempe,AZ,30778,USA
3381,Margaret,Anderson,margaret.anderson3381@outlook.com,+1-495-940-3537,7937 Main Blvd,Pueblo,CO,50619,USA
3382,Michelle,Flores,michelle.flores3382@gmail.com,+1-779-200-8774,6590 Park Ave,Seattle,WA,42754,USA
3383,Patricia,Garcia,patricia.garcia3383@outlook.com,+1-295-257-8412,3014 Pine Rd,New York,NY,99737,USA
3384,Daniel,Martin,daniel.martin3384@yahoo.com,+1-662-375-7230,2666 Maple Rd,Spokane,WA,44776,USA
3385,Amanda,Wright,amanda.wright3385@gmail.com,+1-404-417-9295,6122 Park Ave,Athens,GA,18630,USA
3386,John,Robinson,john.robinson3386@hotmail.com,+1-716-537-7365,4779 Pine Rd,San Antonio,TX,63631,USA
3387,Jessica,Jackson,jessica.jackson3387@gmail.com,+1-514-408-8779,9948 Oak Blvd,Buffalo,NY,90775,USA
3388,Mark,Thompson,mark.thompson3388@outlook.com,+1-788-978-3663,4657 Main Blvd,Seattle,WA,89794,USA
3389,Kevin,Allen,kevin.allen3389@outlook.com,+1-311-840-4976,1609 Oak St,Jacksonville,FL,37517,USA
3390,Thomas,Brown,thomas.brown3390@yahoo.com,+1-887-481-4233,5906 Maple Blvd,Colorado Springs,CO,24319,USA
3391,John,Harris,john.harris3391@gmail.com,+1-957-692-4936,6458 Main Blvd,Dallas,TX,24019,USA
3392,Elizabeth,Young,elizabeth.young3392@gmail.com,+1-849-473-8266,9029 Main St,Buffalo,NY,29808,USA
3393,Paul,King,paul.king3393@outlook.com,+1-623-518-6910,5607 Pine St,San Jose,CA,98394,USA
3394,Margaret,Johnson,margaret.johnson3394@outlook.com,+1-525-528-5253,934 Park Ave,New York,NY,63772,USA
3395,Donna,Rodriguez,donna.rodriguez3395@hotmail.com,+1-691-202-1588,7691 Main Blvd,Savannah,GA,99428,USA
3396,Kimberly,Robinson,kimberly.robinson3396@yahoo.com,+1-312-808-9584,289 Pine St,San Antonio,TX,88413,USA
3397,Sarah,Perez,sarah.perez3397@outlook.com,+1-336-912-1259,8079 Cedar Ave,Dallas,TX,85484,USA
3398,Sandra,Miller,sandra.miller3398@hotmail.com,+1-564-388-9894,1828 Maple Rd,Albany,NY,15051,USA
3399,Joshua,Garcia,joshua.garcia3399@yahoo.com,+1-308-860-8546,9841 Cedar Ave,San Antonio,TX,33184,USA
3400,Anthony,Davis,anthony.davis3400@yahoo.com,+1-819-495-3299,3699 Pine Ave,Rochester,NY,34838,USA
3401,Matthew,Jackson,matthew.jackson3401@outlook.com,+1-387-533-5581,6408 Main St,Los Angeles,CA,49098,USA
3402,Amanda,Miller,amanda.miller3402@outlook.com,+1-450-865-3289,6573 Park Ave,Austin,TX,43202,USA
3403,Linda,Ramirez,linda.ramirez3403@outlook.com,+1-580-642-6077,7489 Maple St,Los Angeles,CA,53815,USA
3404,Barbara,Clark,barbara.clark3404@outlook.com,+1-575-776-3070,8140 Oak St,Chicago,IL,31572,USA
3405,Richard,Torres,richard.torres3405@yahoo.com,+1-352-367-5603,9440 Maple Blvd,Mesa,AZ,22885,USA
3406,Jennifer,Jones,jennifer.jones3406@hotmail.com,+1-233-532-4113,5321 Pine Rd,Buffalo,NY,96067,USA
3407,Joshua,Clark,joshua.clark3407@outlook.com,+1-977-525-4461,8329 Park Blvd,Mesa,AZ,31700,USA
3408,Joshua,Davis,joshua.davis3408@outlook.com,+1-829-317-2781,2484 Cedar Blvd,Seattle,WA,57441,USA
3409,Mark,Johnson,mark.johnson3409@gmail.com,+1-227-932-3404,2342 Cedar Blvd,Dallas,TX,73115,USA
3410,Sandra,Allen,sandra.allen3410@yahoo.com,+1-903-355-3913,1422 Cedar Rd,Chicago,IL,49973,USA
3411,Linda,Miller,linda.miller3411@outlook.com,+1-526-949-6176,1413 Main Rd,San Antonio,TX,67018,USA
3412,Robert,Perez,robert.perez3412@outlook.com,+1-495-698-6357,9754 Pine Ave,Tempe,AZ,22123,USA
3413,Steven,Moore,steven.moore3413@gmail.com,+1-640-865-5336,253 Main Ave,Colorado Springs,CO,68329,USA
3414,Mark,Wright,mark.wright3414@outlook.com,+1-253-922-7336,8200 Park Blvd,San Francisco,CA,14789,USA
3415,Jessica,Robinson,jessica.robinson3415@outlook.com,+1-501-573-3652,3515 Park Rd,Denver,CO,56547,USA
3416,Michelle,Flores,michelle.flores3416@gmail.com,+1-927-748-8560,4613 Oak Rd,Phoenix,AZ,79580,USA
3417,Richard,Nguyen,richard.nguyen3417@gmail.com,+1-583-603-1938,8210 Maple Rd,Albany,NY,63947,USA
3418,Ashley,Brown,ashley.brown3418@gmail.com,+1-454-539-3882,9922 Pine Ave,San Francisco,CA,21633,USA
3419,Jennifer,Hernandez,jennifer.hernandez3419@yahoo.com,+1-700-838-7872,7793 Oak Blvd,San Francisco,CA,99710,USA
3420,Charles,Johnson,charles.johnson3420@hotmail.com,+1-416-571-5659,8331 Main Ave,Philadelphia,PA,30956,USA
3421,Kimberly,Rodriguez,kimberly.rodriguez3421@yahoo.com,+1-305-341-8332,2188 Maple Rd,Los Angeles,CA,22443,USA
3422,Andrew,Ramirez,andrew.ramirez3422@gmail.com,+1-886-573-7949,1463 Park Ave,Houston,TX,46616,USA
3423,Amanda,Martinez,amanda.martinez3423@yahoo.com,+1-887-713-5959,1786 Maple Blvd,Tucson,AZ,51757,USA
3424,David,Harris,david.harris3424@gmail.com,+1-485-483-6915,1207 Maple Ave,Aurora,IL,57651,USA
3425,Andrew,Torres,andrew.torres3425@gmail.com,+1-893-533-6502,5893 Main Rd,San Francisco,CA,82713,USA
3426,Jennifer,Sanchez,jennifer.sanchez3426@gmail.com,+1-550-949-3551,7662 Park Rd,Tacoma,WA,95087,USA
3427,Mary,Clark,mary.clark3427@gmail.com,+1-882-385-6639,2757 Oak Rd,Philadelphia,PA,32103,USA
3428,Susan,Rodriguez,susan.rodriguez3428@outlook.com,+1-855-515-8413,9506 Cedar Blvd,Tampa,FL,44657,USA
3429,Steven,Rodriguez,steven.rodriguez3429@outlook.com,+1-869-387-7561,516 Oak Rd,Boulder,CO,52299,USA
3430,Lisa,Davis,lisa.davis3430@hotmail.com,+1-750-238-5859,5195 Main Rd,San Diego,CA,35093,USA
3431,Karen,Miller,karen.miller3431@hotmail.com,+1-492-642-6560,7610 Oak Blvd,Colorado Springs,CO,14498,USA
3432,David,Martin,david.martin3432@hotmail.com,+1-459-735-5027,4733 Main St,Miami,FL,91555,USA
3433,Michelle,Torres,michelle.torres3433@gmail.com,+1-922-394-7156,6966 Oak Rd,Augusta,GA,67186,USA
3434,Margaret,Young,margaret.young3434@hotmail.com,+1-539-209-3419,281 Pine Ave,Albany,NY,50765,USA
3435,Amanda,Gonzalez,amanda.gonzalez3435@gmail.com,+1-832-286-6780,579 Cedar Rd,Tampa,FL,29351,USA
3436,Kevin,Lewis,kevin.lewis3436@hotmail.com,+1-829-303-7222,7652 Oak St,Houston,TX,54098,USA
3437,Mark,Wright,mark.wright3437@outlook.com,+1-988-313-1296,5309 Oak Ave,Athens,GA,53804,USA
3438,Daniel,Johnson,daniel.johnson3438@outlook.com,+1-993-274-8887,1117 Maple Ave,Dallas,TX,12722,USA
3439,Jessica,Sanchez,jessica.sanchez3439@gmail.com,+1-637-940-9812,8196 Oak St,Jacksonville,FL,61617,USA
3440,Daniel,Wilson,daniel.wilson3440@gmail.com,+1-391-288-7374,1078 Park Rd,Denver,CO,41625,USA
3441,John,Smith,john.smith3441@hotmail.com,+1-897-636-3682,6204 Main Ave,Los Angeles,CA,38362,USA
3442,Kevin,Sanchez,kevin.sanchez3442@outlook.com,+1-636-465-3972,8954 Cedar St,San Francisco,CA,22168,USA
3443,William,Thompson,william.thompson3443@gmail.com,+1-345-328-8717,6868 Cedar Blvd,Austin,TX,62442,USA
3444,William,Johnson,william.johnson3444@outlook.com,+1-624-493-6442,2028 Cedar Rd,Dallas,TX,91025,USA
3445,David,Miller,david.miller3445@hotmail.com,+1-912-360-4807,9717 Pine Ave,Rochester,NY,64624,USA
3446,Sandra,Moore,sandra.moore3446@gmail.com,+1-867-828-1481,2394 Park Rd,Los Angeles,CA,35299,USA
3447,Steven,Allen,steven.allen3447@outlook.com,+1-330-889-3883,5835 Main Blvd,Rockford,IL,62387,USA
3448,Robert,Taylor,robert.taylor3448@hotmail.com,+1-395-775-4196,2620 Oak Rd,Albany,NY,67684,USA
3449,Michelle,Jones,michelle.jones3449@yahoo.com,+1-651-667-9997,2958 Oak St,Erie,PA,53995,USA
3450,Kimberly,Williams,kimberly.williams3450@hotmail.com,+1-814-990-3499,4013 Pine Rd,Colorado Springs,CO,20425,USA
3451,Joseph,Jackson,joseph.jackson3451@yahoo.com,+1-637-825-5371,7900 Cedar Rd,Pittsburgh,PA,31093,USA
3452,Robert,Davis,robert.davis3452@hotmail.com,+1-812-609-1567,7818 Park St,New York,NY,20999,USA
3453,William,Torres,william.torres3453@hotmail.com,+1-359-668-9717,7948 Main St,Chicago,IL,84856,USA
3454,Mark,Jones,mark.jones3454@gmail.com,+1-229-876-9410,2024 Maple Ave,Tempe,AZ,36183,USA
3455,Paul,Thomas,paul.thomas3455@outlook.com,+1-755-330-7392,6661 Cedar Ave,Bellevue,WA,62626,USA
3456,Sarah,Williams,sarah.williams3456@hotmail.com,+1-519-380-9439,7627 Park Blvd,Aurora,IL,30294,USA
3457,Richard,King,richard.king3457@yahoo.com,+1-348-452-8381,3109 Cedar Blvd,Tempe,AZ,40336,USA
3458,Barbara,Hill,barbara.hill3458@outlook.com,+1-462-553-5115,2223 Cedar Ave,Los Angeles,CA,19658,USA
3459,Paul,Robinson,paul.robinson3459@gmail.com,+1-966-584-1380,9391 Oak St,Pueblo,CO,46895,USA
3460,Lisa,Anderson,lisa.anderson3460@gmail.com,+1-682-368-2500,6235 Oak St,Houston,TX,82947,USA
3461,Anthony,Nguyen,anthony.nguyen3461@hotmail.com,+1-599-506-8151,6124 Park Blvd,San Jose,CA,30749,USA
3462,Patricia,Martinez,patricia.martinez3462@gmail.com,+1-498-316-5463,2655 Maple Blvd,Athens,GA,53720,USA
3463,Sarah,Williams,sarah.williams3463@gmail.com,+1-810-883-5897,5481 Pine Ave,Austin,TX,40065,USA
3464,Donna,Flores,donna.flores3464@hotmail.com,+1-547-798-7344,7232 Maple Rd,Pueblo,CO,51071,USA
3465,Jennifer,Jones,jennifer.jones3465@yahoo.com,+1-337-560-4487,1912 Park Ave,Dallas,TX,62193,USA
3466,Kevin,Jones,kevin.jones3466@outlook.com,+1-715-264-6177,3315 Pine St,San Antonio,TX,95515,USA
3467,Nancy,Taylor,nancy.taylor3467@yahoo.com,+1-512-724-7460,4850 Cedar St,San Antonio,TX,40755,USA
3468,Joshua,Jones,joshua.jones3468@hotmail.com,+1-822-650-1383,3151 Cedar St,Tempe,AZ,36087,USA
3469,Kimberly,White,kimberly.white3469@yahoo.com,+1-374-803-6320,5255 Park St,Miami,FL,34573,USA
3470,Thomas,Ramirez,thomas.ramirez3470@yahoo.com,+1-818-403-6766,1654 Maple Blvd,Philadelphia,PA,61229,USA
3471,Joshua,Hill,joshua.hill3471@gmail.com,+1-466-300-8490,9368 Oak St,Seattle,WA,18100,USA
3472,Amanda,Williams,amanda.williams3472@outlook.com,+1-984-886-5373,2120 Oak Ave,Houston,TX,94263,USA
3473,Paul,Allen,paul.allen3473@outlook.com,+1-306-829-8238,7097 Cedar Ave,Phoenix,AZ,47933,USA
3474,Joseph,Torres,joseph.torres3474@gmail.com,+1-618-324-2195,8096 Pine Blvd,Miami,FL,85867,USA
3475,Nancy,Robinson,nancy.robinson3475@hotmail.com,+1-424-575-6679,4757 Park Ave,Boulder,CO,32605,USA
3476,Mark,King,mark.king3476@yahoo.com,+1-809-231-9068,737 Pine Ave,Boulder,CO,21032,USA
3477,Charles,Martinez,charles.martinez3477@hotmail.com,+1-547-203-3517,381 Pine Rd,Jacksonville,FL,34670,USA
3478,Charles,Perez,charles.perez3478@gmail.com,+1-250-866-5322,6026 Cedar St,Los Angeles,CA,19801,USA
3479,James,Hernandez,james.hernandez3479@hotmail.com,+1-907-904-5618,2711 Pine Rd,Orlando,FL,70742,USA
3480,Kimberly,King,kimberly.king3480@gmail.com,+1-808-264-2135,3221 Pine St,Tampa,FL,58250,USA
3481,Paul,Martinez,paul.martinez3481@yahoo.com,+1-879-488-1560,6799 Cedar Ave,Aurora,IL,42847,USA
3482,Kevin,Hernandez,kevin.hernandez3482@hotmail.com,+1-581-781-4849,7850 Pine St,Colorado Springs,CO,88822,USA
3483,Charles,Davis,charles.davis3483@hotmail.com,+1-776-454-4895,3582 Pine Blvd,Buffalo,NY,32682,USA
3484,Nancy,Nguyen,nancy.nguyen3484@gmail.com,+1-337-446-5917,3467 Pine Blvd,New York,NY,44691,USA
3485,Ashley,Hernandez,ashley.hernandez3485@outlook.com,+1-322-785-4665,6445 Park Blvd,Erie,PA,44635,USA
3486,William,Torres,william.torres3486@gmail.com,+1-665-818-2396,7249 Pine Rd,Chicago,IL,21376,USA
3487,Amanda,Robinson,amanda.robinson3487@yahoo.com,+1-730-347-1354,4626 Park St,Rochester,NY,44633,USA
3488,Patricia,Perez,patricia.perez3488@yahoo.com,+1-331-453-4771,5453 Park St,Pittsburgh,PA,17388,USA
3489,Mary,Moore,mary.moore3489@hotmail.com,+1-387-827-2819,8109 Pine St,Buffalo,NY,64752,USA
3490,Joseph,Moore,joseph.moore3490@gmail.com,+1-421-810-8429,5152 Maple St,Tampa,FL,63471,USA
3491,Patricia,Perez,patricia.perez3491@outlook.com,+1-559-237-2070,1703 Main Ave,Albany,NY,63735,USA
3492,Mark,Taylor,mark.taylor3492@hotmail.com,+1-771-711-1914,3812 Pine St,Austin,TX,90900,USA
3493,John,Moore,john.moore3493@outlook.com,+1-488-739-9470,6259 Maple Rd,Colorado Springs,CO,16992,USA
3494,Susan,Robinson,susan.robinson3494@outlook.com,+1-598-501-1209,3756 Maple Ave,Spokane,WA,51160,USA
3495,Elizabeth,Lewis,elizabeth.lewis3495@outlook.com,+1-202-489-8277,3263 Oak St,Mesa,AZ,40604,USA
3496,Patricia,Torres,patricia.torres3496@hotmail.com,+1-300-264-5667,7224 Oak Blvd,Athens,GA,16248,USA
3497,Patricia,White,patricia.white3497@outlook.com,+1-467-506-4711,4222 Maple Rd,Colorado Springs,CO,45002,USA
3498,Daniel,Brown,daniel.brown3498@outlook.com,+1-942-812-9462,101 Main St,Los Angeles,CA,87005,USA
3499,Barbara,Taylor,barbara.taylor3499@hotmail.com,+1-291-435-6841,9787 Oak Ave,San Francisco,CA,38156,USA
3500,Daniel,Jackson,daniel.jackson3500@yahoo.com,+1-690-652-4909,3903 Main Ave,Pittsburgh,PA,39240,USA
3501,Donna,Young,donna.young3501@hotmail.com,+1-918-788-6498,1232 Oak Blvd,San Francisco,CA,67067,USA
3502,Richard,Martin,richard.martin3502@gmail.com,+1-812-628-6822,3571 Main Rd,San Jose,CA,46681,USA
3503,Sandra,Lopez,sandra.lopez3503@outlook.com,+1-741-486-4283,3589 Park Blvd,Tacoma,WA,66637,USA
3504,Jennifer,Scott,jennifer.scott3504@hotmail.com,+1-666-609-9630,3185 Maple Ave,Mesa,AZ,10855,USA
3505,Matthew,Clark,matthew.clark3505@gmail.com,+1-966-851-7071,556 Maple Rd,Erie,PA,89294,USA
3506,Patricia,Jones,patricia.jones3506@yahoo.com,+1-852-959-2455,8179 Oak Blvd,Springfield,IL,42048,USA
3507,Sandra,Scott,sandra.scott3507@outlook.com,+1-864-508-5577,5247 Pine Rd,Boulder,CO,49385,USA
3508,Jessica,Wilson,jessica.wilson3508@hotmail.com,+1-247-745-3372,4059 Main Rd,Boulder,CO,43030,USA
3509,Emily,White,emily.white3509@yahoo.com,+1-791-798-1253,7749 Park Rd,San Diego,CA,25033,USA
3510,Patricia,Martinez,patricia.martinez3510@outlook.com,+1-753-446-7339,2559 Cedar Rd,Chicago,IL,12676,USA
3511,Andrew,King,andrew.king3511@gmail.com,+1-594-527-9275,818 Pine St,Augusta,GA,14720,USA
3512,Elizabeth,Torres,elizabeth.torres3512@yahoo.com,+1-553-504-4750,7131 Main Blvd,Aurora,IL,10192,USA
3513,Anthony,Rodriguez,anthony.rodriguez3513@hotmail.com,+1-540-972-3877,4850 Pine Rd,Los Angeles,CA,39826,USA
3514,Barbara,Perez,barbara.perez3514@gmail.com,+1-840-283-5679,2369 Cedar Blvd,Rochester,NY,42754,USA
3515,Joshua,Brown,joshua.brown3515@yahoo.com,+1-208-634-5707,8651 Oak Rd,Tacoma,WA,35722,USA
3516,Steven,Garcia,steven.garcia3516@outlook.com,+1-634-642-3304,224 Maple Rd,Atlanta,GA,14846,USA
3517,Amanda,Martin,amanda.martin3517@yahoo.com,+1-599-802-9969,4094 Cedar Blvd,Austin,TX,96269,USA
3518,Anthony,Johnson,anthony.johnson3518@outlook.com,+1-990-408-9669,9476 Oak Rd,Houston,TX,31734,USA
3519,Matthew,Lopez,matthew.lopez3519@gmail.com,+1-760-403-5083,1206 Pine Blvd,Boulder,CO,94885,USA
3520,Patricia,Hernandez,patricia.hernandez3520@yahoo.com,+1-366-572-8537,8956 Maple Rd,Colorado Springs,CO,64165,USA
3521,Donna,Johnson,donna.johnson3521@hotmail.com,+1-870-333-5402,1913 Oak Blvd,Tampa,FL,45294,USA
3522,Elizabeth,Allen,elizabeth.allen3522@yahoo.com,+1-699-303-9678,9708 Main Ave,San Diego,CA,99123,USA
3523,James,Wright,james.wright3523@yahoo.com,+1-846-699-1295,3174 Cedar Blvd,San Jose,CA,14899,USA
3524,Richard,Perez,richard.perez3524@yahoo.com,+1-520-676-8918,3682 Cedar Rd,Athens,GA,31758,USA
3525,Lisa,Gonzalez,lisa.gonzalez3525@yahoo.com,+1-750-920-4971,6689 Main Blvd,Denver,CO,21523,USA
3526,Matthew,Robinson,matthew.robinson3526@outlook.com,+1-342-793-3098,6232 Park Ave,Spokane,WA,48743,USA
3527,Andrew,King,andrew.king3527@outlook.com,+1-386-523-6633,3093 Oak Rd,Athens,GA,57099,USA
3528,Susan,Lewis,susan.lewis3528@yahoo.com,+1-283-429-7617,7499 Park Blvd,San Diego,CA,94430,USA
3529,Brian,Torres,brian.torres3529@hotmail.com,+1-478-744-2650,1931 Pine Blvd,Orlando,FL,83469,USA
3530,Elizabeth,Brown,elizabeth.brown3530@gmail.com,+1-962-635-9124,2055 Oak St,Dallas,TX,71390,USA
3531,Charles,Ramirez,charles.ramirez3531@yahoo.com,+1-974-964-1661,954 Pine Ave,Albany,NY,16941,USA
3532,Brian,Hernandez,brian.hernandez3532@outlook.com,+1-589-384-4532,4577 Oak St,Jacksonville,FL,46327,USA
3533,Kimberly,Hill,kimberly.hill3533@hotmail.com,+1-558-683-9681,4603 Main St,Seattle,WA,22383,USA
3534,Nancy,Jones,nancy.jones3534@hotmail.com,+1-892-846-4690,7288 Oak Rd,San Diego,CA,57956,USA
3535,Susan,Harris,susan.harris3535@hotmail.com,+1-430-612-1161,7437 Park Rd,Chicago,IL,12550,USA
3536,Anthony,Martin,anthony.martin3536@outlook.com,+1-202-616-5040,6326 Main Blvd,Tampa,FL,75912,USA
3537,Sarah,Walker,sarah.walker3537@outlook.com,+1-228-210-3235,7965 Main Blvd,Phoenix,AZ,95413,USA
3538,Paul,Robinson,paul.robinson3538@gmail.com,+1-313-217-8331,4981 Park St,San Antonio,TX,27509,USA
3539,Steven,Gonzalez,steven.gonzalez3539@outlook.com,+1-504-428-2268,1592 Main Blvd,New York,NY,55560,USA
3540,Sandra,Torres,sandra.torres3540@gmail.com,+1-447-573-4589,2031 Oak Blvd,Savannah,GA,36624,USA
3541,Andrew,Thompson,andrew.thompson3541@outlook.com,+1-992-247-2944,6399 Cedar Ave,Tucson,AZ,99957,USA
3542,Lisa,Martinez,lisa.martinez3542@gmail.com,+1-499-758-3074,4805 Oak Rd,Denver,CO,53374,USA
3543,Jessica,Wilson,jessica.wilson3543@yahoo.com,+1-481-706-3085,6902 Maple Rd,Austin,TX,16285,USA
3544,Matthew,Lewis,matthew.lewis3544@yahoo.com,+1-838-569-4841,2228 Maple Rd,Dallas,TX,92262,USA
3545,John,Rodriguez,john.rodriguez3545@outlook.com,+1-803-774-2429,5353 Cedar Rd,Philadelphia,PA,14089,USA
3546,Elizabeth,Garcia,elizabeth.garcia3546@outlook.com,+1-226-532-1372,4724 Oak Ave,Rockford,IL,47404,USA
3547,Brian,Jackson,brian.jackson3547@hotmail.com,+1-894-727-3235,4363 Cedar St,Tampa,FL,25828,USA
3548,Robert,Anderson,robert.anderson3548@hotmail.com,+1-286-368-8814,1619 Cedar Blvd,Chicago,IL,37711,USA
3549,Steven,Garcia,steven.garcia3549@outlook.com,+1-557-814-6391,3129 Main Rd,San Francisco,CA,93664,USA
3550,Jennifer,Williams,jennifer.williams3550@yahoo.com,+1-610-759-1126,3646 Oak Ave,Atlanta,GA,40345,USA
3551,Richard,Harris,richard.harris3551@outlook.com,+1-683-360-1276,4662 Park St,Pittsburgh,PA,59070,USA
3552,Margaret,Flores,margaret.flores3552@gmail.com,+1-998-637-5610,5785 Pine Rd,Jacksonville,FL,20596,USA
3553,Margaret,Wright,margaret.wright3553@gmail.com,+1-514-236-9190,6499 Oak Ave,Philadelphia,PA,72977,USA
3554,Ashley,Anderson,ashley.anderson3554@gmail.com,+1-759-680-1365,5517 Pine Rd,San Diego,CA,92577,USA
3555,Michelle,Williams,michelle.williams3555@outlook.com,+1-741-496-4058,8509 Oak St,Colorado Springs,CO,78052,USA
3556,Robert,Garcia,robert.garcia3556@yahoo.com,+1-551-629-5500,5973 Pine St,San Diego,CA,70448,USA
3557,Ashley,Scott,ashley.scott3557@yahoo.com,+1-477-487-4640,5630 Park Blvd,Seattle,WA,30307,USA
3558,Andrew,Jones,andrew.jones3558@yahoo.com,+1-299-271-2024,4843 Maple Ave,Savannah,GA,24202,USA
3559,Anthony,Thompson,anthony.thompson3559@yahoo.com,+1-633-631-9088,6433 Maple Ave,Chicago,IL,96052,USA
3560,Nancy,Thompson,nancy.thompson3560@yahoo.com,+1-263-793-7439,8190 Main Rd,Dallas,TX,44180,USA
3561,Daniel,Lopez,daniel.lopez3561@outlook.com,+1-715-831-3360,2637 Maple St,New York,NY,36220,USA
3562,Lisa,Allen,lisa.allen3562@hotmail.com,+1-649-272-9439,4734 Maple St,Rochester,NY,92206,USA
3563,Ashley,Johnson,ashley.johnson3563@yahoo.com,+1-769-655-2832,5967 Oak Ave,San Francisco,CA,24544,USA
3564,Steven,Clark,steven.clark3564@gmail.com,+1-775-668-3333,4369 Main St,San Jose,CA,80779,USA
3565,Kevin,Garcia,kevin.garcia3565@hotmail.com,+1-968-753-7224,5436 Park Rd,Houston,TX,21090,USA
3566,Anthony,Allen,anthony.allen3566@hotmail.com,+1-522-288-3081,8984 Main Blvd,Seattle,WA,55197,USA
3567,Emily,Williams,emily.williams3567@yahoo.com,+1-535-460-3047,2324 Pine Ave,Los Angeles,CA,16831,USA
3568,Jennifer,Wright,jennifer.wright3568@gmail.com,+1-387-305-4333,1480 Park Ave,Rochester,NY,37026,USA
3569,Susan,Jackson,susan.jackson3569@gmail.com,+1-820-347-9257,7050 Maple Rd,Colorado Springs,CO,90037,USA
3570,Paul,Lee,paul.lee3570@gmail.com,+1-909-505-7686,5767 Oak Blvd,Austin,TX,77165,USA
3571,Brian,Davis,brian.davis3571@yahoo.com,+1-753-981-5635,6392 Oak Ave,Los Angeles,CA,16102,USA
3572,William,Lopez,william.lopez3572@hotmail.com,+1-354-947-3857,825 Oak Ave,Orlando,FL,74332,USA
3573,Ashley,Anderson,ashley.anderson3573@gmail.com,+1-621-581-9054,8744 Maple Ave,Allentown,PA,79753,USA
3574,William,Hernandez,william.hernandez3574@hotmail.com,+1-321-459-1638,3418 Maple Rd,Miami,FL,22261,USA
3575,Joshua,Harris,joshua.harris3575@hotmail.com,+1-914-367-1438,8199 Main Blvd,Seattle,WA,62210,USA
3576,Lisa,Anderson,lisa.anderson3576@yahoo.com,+1-961-717-2029,2462 Oak St,Colorado Springs,CO,97356,USA
3577,Thomas,Robinson,thomas.robinson3577@hotmail.com,+1-442-784-8913,3743 Main Rd,Jacksonville,FL,38115,USA
3578,James,Allen,james.allen3578@yahoo.com,+1-206-418-5243,3216 Main Rd,Pittsburgh,PA,75801,USA
3579,Amanda,Clark,amanda.clark3579@yahoo.com,+1-863-714-8857,8020 Maple St,Buffalo,NY,18425,USA
3580,Karen,Taylor,karen.taylor3580@gmail.com,+1-501-681-4916,986 Cedar Ave,Chicago,IL,40068,USA
3581,Paul,Thompson,paul.thompson3581@outlook.com,+1-528-704-8500,8012 Oak Blvd,Springfield,IL,48146,USA
3582,William,Anderson,william.anderson3582@gmail.com,+1-420-606-7998,1045 Main St,Bellevue,WA,73845,USA
3583,Jennifer,Brown,jennifer.brown3583@hotmail.com,+1-340-709-6915,4926 Cedar St,Erie,PA,80182,USA
3584,Emily,Martin,emily.martin3584@gmail.com,+1-993-784-3621,1236 Cedar Blvd,San Diego,CA,63523,USA
3585,Charles,Allen,charles.allen3585@yahoo.com,+1-421-840-1246,5387 Oak Ave,Athens,GA,39758,USA
3586,Andrew,Taylor,andrew.taylor3586@gmail.com,+1-239-404-7421,5088 Park St,Tucson,AZ,31547,USA
3587,Brian,Ramirez,brian.ramirez3587@gmail.com,+1-218-873-6161,5850 Pine St,Tucson,AZ,50278,USA
3588,Sarah,Wilson,sarah.wilson3588@hotmail.com,+1-760-739-3297,9781 Pine St,Springfield,IL,26486,USA
3589,Ashley,Anderson,ashley.anderson3589@gmail.com,+1-824-949-1845,5487 Cedar St,Phoenix,AZ,33373,USA
3590,Margaret,Nguyen,margaret.nguyen3590@yahoo.com,+1-314-433-9981,3091 Oak Ave,Austin,TX,50910,USA
3591,Andrew,Rodriguez,andrew.rodriguez3591@hotmail.com,+1-826-468-7794,4790 Maple St,Spokane,WA,44176,USA
3592,Sandra,Johnson,sandra.johnson3592@yahoo.com,+1-838-806-9003,3967 Cedar Blvd,Albany,NY,33647,USA
3593,Sarah,Scott,sarah.scott3593@hotmail.com,+1-689-422-3517,6209 Main Ave,Dallas,TX,22021,USA
3594,Kevin,Harris,kevin.harris3594@outlook.com,+1-860-843-4186,4326 Main Blvd,Pueblo,CO,39513,USA
3595,James,Walker,james.walker3595@yahoo.com,+1-969-655-1948,7259 Main Ave,San Francisco,CA,67400,USA
3596,Barbara,Robinson,barbara.robinson3596@hotmail.com,+1-305-666-8227,844 Pine St,Los Angeles,CA,38116,USA
3597,Anthony,Hernandez,anthony.hernandez3597@yahoo.com,+1-886-737-9465,7955 Main St,Chicago,IL,51660,USA
3598,Amanda,Moore,amanda.moore3598@hotmail.com,+1-715-698-8738,7599 Pine St,Aurora,IL,26211,USA
3599,Paul,Jones,paul.jones3599@gmail.com,+1-577-599-5952,3599 Park St,Phoenix,AZ,23084,USA
3600,Robert,Ramirez,robert.ramirez3600@gmail.com,+1-369-329-4734,4489 Cedar Blvd,Philadelphia,PA,41137,USA
3601,Patricia,Martinez,patricia.martinez3601@hotmail.com,+1-316-552-2407,357 Pine St,Bellevue,WA,23373,USA
3602,Daniel,Perez,daniel.perez3602@yahoo.com,+1-981-590-8918,964 Maple Rd,Austin,TX,59978,USA
3603,Joshua,Lee,joshua.lee3603@outlook.com,+1-583-742-7590,8887 Pine Rd,Rochester,NY,17460,USA
3604,Karen,Thomas,karen.thomas3604@hotmail.com,+1-515-243-4434,1335 Maple St,Houston,TX,15314,USA
3605,Andrew,Walker,andrew.walker3605@hotmail.com,+1-645-778-9426,1066 Cedar St,San Jose,CA,56241,USA
3606,Karen,Sanchez,karen.sanchez3606@gmail.com,+1-286-612-1305,9083 Main St,Tampa,FL,11294,USA
3607,Linda,Johnson,linda.johnson3607@outlook.com,+1-851-449-6860,3203 Oak Blvd,Atlanta,GA,47559,USA
3608,Lisa,Scott,lisa.scott3608@outlook.com,+1-777-835-9456,1404 Cedar Ave,Albany,NY,72387,USA
3609,Patricia,Anderson,patricia.anderson3609@outlook.com,+1-880-723-3545,478 Oak St,Tacoma,WA,27761,USA
3610,Karen,Martin,karen.martin3610@hotmail.com,+1-613-613-6369,3128 Oak Ave,Rockford,IL,87678,USA
3611,Karen,Smith,karen.smith3611@hotmail.com,+1-663-630-1538,7432 Maple Blvd,San Jose,CA,66396,USA
3612,Elizabeth,Thompson,elizabeth.thompson3612@hotmail.com,+1-518-285-5174,5219 Cedar Ave,Jacksonville,FL,55469,USA
3613,Thomas,Torres,thomas.torres3613@gmail.com,+1-547-263-6106,6132 Park Ave,Tacoma,WA,75851,USA
3614,Anthony,Wright,anthony.wright3614@yahoo.com,+1-316-551-5136,1894 Park St,Springfield,IL,96190,USA
3615,Brian,Moore,brian.moore3615@outlook.com,+1-792-958-2149,7930 Oak Ave,Jacksonville,FL,15357,USA
3616,Mary,Harris,mary.harris3616@hotmail.com,+1-626-857-1167,7498 Cedar St,Houston,TX,84170,USA
3617,Amanda,Nguyen,amanda.nguyen3617@gmail.com,+1-912-950-1502,4032 Pine Ave,San Jose,CA,65143,USA
3618,Andrew,Thompson,andrew.thompson3618@gmail.com,+1-224-630-2161,8488 Oak Ave,San Diego,CA,23268,USA
3619,Elizabeth,Wilson,elizabeth.wilson3619@yahoo.com,+1-386-922-1821,6371 Pine Rd,Athens,GA,60933,USA
3620,Michael,Williams,michael.williams3620@outlook.com,+1-958-263-7036,1003 Maple Ave,Austin,TX,15799,USA
3621,Paul,Harris,paul.harris3621@gmail.com,+1-403-938-3338,9356 Park Ave,Orlando,FL,83145,USA
3622,Brian,Gonzalez,brian.gonzalez3622@gmail.com,+1-369-832-5954,4817 Main Rd,Spokane,WA,51801,USA
3623,Mary,Moore,mary.moore3623@outlook.com,+1-563-517-3307,3175 Oak Rd,Miami,FL,90510,USA
3624,Michael,Rodriguez,michael.rodriguez3624@yahoo.com,+1-466-902-8836,2885 Main Rd,Spokane,WA,29977,USA
3625,Nancy,Lee,nancy.lee3625@gmail.com,+1-625-532-9468,2980 Pine Blvd,Augusta,GA,45802,USA
3626,Joseph,Garcia,joseph.garcia3626@hotmail.com,+1-689-982-6366,9235 Park Rd,Savannah,GA,41871,USA
3627,Jennifer,Walker,jennifer.walker3627@hotmail.com,+1-706-674-6764,2865 Maple St,Tempe,AZ,31501,USA
3628,Mary,Harris,mary.harris3628@hotmail.com,+1-365-383-1969,2660 Maple Ave,Mesa,AZ,90469,USA
3629,Mark,Young,mark.young3629@outlook.com,+1-481-525-4828,8735 Main St,Pittsburgh,PA,94030,USA
3630,Kevin,Davis,kevin.davis3630@outlook.com,+1-623-835-2764,6768 Pine Ave,Tampa,FL,70754,USA
3631,Karen,Torres,karen.torres3631@yahoo.com,+1-370-404-8208,1745 Maple Ave,Buffalo,NY,91506,USA
3632,Kimberly,Jones,kimberly.jones3632@hotmail.com,+1-861-764-6479,8417 Park Rd,Allentown,PA,77084,USA
3633,James,Wilson,james.wilson3633@gmail.com,+1-584-946-4850,7378 Park Blvd,Rockford,IL,70941,USA
3634,Kevin,Wilson,kevin.wilson3634@hotmail.com,+1-723-697-5900,3873 Main St,Rockford,IL,31126,USA
3635,Margaret,Lee,margaret.lee3635@outlook.com,+1-208-525-1182,576 Park Blvd,Aurora,IL,75798,USA
3636,Andrew,White,andrew.white3636@outlook.com,+1-360-355-4984,7471 Oak St,Dallas,TX,84256,USA
3637,Matthew,Brown,matthew.brown3637@yahoo.com,+1-362-781-6511,3405 Cedar Ave,Buffalo,NY,21222,USA
3638,Charles,Sanchez,charles.sanchez3638@outlook.com,+1-928-811-9066,4777 Maple Rd,Springfield,IL,92201,USA
3639,David,Allen,david.allen3639@yahoo.com,+1-525-624-5505,3240 Oak St,Boulder,CO,54311,USA
3640,John,Williams,john.williams3640@yahoo.com,+1-960-439-9441,5364 Maple Ave,Miami,FL,60295,USA
3641,Karen,Scott,karen.scott3641@yahoo.com,+1-517-637-7749,5675 Main Ave,Denver,CO,94486,USA
3642,Linda,Sanchez,linda.sanchez3642@gmail.com,+1-793-942-6868,9296 Maple Rd,Savannah,GA,94432,USA
3643,Joshua,Williams,joshua.williams3643@hotmail.com,+1-956-352-2646,9619 Maple St,Philadelphia,PA,18450,USA
3644,Lisa,Brown,lisa.brown3644@gmail.com,+1-527-550-3813,3705 Maple St,Aurora,IL,33289,USA
3645,Daniel,Torres,daniel.torres3645@hotmail.com,+1-746-608-5163,7394 Maple St,Atlanta,GA,59043,USA
3646,Charles,Williams,charles.williams3646@yahoo.com,+1-603-765-5490,213 Main Blvd,San Jose,CA,89676,USA
3647,Margaret,Sanchez,margaret.sanchez3647@yahoo.com,+1-602-627-1284,7757 Pine Blvd,Rochester,NY,85907,USA
3648,Charles,King,charles.king3648@gmail.com,+1-633-651-4397,4806 Pine Rd,Dallas,TX,86152,USA
3649,Michael,Martin,michael.martin3649@hotmail.com,+1-662-751-8937,420 Main St,Aurora,IL,24736,USA
3650,Ashley,Ramirez,ashley.ramirez3650@hotmail.com,+1-882-790-3643,3781 Cedar Rd,Athens,GA,75771,USA
3651,Thomas,Brown,thomas.brown3651@yahoo.com,+1-532-299-4697,1312 Cedar St,Buffalo,NY,54786,USA
3652,Barbara,Young,barbara.young3652@yahoo.com,+1-691-395-6880,6841 Cedar Rd,Philadelphia,PA,19977,USA
3653,Daniel,Clark,daniel.clark3653@hotmail.com,+1-997-715-7869,6609 Maple Blvd,Spokane,WA,17500,USA
3654,Margaret,Jones,margaret.jones3654@yahoo.com,+1-693-880-4734,3762 Maple Blvd,Colorado Springs,CO,11059,USA
3655,Anthony,Harris,anthony.harris3655@hotmail.com,+1-480-843-3417,1514 Pine Ave,Dallas,TX,50198,USA
3656,Nancy,Hill,nancy.hill3656@hotmail.com,+1-423-680-4510,7505 Cedar St,Orlando,FL,78521,USA
3657,Ashley,Miller,ashley.miller3657@outlook.com,+1-390-564-9884,4857 Cedar Ave,Tempe,AZ,37239,USA
3658,Brian,Torres,brian.torres3658@hotmail.com,+1-972-546-6183,2727 Pine Blvd,San Francisco,CA,20330,USA
3659,Jessica,Moore,jessica.moore3659@gmail.com,+1-622-284-3935,5784 Park Rd,San Antonio,TX,11901,USA
3660,Mary,Scott,mary.scott3660@hotmail.com,+1-888-270-4807,8738 Main Rd,Rochester,NY,19822,USA
3661,Susan,Sanchez,susan.sanchez3661@hotmail.com,+1-290-401-3535,7716 Maple Blvd,San Antonio,TX,47147,USA
3662,Amanda,Allen,amanda.allen3662@yahoo.com,+1-752-483-3028,9716 Main Rd,San Diego,CA,11890,USA
3663,James,Lee,james.lee3663@outlook.com,+1-634-327-5285,3124 Oak Rd,Orlando,FL,44556,USA
3664,Steven,Gonzalez,steven.gonzalez3664@yahoo.com,+1-477-498-5000,4926 Maple Rd,Houston,TX,10938,USA
3665,Nancy,Lewis,nancy.lewis3665@outlook.com,+1-410-361-9241,7658 Pine Ave,Miami,FL,67670,USA
3666,Amanda,Martin,amanda.martin3666@hotmail.com,+1-957-360-2706,7521 Maple St,Pittsburgh,PA,30796,USA
3667,David,Taylor,david.taylor3667@hotmail.com,+1-978-390-8554,2696 Cedar Rd,Tempe,AZ,60090,USA
3668,Jessica,Wright,jessica.wright3668@hotmail.com,+1-429-947-2709,4005 Maple St,Buffalo,NY,51237,USA
3669,Elizabeth,Davis,elizabeth.davis3669@hotmail.com,+1-306-299-7487,1644 Maple St,Bellevue,WA,57463,USA
3670,Amanda,Garcia,amanda.garcia3670@outlook.com,+1-459-806-8232,6165 Cedar Ave,San Antonio,TX,30146,USA
3671,Karen,King,karen.king3671@outlook.com,+1-352-669-1277,3022 Cedar Ave,Miami,FL,14218,USA
3672,Robert,Martinez,robert.martinez3672@yahoo.com,+1-855-468-6583,7849 Maple Ave,Rochester,NY,56124,USA
3673,James,Taylor,james.taylor3673@outlook.com,+1-792-761-1409,9887 Main Ave,Denver,CO,88098,USA
3674,Emily,Thomas,emily.thomas3674@hotmail.com,+1-930-654-7757,3454 Main Blvd,Austin,TX,94978,USA
3675,Anthony,King,anthony.king3675@gmail.com,+1-262-845-6377,6853 Cedar Blvd,San Jose,CA,91361,USA
3676,Karen,Walker,karen.walker3676@outlook.com,+1-919-993-7504,2332 Cedar Rd,Orlando,FL,81086,USA
3677,Linda,Hernandez,linda.hernandez3677@outlook.com,+1-837-865-8666,5769 Park Blvd,San Francisco,CA,28756,USA
3678,Mary,Jackson,mary.jackson3678@gmail.com,+1-374-913-3922,2541 Cedar Blvd,New York,NY,18335,USA
3679,David,White,david.white3679@hotmail.com,+1-727-973-1212,2730 Park Rd,San Francisco,CA,91708,USA
3680,Nancy,Sanchez,nancy.sanchez3680@yahoo.com,+1-582-415-6674,3776 Park Ave,Miami,FL,78142,USA
3681,Sandra,Miller,sandra.miller3681@outlook.com,+1-925-234-1249,3890 Main Ave,Austin,TX,35662,USA
3682,Karen,Torres,karen.torres3682@hotmail.com,+1-233-661-4799,6359 Oak Ave,San Jose,CA,56404,USA
3683,John,Scott,john.scott3683@yahoo.com,+1-909-402-4978,6529 Pine Blvd,Buffalo,NY,75554,USA
3684,Linda,Brown,linda.brown3684@outlook.com,+1-605-835-3442,5263 Maple Rd,Dallas,TX,90344,USA
3685,Elizabeth,Wright,elizabeth.wright3685@outlook.com,+1-713-727-4505,5431 Maple Rd,Pittsburgh,PA,29805,USA
3686,Brian,Miller,brian.miller3686@gmail.com,+1-348-525-7501,7618 Park Rd,Tucson,AZ,97894,USA
3687,Lisa,Lewis,lisa.lewis3687@hotmail.com,+1-854-670-3902,5108 Cedar Rd,Denver,CO,34013,USA
3688,Matthew,Johnson,matthew.johnson3688@yahoo.com,+1-244-837-6812,7156 Pine Rd,Miami,FL,22170,USA
3689,Steven,Jones,steven.jones3689@outlook.com,+1-378-720-8432,8241 Cedar Rd,San Jose,CA,12979,USA
3690,Thomas,Wright,thomas.wright3690@outlook.com,+1-559-413-6808,3828 Cedar St,Spokane,WA,48246,USA
3691,Susan,Flores,susan.flores3691@yahoo.com,+1-567-251-7406,4898 Oak St,Austin,TX,90554,USA
3692,Emily,Moore,emily.moore3692@gmail.com,+1-359-343-7526,5185 Pine St,Rockford,IL,59973,USA
3693,Matthew,Anderson,matthew.anderson3693@hotmail.com,+1-505-865-7133,8879 Pine Ave,Dallas,TX,64981,USA
3694,Steven,Moore,steven.moore3694@yahoo.com,+1-423-327-5082,6055 Pine Blvd,Tampa,FL,25941,USA
3695,Sandra,Martinez,sandra.martinez3695@yahoo.com,+1-831-881-4969,5402 Cedar Ave,Pittsburgh,PA,82756,USA
3696,Charles,Taylor,charles.taylor3696@outlook.com,+1-997-813-8868,7908 Park Blvd,Pittsburgh,PA,12029,USA
3697,Andrew,Thompson,andrew.thompson3697@outlook.com,+1-657-720-8362,6815 Park Blvd,Philadelphia,PA,34881,USA
3698,Mary,Robinson,mary.robinson3698@outlook.com,+1-710-331-3314,4732 Cedar Ave,Los Angeles,CA,18510,USA
3699,Linda,Thomas,linda.thomas3699@hotmail.com,+1-590-850-3975,4914 Park St,Miami,FL,52744,USA
3700,Michael,Lopez,michael.lopez3700@outlook.com,+1-485-676-3204,7056 Maple St,Miami,FL,42628,USA
3701,Anthony,Jones,anthony.jones3701@yahoo.com,+1-464-927-8577,514 Park St,Dallas,TX,32210,USA
3702,Robert,Anderson,robert.anderson3702@outlook.com,+1-766-350-1015,5941 Maple Blvd,Springfield,IL,16094,USA
3703,Joseph,Hernandez,joseph.hernandez3703@outlook.com,+1-788-721-6321,4448 Pine Ave,San Francisco,CA,21230,USA
3704,Sarah,Lopez,sarah.lopez3704@yahoo.com,+1-716-561-2828,9643 Oak Rd,Bellevue,WA,28564,USA
3705,Thomas,Lopez,thomas.lopez3705@yahoo.com,+1-744-964-6174,3454 Cedar Ave,Tampa,FL,96311,USA
3706,Matthew,Young,matthew.young3706@gmail.com,+1-907-266-9149,2660 Main Ave,Austin,TX,99991,USA
3707,Thomas,Anderson,thomas.anderson3707@hotmail.com,+1-602-562-4983,2735 Pine St,Buffalo,NY,52738,USA
3708,Michael,Thompson,michael.thompson3708@yahoo.com,+1-402-256-2030,3242 Oak Blvd,Athens,GA,75431,USA
3709,Mark,Harris,mark.harris3709@outlook.com,+1-899-343-8846,2733 Maple Blvd,Atlanta,GA,70312,USA
3710,Elizabeth,Scott,elizabeth.scott3710@outlook.com,+1-786-813-3814,6992 Maple Blvd,Boulder,CO,26552,USA
3711,Sarah,Hill,sarah.hill3711@gmail.com,+1-417-877-4141,4665 Park Blvd,San Diego,CA,81884,USA
3712,Sandra,Davis,sandra.davis3712@gmail.com,+1-610-360-1009,4284 Oak Blvd,Dallas,TX,52990,USA
3713,Sarah,Miller,sarah.miller3713@hotmail.com,+1-662-942-2690,2114 Main Rd,Los Angeles,CA,78007,USA
3714,Margaret,White,margaret.white3714@gmail.com,+1-827-689-1928,3515 Oak Rd,Denver,CO,16439,USA
3715,Jennifer,Young,jennifer.young3715@hotmail.com,+1-972-682-6957,3943 Maple Ave,San Francisco,CA,37843,USA
3716,Emily,Williams,emily.williams3716@hotmail.com,+1-437-860-9218,5609 Maple St,Jacksonville,FL,73236,USA
3717,Kimberly,Taylor,kimberly.taylor3717@gmail.com,+1-470-945-7419,717 Maple Blvd,Boulder,CO,37519,USA
3718,Anthony,Torres,anthony.torres3718@outlook.com,+1-261-553-9828,2167 Cedar St,Erie,PA,43099,USA
3719,Kevin,Harris,kevin.harris3719@gmail.com,+1-291-255-5658,5773 Maple Blvd,Jacksonville,FL,44203,USA
3720,Robert,Harris,robert.harris3720@hotmail.com,+1-296-372-8796,5234 Pine Blvd,Tucson,AZ,67446,USA
3721,Anthony,Wilson,anthony.wilson3721@hotmail.com,+1-596-739-3351,5565 Main Rd,Dallas,TX,56701,USA
3722,Robert,Rodriguez,robert.rodriguez3722@outlook.com,+1-279-676-3835,2650 Park St,Tampa,FL,74092,USA
3723,Amanda,King,amanda.king3723@yahoo.com,+1-317-939-3491,7520 Cedar Rd,Tampa,FL,77299,USA
3724,Donna,Hill,donna.hill3724@hotmail.com,+1-511-439-4384,8258 Main Rd,Pueblo,CO,22433,USA
3725,Michael,Thomas,michael.thomas3725@hotmail.com,+1-725-360-6979,8625 Park Blvd,Springfield,IL,70538,USA
3726,Michael,Davis,michael.davis3726@yahoo.com,+1-479-299-5865,8660 Pine St,Pittsburgh,PA,49294,USA
3727,Nancy,Moore,nancy.moore3727@hotmail.com,+1-944-909-3623,7301 Maple Blvd,Tucson,AZ,87014,USA
3728,Anthony,Flores,anthony.flores3728@outlook.com,+1-872-860-1041,700 Park Ave,Atlanta,GA,34025,USA
3729,Amanda,Miller,amanda.miller3729@gmail.com,+1-584-493-5799,6545 Pine Rd,Tucson,AZ,52758,USA
3730,Susan,Williams,susan.williams3730@hotmail.com,+1-882-635-5797,1719 Pine Ave,Houston,TX,19293,USA
3731,Matthew,Wilson,matthew.wilson3731@outlook.com,+1-914-502-4228,6496 Cedar Blvd,Los Angeles,CA,86149,USA
3732,Robert,Nguyen,robert.nguyen3732@outlook.com,+1-458-313-2542,7669 Maple Ave,Mesa,AZ,69129,USA
3733,Paul,Davis,paul.davis3733@outlook.com,+1-702-790-8828,9920 Park Blvd,Pittsburgh,PA,87039,USA
3734,Matthew,Anderson,matthew.anderson3734@yahoo.com,+1-983-260-1732,1578 Maple Blvd,San Diego,CA,42408,USA
3735,Sandra,Gonzalez,sandra.gonzalez3735@yahoo.com,+1-942-864-3997,4244 Cedar Blvd,Bellevue,WA,12179,USA
3736,Daniel,Jackson,daniel.jackson3736@gmail.com,+1-567-761-7049,9440 Pine Rd,Houston,TX,16280,USA
3737,Margaret,Robinson,margaret.robinson3737@yahoo.com,+1-468-304-2912,7790 Main Ave,Denver,CO,67370,USA
3738,Barbara,Perez,barbara.perez3738@hotmail.com,+1-390-324-1006,2768 Park St,Tampa,FL,49267,USA
3739,Steven,Thompson,steven.thompson3739@outlook.com,+1-718-872-1994,9113 Cedar Ave,Boulder,CO,78806,USA
3740,Mary,Johnson,mary.johnson3740@hotmail.com,+1-556-918-3253,5476 Oak Blvd,San Francisco,CA,38415,USA
3741,Lisa,Garcia,lisa.garcia3741@yahoo.com,+1-237-594-2505,8844 Maple Rd,San Diego,CA,64316,USA
3742,Linda,Hill,linda.hill3742@yahoo.com,+1-961-885-9338,3660 Oak Ave,San Diego,CA,27876,USA
3743,Amanda,Anderson,amanda.anderson3743@outlook.com,+1-579-527-3759,9639 Main Rd,New York,NY,65326,USA
3744,William,Lee,william.lee3744@yahoo.com,+1-536-786-3157,5665 Cedar Rd,Erie,PA,58807,USA
3745,Sandra,Flores,sandra.flores3745@hotmail.com,+1-809-747-4638,5130 Park Blvd,Seattle,WA,86652,USA
3746,Patricia,Brown,patricia.brown3746@yahoo.com,+1-291-520-3794,9066 Oak St,New York,NY,21341,USA
3747,Kimberly,Brown,kimberly.brown3747@gmail.com,+1-877-751-6503,6215 Main Rd,Springfield,IL,33439,USA
3748,Kimberly,Moore,kimberly.moore3748@gmail.com,+1-535-830-5147,7585 Oak Ave,Athens,GA,23932,USA
3749,Jessica,Wilson,jessica.wilson3749@hotmail.com,+1-823-852-1304,7979 Maple Rd,San Jose,CA,38744,USA
3750,Linda,Davis,linda.davis3750@outlook.com,+1-267-423-4837,8336 Cedar Rd,San Jose,CA,55733,USA
3751,Michael,Nguyen,michael.nguyen3751@gmail.com,+1-389-222-3487,6091 Oak St,Tempe,AZ,92033,USA
3752,Daniel,Taylor,daniel.taylor3752@yahoo.com,+1-558-614-4593,468 Main Ave,Boulder,CO,76721,USA
3753,Anthony,Lopez,anthony.lopez3753@yahoo.com,+1-569-864-2206,3802 Cedar Blvd,Philadelphia,PA,33353,USA
3754,Kimberly,Lewis,kimberly.lewis3754@yahoo.com,+1-398-937-4677,3416 Pine St,Tucson,AZ,10551,USA
3755,Ashley,Martin,ashley.martin3755@outlook.com,+1-659-514-9599,5720 Park Rd,Athens,GA,29963,USA
3756,Karen,Perez,karen.perez3756@hotmail.com,+1-255-895-9145,7721 Cedar Rd,Atlanta,GA,54965,USA
3757,Lisa,Lopez,lisa.lopez3757@outlook.com,+1-704-959-2163,1354 Cedar St,Bellevue,WA,44417,USA
3758,Charles,Thompson,charles.thompson3758@yahoo.com,+1-714-594-5518,5930 Main Blvd,San Jose,CA,34489,USA
3759,Joshua,Walker,joshua.walker3759@yahoo.com,+1-258-821-3875,8470 Cedar Ave,San Francisco,CA,52963,USA
3760,Nancy,Clark,nancy.clark3760@yahoo.com,+1-599-865-4132,8227 Park Rd,San Diego,CA,94715,USA
3761,Mark,Young,mark.young3761@hotmail.com,+1-881-258-4547,3501 Oak Blvd,Colorado Springs,CO,47386,USA
3762,Jessica,Thomas,jessica.thomas3762@outlook.com,+1-429-704-1854,9380 Park Rd,Athens,GA,84604,USA
3763,Charles,Garcia,charles.garcia3763@gmail.com,+1-919-405-9033,4866 Oak St,New York,NY,44533,USA
3764,Joseph,Garcia,joseph.garcia3764@yahoo.com,+1-690-996-7568,1053 Pine St,Spokane,WA,95724,USA
3765,Patricia,Jones,patricia.jones3765@hotmail.com,+1-359-546-1490,402 Pine St,San Jose,CA,61620,USA
3766,Jennifer,Gonzalez,jennifer.gonzalez3766@hotmail.com,+1-676-514-1095,4441 Oak Blvd,Allentown,PA,62768,USA
3767,Nancy,White,nancy.white3767@yahoo.com,+1-671-704-3874,9366 Oak Ave,Orlando,FL,24795,USA
3768,Donna,Garcia,donna.garcia3768@yahoo.com,+1-641-770-3570,8724 Cedar St,Los Angeles,CA,56533,USA
3769,Richard,Garcia,richard.garcia3769@outlook.com,+1-634-223-9287,4110 Main St,San Diego,CA,70529,USA
3770,Paul,Davis,paul.davis3770@outlook.com,+1-963-267-6620,7559 Park Rd,Savannah,GA,18345,USA
3771,Michelle,Miller,michelle.miller3771@gmail.com,+1-374-509-8235,1306 Cedar Blvd,Savannah,GA,77785,USA
3772,Sandra,Wright,sandra.wright3772@hotmail.com,+1-253-447-4807,1563 Main Rd,Los Angeles,CA,27760,USA
3773,Sarah,Ramirez,sarah.ramirez3773@yahoo.com,+1-397-509-2054,3897 Maple St,San Diego,CA,11436,USA
3774,Barbara,Martinez,barbara.martinez3774@yahoo.com,+1-670-373-9858,9853 Main St,Rochester,NY,78685,USA
3775,Mark,Thomas,mark.thomas3775@outlook.com,+1-252-684-6598,7357 Pine Ave,Augusta,GA,63011,USA
3776,Charles,Johnson,charles.johnson3776@gmail.com,+1-459-598-5080,2139 Oak St,Pittsburgh,PA,20733,USA
3777,Thomas,Lopez,thomas.lopez3777@gmail.com,+1-217-857-6054,3841 Pine St,Los Angeles,CA,50670,USA
3778,Patricia,Robinson,patricia.robinson3778@gmail.com,+1-897-441-8487,4152 Main St,Albany,NY,26661,USA
3779,Michael,Wright,michael.wright3779@hotmail.com,+1-307-252-7482,7316 Park St,Erie,PA,23090,USA
3780,Charles,Harris,charles.harris3780@gmail.com,+1-559-334-5711,2769 Maple Ave,Allentown,PA,86012,USA
3781,Amanda,Walker,amanda.walker3781@gmail.com,+1-631-727-5968,5696 Main Ave,Rochester,NY,80263,USA
3782,Karen,Torres,karen.torres3782@yahoo.com,+1-781-506-8409,5851 Oak Blvd,Rochester,NY,88863,USA
3783,Kimberly,Lopez,kimberly.lopez3783@outlook.com,+1-935-237-5889,517 Maple St,Jacksonville,FL,51356,USA
3784,Michelle,Miller,michelle.miller3784@yahoo.com,+1-272-866-9308,951 Cedar Blvd,San Diego,CA,15949,USA
3785,Donna,Thomas,donna.thomas3785@hotmail.com,+1-732-256-5930,8794 Pine St,Rochester,NY,77177,USA
3786,Anthony,Thompson,anthony.thompson3786@gmail.com,+1-227-859-2358,5882 Park Blvd,Albany,NY,18553,USA
3787,William,Lewis,william.lewis3787@gmail.com,+1-257-254-2606,6629 Oak Ave,Dallas,TX,55499,USA
3788,Joseph,Hill,joseph.hill3788@gmail.com,+1-797-601-2021,8269 Cedar Rd,Philadelphia,PA,71118,USA
3789,Matthew,Robinson,matthew.robinson3789@outlook.com,+1-690-477-6810,3828 Main Blvd,Albany,NY,73367,USA
3790,Jennifer,Gonzalez,jennifer.gonzalez3790@yahoo.com,+1-450-993-8294,5413 Cedar Ave,Los Angeles,CA,58335,USA
3791,Matthew,Flores,matthew.flores3791@yahoo.com,+1-905-285-7685,7153 Maple Blvd,Savannah,GA,64523,USA
3792,Ashley,Thomas,ashley.thomas3792@outlook.com,+1-981-438-6292,5010 Main Blvd,Tampa,FL,61332,USA
3793,Donna,Lewis,donna.lewis3793@yahoo.com,+1-432-923-7586,9482 Pine Ave,Los Angeles,CA,88998,USA
3794,Barbara,Perez,barbara.perez3794@hotmail.com,+1-782-893-2557,6935 Cedar Rd,Springfield,IL,64052,USA
3795,Sarah,Hill,sarah.hill3795@gmail.com,+1-384-702-3071,3356 Oak Rd,Aurora,IL,63279,USA
3796,Elizabeth,Williams,elizabeth.williams3796@hotmail.com,+1-401-337-8467,6698 Maple Rd,Denver,CO,80885,USA
3797,Emily,Walker,emily.walker3797@hotmail.com,+1-280-972-6629,7827 Park St,San Jose,CA,52332,USA
3798,Michael,Johnson,michael.johnson3798@yahoo.com,+1-374-699-3676,3907 Pine Blvd,Colorado Springs,CO,14601,USA
3799,Lisa,Torres,lisa.torres3799@yahoo.com,+1-236-916-7270,3605 Park St,Dallas,TX,93056,USA
3800,Kevin,Allen,kevin.allen3800@gmail.com,+1-950-961-3601,2889 Maple Rd,San Francisco,CA,96797,USA
3801,Joseph,Lopez,joseph.lopez3801@outlook.com,+1-524-536-6265,2287 Cedar St,Allentown,PA,43613,USA
3802,Lisa,Thomas,lisa.thomas3802@hotmail.com,+1-663-481-5757,2986 Pine Rd,Los Angeles,CA,47270,USA
3803,Emily,Thomas,emily.thomas3803@yahoo.com,+1-267-600-6646,4482 Cedar Ave,Jacksonville,FL,64687,USA
3804,Daniel,Harris,daniel.harris3804@outlook.com,+1-603-232-3833,4525 Park Blvd,San Francisco,CA,90851,USA
3805,Barbara,Jones,barbara.jones3805@gmail.com,+1-893-578-2556,6598 Cedar Rd,San Diego,CA,19807,USA
3806,Paul,Gonzalez,paul.gonzalez3806@outlook.com,+1-748-577-2743,4049 Maple St,Austin,TX,21631,USA
3807,Jennifer,Jones,jennifer.jones3807@gmail.com,+1-309-377-1998,6340 Main Ave,Pittsburgh,PA,43048,USA
3808,Michelle,Jones,michelle.jones3808@yahoo.com,+1-601-482-1015,9350 Park Rd,Aurora,IL,77670,USA
3809,Paul,Scott,paul.scott3809@gmail.com,+1-538-431-5148,7136 Main St,San Antonio,TX,25864,USA
3810,Patricia,Rodriguez,patricia.rodriguez3810@gmail.com,+1-794-887-6027,4645 Maple Ave,Pittsburgh,PA,64229,USA
3811,Thomas,Martin,thomas.martin3811@yahoo.com,+1-335-426-6035,1363 Pine St,Philadelphia,PA,60934,USA
3812,Linda,Thompson,linda.thompson3812@yahoo.com,+1-575-512-1594,2737 Maple Blvd,Athens,GA,72805,USA
3813,Lisa,Flores,lisa.flores3813@outlook.com,+1-902-540-8200,8770 Cedar Rd,Buffalo,NY,72631,USA
3814,Robert,Miller,robert.miller3814@hotmail.com,+1-715-928-8166,7438 Park Rd,Austin,TX,63133,USA
3815,Jennifer,Perez,jennifer.perez3815@hotmail.com,+1-539-748-2913,4294 Cedar Rd,Orlando,FL,55783,USA
3816,Thomas,Robinson,thomas.robinson3816@outlook.com,+1-802-351-2598,4543 Oak Rd,Allentown,PA,26160,USA
3817,Matthew,Lee,matthew.lee3817@gmail.com,+1-357-762-7232,6468 Oak Blvd,Boulder,CO,16469,USA
3818,Kimberly,Allen,kimberly.allen3818@outlook.com,+1-800-641-4332,3838 Park Rd,Austin,TX,30164,USA
3819,Matthew,Miller,matthew.miller3819@yahoo.com,+1-294-243-7953,4766 Maple St,New York,NY,93821,USA
3820,Karen,Jones,karen.jones3820@yahoo.com,+1-336-557-1690,4815 Oak Blvd,Bellevue,WA,88267,USA
3821,Elizabeth,Johnson,elizabeth.johnson3821@yahoo.com,+1-325-654-5571,1700 Cedar Blvd,San Antonio,TX,62737,USA
3822,Mark,Nguyen,mark.nguyen3822@gmail.com,+1-364-572-7510,4792 Oak Rd,San Diego,CA,26083,USA
3823,John,Moore,john.moore3823@hotmail.com,+1-725-971-5259,8388 Maple Ave,Los Angeles,CA,54484,USA
3824,Steven,Martin,steven.martin3824@gmail.com,+1-588-767-3331,7521 Maple Ave,Seattle,WA,75354,USA
3825,Mark,Smith,mark.smith3825@outlook.com,+1-984-675-2688,9903 Oak Blvd,Tampa,FL,19943,USA
3826,Sarah,King,sarah.king3826@gmail.com,+1-261-261-6747,9883 Main St,San Francisco,CA,36938,USA
3827,James,Hernandez,james.hernandez3827@outlook.com,+1-981-689-5660,9483 Park Ave,San Antonio,TX,57602,USA
3828,Charles,Gonzalez,charles.gonzalez3828@hotmail.com,+1-528-242-9367,3975 Park Blvd,Atlanta,GA,44989,USA
3829,Robert,Davis,robert.davis3829@outlook.com,+1-569-230-2999,476 Cedar Rd,Aurora,IL,94551,USA
3830,Andrew,Lopez,andrew.lopez3830@hotmail.com,+1-466-402-1700,8062 Main Ave,San Diego,CA,94136,USA
3831,Jessica,Wright,jessica.wright3831@yahoo.com,+1-658-582-7472,1742 Oak Blvd,Orlando,FL,41523,USA
3832,Patricia,Sanchez,patricia.sanchez3832@hotmail.com,+1-909-641-3177,6819 Main Ave,Houston,TX,88535,USA
3833,Susan,Anderson,susan.anderson3833@hotmail.com,+1-956-559-6262,5929 Pine Rd,Springfield,IL,70767,USA
3834,Elizabeth,Lee,elizabeth.lee3834@gmail.com,+1-261-327-8240,7914 Maple St,Tacoma,WA,79090,USA
3835,Mark,Ramirez,mark.ramirez3835@hotmail.com,+1-249-515-3910,8497 Main St,San Jose,CA,45411,USA
3836,Linda,Lewis,linda.lewis3836@hotmail.com,+1-402-967-1006,3460 Oak St,New York,NY,58689,USA
3837,Kevin,Harris,kevin.harris3837@hotmail.com,+1-543-763-9963,2491 Oak Rd,San Diego,CA,77479,USA
3838,Steven,Clark,steven.clark3838@gmail.com,+1-593-466-9081,2309 Main Rd,Augusta,GA,78730,USA
3839,Joseph,Jackson,joseph.jackson3839@yahoo.com,+1-977-289-3660,6516 Pine Blvd,San Francisco,CA,69426,USA
3840,Nancy,Rodriguez,nancy.rodriguez3840@yahoo.com,+1-835-560-2213,1806 Main St,Tacoma,WA,70222,USA
3841,Michael,Davis,michael.davis3841@outlook.com,+1-425-656-9888,3763 Maple Blvd,Athens,GA,54920,USA
3842,Brian,Thompson,brian.thompson3842@outlook.com,+1-680-589-4882,3389 Main Rd,Austin,TX,19893,USA
3843,Linda,Sanchez,linda.sanchez3843@outlook.com,+1-531-395-9627,9015 Park Ave,Houston,TX,95517,USA
3844,Jennifer,Walker,jennifer.walker3844@yahoo.com,+1-311-721-3905,8314 Oak St,Pittsburgh,PA,19701,USA
3845,Patricia,Perez,patricia.perez3845@yahoo.com,+1-650-229-4407,6524 Cedar Blvd,Pueblo,CO,93952,USA
3846,Susan,King,susan.king3846@outlook.com,+1-523-240-3721,1573 Main Blvd,Houston,TX,44522,USA
3847,John,Scott,john.scott3847@yahoo.com,+1-708-562-1768,8978 Oak Blvd,Tampa,FL,82477,USA
3848,Brian,Williams,brian.williams3848@hotmail.com,+1-760-864-4672,6681 Maple St,Boulder,CO,18301,USA
3849,Ashley,Jackson,ashley.jackson3849@outlook.com,+1-839-909-5791,7589 Oak Blvd,Jacksonville,FL,73135,USA
3850,Linda,Ramirez,linda.ramirez3850@hotmail.com,+1-373-625-5541,9335 Park Blvd,San Antonio,TX,66347,USA
3851,Linda,Thomas,linda.thomas3851@hotmail.com,+1-548-552-4007,1810 Park Blvd,Albany,NY,67085,USA
3852,Michael,Allen,michael.allen3852@gmail.com,+1-311-294-4495,416 Main St,Los Angeles,CA,75437,USA
3853,David,Hernandez,david.hernandez3853@gmail.com,+1-689-774-6540,9286 Park Blvd,Tampa,FL,39485,USA
3854,Nancy,Smith,nancy.smith3854@outlook.com,+1-782-703-4630,9737 Oak Blvd,Tampa,FL,74418,USA
3855,Amanda,Lewis,amanda.lewis3855@gmail.com,+1-996-669-9335,3265 Oak Blvd,Springfield,IL,75936,USA
3856,Michael,Harris,michael.harris3856@gmail.com,+1-847-425-9308,3935 Oak Blvd,Orlando,FL,13548,USA
3857,Susan,Flores,susan.flores3857@gmail.com,+1-334-795-6220,9584 Cedar St,Atlanta,GA,31097,USA
3858,Linda,White,linda.white3858@gmail.com,+1-941-796-6159,4029 Main St,Austin,TX,30293,USA
3859,David,Robinson,david.robinson3859@yahoo.com,+1-582-445-1328,2096 Cedar Blvd,Tacoma,WA,35132,USA
3860,James,Martin,james.martin3860@yahoo.com,+1-346-842-9911,4028 Park Rd,Tucson,AZ,87496,USA
3861,Andrew,Flores,andrew.flores3861@yahoo.com,+1-594-823-5259,7282 Cedar St,Tacoma,WA,88719,USA
3862,Charles,Thomas,charles.thomas3862@yahoo.com,+1-754-456-5263,7931 Park Blvd,Austin,TX,78412,USA
3863,David,Moore,david.moore3863@yahoo.com,+1-346-657-6425,331 Maple Blvd,Dallas,TX,33185,USA
3864,Sandra,Martin,sandra.martin3864@hotmail.com,+1-935-912-3732,3748 Main Blvd,Phoenix,AZ,58489,USA
3865,Daniel,Lopez,daniel.lopez3865@yahoo.com,+1-836-317-8620,4236 Oak Ave,Albany,NY,16942,USA
3866,Karen,Young,karen.young3866@hotmail.com,+1-955-705-2231,2111 Cedar Rd,Rockford,IL,66803,USA
3867,Donna,Nguyen,donna.nguyen3867@gmail.com,+1-453-208-3615,4110 Oak Ave,Augusta,GA,10396,USA
3868,Nancy,Clark,nancy.clark3868@outlook.com,+1-868-656-4996,203 Park Ave,Boulder,CO,46535,USA
3869,Andrew,Davis,andrew.davis3869@outlook.com,+1-891-868-2577,1166 Cedar St,Pittsburgh,PA,70132,USA
3870,Sandra,Harris,sandra.harris3870@outlook.com,+1-920-694-9287,1544 Park St,Erie,PA,85350,USA
3871,Joshua,Garcia,joshua.garcia3871@outlook.com,+1-939-850-7272,6253 Pine Blvd,Austin,TX,57849,USA
3872,Steven,Martinez,steven.martinez3872@gmail.com,+1-843-540-7323,4156 Main Rd,San Diego,CA,82510,USA
3873,Sarah,Allen,sarah.allen3873@hotmail.com,+1-442-749-9068,3302 Oak Ave,Philadelphia,PA,49252,USA
3874,David,Williams,david.williams3874@yahoo.com,+1-822-505-8585,8713 Park Rd,San Jose,CA,30736,USA
3875,James,Lewis,james.lewis3875@yahoo.com,+1-580-889-3137,1968 Pine Rd,Allentown,PA,80435,USA
3876,Joseph,Flores,joseph.flores3876@gmail.com,+1-586-932-8508,9212 Main St,Buffalo,NY,48993,USA
3877,Mark,Hernandez,mark.hernandez3877@outlook.com,+1-774-806-7566,4336 Park Rd,Erie,PA,60049,USA
3878,Kimberly,Lopez,kimberly.lopez3878@gmail.com,+1-294-444-5730,7710 Main St,Mesa,AZ,30760,USA
3879,Charles,Thompson,charles.thompson3879@outlook.com,+1-790-949-6506,1993 Pine Ave,Houston,TX,53922,USA
3880,Daniel,Williams,daniel.williams3880@yahoo.com,+1-446-768-1005,7177 Main Blvd,Pueblo,CO,68622,USA
3881,Sarah,Garcia,sarah.garcia3881@yahoo.com,+1-966-653-6842,8805 Main Ave,Tacoma,WA,98054,USA
3882,Joshua,Gonzalez,joshua.gonzalez3882@yahoo.com,+1-537-899-9207,9587 Maple Ave,Philadelphia,PA,65637,USA
3883,James,Nguyen,james.nguyen3883@outlook.com,+1-810-304-8033,6663 Pine Blvd,Colorado Springs,CO,66798,USA
3884,Paul,Martinez,paul.martinez3884@hotmail.com,+1-863-281-4633,5142 Main Blvd,Denver,CO,98753,USA
3885,David,Perez,david.perez3885@hotmail.com,+1-742-322-6403,898 Pine Blvd,Aurora,IL,67592,USA
3886,Jessica,Robinson,jessica.robinson3886@outlook.com,+1-470-598-6857,3956 Park Rd,Rockford,IL,91774,USA
3887,Donna,Lopez,donna.lopez3887@gmail.com,+1-976-854-5440,3186 Maple Ave,Rochester,NY,90935,USA
3888,Thomas,Johnson,thomas.johnson3888@yahoo.com,+1-874-866-4226,6931 Park St,Allentown,PA,61541,USA
3889,David,Johnson,david.johnson3889@yahoo.com,+1-350-740-9962,4223 Pine Blvd,Jacksonville,FL,96009,USA
3890,Mark,Perez,mark.perez3890@gmail.com,+1-422-305-7224,4616 Maple Blvd,San Francisco,CA,38423,USA
3891,Susan,Miller,susan.miller3891@gmail.com,+1-733-440-2061,7410 Maple Blvd,Boulder,CO,11616,USA
3892,Matthew,Hernandez,matthew.hernandez3892@yahoo.com,+1-904-398-8525,1173 Main St,San Francisco,CA,78494,USA
3893,David,Torres,david.torres3893@hotmail.com,+1-639-462-3418,3811 Maple Blvd,Rochester,NY,88934,USA
3894,Charles,Allen,charles.allen3894@outlook.com,+1-886-410-9542,4811 Maple St,San Francisco,CA,84584,USA
3895,Matthew,Robinson,matthew.robinson3895@yahoo.com,+1-295-914-7471,625 Oak St,San Diego,CA,50168,USA
3896,Elizabeth,Young,elizabeth.young3896@gmail.com,+1-708-612-5715,8402 Park Blvd,Miami,FL,35245,USA
3897,Steven,Flores,steven.flores3897@outlook.com,+1-364-669-5336,5892 Maple St,Rockford,IL,17585,USA
3898,Richard,Robinson,richard.robinson3898@yahoo.com,+1-949-626-8608,8602 Cedar Rd,Rochester,NY,63579,USA
3899,Jennifer,White,jennifer.white3899@gmail.com,+1-618-846-6055,7669 Pine Rd,Athens,GA,94740,USA
3900,Susan,Garcia,susan.garcia3900@yahoo.com,+1-848-345-8810,8344 Main Blvd,Albany,NY,32728,USA
3901,Susan,White,susan.white3901@hotmail.com,+1-675-874-5490,3569 Park St,Augusta,GA,87561,USA
3902,Karen,Wright,karen.wright3902@gmail.com,+1-605-434-4997,9983 Oak Blvd,Philadelphia,PA,77802,USA
3903,Michelle,Jackson,michelle.jackson3903@outlook.com,+1-972-415-2925,4784 Oak Blvd,Tampa,FL,35693,USA
3904,Ashley,Scott,ashley.scott3904@yahoo.com,+1-263-720-7467,9056 Main Blvd,Erie,PA,62790,USA
3905,Lisa,Lewis,lisa.lewis3905@gmail.com,+1-578-852-1521,4700 Maple Blvd,Denver,CO,66870,USA
3906,Nancy,Anderson,nancy.anderson3906@outlook.com,+1-647-602-3568,6690 Pine St,Miami,FL,40661,USA
3907,Donna,Robinson,donna.robinson3907@yahoo.com,+1-447-469-4450,5435 Maple Ave,Denver,CO,36295,USA
3908,Nancy,Martin,nancy.martin3908@yahoo.com,+1-343-271-6021,6337 Park St,Austin,TX,66079,USA
3909,David,Flores,david.flores3909@outlook.com,+1-530-419-5191,4823 Park St,Miami,FL,10862,USA
3910,Jessica,Johnson,jessica.johnson3910@yahoo.com,+1-908-229-1272,6352 Park Blvd,Tucson,AZ,93628,USA
3911,Andrew,Lewis,andrew.lewis3911@outlook.com,+1-799-681-2416,6926 Park Ave,Phoenix,AZ,32022,USA
3912,Elizabeth,Torres,elizabeth.torres3912@yahoo.com,+1-891-618-5134,6757 Main Blvd,Pueblo,CO,41446,USA
3913,William,Perez,william.perez3913@hotmail.com,+1-393-317-3973,480 Main St,San Jose,CA,36341,USA
3914,Andrew,Lewis,andrew.lewis3914@outlook.com,+1-318-812-7231,9760 Oak Ave,Atlanta,GA,60357,USA
3915,William,Lopez,william.lopez3915@hotmail.com,+1-724-917-7063,7679 Oak Rd,San Jose,CA,86778,USA
3916,Charles,Davis,charles.davis3916@yahoo.com,+1-733-927-2288,7958 Pine Rd,Aurora,IL,97979,USA
3917,Lisa,Taylor,lisa.taylor3917@hotmail.com,+1-949-602-5090,6880 Park Ave,Augusta,GA,33697,USA
3918,Sandra,Hernandez,sandra.hernandez3918@outlook.com,+1-249-663-2799,6454 Pine St,Philadelphia,PA,53418,USA
3919,Donna,Hernandez,donna.hernandez3919@yahoo.com,+1-960-370-1496,4220 Cedar Blvd,Los Angeles,CA,33554,USA
3920,Jennifer,Sanchez,jennifer.sanchez3920@outlook.com,+1-687-685-3843,7092 Pine St,Miami,FL,80352,USA
3921,Mary,Gonzalez,mary.gonzalez3921@yahoo.com,+1-958-408-7239,7072 Oak St,Boulder,CO,45580,USA
3922,Ashley,Scott,ashley.scott3922@outlook.com,+1-876-329-7218,1986 Maple Ave,Colorado Springs,CO,34855,USA
3923,Susan,Walker,susan.walker3923@gmail.com,+1-301-553-1968,8756 Cedar Ave,Boulder,CO,78138,USA
3924,William,Wright,william.wright3924@yahoo.com,+1-635-225-4768,9294 Cedar Blvd,Allentown,PA,99275,USA
3925,Kimberly,Martin,kimberly.martin3925@yahoo.com,+1-924-926-1866,236 Cedar St,San Diego,CA,18875,USA
3926,David,Robinson,david.robinson3926@yahoo.com,+1-925-221-2364,2055 Main Ave,Austin,TX,96390,USA
3927,Elizabeth,Wright,elizabeth.wright3927@outlook.com,+1-265-833-2553,8961 Park Blvd,Phoenix,AZ,47293,USA
3928,Margaret,Moore,margaret.moore3928@hotmail.com,+1-991-636-3917,4651 Oak Ave,Mesa,AZ,69950,USA
3929,Paul,Clark,paul.clark3929@yahoo.com,+1-572-359-5421,1336 Park Blvd,Colorado Springs,CO,74953,USA
3930,John,Allen,john.allen3930@yahoo.com,+1-663-702-1660,9092 Pine St,San Francisco,CA,98570,USA
3931,Lisa,Martin,lisa.martin3931@hotmail.com,+1-787-309-8313,836 Cedar Rd,Erie,PA,60138,USA
3932,Mary,Clark,mary.clark3932@gmail.com,+1-630-734-4071,9619 Cedar Blvd,Denver,CO,97240,USA
3933,Andrew,Lopez,andrew.lopez3933@hotmail.com,+1-226-523-4306,6567 Cedar Ave,Rochester,NY,26785,USA
3934,Sarah,Miller,sarah.miller3934@outlook.com,+1-403-862-8957,3430 Maple Rd,Tucson,AZ,49145,USA
3935,Steven,Allen,steven.allen3935@outlook.com,+1-600-791-6110,4632 Oak Rd,Orlando,FL,19418,USA
3936,Patricia,White,patricia.white3936@hotmail.com,+1-259-939-4662,4790 Park Rd,New York,NY,31801,USA
3937,Michael,Scott,michael.scott3937@outlook.com,+1-417-339-4401,1966 Maple St,San Francisco,CA,67711,USA
3938,Sandra,Perez,sandra.perez3938@hotmail.com,+1-207-646-1397,5681 Maple Rd,Philadelphia,PA,60316,USA
3939,Richard,Miller,richard.miller3939@outlook.com,+1-766-710-5851,6768 Pine Rd,San Jose,CA,11213,USA
3940,Donna,Miller,donna.miller3940@outlook.com,+1-321-711-5675,4445 Oak St,Miami,FL,52355,USA
3941,Linda,Lewis,linda.lewis3941@outlook.com,+1-308-282-1578,3841 Oak Blvd,Rockford,IL,85402,USA
3942,Andrew,Thomas,andrew.thomas3942@gmail.com,+1-720-773-8120,6861 Cedar Rd,Austin,TX,72913,USA
3943,Michelle,Williams,michelle.williams3943@outlook.com,+1-634-969-5420,1339 Oak Rd,San Diego,CA,59695,USA
3944,Elizabeth,Lewis,elizabeth.lewis3944@yahoo.com,+1-296-812-7241,4546 Maple Ave,Allentown,PA,29298,USA
3945,Charles,Moore,charles.moore3945@outlook.com,+1-281-226-3701,3406 Main Ave,Jacksonville,FL,38685,USA
3946,Susan,Brown,susan.brown3946@hotmail.com,+1-865-616-4355,3377 Cedar St,Rochester,NY,65271,USA
3947,Amanda,Wilson,amanda.wilson3947@outlook.com,+1-789-361-5429,1845 Main Rd,Tempe,AZ,69667,USA
3948,Karen,Lewis,karen.lewis3948@yahoo.com,+1-452-235-9110,8312 Maple Rd,San Jose,CA,26419,USA
3949,Joshua,Sanchez,joshua.sanchez3949@gmail.com,+1-896-519-8884,6991 Oak Rd,Houston,TX,51806,USA
3950,Anthony,Torres,anthony.torres3950@yahoo.com,+1-595-591-6433,8073 Pine Ave,Rochester,NY,97538,USA
3951,Michael,Brown,michael.brown3951@hotmail.com,+1-578-767-9833,7351 Main Blvd,Philadelphia,PA,91425,USA
3952,Steven,Clark,steven.clark3952@outlook.com,+1-455-930-5918,8954 Park Ave,Buffalo,NY,81836,USA
3953,Susan,Scott,susan.scott3953@outlook.com,+1-637-794-6720,6873 Main Blvd,Austin,TX,58739,USA
3954,William,Gonzalez,william.gonzalez3954@hotmail.com,+1-537-206-4388,8846 Pine Rd,Los Angeles,CA,87251,USA
3955,Richard,Clark,richard.clark3955@outlook.com,+1-382-893-5954,4696 Maple Ave,Boulder,CO,11605,USA
3956,Matthew,Rodriguez,matthew.rodriguez3956@gmail.com,+1-933-208-7667,8968 Park Blvd,Bellevue,WA,81973,USA
3957,Thomas,Hernandez,thomas.hernandez3957@hotmail.com,+1-535-577-6741,2521 Park Rd,Tampa,FL,93656,USA
3958,Andrew,Jones,andrew.jones3958@gmail.com,+1-945-670-9040,2629 Pine St,Erie,PA,17382,USA
3959,Michael,Williams,michael.williams3959@gmail.com,+1-230-357-6279,1083 Park Ave,Buffalo,NY,65829,USA
3960,David,Torres,david.torres3960@hotmail.com,+1-457-662-2055,9686 Main St,Erie,PA,16949,USA
3961,Margaret,Moore,margaret.moore3961@yahoo.com,+1-751-729-2418,2181 Cedar Rd,Boulder,CO,61463,USA
3962,Linda,Gonzalez,linda.gonzalez3962@yahoo.com,+1-741-517-9972,857 Pine Rd,Boulder,CO,48246,USA
3963,Paul,Harris,paul.harris3963@gmail.com,+1-830-515-4193,930 Maple Ave,Aurora,IL,41635,USA
3964,James,Thompson,james.thompson3964@hotmail.com,+1-253-330-3151,7032 Cedar Rd,San Diego,CA,98283,USA
3965,Paul,Anderson,paul.anderson3965@hotmail.com,+1-659-801-7887,4859 Pine Ave,San Francisco,CA,95434,USA
3966,Robert,Hernandez,robert.hernandez3966@outlook.com,+1-223-711-8385,6054 Maple Blvd,San Jose,CA,47209,USA
3967,Kevin,Martinez,kevin.martinez3967@outlook.com,+1-776-284-9936,9736 Pine St,Jacksonville,FL,67336,USA
3968,Mark,Jackson,mark.jackson3968@hotmail.com,+1-361-351-8512,442 Main Ave,Phoenix,AZ,43312,USA
3969,Kimberly,White,kimberly.white3969@yahoo.com,+1-208-401-6170,7597 Park St,Jacksonville,FL,61824,USA
3970,James,Moore,james.moore3970@hotmail.com,+1-225-539-4347,1291 Oak St,San Jose,CA,20546,USA
3971,Charles,Brown,charles.brown3971@yahoo.com,+1-561-654-6945,7494 Maple Blvd,Atlanta,GA,30546,USA
3972,Thomas,Hill,thomas.hill3972@hotmail.com,+1-525-635-8452,6408 Maple Blvd,San Diego,CA,93738,USA
3973,Steven,Scott,steven.scott3973@outlook.com,+1-617-937-8698,879 Main St,Pueblo,CO,97468,USA
3974,Kevin,Thomas,kevin.thomas3974@gmail.com,+1-693-436-3744,103 Cedar Rd,Mesa,AZ,23729,USA
3975,Joshua,Gonzalez,joshua.gonzalez3975@outlook.com,+1-469-485-6422,2651 Oak Ave,Miami,FL,57525,USA
3976,Thomas,Wright,thomas.wright3976@yahoo.com,+1-560-715-9712,8933 Main St,Albany,NY,55929,USA
3977,John,Lopez,john.lopez3977@outlook.com,+1-984-832-8448,6869 Maple Blvd,Atlanta,GA,94247,USA
3978,Joseph,Garcia,joseph.garcia3978@outlook.com,+1-724-397-1970,7868 Pine Blvd,San Antonio,TX,89426,USA
3979,Andrew,Nguyen,andrew.nguyen3979@yahoo.com,+1-860-476-4565,9909 Park Blvd,Pittsburgh,PA,26693,USA
3980,Brian,Jackson,brian.jackson3980@gmail.com,+1-614-714-3583,1050 Maple Blvd,New York,NY,39705,USA
3981,Barbara,Jones,barbara.jones3981@hotmail.com,+1-650-475-7772,3632 Cedar Rd,San Diego,CA,25778,USA
3982,Michelle,Brown,michelle.brown3982@hotmail.com,+1-634-863-9807,9204 Cedar Blvd,Tempe,AZ,30502,USA
3983,Jennifer,Garcia,jennifer.garcia3983@hotmail.com,+1-698-649-1512,3435 Pine Blvd,Miami,FL,84655,USA
3984,Donna,Brown,donna.brown3984@hotmail.com,+1-444-485-8602,5024 Oak Ave,Boulder,CO,16860,USA
3985,Joseph,Lewis,joseph.lewis3985@gmail.com,+1-692-902-9245,5660 Main Blvd,Allentown,PA,19483,USA
3986,Charles,Williams,charles.williams3986@yahoo.com,+1-520-640-3711,2301 Main Ave,Tampa,FL,77787,USA
3987,Anthony,Ramirez,anthony.ramirez3987@gmail.com,+1-368-983-2623,7592 Pine Blvd,Los Angeles,CA,87015,USA
3988,William,Wright,william.wright3988@outlook.com,+1-758-837-9089,2578 Park Blvd,Tucson,AZ,12364,USA
3989,Jessica,Thompson,jessica.thompson3989@gmail.com,+1-936-382-9163,3224 Cedar Blvd,Savannah,GA,90104,USA
3990,Kevin,Perez,kevin.perez3990@gmail.com,+1-451-972-7390,2289 Maple St,Bellevue,WA,76630,USA
3991,Kevin,Johnson,kevin.johnson3991@hotmail.com,+1-813-948-5742,3057 Pine St,Austin,TX,28476,USA
3992,Joshua,Gonzalez,joshua.gonzalez3992@yahoo.com,+1-539-241-7853,2299 Park Blvd,Boulder,CO,17973,USA
3993,Susan,Wright,susan.wright3993@gmail.com,+1-375-911-9513,4326 Oak Rd,Tempe,AZ,86242,USA
3994,Robert,Wright,robert.wright3994@hotmail.com,+1-994-546-8813,6690 Maple Ave,Tucson,AZ,84776,USA
3995,Emily,Wright,emily.wright3995@gmail.com,+1-288-621-7185,2430 Cedar Ave,San Antonio,TX,13491,USA
3996,Nancy,Walker,nancy.walker3996@gmail.com,+1-299-961-2068,4769 Maple Blvd,Denver,CO,40319,USA
3997,Brian,Hernandez,brian.hernandez3997@hotmail.com,+1-850-673-5430,1817 Pine Ave,Orlando,FL,51783,USA
3998,Patricia,Anderson,patricia.anderson3998@yahoo.com,+1-509-615-7171,2496 Maple St,Dallas,TX,62899,USA
3999,Susan,Williams,susan.williams3999@gmail.com,+1-477-536-1992,4458 Park St,Atlanta,GA,23204,USA
4000,Thomas,Harris,thomas.harris4000@yahoo.com,+1-914-257-4494,8286 Park Blvd,Los Angeles,CA,13507,USA
4001,Jessica,Jackson,jessica.jackson4001@gmail.com,+1-499-808-5404,1620 Oak Blvd,Jacksonville,FL,72022,USA
4002,Sarah,Wilson,sarah.wilson4002@yahoo.com,+1-846-856-9608,892 Pine Rd,Spokane,WA,98517,USA
4003,Michael,Garcia,michael.garcia4003@yahoo.com,+1-823-200-7411,2979 Oak Ave,Aurora,IL,64336,USA
4004,Brian,Sanchez,brian.sanchez4004@yahoo.com,+1-624-538-4041,3511 Park Rd,Bellevue,WA,72974,USA
4005,Nancy,Martinez,nancy.martinez4005@outlook.com,+1-368-575-3681,716 Cedar St,San Francisco,CA,87501,USA
4006,Patricia,Johnson,patricia.johnson4006@gmail.com,+1-524-852-6780,3835 Main Rd,Austin,TX,54435,USA
4007,Steven,Taylor,steven.taylor4007@outlook.com,+1-645-882-6030,8797 Main Rd,Rockford,IL,11919,USA
4008,Jennifer,Jackson,jennifer.jackson4008@yahoo.com,+1-296-312-9285,1912 Park Blvd,Tucson,AZ,79503,USA
4009,Ashley,Flores,ashley.flores4009@yahoo.com,+1-697-288-8051,6519 Main Blvd,Boulder,CO,87332,USA
4010,David,Nguyen,david.nguyen4010@yahoo.com,+1-448-707-3225,1426 Oak Blvd,Tucson,AZ,42111,USA
4011,William,Ramirez,william.ramirez4011@hotmail.com,+1-330-409-9878,8475 Maple St,Boulder,CO,85454,USA
4012,Margaret,Jackson,margaret.jackson4012@hotmail.com,+1-918-431-6413,6639 Park Rd,Austin,TX,18530,USA
4013,Robert,Hill,robert.hill4013@yahoo.com,+1-443-971-8917,2738 Oak Ave,Rochester,NY,36463,USA
4014,Elizabeth,Miller,elizabeth.miller4014@yahoo.com,+1-783-237-6834,744 Pine Rd,Albany,NY,79643,USA
4015,Joshua,Ramirez,joshua.ramirez4015@yahoo.com,+1-718-506-2140,598 Oak Rd,Austin,TX,54102,USA
4016,Donna,Taylor,donna.taylor4016@gmail.com,+1-555-279-9625,3361 Main Rd,Rockford,IL,12554,USA
4017,Michael,Martin,michael.martin4017@outlook.com,+1-807-476-8677,5189 Pine St,Houston,TX,91190,USA
4018,Michelle,Moore,michelle.moore4018@gmail.com,+1-692-404-2733,5805 Cedar Rd,Houston,TX,54894,USA
4019,Matthew,Martinez,matthew.martinez4019@yahoo.com,+1-782-840-8271,4379 Cedar Blvd,San Diego,CA,94579,USA
4020,Robert,Wilson,robert.wilson4020@gmail.com,+1-505-670-5885,3678 Park Ave,Miami,FL,19019,USA
4021,Sandra,Williams,sandra.williams4021@gmail.com,+1-603-702-7420,3461 Park Ave,Rockford,IL,89897,USA
4022,Sarah,Young,sarah.young4022@hotmail.com,+1-691-894-7019,4313 Park St,Dallas,TX,69808,USA
4023,David,King,david.king4023@outlook.com,+1-891-614-4384,1736 Park Rd,Atlanta,GA,68370,USA
4024,Lisa,Thomas,lisa.thomas4024@yahoo.com,+1-807-456-1556,2363 Cedar St,Denver,CO,84830,USA
4025,David,Lee,david.lee4025@yahoo.com,+1-368-931-2597,2718 Cedar Rd,Jacksonville,FL,19859,USA
4026,Mark,King,mark.king4026@gmail.com,+1-207-398-5312,6050 Pine Ave,Allentown,PA,16854,USA
4027,Sarah,Martinez,sarah.martinez4027@outlook.com,+1-779-243-5344,451 Oak Ave,Los Angeles,CA,91326,USA
4028,Richard,Moore,richard.moore4028@hotmail.com,+1-507-230-8551,3217 Park St,Philadelphia,PA,24955,USA
4029,Andrew,Lewis,andrew.lewis4029@yahoo.com,+1-561-566-5000,4944 Oak St,Augusta,GA,60760,USA
4030,Brian,Martinez,brian.martinez4030@yahoo.com,+1-393-287-9165,5635 Park Rd,Philadelphia,PA,23265,USA
4031,Matthew,Perez,matthew.perez4031@yahoo.com,+1-480-267-6099,5596 Maple Blvd,Orlando,FL,85500,USA
4032,Andrew,Martin,andrew.martin4032@outlook.com,+1-997-435-5373,6452 Main Blvd,Chicago,IL,18102,USA
4033,Margaret,Martin,margaret.martin4033@hotmail.com,+1-269-640-2204,8273 Pine St,Los Angeles,CA,76932,USA
4034,Lisa,Garcia,lisa.garcia4034@hotmail.com,+1-426-777-8073,1849 Cedar St,Houston,TX,92288,USA
4035,Daniel,Ramirez,daniel.ramirez4035@gmail.com,+1-362-977-9082,7300 Park Rd,San Diego,CA,67756,USA
4036,Nancy,Smith,nancy.smith4036@outlook.com,+1-544-229-4221,3376 Park St,Spokane,WA,86717,USA
4037,Kimberly,King,kimberly.king4037@gmail.com,+1-747-474-7830,2655 Park St,Jacksonville,FL,95565,USA
4038,Lisa,Nguyen,lisa.nguyen4038@yahoo.com,+1-681-747-8853,622 Maple Ave,Houston,TX,95589,USA
4039,Lisa,Smith,lisa.smith4039@gmail.com,+1-555-417-3532,7844 Main Blvd,Rockford,IL,59786,USA
4040,John,Garcia,john.garcia4040@gmail.com,+1-575-649-5623,437 Maple Blvd,Augusta,GA,88079,USA
4041,Elizabeth,Moore,elizabeth.moore4041@yahoo.com,+1-496-913-8427,3179 Pine Blvd,Augusta,GA,91572,USA
4042,Mary,Williams,mary.williams4042@yahoo.com,+1-439-996-2489,4096 Main Rd,Erie,PA,87105,USA
4043,Brian,Garcia,brian.garcia4043@outlook.com,+1-263-555-1483,9551 Maple Rd,Savannah,GA,11968,USA
4044,Mark,Martinez,mark.martinez4044@gmail.com,+1-350-515-6916,2175 Park St,San Antonio,TX,15288,USA
4045,Sandra,Robinson,sandra.robinson4045@yahoo.com,+1-429-673-4428,3574 Oak St,Orlando,FL,46348,USA
4046,Paul,Thompson,paul.thompson4046@gmail.com,+1-879-481-3654,1025 Maple Ave,Rochester,NY,84493,USA
4047,Andrew,Williams,andrew.williams4047@yahoo.com,+1-300-609-8871,6482 Park Rd,Denver,CO,25983,USA
4048,Emily,Anderson,emily.anderson4048@yahoo.com,+1-376-980-8228,1220 Cedar Rd,San Diego,CA,46082,USA
4049,Sandra,Davis,sandra.davis4049@outlook.com,+1-435-270-3773,3231 Main Rd,Dallas,TX,51061,USA
4050,Kimberly,Thomas,kimberly.thomas4050@gmail.com,+1-847-660-9192,2785 Maple Ave,Erie,PA,26750,USA
4051,Steven,Torres,steven.torres4051@hotmail.com,+1-974-861-6198,3833 Maple Rd,San Diego,CA,27571,USA
4052,Kevin,White,kevin.white4052@outlook.com,+1-545-317-9881,4571 Main Ave,San Jose,CA,78278,USA
4053,Michael,Lopez,michael.lopez4053@yahoo.com,+1-779-977-2973,404 Oak Blvd,Athens,GA,52948,USA
4054,Daniel,Ramirez,daniel.ramirez4054@outlook.com,+1-733-767-6311,5767 Cedar St,Augusta,GA,36906,USA
4055,Joseph,Davis,joseph.davis4055@gmail.com,+1-574-450-1414,5243 Oak Rd,Aurora,IL,68529,USA
4056,Linda,Hill,linda.hill4056@hotmail.com,+1-835-933-1344,3750 Park Rd,San Antonio,TX,40966,USA
4057,Ashley,Walker,ashley.walker4057@gmail.com,+1-372-665-7294,130 Maple Ave,Pueblo,CO,88728,USA
4058,Richard,Flores,richard.flores4058@yahoo.com,+1-626-937-7473,4178 Pine Ave,Tampa,FL,79040,USA
4059,Karen,Davis,karen.davis4059@yahoo.com,+1-503-251-4953,7732 Oak St,Dallas,TX,98802,USA
4060,Mark,Lee,mark.lee4060@hotmail.com,+1-996-408-8993,6572 Oak Rd,Tampa,FL,92312,USA
4061,Richard,White,richard.white4061@gmail.com,+1-333-410-6469,7923 Park Rd,Buffalo,NY,34856,USA
4062,Emily,Harris,emily.harris4062@yahoo.com,+1-323-623-7881,7896 Main Rd,Aurora,IL,37908,USA
4063,Michelle,Smith,michelle.smith4063@gmail.com,+1-660-610-3138,216 Main Blvd,Houston,TX,36324,USA
4064,Lisa,Flores,lisa.flores4064@gmail.com,+1-936-340-8714,3871 Maple Ave,Houston,TX,64359,USA
4065,Barbara,Williams,barbara.williams4065@hotmail.com,+1-748-870-6060,5733 Maple Blvd,Denver,CO,45445,USA
4066,Barbara,Lewis,barbara.lewis4066@gmail.com,+1-426-645-5609,1437 Maple Blvd,Austin,TX,15004,USA
4067,Linda,Harris,linda.harris4067@outlook.com,+1-559-702-9233,7813 Oak St,San Jose,CA,57724,USA
4068,Jennifer,Miller,jennifer.miller4068@gmail.com,+1-266-222-6560,5826 Park Blvd,Dallas,TX,58382,USA
4069,Matthew,Gonzalez,matthew.gonzalez4069@gmail.com,+1-713-812-4718,2676 Maple Blvd,Austin,TX,36277,USA
4070,Daniel,Brown,daniel.brown4070@hotmail.com,+1-785-256-6454,801 Cedar Blvd,Augusta,GA,48684,USA
4071,David,Anderson,david.anderson4071@outlook.com,+1-230-390-5021,1951 Oak St,Buffalo,NY,60525,USA
4072,Anthony,Clark,anthony.clark4072@hotmail.com,+1-634-960-5676,3215 Park Ave,San Antonio,TX,92711,USA
4073,Jennifer,Williams,jennifer.williams4073@hotmail.com,+1-776-721-5337,6953 Cedar Blvd,Rochester,NY,26302,USA
4074,Kimberly,Hill,kimberly.hill4074@yahoo.com,+1-483-281-5863,4240 Maple Rd,Los Angeles,CA,10409,USA
4075,Robert,King,robert.king4075@hotmail.com,+1-945-286-4726,1392 Park St,Springfield,IL,71429,USA
4076,Kevin,White,kevin.white4076@hotmail.com,+1-916-885-7469,8937 Pine Rd,Pueblo,CO,50079,USA
4077,Nancy,Wright,nancy.wright4077@outlook.com,+1-375-680-6460,7644 Oak St,Buffalo,NY,55074,USA
4078,Anthony,Hill,anthony.hill4078@gmail.com,+1-820-484-8918,6082 Pine Rd,Athens,GA,33402,USA
4079,Susan,Scott,susan.scott4079@outlook.com,+1-218-735-2116,177 Cedar Rd,Albany,NY,54201,USA
4080,Elizabeth,Thomas,elizabeth.thomas4080@outlook.com,+1-709-558-7826,7936 Cedar Ave,Philadelphia,PA,42599,USA
4081,Margaret,Garcia,margaret.garcia4081@gmail.com,+1-203-507-7104,8635 Cedar St,Buffalo,NY,96590,USA
4082,Kimberly,Hernandez,kimberly.hernandez4082@hotmail.com,+1-992-605-2969,6257 Park Ave,San Diego,CA,85917,USA
4083,Charles,Wilson,charles.wilson4083@outlook.com,+1-305-274-6871,3862 Main St,Rochester,NY,83358,USA
4084,Margaret,Harris,margaret.harris4084@hotmail.com,+1-356-201-5994,736 Pine St,Dallas,TX,44956,USA
4085,Jennifer,Williams,jennifer.williams4085@gmail.com,+1-410-600-8358,5052 Pine Blvd,Albany,NY,28094,USA
4086,Michelle,Brown,michelle.brown4086@hotmail.com,+1-281-504-2972,4849 Park Rd,Spokane,WA,97935,USA
4087,Kevin,Williams,kevin.williams4087@gmail.com,+1-235-398-5337,6750 Maple Rd,Philadelphia,PA,45064,USA
4088,Donna,Garcia,donna.garcia4088@outlook.com,+1-892-767-9206,4134 Oak Blvd,San Diego,CA,27538,USA
4089,Brian,Young,brian.young4089@yahoo.com,+1-404-779-1921,7083 Cedar Blvd,Seattle,WA,44680,USA
4090,Mary,Smith,mary.smith4090@hotmail.com,+1-597-924-5432,7241 Oak Rd,Miami,FL,84193,USA
4091,Kimberly,Ramirez,kimberly.ramirez4091@gmail.com,+1-830-934-3099,6407 Cedar St,Los Angeles,CA,89542,USA
4092,Daniel,Martinez,daniel.martinez4092@gmail.com,+1-982-708-1615,9831 Pine St,San Diego,CA,90971,USA
4093,Anthony,Lee,anthony.lee4093@yahoo.com,+1-299-684-2368,3088 Oak Ave,Pittsburgh,PA,95823,USA
4094,Barbara,Lopez,barbara.lopez4094@gmail.com,+1-888-811-2235,3062 Main Blvd,Chicago,IL,44404,USA
4095,Lisa,White,lisa.white4095@outlook.com,+1-875-837-7994,1886 Pine Blvd,Buffalo,NY,75178,USA
4096,Joseph,Young,joseph.young4096@gmail.com,+1-213-580-9417,6415 Maple St,Springfield,IL,17744,USA
4097,Jessica,Garcia,jessica.garcia4097@hotmail.com,+1-948-437-8199,920 Cedar Ave,San Francisco,CA,35992,USA
4098,John,Lewis,john.lewis4098@outlook.com,+1-666-510-4229,7572 Pine Ave,Springfield,IL,38714,USA
4099,Nancy,Lopez,nancy.lopez4099@outlook.com,+1-714-760-7988,6678 Main Ave,Rockford,IL,84952,USA
4100,Anthony,Martin,anthony.martin4100@outlook.com,+1-634-669-9550,9159 Cedar Blvd,Albany,NY,58088,USA
4101,Matthew,Harris,matthew.harris4101@outlook.com,+1-557-963-8760,9281 Main Ave,Austin,TX,13302,USA
4102,Daniel,Lopez,daniel.lopez4102@outlook.com,+1-433-441-2646,3340 Cedar Ave,Atlanta,GA,68598,USA
4103,Margaret,Clark,margaret.clark4103@gmail.com,+1-574-644-7128,3531 Cedar Blvd,Chicago,IL,32420,USA
4104,Linda,Anderson,linda.anderson4104@outlook.com,+1-366-245-9473,7790 Main Ave,San Jose,CA,25485,USA
4105,Amanda,Johnson,amanda.johnson4105@yahoo.com,+1-808-900-1406,7565 Cedar Rd,Pittsburgh,PA,43568,USA
4106,Amanda,Miller,amanda.miller4106@yahoo.com,+1-758-528-1165,7747 Park St,Albany,NY,16329,USA
4107,Patricia,Hill,patricia.hill4107@hotmail.com,+1-641-920-3033,5171 Pine Rd,Denver,CO,59552,USA
4108,Daniel,Lopez,daniel.lopez4108@gmail.com,+1-403-298-2980,5592 Cedar St,Albany,NY,79396,USA
4109,Joshua,Thompson,joshua.thompson4109@yahoo.com,+1-653-834-2138,3033 Pine Blvd,Albany,NY,93164,USA
4110,Emily,Thomas,emily.thomas4110@outlook.com,+1-820-825-2226,8528 Oak Blvd,Pittsburgh,PA,25668,USA
4111,Susan,Robinson,susan.robinson4111@outlook.com,+1-496-273-7285,4693 Park St,Dallas,TX,24428,USA
4112,Michelle,Hill,michelle.hill4112@yahoo.com,+1-477-984-9840,7605 Park Rd,Tampa,FL,36614,USA
4113,Paul,Torres,paul.torres4113@yahoo.com,+1-451-451-4771,3593 Cedar Ave,Allentown,PA,82568,USA
4114,Michael,Harris,michael.harris4114@hotmail.com,+1-671-439-2211,1299 Maple Blvd,Rochester,NY,16416,USA
4115,Kevin,Flores,kevin.flores4115@gmail.com,+1-612-998-6733,2061 Main Blvd,Allentown,PA,89028,USA
4116,Andrew,Thomas,andrew.thomas4116@gmail.com,+1-818-448-5675,3086 Oak Blvd,Springfield,IL,53873,USA
4117,Steven,Lopez,steven.lopez4117@outlook.com,+1-478-285-6356,5697 Park Blvd,Buffalo,NY,91762,USA
4118,Karen,Lee,karen.lee4118@outlook.com,+1-875-696-6402,8309 Main St,Spokane,WA,40024,USA
4119,Kimberly,Jones,kimberly.jones4119@yahoo.com,+1-769-503-8293,2832 Park Rd,San Jose,CA,61520,USA
4120,Margaret,Jackson,margaret.jackson4120@hotmail.com,+1-507-308-7018,4071 Park Rd,Los Angeles,CA,46977,USA
4121,Kevin,Thomas,kevin.thomas4121@yahoo.com,+1-446-783-3793,8612 Park Blvd,Austin,TX,93028,USA
4122,Susan,Nguyen,susan.nguyen4122@gmail.com,+1-862-852-5270,3043 Maple Blvd,Denver,CO,25397,USA
4123,Paul,Taylor,paul.taylor4123@hotmail.com,+1-654-276-8851,6000 Main St,Buffalo,NY,74956,USA
4124,Charles,Smith,charles.smith4124@gmail.com,+1-705-694-6712,4519 Maple St,San Jose,CA,49853,USA
4125,Donna,Young,donna.young4125@outlook.com,+1-960-917-6181,2707 Park Blvd,Allentown,PA,78213,USA
4126,Mary,Williams,mary.williams4126@yahoo.com,+1-354-931-2381,2625 Pine Ave,Bellevue,WA,24678,USA
4127,Emily,Moore,emily.moore4127@yahoo.com,+1-222-734-3566,816 Maple Rd,Jacksonville,FL,96155,USA
4128,Susan,Allen,susan.allen4128@gmail.com,+1-606-603-1730,4331 Pine St,Rochester,NY,27771,USA
4129,Linda,King,linda.king4129@hotmail.com,+1-720-812-3424,5059 Cedar St,Tampa,FL,65565,USA
4130,Paul,Young,paul.young4130@hotmail.com,+1-751-871-6434,9838 Main Blvd,Savannah,GA,98133,USA
4131,Patricia,Rodriguez,patricia.rodriguez4131@hotmail.com,+1-234-243-7040,3061 Maple Rd,Erie,PA,72116,USA
4132,Andrew,Hernandez,andrew.hernandez4132@gmail.com,+1-815-619-5851,1879 Main Rd,San Jose,CA,89087,USA
4133,Mark,Lee,mark.lee4133@outlook.com,+1-879-610-4171,4863 Oak Rd,Allentown,PA,20259,USA
4134,Paul,Thomas,paul.thomas4134@hotmail.com,+1-352-225-4620,2383 Maple Rd,Dallas,TX,84783,USA
4135,Ashley,Anderson,ashley.anderson4135@gmail.com,+1-486-351-1455,7608 Oak Rd,New York,NY,95071,USA
4136,John,Nguyen,john.nguyen4136@hotmail.com,+1-698-234-6268,4867 Cedar Rd,Athens,GA,44883,USA
4137,Mark,Hernandez,mark.hernandez4137@hotmail.com,+1-447-822-6704,6303 Pine Ave,San Diego,CA,59268,USA
4138,Kimberly,Wright,kimberly.wright4138@yahoo.com,+1-753-715-3842,6830 Park Blvd,San Francisco,CA,74944,USA
4139,Anthony,Johnson,anthony.johnson4139@hotmail.com,+1-427-956-1311,9122 Cedar Ave,Atlanta,GA,65374,USA
4140,Susan,Brown,susan.brown4140@gmail.com,+1-825-731-7897,1113 Pine Ave,Houston,TX,59223,USA
4141,Karen,Davis,karen.davis4141@outlook.com,+1-270-479-1200,2595 Maple Rd,Phoenix,AZ,45688,USA
4142,Andrew,Anderson,andrew.anderson4142@yahoo.com,+1-976-558-5772,5683 Maple Blvd,Springfield,IL,13034,USA
4143,Jennifer,Flores,jennifer.flores4143@gmail.com,+1-224-754-5623,6963 Cedar Rd,Pueblo,CO,84264,USA
4144,Donna,Wilson,donna.wilson4144@outlook.com,+1-355-253-7591,8289 Cedar Blvd,Tampa,FL,11545,USA
4145,Barbara,Ramirez,barbara.ramirez4145@outlook.com,+1-500-993-8849,243 Park Blvd,San Antonio,TX,69314,USA
4146,Anthony,Young,anthony.young4146@outlook.com,+1-811-535-8067,7393 Cedar Rd,Allentown,PA,92962,USA
4147,Jennifer,Lewis,jennifer.lewis4147@yahoo.com,+1-531-476-3982,7486 Cedar Rd,Tampa,FL,69900,USA
4148,James,Young,james.young4148@gmail.com,+1-233-311-6900,2630 Park St,Rochester,NY,78399,USA
4149,Amanda,Johnson,amanda.johnson4149@yahoo.com,+1-326-562-3549,4409 Main Rd,Erie,PA,49951,USA
4150,Robert,Martin,robert.martin4150@yahoo.com,+1-362-890-2411,8861 Oak Ave,Denver,CO,82352,USA
4151,Lisa,Anderson,lisa.anderson4151@outlook.com,+1-682-316-2519,7771 Oak Ave,San Diego,CA,37967,USA
4152,Steven,Young,steven.young4152@gmail.com,+1-641-889-9486,3336 Park Rd,San Jose,CA,85728,USA
4153,Lisa,Lee,lisa.lee4153@gmail.com,+1-256-294-5365,1922 Park Ave,San Jose,CA,37966,USA
4154,Matthew,Young,matthew.young4154@outlook.com,+1-278-434-8810,4110 Oak Ave,Boulder,CO,19901,USA
4155,Emily,Johnson,emily.johnson4155@gmail.com,+1-690-817-4069,2987 Main St,New York,NY,17662,USA
4156,Sarah,Williams,sarah.williams4156@outlook.com,+1-414-953-3754,101 Cedar St,Albany,NY,77910,USA
4157,Mary,Garcia,mary.garcia4157@hotmail.com,+1-524-461-2180,3965 Park Blvd,Austin,TX,54709,USA
4158,Mary,Davis,mary.davis4158@hotmail.com,+1-761-317-3911,402 Main Rd,Buffalo,NY,21293,USA
4159,Lisa,Young,lisa.young4159@yahoo.com,+1-717-329-1721,7524 Maple Blvd,Los Angeles,CA,35914,USA
4160,Jessica,Allen,jessica.allen4160@hotmail.com,+1-235-237-8799,2381 Main Blvd,Rochester,NY,16667,USA
4161,Jessica,Johnson,jessica.johnson4161@gmail.com,+1-220-422-3527,342 Maple St,San Diego,CA,95694,USA
4162,James,Martinez,james.martinez4162@hotmail.com,+1-829-253-2029,1405 Maple Ave,Colorado Springs,CO,32508,USA
4163,Margaret,Williams,margaret.williams4163@hotmail.com,+1-350-828-9827,9682 Maple St,San Antonio,TX,58008,USA
4164,Andrew,Davis,andrew.davis4164@gmail.com,+1-822-909-6837,796 Oak Blvd,Albany,NY,26520,USA
4165,Joseph,Sanchez,joseph.sanchez4165@outlook.com,+1-775-994-5758,3196 Maple Ave,Seattle,WA,25600,USA
4166,Paul,Walker,paul.walker4166@gmail.com,+1-657-705-3950,7470 Main Rd,Houston,TX,41110,USA
4167,Donna,Robinson,donna.robinson4167@outlook.com,+1-448-527-8982,709 Cedar Rd,Denver,CO,41918,USA
4168,John,Taylor,john.taylor4168@hotmail.com,+1-861-904-6633,4209 Oak Blvd,Austin,TX,44320,USA
4169,Karen,Lewis,karen.lewis4169@gmail.com,+1-356-333-6401,4999 Main Blvd,Los Angeles,CA,71740,USA
4170,Patricia,Gonzalez,patricia.gonzalez4170@gmail.com,+1-719-824-7671,285 Oak St,Seattle,WA,74368,USA
4171,Charles,Lee,charles.lee4171@outlook.com,+1-630-213-9139,4348 Maple St,Denver,CO,99679,USA
4172,Lisa,Lee,lisa.lee4172@hotmail.com,+1-562-650-9860,1823 Main St,Los Angeles,CA,42623,USA
4173,Linda,Sanchez,linda.sanchez4173@yahoo.com,+1-996-334-9772,3981 Oak Rd,Pittsburgh,PA,91180,USA
4174,Michelle,Young,michelle.young4174@yahoo.com,+1-862-356-6732,7672 Cedar Rd,Chicago,IL,60628,USA
4175,Anthony,Garcia,anthony.garcia4175@hotmail.com,+1-509-673-7738,2721 Pine Ave,Mesa,AZ,52639,USA
4176,Amanda,Johnson,amanda.johnson4176@outlook.com,+1-360-230-3241,3628 Pine Ave,Orlando,FL,44305,USA
4177,Susan,Wright,susan.wright4177@hotmail.com,+1-745-616-3414,3095 Main St,Jacksonville,FL,84733,USA
4178,Thomas,White,thomas.white4178@yahoo.com,+1-697-343-4388,4152 Maple Rd,Erie,PA,41185,USA
4179,Michael,Clark,michael.clark4179@gmail.com,+1-952-776-1323,9377 Maple Ave,Spokane,WA,73396,USA
4180,Susan,Torres,susan.torres4180@hotmail.com,+1-770-791-9589,3314 Oak Blvd,New York,NY,92519,USA
4181,Susan,Clark,susan.clark4181@outlook.com,+1-856-278-8064,6803 Main St,Tacoma,WA,83087,USA
4182,Ashley,Robinson,ashley.robinson4182@outlook.com,+1-268-535-7334,2467 Main Rd,Los Angeles,CA,17143,USA
4183,Amanda,Scott,amanda.scott4183@gmail.com,+1-785-650-5890,3996 Main Rd,Jacksonville,FL,44976,USA
4184,Matthew,Davis,matthew.davis4184@yahoo.com,+1-852-647-5841,271 Oak St,Savannah,GA,67161,USA
4185,Michelle,Smith,michelle.smith4185@yahoo.com,+1-323-485-3429,9374 Pine St,Phoenix,AZ,13104,USA
4186,David,Wright,david.wright4186@hotmail.com,+1-380-339-2131,764 Oak St,Houston,TX,14292,USA
4187,Nancy,Miller,nancy.miller4187@outlook.com,+1-949-889-9929,3170 Oak St,Allentown,PA,64246,USA
4188,Elizabeth,Clark,elizabeth.clark4188@yahoo.com,+1-465-772-6645,3209 Cedar Ave,Spokane,WA,56592,USA
4189,Karen,White,karen.white4189@outlook.com,+1-925-344-8909,2677 Maple Ave,Los Angeles,CA,48192,USA
4190,Anthony,Robinson,anthony.robinson4190@outlook.com,+1-365-205-6871,9143 Main Ave,Buffalo,NY,36600,USA
4191,Jennifer,Williams,jennifer.williams4191@gmail.com,+1-884-628-6725,2508 Pine St,Buffalo,NY,37023,USA
4192,Anthony,Martinez,anthony.martinez4192@outlook.com,+1-841-801-3688,1963 Park Blvd,San Jose,CA,52759,USA
4193,James,Lewis,james.lewis4193@gmail.com,+1-271-226-7321,2260 Maple St,Orlando,FL,89013,USA
4194,Richard,King,richard.king4194@gmail.com,+1-247-684-2523,2701 Main Ave,Los Angeles,CA,39489,USA
4195,Charles,Lee,charles.lee4195@outlook.com,+1-706-643-5780,1182 Pine Blvd,San Francisco,CA,39923,USA
4196,Mark,Johnson,mark.johnson4196@outlook.com,+1-793-377-8926,2482 Park Blvd,San Francisco,CA,36440,USA
4197,Barbara,White,barbara.white4197@hotmail.com,+1-268-267-2998,8440 Maple Rd,Albany,NY,60035,USA
4198,Charles,Allen,charles.allen4198@yahoo.com,+1-634-557-7059,4001 Park St,Springfield,IL,91824,USA
4199,Sandra,Jones,sandra.jones4199@gmail.com,+1-839-627-6901,636 Oak Rd,Austin,TX,22273,USA
4200,Michelle,Flores,michelle.flores4200@outlook.com,+1-979-853-8386,4346 Main Rd,Tampa,FL,83463,USA
4201,Mary,Flores,mary.flores4201@yahoo.com,+1-267-667-6647,2028 Cedar Blvd,Boulder,CO,52837,USA
4202,Susan,Wright,susan.wright4202@hotmail.com,+1-536-485-7428,202 Pine Blvd,Houston,TX,25610,USA
4203,Michelle,Davis,michelle.davis4203@hotmail.com,+1-937-791-9221,5723 Oak Ave,Los Angeles,CA,86490,USA
4204,Ashley,Jackson,ashley.jackson4204@outlook.com,+1-321-384-2274,2480 Park Rd,Los Angeles,CA,16329,USA
4205,Anthony,Martinez,anthony.martinez4205@gmail.com,+1-585-824-4895,411 Main Rd,Colorado Springs,CO,34900,USA
4206,Lisa,Scott,lisa.scott4206@gmail.com,+1-816-802-9210,9510 Oak Ave,San Jose,CA,75687,USA
4207,Mary,Allen,mary.allen4207@yahoo.com,+1-582-517-6090,4837 Main St,Springfield,IL,88203,USA
4208,William,Harris,william.harris4208@yahoo.com,+1-456-697-8437,1414 Oak St,Dallas,TX,16056,USA
4209,Elizabeth,Rodriguez,elizabeth.rodriguez4209@yahoo.com,+1-683-391-4044,3724 Oak St,Miami,FL,37679,USA
4210,Thomas,Lopez,thomas.lopez4210@hotmail.com,+1-638-205-4432,1119 Maple Rd,San Jose,CA,80582,USA
4211,Kimberly,Jackson,kimberly.jackson4211@outlook.com,+1-279-359-8628,3091 Park Blvd,Albany,NY,47722,USA
4212,Michelle,Ramirez,michelle.ramirez4212@yahoo.com,+1-750-506-3442,464 Maple Blvd,Los Angeles,CA,74796,USA
4213,Thomas,Thomas,thomas.thomas4213@outlook.com,+1-920-825-5794,611 Maple Blvd,San Jose,CA,59149,USA
4214,Mark,Smith,mark.smith4214@gmail.com,+1-497-977-2366,6678 Main St,Allentown,PA,56111,USA
4215,John,Lopez,john.lopez4215@outlook.com,+1-404-222-5756,7116 Cedar Blvd,Rochester,NY,75098,USA
4216,Elizabeth,Walker,elizabeth.walker4216@outlook.com,+1-713-972-7495,8057 Oak Rd,Tempe,AZ,43065,USA
4217,Jennifer,Davis,jennifer.davis4217@yahoo.com,+1-886-392-1690,6340 Cedar Ave,Aurora,IL,13147,USA
4218,Brian,Williams,brian.williams4218@hotmail.com,+1-513-465-3537,8274 Cedar Rd,Aurora,IL,58663,USA
4219,Lisa,Clark,lisa.clark4219@gmail.com,+1-621-718-6382,4608 Maple Rd,Chicago,IL,95393,USA
4220,Michael,Thompson,michael.thompson4220@yahoo.com,+1-912-473-7112,1756 Maple Ave,Augusta,GA,91883,USA
4221,Barbara,Rodriguez,barbara.rodriguez4221@outlook.com,+1-701-496-4595,9732 Cedar Blvd,Atlanta,GA,26627,USA
4222,Lisa,Wilson,lisa.wilson4222@yahoo.com,+1-798-742-6229,1866 Cedar Ave,Mesa,AZ,94179,USA
4223,David,Sanchez,david.sanchez4223@outlook.com,+1-991-400-2653,1664 Pine Ave,New York,NY,80591,USA
4224,Jessica,Sanchez,jessica.sanchez4224@hotmail.com,+1-476-485-2487,8638 Park Ave,Houston,TX,74424,USA
4225,Emily,Lee,emily.lee4225@hotmail.com,+1-465-652-5828,3723 Main Ave,Albany,NY,36505,USA
4226,Karen,Rodriguez,karen.rodriguez4226@yahoo.com,+1-997-764-8105,1434 Maple Rd,Tacoma,WA,99266,USA
4227,Kevin,Jackson,kevin.jackson4227@outlook.com,+1-616-680-9653,7448 Maple St,Rockford,IL,62405,USA
4228,Joshua,Sanchez,joshua.sanchez4228@gmail.com,+1-733-658-3841,8194 Main Blvd,Rockford,IL,18558,USA
4229,Thomas,Harris,thomas.harris4229@yahoo.com,+1-517-434-7821,2467 Maple Blvd,Pittsburgh,PA,50069,USA
4230,Amanda,Robinson,amanda.robinson4230@yahoo.com,+1-726-306-5719,6559 Main Ave,Dallas,TX,63702,USA
4231,Steven,Hernandez,steven.hernandez4231@hotmail.com,+1-205-372-9572,5429 Pine St,Buffalo,NY,56894,USA
4232,Patricia,Miller,patricia.miller4232@outlook.com,+1-992-677-2081,3455 Pine Ave,Los Angeles,CA,51959,USA
4233,Elizabeth,Williams,elizabeth.williams4233@hotmail.com,+1-994-703-8591,2202 Pine Rd,San Antonio,TX,64640,USA
4234,Mary,Lewis,mary.lewis4234@hotmail.com,+1-947-253-9846,2790 Cedar Blvd,Dallas,TX,30385,USA
4235,Thomas,Perez,thomas.perez4235@outlook.com,+1-307-444-6882,1746 Maple Ave,Jacksonville,FL,15031,USA
4236,Karen,King,karen.king4236@hotmail.com,+1-216-809-1410,4261 Pine St,Dallas,TX,51526,USA
4237,Daniel,Davis,daniel.davis4237@gmail.com,+1-304-594-6800,1281 Oak Ave,Erie,PA,33665,USA
4238,Elizabeth,Clark,elizabeth.clark4238@outlook.com,+1-237-691-9617,2447 Park Rd,Tampa,FL,97854,USA
4239,Linda,Young,linda.young4239@gmail.com,+1-991-581-5216,9276 Oak Blvd,Mesa,AZ,32005,USA
4240,Michelle,Harris,michelle.harris4240@outlook.com,+1-888-714-7440,2462 Maple Ave,Austin,TX,95251,USA
4241,Robert,Davis,robert.davis4241@yahoo.com,+1-624-878-8742,5393 Maple Blvd,Los Angeles,CA,75110,USA
4242,Amanda,Harris,amanda.harris4242@yahoo.com,+1-726-443-1350,1711 Main Ave,San Antonio,TX,26827,USA
4243,William,Smith,william.smith4243@outlook.com,+1-657-785-2714,9692 Maple Blvd,Pueblo,CO,65702,USA
4244,Michelle,Taylor,michelle.taylor4244@hotmail.com,+1-894-697-2897,7036 Pine Blvd,Tempe,AZ,87422,USA
4245,John,Flores,john.flores4245@outlook.com,+1-777-843-6341,1833 Park Blvd,Philadelphia,PA,56636,USA
4246,Emily,Torres,emily.torres4246@hotmail.com,+1-264-423-5211,8002 Pine Rd,Savannah,GA,32982,USA
4247,Thomas,Young,thomas.young4247@hotmail.com,+1-846-781-5041,5670 Main St,San Diego,CA,24368,USA
4248,Jennifer,Lewis,jennifer.lewis4248@gmail.com,+1-473-215-2941,4330 Maple Blvd,Rochester,NY,20490,USA
4249,Jessica,Moore,jessica.moore4249@hotmail.com,+1-487-202-6902,6141 Pine Blvd,New York,NY,17595,USA
4250,Matthew,Jones,matthew.jones4250@gmail.com,+1-802-732-5678,9729 Park St,Rochester,NY,21400,USA
4251,James,Hill,james.hill4251@outlook.com,+1-570-542-3017,613 Main Blvd,Allentown,PA,88801,USA
4252,Charles,Moore,charles.moore4252@gmail.com,+1-286-989-4738,4640 Cedar Rd,Rochester,NY,28575,USA
4253,Daniel,Martin,daniel.martin4253@gmail.com,+1-573-803-2257,6603 Cedar Blvd,Atlanta,GA,34773,USA
4254,Barbara,Rodriguez,barbara.rodriguez4254@gmail.com,+1-356-700-4943,8761 Cedar Ave,Denver,CO,13905,USA
4255,Joseph,Davis,joseph.davis4255@outlook.com,+1-634-633-3388,8318 Main Blvd,Mesa,AZ,97779,USA
4256,Lisa,Robinson,lisa.robinson4256@gmail.com,+1-426-548-8970,270 Oak Rd,Denver,CO,49788,USA
4257,Ashley,White,ashley.white4257@yahoo.com,+1-528-687-7131,7216 Cedar Blvd,Seattle,WA,13822,USA
4258,Sarah,Clark,sarah.clark4258@outlook.com,+1-570-862-4489,7431 Cedar St,Allentown,PA,38965,USA
4259,Jessica,King,jessica.king4259@gmail.com,+1-621-468-3739,4918 Oak Rd,Los Angeles,CA,83748,USA
4260,Nancy,Johnson,nancy.johnson4260@yahoo.com,+1-605-856-8233,1184 Pine St,San Francisco,CA,26932,USA
4261,Susan,Robinson,susan.robinson4261@gmail.com,+1-229-915-6612,9694 Cedar Ave,Buffalo,NY,48845,USA
4262,Elizabeth,Garcia,elizabeth.garcia4262@hotmail.com,+1-830-864-4782,8381 Maple Rd,Boulder,CO,94046,USA
4263,Karen,Martin,karen.martin4263@hotmail.com,+1-994-981-5897,4281 Park Rd,Tampa,FL,49252,USA
4264,Ashley,Perez,ashley.perez4264@gmail.com,+1-757-561-2628,7888 Pine Ave,San Francisco,CA,36850,USA
4265,Joseph,Lewis,joseph.lewis4265@outlook.com,+1-902-859-9176,7456 Maple St,Albany,NY,70517,USA
4266,Brian,Thomas,brian.thomas4266@yahoo.com,+1-318-205-4611,8515 Cedar St,Mesa,AZ,32612,USA
4267,Robert,Rodriguez,robert.rodriguez4267@hotmail.com,+1-578-968-5058,8945 Oak Blvd,San Diego,CA,14236,USA
4268,Barbara,Rodriguez,barbara.rodriguez4268@hotmail.com,+1-519-985-4235,7167 Park Ave,Miami,FL,59098,USA
4269,Kimberly,Flores,kimberly.flores4269@gmail.com,+1-717-944-3588,6839 Maple St,Buffalo,NY,29797,USA
4270,Matthew,Smith,matthew.smith4270@outlook.com,+1-837-398-9324,4140 Maple Ave,Philadelphia,PA,59932,USA
4271,Nancy,Allen,nancy.allen4271@hotmail.com,+1-571-547-1471,7838 Cedar St,San Diego,CA,86098,USA
4272,Lisa,Torres,lisa.torres4272@hotmail.com,+1-658-338-3675,7657 Cedar St,Denver,CO,30397,USA
4273,Lisa,Garcia,lisa.garcia4273@yahoo.com,+1-518-970-3367,7114 Cedar St,Miami,FL,98112,USA
4274,John,Jackson,john.jackson4274@gmail.com,+1-723-406-6588,3885 Oak Ave,San Antonio,TX,41165,USA
4275,Michael,Young,michael.young4275@gmail.com,+1-662-367-9343,9683 Oak Blvd,Rochester,NY,13676,USA
4276,Michelle,Walker,michelle.walker4276@hotmail.com,+1-899-209-2152,8991 Maple Ave,Boulder,CO,46949,USA
4277,Kevin,Torres,kevin.torres4277@yahoo.com,+1-663-580-2974,6906 Oak Blvd,Houston,TX,86157,USA
4278,Elizabeth,Martin,elizabeth.martin4278@gmail.com,+1-474-696-2931,5792 Maple Blvd,Savannah,GA,41093,USA
4279,Thomas,Young,thomas.young4279@gmail.com,+1-340-517-3822,5366 Pine St,Jacksonville,FL,87754,USA
4280,Karen,Wright,karen.wright4280@gmail.com,+1-272-620-5258,4516 Park Blvd,Jacksonville,FL,55442,USA
4281,Kevin,Flores,kevin.flores4281@yahoo.com,+1-362-936-9637,5789 Pine Rd,San Francisco,CA,94282,USA
4282,David,Sanchez,david.sanchez4282@gmail.com,+1-975-599-3886,3890 Main St,Erie,PA,80627,USA
4283,Kevin,Jackson,kevin.jackson4283@gmail.com,+1-984-551-8991,6898 Maple Ave,Pueblo,CO,95958,USA
4284,Jessica,Sanchez,jessica.sanchez4284@yahoo.com,+1-996-329-5915,4583 Maple Blvd,Tampa,FL,75462,USA
4285,Kimberly,Smith,kimberly.smith4285@outlook.com,+1-600-511-4784,7741 Cedar Blvd,Seattle,WA,88244,USA
4286,Karen,Lee,karen.lee4286@hotmail.com,+1-613-337-1112,1083 Maple St,Dallas,TX,99750,USA
4287,Linda,Jackson,linda.jackson4287@gmail.com,+1-578-879-8699,5239 Main Ave,Houston,TX,51948,USA
4288,Thomas,Flores,thomas.flores4288@outlook.com,+1-634-496-4009,9056 Park Blvd,Springfield,IL,79269,USA
4289,Ashley,Miller,ashley.miller4289@yahoo.com,+1-705-263-9891,7550 Main Rd,Houston,TX,64596,USA
4290,Margaret,Smith,margaret.smith4290@outlook.com,+1-527-321-5476,6019 Park Blvd,Aurora,IL,14979,USA
4291,Robert,Lee,robert.lee4291@hotmail.com,+1-731-423-3012,9912 Park Blvd,San Antonio,TX,10650,USA
4292,Kevin,Walker,kevin.walker4292@outlook.com,+1-867-603-3646,1576 Pine Ave,New York,NY,71298,USA
4293,Joseph,Martin,joseph.martin4293@gmail.com,+1-719-448-2419,5180 Park Blvd,Albany,NY,99528,USA
4294,Robert,Moore,robert.moore4294@hotmail.com,+1-990-322-1139,3373 Cedar Ave,Los Angeles,CA,18737,USA
4295,Michael,Jackson,michael.jackson4295@yahoo.com,+1-935-662-9400,5197 Oak Blvd,Phoenix,AZ,37820,USA
4296,Margaret,Smith,margaret.smith4296@gmail.com,+1-959-478-9775,6766 Main St,San Francisco,CA,34987,USA
4297,Thomas,Davis,thomas.davis4297@gmail.com,+1-439-302-9291,8009 Main Blvd,Houston,TX,88142,USA
4298,Anthony,Taylor,anthony.taylor4298@gmail.com,+1-898-820-5147,9579 Maple Rd,Dallas,TX,41560,USA
4299,Ashley,Wilson,ashley.wilson4299@yahoo.com,+1-584-891-3929,7878 Cedar Rd,Phoenix,AZ,33748,USA
4300,Susan,Ramirez,susan.ramirez4300@yahoo.com,+1-674-319-8691,367 Main Rd,San Antonio,TX,13286,USA
4301,James,Taylor,james.taylor4301@outlook.com,+1-290-307-5073,1400 Pine Blvd,Dallas,TX,32565,USA
4302,Emily,Wilson,emily.wilson4302@gmail.com,+1-468-504-5070,4663 Cedar Ave,Dallas,TX,77087,USA
4303,Karen,Hernandez,karen.hernandez4303@hotmail.com,+1-963-264-1241,386 Park Ave,Pueblo,CO,92502,USA
4304,John,Flores,john.flores4304@outlook.com,+1-238-446-5004,1196 Oak Ave,Erie,PA,84051,USA
4305,Amanda,Davis,amanda.davis4305@outlook.com,+1-710-689-9261,8618 Cedar St,Colorado Springs,CO,64044,USA
4306,Karen,Robinson,karen.robinson4306@gmail.com,+1-581-682-8988,9939 Oak St,Houston,TX,46042,USA
4307,Thomas,Lewis,thomas.lewis4307@yahoo.com,+1-260-979-2674,7416 Park Rd,Seattle,WA,12915,USA
4308,Brian,Anderson,brian.anderson4308@yahoo.com,+1-510-230-2474,9868 Main Ave,San Antonio,TX,27093,USA
4309,Robert,Jackson,robert.jackson4309@yahoo.com,+1-401-768-3123,7427 Pine St,Dallas,TX,73027,USA
4310,Jessica,Perez,jessica.perez4310@outlook.com,+1-621-223-4611,8903 Oak Rd,San Francisco,CA,47876,USA
4311,Sandra,Harris,sandra.harris4311@yahoo.com,+1-698-239-4012,9344 Park Ave,Tucson,AZ,48367,USA
4312,Steven,Jones,steven.jones4312@gmail.com,+1-873-207-9090,5309 Maple St,Seattle,WA,72356,USA
4313,Karen,Perez,karen.perez4313@hotmail.com,+1-438-962-2632,5379 Cedar Rd,Erie,PA,93398,USA
4314,Elizabeth,Torres,elizabeth.torres4314@yahoo.com,+1-691-971-4050,6973 Pine Ave,Albany,NY,56127,USA
4315,Steven,Garcia,steven.garcia4315@yahoo.com,+1-976-696-3938,2868 Main Rd,Athens,GA,90589,USA
4316,Emily,Perez,emily.perez4316@outlook.com,+1-684-878-4531,1076 Oak Ave,Dallas,TX,98295,USA
4317,Charles,Jones,charles.jones4317@yahoo.com,+1-458-794-8377,1400 Main Ave,Colorado Springs,CO,15451,USA
4318,William,Lewis,william.lewis4318@hotmail.com,+1-441-906-1670,5215 Pine Rd,Boulder,CO,62603,USA
4319,John,Thomas,john.thomas4319@gmail.com,+1-932-506-7086,5196 Maple Ave,Phoenix,AZ,56189,USA
4320,Michael,Smith,michael.smith4320@hotmail.com,+1-237-877-7236,5968 Main Ave,Erie,PA,99687,USA
4321,Jennifer,Flores,jennifer.flores4321@outlook.com,+1-813-209-2306,2825 Pine Ave,Buffalo,NY,43224,USA
4322,Jessica,Torres,jessica.torres4322@yahoo.com,+1-282-585-2840,2525 Pine Rd,San Diego,CA,28685,USA
4323,Robert,Martinez,robert.martinez4323@yahoo.com,+1-735-775-6671,2282 Main St,Chicago,IL,98310,USA
4324,Charles,White,charles.white4324@outlook.com,+1-269-447-9484,6457 Pine Rd,Athens,GA,69102,USA
4325,Joseph,Flores,joseph.flores4325@gmail.com,+1-967-747-5840,6465 Oak Ave,San Antonio,TX,97804,USA
4326,Joshua,Thomas,joshua.thomas4326@gmail.com,+1-727-827-3760,9195 Cedar Ave,Tucson,AZ,61681,USA
4327,Richard,Wilson,richard.wilson4327@yahoo.com,+1-649-907-5816,9604 Cedar Blvd,Springfield,IL,19366,USA
4328,Brian,Martin,brian.martin4328@outlook.com,+1-780-259-6027,2771 Oak St,Los Angeles,CA,48402,USA
4329,Michael,Harris,michael.harris4329@yahoo.com,+1-838-809-2813,2338 Cedar St,Dallas,TX,69694,USA
4330,Sandra,Taylor,sandra.taylor4330@gmail.com,+1-495-423-2823,8928 Cedar St,Chicago,IL,83284,USA
4331,Joshua,Lopez,joshua.lopez4331@yahoo.com,+1-410-689-2627,9807 Pine St,San Diego,CA,97646,USA
4332,James,Jones,james.jones4332@yahoo.com,+1-995-946-7578,333 Pine St,Savannah,GA,73168,USA
4333,Jessica,Miller,jessica.miller4333@gmail.com,+1-858-933-7070,3327 Cedar St,San Francisco,CA,95646,USA
4334,Joshua,Martin,joshua.martin4334@gmail.com,+1-775-776-8928,4180 Pine Blvd,San Jose,CA,50736,USA
4335,Margaret,Martin,margaret.martin4335@gmail.com,+1-979-990-9181,9555 Park Blvd,Pueblo,CO,32367,USA
4336,Joshua,Gonzalez,joshua.gonzalez4336@outlook.com,+1-202-304-8596,1587 Main St,Austin,TX,68127,USA
4337,Emily,Jones,emily.jones4337@outlook.com,+1-636-738-9027,2773 Oak Rd,Seattle,WA,18354,USA
4338,David,Robinson,david.robinson4338@outlook.com,+1-331-630-2123,4722 Oak Rd,Denver,CO,89918,USA
4339,Thomas,Wright,thomas.wright4339@yahoo.com,+1-940-579-2555,345 Cedar Ave,Los Angeles,CA,11174,USA
4340,Lisa,Davis,lisa.davis4340@gmail.com,+1-688-659-3808,3995 Main St,Pueblo,CO,42352,USA
4341,Andrew,Martinez,andrew.martinez4341@hotmail.com,+1-970-545-4765,7544 Main St,Houston,TX,30135,USA
4342,Margaret,Perez,margaret.perez4342@outlook.com,+1-207-373-2033,9151 Oak Rd,Chicago,IL,68145,USA
4343,Brian,Hill,brian.hill4343@hotmail.com,+1-647-329-7475,6195 Park St,Los Angeles,CA,57631,USA
4344,Barbara,Brown,barbara.brown4344@gmail.com,+1-649-425-5674,5788 Oak St,Tucson,AZ,60613,USA
4345,Sarah,Jones,sarah.jones4345@hotmail.com,+1-254-492-3978,5245 Main Ave,Denver,CO,67102,USA
4346,Charles,Garcia,charles.garcia4346@outlook.com,+1-740-768-7617,3245 Maple St,Augusta,GA,91041,USA
4347,Joseph,Garcia,joseph.garcia4347@outlook.com,+1-692-303-4025,5627 Cedar Rd,Colorado Springs,CO,74265,USA
4348,Brian,Perez,brian.perez4348@hotmail.com,+1-306-434-1099,1488 Maple Blvd,Aurora,IL,50204,USA
4349,Joseph,Allen,joseph.allen4349@outlook.com,+1-959-242-9069,2318 Cedar St,Albany,NY,75628,USA
4350,Daniel,Clark,daniel.clark4350@yahoo.com,+1-678-234-1167,201 Park Blvd,Phoenix,AZ,66247,USA
4351,Paul,Anderson,paul.anderson4351@hotmail.com,+1-651-599-3569,6806 Pine St,Chicago,IL,30957,USA
4352,Matthew,Nguyen,matthew.nguyen4352@hotmail.com,+1-615-475-2570,3631 Cedar Blvd,Orlando,FL,27457,USA
4353,Jennifer,Sanchez,jennifer.sanchez4353@gmail.com,+1-811-202-7358,1342 Park St,Denver,CO,95772,USA
4354,Margaret,Ramirez,margaret.ramirez4354@outlook.com,+1-531-300-6256,9304 Pine Rd,Los Angeles,CA,21038,USA
4355,Robert,Lee,robert.lee4355@outlook.com,+1-956-421-6223,5541 Park Blvd,Denver,CO,73424,USA
4356,Sandra,Ramirez,sandra.ramirez4356@yahoo.com,+1-333-622-9875,1131 Park Blvd,New York,NY,44537,USA
4357,Mark,Gonzalez,mark.gonzalez4357@hotmail.com,+1-242-464-3297,9806 Main St,Philadelphia,PA,52034,USA
4358,Patricia,Garcia,patricia.garcia4358@outlook.com,+1-990-699-6136,482 Pine Ave,San Antonio,TX,46062,USA
4359,Michael,Robinson,michael.robinson4359@gmail.com,+1-322-334-3913,706 Maple Ave,Austin,TX,84929,USA
4360,Linda,Jackson,linda.jackson4360@yahoo.com,+1-307-787-6187,5860 Main Rd,Jacksonville,FL,45156,USA
4361,Charles,Lopez,charles.lopez4361@hotmail.com,+1-574-355-1602,7935 Cedar Ave,Athens,GA,66342,USA
4362,Mary,Jones,mary.jones4362@hotmail.com,+1-215-884-6266,9565 Cedar Rd,Rochester,NY,67366,USA
4363,Paul,Thomas,paul.thomas4363@hotmail.com,+1-566-698-6248,5354 Park Rd,Dallas,TX,17564,USA
4364,Linda,Davis,linda.davis4364@outlook.com,+1-613-968-4991,7602 Cedar Blvd,San Diego,CA,43469,USA
4365,John,Nguyen,john.nguyen4365@outlook.com,+1-781-461-7642,9299 Oak Blvd,Colorado Springs,CO,30552,USA
4366,Thomas,Sanchez,thomas.sanchez4366@outlook.com,+1-482-281-8996,5378 Cedar St,Spokane,WA,57910,USA
4367,James,Johnson,james.johnson4367@outlook.com,+1-376-225-9238,3978 Cedar St,San Jose,CA,76496,USA
4368,Richard,White,richard.white4368@gmail.com,+1-464-470-3090,6416 Park St,Springfield,IL,94030,USA
4369,Michelle,Harris,michelle.harris4369@yahoo.com,+1-399-228-8636,5343 Oak St,San Jose,CA,37656,USA
4370,Richard,Harris,richard.harris4370@outlook.com,+1-421-821-5112,1946 Oak Blvd,Jacksonville,FL,91016,USA
4371,Linda,Thompson,linda.thompson4371@outlook.com,+1-774-447-3774,7269 Cedar St,Orlando,FL,11106,USA
4372,Sarah,Brown,sarah.brown4372@outlook.com,+1-997-835-9806,8879 Main Rd,Denver,CO,56321,USA
4373,Lisa,Hill,lisa.hill4373@hotmail.com,+1-847-814-7624,2854 Maple Blvd,Athens,GA,61475,USA
4374,Karen,Lee,karen.lee4374@hotmail.com,+1-253-486-7608,8596 Maple St,Atlanta,GA,59926,USA
4375,Elizabeth,Lewis,elizabeth.lewis4375@hotmail.com,+1-566-293-1550,1370 Main Blvd,San Diego,CA,22827,USA
4376,Jennifer,King,jennifer.king4376@hotmail.com,+1-894-812-5023,1228 Pine Blvd,Boulder,CO,22011,USA
4377,Elizabeth,Robinson,elizabeth.robinson4377@yahoo.com,+1-642-273-7268,9145 Park St,San Antonio,TX,80800,USA
4378,Elizabeth,Johnson,elizabeth.johnson4378@gmail.com,+1-909-553-4809,8471 Maple Rd,Austin,TX,84457,USA
4379,Paul,Martin,paul.martin4379@yahoo.com,+1-303-404-8758,5801 Main St,San Antonio,TX,46601,USA
4380,David,Taylor,david.taylor4380@outlook.com,+1-592-736-8907,5478 Pine Ave,Atlanta,GA,99546,USA
4381,Sarah,Lopez,sarah.lopez4381@yahoo.com,+1-424-761-1279,3486 Park Ave,Rochester,NY,97949,USA
4382,Jennifer,Jones,jennifer.jones4382@outlook.com,+1-905-779-5201,3051 Main Rd,Dallas,TX,38384,USA
4383,Nancy,Thompson,nancy.thompson4383@outlook.com,+1-694-411-8362,1652 Park Rd,Chicago,IL,29287,USA
4384,Mary,Davis,mary.davis4384@hotmail.com,+1-804-240-9778,6899 Park Blvd,Seattle,WA,98272,USA
4385,Mary,Smith,mary.smith4385@hotmail.com,+1-647-924-6108,179 Park Ave,Athens,GA,96309,USA
4386,Paul,Sanchez,paul.sanchez4386@hotmail.com,+1-540-724-6364,7368 Oak St,San Diego,CA,36059,USA
4387,Anthony,Ramirez,anthony.ramirez4387@outlook.com,+1-919-875-7589,6669 Main Ave,San Diego,CA,27557,USA
4388,David,Jackson,david.jackson4388@hotmail.com,+1-841-219-8232,627 Pine Blvd,Orlando,FL,70435,USA
4389,Karen,Rodriguez,karen.rodriguez4389@outlook.com,+1-472-825-2231,3852 Maple St,Augusta,GA,59242,USA
4390,Paul,Jones,paul.jones4390@yahoo.com,+1-370-966-7837,2168 Cedar Rd,Dallas,TX,18996,USA
4391,David,Lopez,david.lopez4391@gmail.com,+1-642-463-6007,7036 Park Ave,Dallas,TX,25082,USA
4392,Mary,Rodriguez,mary.rodriguez4392@yahoo.com,+1-279-807-9227,3813 Oak Ave,Phoenix,AZ,14664,USA
4393,Emily,Jones,emily.jones4393@gmail.com,+1-270-862-1078,4223 Oak Ave,Erie,PA,89657,USA
4394,Richard,Hernandez,richard.hernandez4394@gmail.com,+1-922-890-3493,2814 Pine Ave,Chicago,IL,43417,USA
4395,Thomas,Sanchez,thomas.sanchez4395@hotmail.com,+1-896-987-2081,307 Park St,Spokane,WA,93474,USA
4396,Donna,Johnson,donna.johnson4396@yahoo.com,+1-944-569-5178,4779 Pine Rd,San Francisco,CA,86036,USA
4397,Lisa,Walker,lisa.walker4397@hotmail.com,+1-589-206-8510,2345 Pine Ave,San Jose,CA,20130,USA
4398,Robert,Anderson,robert.anderson4398@gmail.com,+1-772-715-3295,2374 Main Rd,Aurora,IL,76753,USA
4399,Paul,Brown,paul.brown4399@hotmail.com,+1-335-791-9401,3964 Pine St,Chicago,IL,31583,USA
4400,Sandra,Miller,sandra.miller4400@gmail.com,+1-790-510-4902,215 Cedar Ave,Erie,PA,61597,USA
4401,Joshua,Robinson,joshua.robinson4401@hotmail.com,+1-902-327-8081,921 Oak Ave,Denver,CO,69523,USA
4402,Anthony,Wilson,anthony.wilson4402@gmail.com,+1-643-631-7109,3385 Maple St,Buffalo,NY,62204,USA
4403,Ashley,Walker,ashley.walker4403@outlook.com,+1-217-555-7086,2317 Park Blvd,Austin,TX,33202,USA
4404,Paul,Clark,paul.clark4404@gmail.com,+1-489-477-8768,5495 Oak Rd,San Francisco,CA,72660,USA
4405,Lisa,Wright,lisa.wright4405@hotmail.com,+1-901-418-1302,6983 Main Blvd,Rockford,IL,56424,USA
4406,Matthew,Williams,matthew.williams4406@yahoo.com,+1-887-413-5368,3275 Maple Ave,Austin,TX,38805,USA
4407,Jennifer,Smith,jennifer.smith4407@yahoo.com,+1-627-709-9813,4103 Maple Rd,Athens,GA,15511,USA
4408,Lisa,Robinson,lisa.robinson4408@gmail.com,+1-669-223-5956,4266 Park St,Tacoma,WA,74585,USA
4409,Sarah,Harris,sarah.harris4409@yahoo.com,+1-346-630-2904,173 Park St,San Francisco,CA,47121,USA
4410,Michelle,Miller,michelle.miller4410@yahoo.com,+1-662-670-5557,4524 Cedar Blvd,Tampa,FL,53142,USA
4411,James,Perez,james.perez4411@hotmail.com,+1-785-374-1476,2457 Oak St,Rochester,NY,18902,USA
4412,Susan,Garcia,susan.garcia4412@yahoo.com,+1-667-307-3301,9483 Main Ave,Los Angeles,CA,12695,USA
4413,Jennifer,Brown,jennifer.brown4413@hotmail.com,+1-896-599-9571,4274 Park St,Bellevue,WA,66224,USA
4414,Brian,Wright,brian.wright4414@gmail.com,+1-639-964-7016,2290 Cedar St,San Francisco,CA,79182,USA
4415,Richard,Gonzalez,richard.gonzalez4415@outlook.com,+1-927-408-7931,5765 Park St,San Francisco,CA,21563,USA
4416,John,Sanchez,john.sanchez4416@yahoo.com,+1-848-582-9107,5552 Maple Ave,Philadelphia,PA,37481,USA
4417,Daniel,Garcia,daniel.garcia4417@hotmail.com,+1-529-966-9573,7837 Main Ave,Spokane,WA,24479,USA
4418,Mark,White,mark.white4418@gmail.com,+1-674-564-7590,6214 Maple Rd,Savannah,GA,98144,USA
4419,Michael,Hill,michael.hill4419@outlook.com,+1-515-698-6409,2017 Maple Blvd,Los Angeles,CA,43893,USA
4420,Karen,Williams,karen.williams4420@gmail.com,+1-299-229-4554,635 Cedar Ave,New York,NY,52839,USA
4421,Margaret,Rodriguez,margaret.rodriguez4421@gmail.com,+1-693-449-2025,7374 Pine Ave,Denver,CO,67190,USA
4422,Anthony,Martinez,anthony.martinez4422@yahoo.com,+1-956-769-8317,3384 Park Blvd,San Francisco,CA,80687,USA
4423,John,Moore,john.moore4423@hotmail.com,+1-399-993-3162,9943 Cedar St,Augusta,GA,97204,USA
4424,Patricia,Walker,patricia.walker4424@hotmail.com,+1-922-807-9728,3049 Cedar Rd,Jacksonville,FL,14594,USA
4425,Karen,Lee,karen.lee4425@outlook.com,+1-386-787-3800,7438 Park Rd,Athens,GA,33544,USA
4426,Sandra,Lewis,sandra.lewis4426@hotmail.com,+1-967-646-5005,9814 Park Rd,Tampa,FL,66769,USA
4427,Elizabeth,Lewis,elizabeth.lewis4427@gmail.com,+1-276-538-6190,3579 Oak St,Rochester,NY,99415,USA
4428,John,Taylor,john.taylor4428@gmail.com,+1-730-931-8809,2759 Main Rd,Rochester,NY,26275,USA
4429,Anthony,Lewis,anthony.lewis4429@hotmail.com,+1-684-820-7719,4875 Main Blvd,Denver,CO,48516,USA
4430,Richard,Walker,richard.walker4430@yahoo.com,+1-994-679-8404,672 Maple Blvd,Colorado Springs,CO,54316,USA
4431,Kimberly,Martinez,kimberly.martinez4431@outlook.com,+1-614-978-8532,9268 Oak Rd,Dallas,TX,47487,USA
4432,Susan,Robinson,susan.robinson4432@yahoo.com,+1-501-449-1472,3693 Main St,Springfield,IL,82932,USA
4433,Paul,Gonzalez,paul.gonzalez4433@yahoo.com,+1-629-920-4631,7000 Oak Blvd,Mesa,AZ,66900,USA
4434,Andrew,Jackson,andrew.jackson4434@gmail.com,+1-779-486-5406,6747 Cedar Blvd,Augusta,GA,24955,USA
4435,David,Ramirez,david.ramirez4435@yahoo.com,+1-249-677-2879,1733 Cedar Rd,Pueblo,CO,81183,USA
4436,Andrew,Allen,andrew.allen4436@yahoo.com,+1-530-347-1170,1898 Maple Ave,Atlanta,GA,32467,USA
4437,John,Flores,john.flores4437@hotmail.com,+1-659-851-5734,2056 Maple Blvd,Bellevue,WA,31541,USA
4438,Mary,Lee,mary.lee4438@yahoo.com,+1-681-532-6232,2066 Oak St,San Diego,CA,76683,USA
4439,Susan,Allen,susan.allen4439@gmail.com,+1-990-546-8409,6639 Cedar St,Atlanta,GA,14948,USA
4440,Linda,Robinson,linda.robinson4440@outlook.com,+1-480-432-1429,7203 Pine Rd,Buffalo,NY,53941,USA
4441,Linda,Miller,linda.miller4441@yahoo.com,+1-262-586-1891,6764 Park Rd,Savannah,GA,33349,USA
4442,Daniel,Hernandez,daniel.hernandez4442@yahoo.com,+1-983-715-9252,6134 Cedar St,Albany,NY,64523,USA
4443,John,Sanchez,john.sanchez4443@outlook.com,+1-684-447-6127,8768 Cedar Blvd,Tucson,AZ,96119,USA
4444,Michael,Ramirez,michael.ramirez4444@gmail.com,+1-922-467-7523,9766 Main Rd,Tampa,FL,89173,USA
4445,Linda,Young,linda.young4445@gmail.com,+1-840-766-3731,1430 Pine Ave,Los Angeles,CA,10217,USA
4446,William,Jackson,william.jackson4446@outlook.com,+1-296-887-6671,8334 Pine Ave,San Diego,CA,11063,USA
4447,Kevin,Lopez,kevin.lopez4447@yahoo.com,+1-621-557-3209,2363 Cedar Rd,Tempe,AZ,12512,USA
4448,Amanda,Williams,amanda.williams4448@outlook.com,+1-668-899-9591,1199 Cedar Ave,Rochester,NY,16811,USA
4449,Jessica,Lopez,jessica.lopez4449@hotmail.com,+1-326-213-3367,3128 Maple Rd,Houston,TX,60373,USA
4450,Brian,Garcia,brian.garcia4450@yahoo.com,+1-987-477-4526,393 Park Blvd,Aurora,IL,10078,USA
4451,Joshua,Smith,joshua.smith4451@outlook.com,+1-727-485-6916,7593 Pine Ave,San Jose,CA,21708,USA
4452,Robert,Johnson,robert.johnson4452@yahoo.com,+1-446-222-1193,3962 Park Blvd,Atlanta,GA,87909,USA
4453,Steven,Lopez,steven.lopez4453@outlook.com,+1-268-261-3965,5585 Park Rd,Dallas,TX,30409,USA
4454,David,Johnson,david.johnson4454@yahoo.com,+1-205-681-8130,494 Pine Ave,Chicago,IL,40936,USA
4455,Lisa,Harris,lisa.harris4455@outlook.com,+1-259-751-2058,8309 Park Rd,Aurora,IL,14323,USA
4456,Amanda,Jones,amanda.jones4456@hotmail.com,+1-523-890-1646,8528 Park Rd,San Francisco,CA,56890,USA
4457,Michelle,Davis,michelle.davis4457@hotmail.com,+1-312-589-3610,5091 Cedar Ave,Colorado Springs,CO,14007,USA
4458,Steven,Allen,steven.allen4458@outlook.com,+1-567-944-4346,9131 Park Rd,Houston,TX,44950,USA
4459,Matthew,Jackson,matthew.jackson4459@gmail.com,+1-548-341-6468,6666 Cedar St,Jacksonville,FL,29180,USA
4460,Karen,Anderson,karen.anderson4460@outlook.com,+1-742-760-8627,9456 Main Ave,New York,NY,91104,USA
4461,Margaret,Harris,margaret.harris4461@yahoo.com,+1-317-965-5406,665 Pine Blvd,Tucson,AZ,66732,USA
4462,Brian,Martinez,brian.martinez4462@gmail.com,+1-689-740-8860,8498 Cedar Rd,Pittsburgh,PA,44907,USA
4463,Patricia,Harris,patricia.harris4463@yahoo.com,+1-788-263-6629,7205 Maple Ave,Austin,TX,33510,USA
4464,Michael,Miller,michael.miller4464@yahoo.com,+1-358-669-3546,5757 Pine Ave,Spokane,WA,84249,USA
4465,Kimberly,Flores,kimberly.flores4465@hotmail.com,+1-542-866-9397,7356 Maple Rd,Miami,FL,29553,USA
4466,Jennifer,White,jennifer.white4466@gmail.com,+1-758-711-8036,3467 Oak Ave,Mesa,AZ,89324,USA
4467,Mary,Robinson,mary.robinson4467@gmail.com,+1-796-655-4573,2432 Cedar St,Rockford,IL,19660,USA
4468,Karen,Martin,karen.martin4468@hotmail.com,+1-891-768-1083,7678 Park Blvd,San Antonio,TX,95180,USA
4469,Michelle,White,michelle.white4469@outlook.com,+1-510-519-7512,9412 Main Blvd,Spokane,WA,17375,USA
4470,Lisa,Perez,lisa.perez4470@outlook.com,+1-910-681-9976,6102 Cedar Rd,Tempe,AZ,33074,USA
4471,Donna,Moore,donna.moore4471@hotmail.com,+1-271-442-6180,1936 Cedar Ave,Tempe,AZ,30873,USA
4472,Andrew,Young,andrew.young4472@hotmail.com,+1-955-360-5814,3136 Cedar St,Denver,CO,93227,USA
4473,Sandra,Brown,sandra.brown4473@yahoo.com,+1-443-200-6486,7741 Oak Blvd,Albany,NY,44417,USA
4474,Joshua,Scott,joshua.scott4474@yahoo.com,+1-773-538-4170,1168 Oak St,San Jose,CA,44698,USA
4475,Richard,Thomas,richard.thomas4475@outlook.com,+1-306-934-4552,6650 Park St,Philadelphia,PA,19106,USA
4476,Daniel,Young,daniel.young4476@outlook.com,+1-560-537-2870,5206 Oak Blvd,Phoenix,AZ,16908,USA
4477,Nancy,Lee,nancy.lee4477@hotmail.com,+1-454-692-2710,8558 Cedar St,Houston,TX,42389,USA
4478,Steven,Lewis,steven.lewis4478@outlook.com,+1-459-697-9130,8926 Oak Ave,San Jose,CA,82475,USA
4479,Michelle,Rodriguez,michelle.rodriguez4479@hotmail.com,+1-562-410-7182,1313 Park Blvd,Tampa,FL,36738,USA
4480,Anthony,Sanchez,anthony.sanchez4480@yahoo.com,+1-332-996-7400,9466 Oak St,Houston,TX,69691,USA
4481,Brian,Young,brian.young4481@outlook.com,+1-817-367-1827,8263 Main Ave,San Jose,CA,16765,USA
4482,Kimberly,Anderson,kimberly.anderson4482@yahoo.com,+1-577-560-8462,1193 Park Rd,Miami,FL,28778,USA
4483,John,Anderson,john.anderson4483@outlook.com,+1-634-502-2362,4417 Park St,Boulder,CO,71631,USA
4484,Sandra,Hernandez,sandra.hernandez4484@outlook.com,+1-652-903-4215,4057 Park Ave,Boulder,CO,73326,USA
4485,Charles,Smith,charles.smith4485@gmail.com,+1-953-560-8179,931 Cedar Blvd,Rockford,IL,94876,USA
4486,Richard,Brown,richard.brown4486@hotmail.com,+1-993-591-9786,5505 Park Ave,Erie,PA,32778,USA
4487,Lisa,Miller,lisa.miller4487@hotmail.com,+1-629-518-3136,7469 Cedar Rd,Phoenix,AZ,78668,USA
4488,Elizabeth,Clark,elizabeth.clark4488@hotmail.com,+1-229-460-4987,5851 Maple Rd,Phoenix,AZ,27054,USA
4489,Mary,Moore,mary.moore4489@yahoo.com,+1-719-608-6201,3117 Pine Blvd,San Francisco,CA,44539,USA
4490,Brian,Miller,brian.miller4490@hotmail.com,+1-689-552-1822,8398 Park St,Los Angeles,CA,13680,USA
4491,Nancy,Hill,nancy.hill4491@yahoo.com,+1-836-272-7055,5926 Main St,Chicago,IL,30985,USA
4492,Susan,Sanchez,susan.sanchez4492@yahoo.com,+1-446-597-8233,4700 Maple Rd,Tucson,AZ,90446,USA
4493,Elizabeth,Scott,elizabeth.scott4493@yahoo.com,+1-887-994-6048,8658 Main Rd,Austin,TX,77027,USA
4494,Barbara,Robinson,barbara.robinson4494@hotmail.com,+1-508-651-6215,4796 Pine Rd,Aurora,IL,76531,USA
4495,Susan,Taylor,susan.taylor4495@outlook.com,+1-422-375-4328,2626 Main Ave,Aurora,IL,46703,USA
4496,Elizabeth,Scott,elizabeth.scott4496@outlook.com,+1-694-565-1468,7847 Main St,Houston,TX,13861,USA
4497,William,Nguyen,william.nguyen4497@outlook.com,+1-659-787-8219,1599 Main Blvd,San Jose,CA,70308,USA
4498,Anthony,Thomas,anthony.thomas4498@hotmail.com,+1-579-220-7195,3486 Oak Rd,Houston,TX,70805,USA
4499,Mark,Torres,mark.torres4499@gmail.com,+1-287-353-1706,4558 Park Rd,Miami,FL,84253,USA
4500,Donna,Garcia,donna.garcia4500@hotmail.com,+1-520-624-3838,4393 Park St,Houston,TX,55089,USA
4501,Joseph,Brown,joseph.brown4501@outlook.com,+1-865-403-5528,5658 Pine Rd,Colorado Springs,CO,19053,USA
4502,Kevin,Gonzalez,kevin.gonzalez4502@yahoo.com,+1-998-675-1143,1259 Oak Blvd,Dallas,TX,17253,USA
4503,Linda,Scott,linda.scott4503@yahoo.com,+1-232-208-3368,6095 Park Rd,Tacoma,WA,25711,USA
4504,Susan,Ramirez,susan.ramirez4504@gmail.com,+1-913-888-7189,844 Maple Blvd,Pueblo,CO,18891,USA
4505,Paul,Wright,paul.wright4505@hotmail.com,+1-204-736-5544,3255 Pine St,Tempe,AZ,32543,USA
4506,Ashley,Hernandez,ashley.hernandez4506@yahoo.com,+1-901-744-2563,1495 Oak Ave,Chicago,IL,45545,USA
4507,Donna,Williams,donna.williams4507@gmail.com,+1-201-762-3889,1870 Maple Blvd,Erie,PA,82157,USA
4508,Elizabeth,Jones,elizabeth.jones4508@hotmail.com,+1-219-902-1810,3979 Cedar Rd,Philadelphia,PA,67851,USA
4509,Charles,Miller,charles.miller4509@hotmail.com,+1-703-789-7348,1663 Pine Ave,Orlando,FL,66938,USA
4510,Joshua,Sanchez,joshua.sanchez4510@outlook.com,+1-393-730-5948,8719 Pine Ave,Seattle,WA,32858,USA
4511,Paul,Harris,paul.harris4511@gmail.com,+1-408-949-6468,6629 Maple Ave,San Diego,CA,57143,USA
4512,Kevin,Wilson,kevin.wilson4512@gmail.com,+1-380-525-6322,540 Oak Ave,San Jose,CA,22418,USA
4513,Sarah,Gonzalez,sarah.gonzalez4513@outlook.com,+1-716-763-4861,9921 Maple St,Rockford,IL,24169,USA
4514,Mary,Johnson,mary.johnson4514@outlook.com,+1-672-598-4365,4231 Park Ave,San Jose,CA,76491,USA
4515,Barbara,Williams,barbara.williams4515@yahoo.com,+1-447-443-4107,822 Park Blvd,Houston,TX,42062,USA
4516,Barbara,Jones,barbara.jones4516@gmail.com,+1-483-676-4448,4367 Main Ave,Springfield,IL,66547,USA
4517,James,Lewis,james.lewis4517@yahoo.com,+1-536-521-5049,767 Main Rd,Austin,TX,76693,USA
4518,Sarah,Lopez,sarah.lopez4518@yahoo.com,+1-838-211-3638,1309 Pine Rd,Dallas,TX,11654,USA
4519,Robert,Hill,robert.hill4519@gmail.com,+1-209-399-7722,3174 Main St,Tacoma,WA,76338,USA
4520,Kimberly,Martinez,kimberly.martinez4520@yahoo.com,+1-571-606-4843,6069 Cedar Blvd,Tacoma,WA,76460,USA
4521,Emily,Ramirez,emily.ramirez4521@yahoo.com,+1-519-830-3087,178 Oak Rd,Orlando,FL,38696,USA
4522,Donna,Robinson,donna.robinson4522@gmail.com,+1-790-645-7619,6820 Park Rd,Albany,NY,43741,USA
4523,Robert,Taylor,robert.taylor4523@gmail.com,+1-840-931-1725,2014 Park Rd,New York,NY,46183,USA
4524,Linda,Scott,linda.scott4524@gmail.com,+1-314-632-1913,6077 Park Blvd,New York,NY,13666,USA
4525,Daniel,Hernandez,daniel.hernandez4525@yahoo.com,+1-773-538-1134,6204 Park Ave,Seattle,WA,91627,USA
4526,Matthew,Martinez,matthew.martinez4526@gmail.com,+1-576-205-5767,8185 Park St,Seattle,WA,38628,USA
4527,Kimberly,Scott,kimberly.scott4527@gmail.com,+1-297-472-7950,6899 Main St,Jacksonville,FL,93840,USA
4528,Donna,Gonzalez,donna.gonzalez4528@yahoo.com,+1-393-248-8928,2557 Cedar Rd,Jacksonville,FL,49234,USA
4529,Robert,Lewis,robert.lewis4529@yahoo.com,+1-961-852-3234,9807 Maple St,Rochester,NY,56197,USA
4530,Michelle,Hernandez,michelle.hernandez4530@hotmail.com,+1-243-828-6001,1813 Oak St,Springfield,IL,62578,USA
4531,Donna,Martin,donna.martin4531@yahoo.com,+1-568-419-1911,202 Oak Blvd,Tempe,AZ,96073,USA
4532,Emily,White,emily.white4532@outlook.com,+1-656-470-2241,5595 Cedar Rd,Miami,FL,67154,USA
4533,Susan,Clark,susan.clark4533@hotmail.com,+1-554-385-9754,9710 Pine St,San Jose,CA,10868,USA
4534,Brian,Anderson,brian.anderson4534@outlook.com,+1-330-328-2876,1857 Maple Blvd,Athens,GA,63611,USA
4535,Richard,Young,richard.young4535@yahoo.com,+1-791-518-1299,7465 Oak Blvd,Augusta,GA,72562,USA
4536,Robert,Walker,robert.walker4536@hotmail.com,+1-997-405-8247,9910 Cedar Rd,Austin,TX,62183,USA
4537,Mary,Brown,mary.brown4537@gmail.com,+1-447-790-2622,5950 Main Rd,Pueblo,CO,80840,USA
4538,Richard,Clark,richard.clark4538@yahoo.com,+1-462-278-2186,7780 Park Rd,Spokane,WA,58552,USA
4539,Jennifer,Davis,jennifer.davis4539@hotmail.com,+1-336-231-4820,1204 Oak St,Rockford,IL,75295,USA
4540,James,Robinson,james.robinson4540@gmail.com,+1-746-848-7812,5385 Pine Ave,Albany,NY,16937,USA
4541,Elizabeth,Smith,elizabeth.smith4541@yahoo.com,+1-412-806-5378,233 Maple Ave,Dallas,TX,39214,USA
4542,Brian,Hernandez,brian.hernandez4542@gmail.com,+1-928-631-1776,4114 Oak Rd,San Francisco,CA,22309,USA
4543,Lisa,Lewis,lisa.lewis4543@yahoo.com,+1-363-803-5354,6091 Park St,Albany,NY,18668,USA
4544,Jessica,Nguyen,jessica.nguyen4544@outlook.com,+1-729-434-1078,9322 Maple Ave,Dallas,TX,66495,USA
4545,Barbara,Harris,barbara.harris4545@gmail.com,+1-696-708-1851,9244 Park Blvd,Augusta,GA,50138,USA
4546,James,Young,james.young4546@gmail.com,+1-706-798-9428,532 Cedar Blvd,Augusta,GA,22234,USA
4547,Brian,Martinez,brian.martinez4547@outlook.com,+1-496-277-2022,4723 Oak Ave,Rochester,NY,38639,USA
4548,Joshua,Thompson,joshua.thompson4548@gmail.com,+1-471-503-5089,7209 Pine Ave,New York,NY,86075,USA
4549,Michelle,Johnson,michelle.johnson4549@outlook.com,+1-425-345-8305,5192 Oak Ave,Dallas,TX,96048,USA
4550,Paul,Lopez,paul.lopez4550@yahoo.com,+1-391-506-2735,2825 Oak St,San Francisco,CA,67461,USA
4551,Paul,Martin,paul.martin4551@yahoo.com,+1-842-941-3567,9717 Oak Rd,Augusta,GA,99632,USA
4552,Michelle,Harris,michelle.harris4552@gmail.com,+1-618-817-2119,2945 Maple Blvd,Rochester,NY,25531,USA
4553,Patricia,Lewis,patricia.lewis4553@hotmail.com,+1-969-659-9671,9323 Maple St,Albany,NY,74539,USA
4554,Thomas,Garcia,thomas.garcia4554@gmail.com,+1-364-970-6927,1654 Oak Rd,Buffalo,NY,42043,USA
4555,Susan,Smith,susan.smith4555@hotmail.com,+1-932-349-6379,7307 Cedar Rd,Spokane,WA,39139,USA
4556,Margaret,Thompson,margaret.thompson4556@yahoo.com,+1-315-522-4397,4372 Main Ave,Mesa,AZ,31560,USA
4557,Steven,Perez,steven.perez4557@hotmail.com,+1-383-968-8108,9424 Cedar Rd,Buffalo,NY,70792,USA
4558,Patricia,Miller,patricia.miller4558@gmail.com,+1-992-694-2170,909 Pine Rd,San Diego,CA,45674,USA
4559,Michelle,Thompson,michelle.thompson4559@hotmail.com,+1-910-458-3378,7679 Park Rd,Rochester,NY,13782,USA
4560,Brian,Brown,brian.brown4560@yahoo.com,+1-935-839-2591,455 Oak Ave,Albany,NY,63943,USA
4561,Andrew,Hernandez,andrew.hernandez4561@hotmail.com,+1-640-456-5356,583 Park Ave,Spokane,WA,98060,USA
4562,Matthew,Thompson,matthew.thompson4562@hotmail.com,+1-309-401-3545,3856 Maple Blvd,Atlanta,GA,38304,USA
4563,Daniel,Walker,daniel.walker4563@outlook.com,+1-783-262-8434,1854 Cedar Rd,Miami,FL,91762,USA
4564,Anthony,Wilson,anthony.wilson4564@hotmail.com,+1-447-495-2371,4137 Cedar St,San Diego,CA,64412,USA
4565,Kimberly,Lee,kimberly.lee4565@gmail.com,+1-705-673-9797,2579 Pine St,San Jose,CA,11746,USA
4566,Lisa,Nguyen,lisa.nguyen4566@hotmail.com,+1-859-543-4603,8946 Cedar Blvd,Spokane,WA,87849,USA
4567,Linda,Thomas,linda.thomas4567@yahoo.com,+1-870-658-8612,3484 Park Blvd,Rockford,IL,22988,USA
4568,Sandra,Martin,sandra.martin4568@gmail.com,+1-750-407-4571,1778 Park Blvd,Seattle,WA,24371,USA
4569,Andrew,Wright,andrew.wright4569@gmail.com,+1-963-255-7154,3732 Oak Ave,San Diego,CA,92950,USA
4570,Jessica,Taylor,jessica.taylor4570@hotmail.com,+1-340-446-4025,5221 Cedar Blvd,Austin,TX,75657,USA
4571,Matthew,Wilson,matthew.wilson4571@outlook.com,+1-665-624-6461,2261 Maple St,Augusta,GA,45154,USA
4572,Kimberly,Torres,kimberly.torres4572@gmail.com,+1-484-434-3648,3485 Park St,Houston,TX,21839,USA
4573,Michelle,Miller,michelle.miller4573@gmail.com,+1-538-494-1528,6364 Main Ave,Springfield,IL,35848,USA
4574,Matthew,Young,matthew.young4574@hotmail.com,+1-774-433-3015,8306 Oak St,Orlando,FL,25828,USA
4575,Karen,White,karen.white4575@gmail.com,+1-607-779-2947,3844 Maple Ave,San Diego,CA,43089,USA
4576,Jennifer,Allen,jennifer.allen4576@hotmail.com,+1-403-753-4438,5190 Oak Rd,Albany,NY,90872,USA
4577,Charles,Robinson,charles.robinson4577@gmail.com,+1-274-895-6182,2762 Cedar Blvd,Houston,TX,35251,USA
4578,Joshua,Wilson,joshua.wilson4578@hotmail.com,+1-733-828-6670,1990 Park Ave,Orlando,FL,21355,USA
4579,Michael,Hernandez,michael.hernandez4579@gmail.com,+1-415-887-3658,9904 Park Ave,San Jose,CA,97263,USA
4580,Emily,Thomas,emily.thomas4580@outlook.com,+1-680-481-7594,3228 Main Rd,Philadelphia,PA,63880,USA
4581,Barbara,Lopez,barbara.lopez4581@gmail.com,+1-639-640-3075,3249 Main Rd,Mesa,AZ,74363,USA
4582,Kevin,White,kevin.white4582@hotmail.com,+1-265-971-3058,9702 Main Blvd,Colorado Springs,CO,48223,USA
4583,Richard,Davis,richard.davis4583@hotmail.com,+1-433-349-6134,860 Pine Blvd,Miami,FL,16505,USA
4584,Mark,Robinson,mark.robinson4584@hotmail.com,+1-527-823-2650,1922 Maple Ave,Miami,FL,51454,USA
4585,Paul,Lopez,paul.lopez4585@outlook.com,+1-528-801-6270,3213 Park Blvd,San Francisco,CA,32129,USA
4586,Kevin,Hill,kevin.hill4586@gmail.com,+1-766-707-8893,8396 Cedar St,Denver,CO,82159,USA
4587,David,Hill,david.hill4587@yahoo.com,+1-691-516-4412,6102 Pine Ave,Chicago,IL,97405,USA
4588,Daniel,Harris,daniel.harris4588@outlook.com,+1-790-640-2551,4984 Oak St,San Diego,CA,92105,USA
4589,Nancy,Johnson,nancy.johnson4589@gmail.com,+1-813-883-5614,3579 Park St,Tucson,AZ,61241,USA
4590,Richard,Smith,richard.smith4590@outlook.com,+1-367-917-6067,3335 Maple Ave,Seattle,WA,36337,USA
4591,Andrew,Ramirez,andrew.ramirez4591@outlook.com,+1-600-627-8229,6935 Maple Blvd,Savannah,GA,15116,USA
4592,Michael,Allen,michael.allen4592@gmail.com,+1-600-888-8240,7395 Maple Ave,Orlando,FL,61122,USA
4593,William,White,william.white4593@hotmail.com,+1-983-915-7817,6734 Cedar Blvd,Pueblo,CO,53327,USA
4594,John,Lee,john.lee4594@hotmail.com,+1-791-997-8191,6678 Oak Blvd,Philadelphia,PA,38679,USA
4595,Jessica,Thomas,jessica.thomas4595@gmail.com,+1-240-521-1378,6126 Main Rd,Springfield,IL,95663,USA
4596,Karen,Young,karen.young4596@yahoo.com,+1-526-285-4449,449 Park St,Albany,NY,63639,USA
4597,Mary,Robinson,mary.robinson4597@gmail.com,+1-325-615-8334,8963 Cedar St,San Francisco,CA,81445,USA
4598,Michael,Sanchez,michael.sanchez4598@gmail.com,+1-719-734-4337,3843 Oak Blvd,Erie,PA,80441,USA
4599,David,Jones,david.jones4599@outlook.com,+1-410-533-4350,6946 Maple Blvd,Colorado Springs,CO,17696,USA
4600,Joseph,Johnson,joseph.johnson4600@gmail.com,+1-909-395-3185,2693 Main Rd,Jacksonville,FL,34361,USA
4601,Amanda,Thomas,amanda.thomas4601@yahoo.com,+1-564-450-3178,7294 Pine Blvd,Philadelphia,PA,75895,USA
4602,Linda,Nguyen,linda.nguyen4602@outlook.com,+1-310-529-1150,8591 Maple Rd,Austin,TX,29223,USA
4603,Michael,Smith,michael.smith4603@outlook.com,+1-238-843-4612,3686 Main St,Los Angeles,CA,72169,USA
4604,Jessica,Rodriguez,jessica.rodriguez4604@hotmail.com,+1-623-735-4441,5708 Park Ave,Tucson,AZ,90756,USA
4605,Barbara,White,barbara.white4605@outlook.com,+1-467-652-4339,5634 Maple Blvd,Tacoma,WA,44465,USA
4606,Robert,Moore,robert.moore4606@gmail.com,+1-326-376-3862,5052 Main Ave,Pueblo,CO,80099,USA
4607,Daniel,Gonzalez,daniel.gonzalez4607@hotmail.com,+1-582-252-7859,1691 Oak Ave,Aurora,IL,77606,USA
4608,Michael,Flores,michael.flores4608@gmail.com,+1-824-309-6448,1936 Maple Blvd,Pueblo,CO,52585,USA
4609,Kimberly,Harris,kimberly.harris4609@yahoo.com,+1-630-810-8839,5730 Pine St,Jacksonville,FL,20523,USA
4610,Patricia,Taylor,patricia.taylor4610@outlook.com,+1-917-974-4057,9776 Park Blvd,San Antonio,TX,54045,USA
4611,Anthony,Moore,anthony.moore4611@outlook.com,+1-491-645-9269,1672 Park Ave,Pittsburgh,PA,53661,USA
4612,Daniel,Martinez,daniel.martinez4612@gmail.com,+1-668-422-5239,9321 Pine St,San Francisco,CA,12257,USA
4613,Jessica,Wright,jessica.wright4613@hotmail.com,+1-470-507-9337,3635 Cedar Blvd,Seattle,WA,58298,USA
4614,William,Torres,william.torres4614@outlook.com,+1-670-774-6193,8099 Main Blvd,Los Angeles,CA,27790,USA
4615,Daniel,Martin,daniel.martin4615@hotmail.com,+1-223-857-1385,939 Park St,Boulder,CO,11554,USA
4616,Brian,Sanchez,brian.sanchez4616@outlook.com,+1-722-558-7721,6570 Main Blvd,Los Angeles,CA,98700,USA
4617,Paul,Lopez,paul.lopez4617@yahoo.com,+1-689-631-4905,1835 Main Blvd,Jacksonville,FL,67585,USA
4618,Sandra,Williams,sandra.williams4618@yahoo.com,+1-549-715-8343,3828 Cedar Rd,Los Angeles,CA,24880,USA
4619,Joseph,Flores,joseph.flores4619@hotmail.com,+1-983-611-5688,5600 Oak Rd,San Antonio,TX,67334,USA
4620,David,Taylor,david.taylor4620@gmail.com,+1-533-853-5670,3604 Park Ave,Buffalo,NY,24591,USA
4621,Brian,Miller,brian.miller4621@hotmail.com,+1-560-424-2260,5649 Oak Blvd,San Diego,CA,35609,USA
4622,Matthew,Clark,matthew.clark4622@hotmail.com,+1-600-373-7083,5727 Cedar Blvd,Denver,CO,71352,USA
4623,Susan,Davis,susan.davis4623@gmail.com,+1-987-557-6244,7751 Main Blvd,San Antonio,TX,38879,USA
4624,Michael,Harris,michael.harris4624@gmail.com,+1-546-553-6267,2026 Main Rd,Philadelphia,PA,23521,USA
4625,Donna,Miller,donna.miller4625@yahoo.com,+1-316-730-5724,547 Pine St,Phoenix,AZ,31997,USA
4626,Thomas,Hernandez,thomas.hernandez4626@yahoo.com,+1-949-365-7257,3371 Park Ave,Savannah,GA,77403,USA
4627,Margaret,Johnson,margaret.johnson4627@gmail.com,+1-732-205-3033,5780 Cedar Rd,Pueblo,CO,73665,USA
4628,Steven,Johnson,steven.johnson4628@gmail.com,+1-934-264-4374,4404 Cedar Blvd,New York,NY,31047,USA
4629,Daniel,Clark,daniel.clark4629@outlook.com,+1-893-943-7144,3535 Park Rd,San Antonio,TX,81850,USA
4630,Anthony,Garcia,anthony.garcia4630@hotmail.com,+1-605-778-5766,6219 Oak Blvd,Athens,GA,42966,USA
4631,Andrew,Smith,andrew.smith4631@hotmail.com,+1-469-512-2461,2828 Main St,Savannah,GA,83226,USA
4632,Matthew,Walker,matthew.walker4632@hotmail.com,+1-232-638-2786,2665 Pine Blvd,Philadelphia,PA,42414,USA
4633,William,Lopez,william.lopez4633@gmail.com,+1-576-475-6444,2619 Cedar Rd,Tucson,AZ,59510,USA
4634,Michelle,Brown,michelle.brown4634@hotmail.com,+1-717-903-2858,7855 Main Blvd,Colorado Springs,CO,58327,USA
4635,Anthony,Rodriguez,anthony.rodriguez4635@yahoo.com,+1-462-207-6539,8085 Cedar Rd,Springfield,IL,92851,USA
4636,Joseph,Smith,joseph.smith4636@gmail.com,+1-780-994-2073,9050 Pine Rd,San Diego,CA,87856,USA
4637,John,Flores,john.flores4637@gmail.com,+1-696-468-8211,5193 Oak St,Phoenix,AZ,27854,USA
4638,Kimberly,Thompson,kimberly.thompson4638@hotmail.com,+1-417-876-6540,883 Park Ave,Aurora,IL,41225,USA
4639,Emily,Torres,emily.torres4639@hotmail.com,+1-805-225-7440,7143 Main St,New York,NY,67443,USA
4640,Andrew,King,andrew.king4640@outlook.com,+1-845-761-6781,4782 Park Rd,Boulder,CO,63740,USA
4641,Jessica,Lewis,jessica.lewis4641@gmail.com,+1-660-726-5096,3178 Pine Blvd,Denver,CO,83523,USA
4642,James,Thompson,james.thompson4642@outlook.com,+1-308-742-7348,7562 Cedar Ave,Phoenix,AZ,82538,USA
4643,Sandra,Garcia,sandra.garcia4643@yahoo.com,+1-456-208-5298,1378 Cedar Ave,San Diego,CA,50825,USA
4644,Mark,Harris,mark.harris4644@outlook.com,+1-927-265-5610,3877 Cedar St,Atlanta,GA,62931,USA
4645,John,White,john.white4645@yahoo.com,+1-500-715-1136,6767 Cedar Rd,Rockford,IL,81804,USA
4646,William,Lopez,william.lopez4646@hotmail.com,+1-440-795-1610,535 Pine Ave,Denver,CO,67554,USA
4647,Patricia,Johnson,patricia.johnson4647@gmail.com,+1-690-959-7404,6985 Oak Blvd,Austin,TX,40393,USA
4648,Kevin,Wilson,kevin.wilson4648@yahoo.com,+1-511-283-8063,699 Pine St,Dallas,TX,31861,USA
4649,Robert,Sanchez,robert.sanchez4649@hotmail.com,+1-306-629-1994,5199 Maple Blvd,Pueblo,CO,54261,USA
4650,Joseph,Garcia,joseph.garcia4650@yahoo.com,+1-738-778-1050,7592 Oak Rd,San Antonio,TX,33778,USA
4651,Andrew,Robinson,andrew.robinson4651@yahoo.com,+1-200-583-4475,9239 Oak Ave,Albany,NY,54272,USA
4652,Brian,Allen,brian.allen4652@outlook.com,+1-690-499-5282,9242 Park Ave,Rockford,IL,41244,USA
4653,Joshua,Walker,joshua.walker4653@outlook.com,+1-950-498-3190,4826 Main Ave,Savannah,GA,26039,USA
4654,Amanda,Taylor,amanda.taylor4654@hotmail.com,+1-381-275-4739,1413 Cedar St,Augusta,GA,22562,USA
4655,Jennifer,Davis,jennifer.davis4655@yahoo.com,+1-902-740-7856,6204 Cedar Blvd,Erie,PA,79017,USA
4656,Karen,Taylor,karen.taylor4656@gmail.com,+1-272-746-9318,9436 Main Rd,Tampa,FL,82066,USA
4657,Susan,Walker,susan.walker4657@gmail.com,+1-893-572-7237,8343 Maple Ave,San Francisco,CA,69077,USA
4658,Donna,Lee,donna.lee4658@yahoo.com,+1-634-459-6432,2323 Oak Blvd,Tacoma,WA,57930,USA
4659,Charles,Martinez,charles.martinez4659@outlook.com,+1-383-441-9587,1384 Cedar St,Aurora,IL,60242,USA
4660,David,Torres,david.torres4660@yahoo.com,+1-769-273-4600,7268 Pine St,Houston,TX,62013,USA
4661,Donna,Wilson,donna.wilson4661@outlook.com,+1-501-901-6372,7110 Cedar Rd,Spokane,WA,92816,USA
4662,Andrew,Martin,andrew.martin4662@outlook.com,+1-798-496-9121,9303 Maple Rd,Houston,TX,54535,USA
4663,Ashley,Hill,ashley.hill4663@hotmail.com,+1-677-227-8987,8031 Cedar Blvd,Allentown,PA,71626,USA
4664,Thomas,White,thomas.white4664@hotmail.com,+1-743-278-6492,4581 Main Ave,Pittsburgh,PA,36052,USA
4665,Donna,Hernandez,donna.hernandez4665@yahoo.com,+1-859-460-1908,1188 Park Blvd,Erie,PA,10362,USA
4666,Sarah,Brown,sarah.brown4666@gmail.com,+1-616-364-5637,2411 Cedar Rd,Bellevue,WA,85446,USA
4667,Karen,Brown,karen.brown4667@gmail.com,+1-521-262-3629,323 Park St,Savannah,GA,96793,USA
4668,Lisa,Davis,lisa.davis4668@gmail.com,+1-587-424-8445,386 Park Rd,Spokane,WA,88378,USA
4669,Michelle,Gonzalez,michelle.gonzalez4669@hotmail.com,+1-881-233-7566,354 Maple Ave,Dallas,TX,54770,USA
4670,Emily,Thomas,emily.thomas4670@gmail.com,+1-481-696-4574,5640 Main Rd,Seattle,WA,92445,USA
4671,Matthew,Sanchez,matthew.sanchez4671@hotmail.com,+1-447-956-4818,9286 Park St,Allentown,PA,95474,USA
4672,Barbara,Moore,barbara.moore4672@yahoo.com,+1-687-352-5729,9579 Cedar Blvd,Tacoma,WA,28220,USA
4673,William,Sanchez,william.sanchez4673@hotmail.com,+1-919-906-6569,978 Cedar St,Pittsburgh,PA,45083,USA
4674,Margaret,King,margaret.king4674@hotmail.com,+1-473-846-4194,889 Cedar Rd,San Antonio,TX,73084,USA
4675,Lisa,Allen,lisa.allen4675@gmail.com,+1-673-971-9984,6286 Maple St,Chicago,IL,57190,USA
4676,Anthony,Scott,anthony.scott4676@hotmail.com,+1-362-461-9755,5882 Main Ave,Houston,TX,33789,USA
4677,Kevin,Garcia,kevin.garcia4677@hotmail.com,+1-645-472-4358,1911 Pine St,Augusta,GA,36221,USA
4678,Michelle,Nguyen,michelle.nguyen4678@outlook.com,+1-320-788-6735,3027 Main Rd,Rochester,NY,63635,USA
4679,Anthony,Walker,anthony.walker4679@yahoo.com,+1-695-882-9357,3843 Pine Rd,Aurora,IL,93392,USA
4680,Charles,Moore,charles.moore4680@hotmail.com,+1-654-632-5517,9747 Park St,San Francisco,CA,98230,USA
4681,David,Clark,david.clark4681@gmail.com,+1-209-907-9959,5553 Pine Rd,Atlanta,GA,12160,USA
4682,Barbara,Hill,barbara.hill4682@yahoo.com,+1-580-254-4153,4095 Pine Ave,Philadelphia,PA,55919,USA
4683,Lisa,Martin,lisa.martin4683@gmail.com,+1-782-440-8889,2571 Pine Ave,Buffalo,NY,97069,USA
4684,Sarah,White,sarah.white4684@yahoo.com,+1-690-484-5157,7955 Cedar Blvd,Boulder,CO,67522,USA
4685,Ashley,Johnson,ashley.johnson4685@gmail.com,+1-234-947-8829,9710 Park St,Los Angeles,CA,74709,USA
4686,Andrew,Jones,andrew.jones4686@gmail.com,+1-898-731-4763,2467 Oak Rd,Jacksonville,FL,66419,USA
4687,Linda,Smith,linda.smith4687@hotmail.com,+1-739-912-5901,6813 Cedar Blvd,Houston,TX,14361,USA
4688,Steven,Jackson,steven.jackson4688@yahoo.com,+1-265-384-4637,570 Park Rd,New York,NY,64067,USA
4689,Jennifer,Martinez,jennifer.martinez4689@outlook.com,+1-486-424-7322,6144 Cedar Ave,Houston,TX,96174,USA
4690,Sarah,Robinson,sarah.robinson4690@gmail.com,+1-546-233-8144,8095 Maple St,Tucson,AZ,32424,USA
4691,Steven,Harris,steven.harris4691@yahoo.com,+1-654-942-4011,8696 Oak Ave,Pittsburgh,PA,84808,USA
4692,Mary,Allen,mary.allen4692@yahoo.com,+1-893-467-1171,9530 Oak Blvd,Rochester,NY,71288,USA
4693,Daniel,Harris,daniel.harris4693@gmail.com,+1-560-963-9830,8415 Oak Rd,Austin,TX,73376,USA
4694,Sandra,Miller,sandra.miller4694@hotmail.com,+1-961-733-1883,8864 Main Rd,Atlanta,GA,50214,USA
4695,Nancy,Anderson,nancy.anderson4695@gmail.com,+1-613-219-1262,6811 Maple Ave,Houston,TX,35547,USA
4696,Jessica,Walker,jessica.walker4696@hotmail.com,+1-209-751-9330,6322 Pine Rd,Orlando,FL,24453,USA
4697,Robert,Lewis,robert.lewis4697@yahoo.com,+1-248-718-5876,3155 Maple St,Dallas,TX,67836,USA
4698,James,Moore,james.moore4698@gmail.com,+1-945-365-5920,4149 Maple Blvd,Buffalo,NY,42947,USA
4699,Daniel,Sanchez,daniel.sanchez4699@hotmail.com,+1-988-749-8158,3118 Cedar St,Miami,FL,38009,USA
4700,Sandra,Harris,sandra.harris4700@outlook.com,+1-800-537-6319,9424 Park Blvd,San Diego,CA,41943,USA
4701,Mary,Williams,mary.williams4701@gmail.com,+1-702-769-6511,9071 Park Ave,Orlando,FL,46919,USA
4702,William,Davis,william.davis4702@outlook.com,+1-627-312-7331,4984 Cedar Rd,Tampa,FL,18883,USA
4703,Ashley,Garcia,ashley.garcia4703@outlook.com,+1-842-990-8743,2239 Cedar Rd,Spokane,WA,16602,USA
4704,Mary,Martinez,mary.martinez4704@gmail.com,+1-684-279-5414,9336 Pine Blvd,Springfield,IL,92087,USA
4705,Daniel,Perez,daniel.perez4705@outlook.com,+1-932-671-1930,1624 Park Blvd,Tampa,FL,40392,USA
4706,Robert,Davis,robert.davis4706@gmail.com,+1-322-235-2942,5077 Park Blvd,San Diego,CA,48092,USA
4707,Susan,Rodriguez,susan.rodriguez4707@outlook.com,+1-449-987-3381,395 Oak Blvd,Rockford,IL,25992,USA
4708,Daniel,Lee,daniel.lee4708@hotmail.com,+1-907-449-5950,3940 Cedar Ave,Dallas,TX,80576,USA
4709,Mary,Williams,mary.williams4709@yahoo.com,+1-938-840-1518,8218 Maple Rd,Springfield,IL,60988,USA
4710,Daniel,Flores,daniel.flores4710@yahoo.com,+1-497-358-2905,4204 Main Blvd,San Francisco,CA,13609,USA
4711,Linda,Clark,linda.clark4711@outlook.com,+1-259-667-5354,6412 Maple St,Dallas,TX,33717,USA
4712,John,Allen,john.allen4712@gmail.com,+1-339-594-7076,9792 Main St,Buffalo,NY,74210,USA
4713,Donna,Davis,donna.davis4713@gmail.com,+1-614-834-3225,4006 Park Blvd,Pueblo,CO,32061,USA
4714,Linda,Garcia,linda.garcia4714@yahoo.com,+1-658-655-5677,5185 Park Ave,Miami,FL,83609,USA
4715,Robert,Thompson,robert.thompson4715@gmail.com,+1-471-315-2958,5768 Maple St,San Francisco,CA,77567,USA
4716,Elizabeth,Thompson,elizabeth.thompson4716@hotmail.com,+1-935-646-2495,3700 Park Blvd,New York,NY,19341,USA
4717,James,Scott,james.scott4717@outlook.com,+1-365-219-1998,4422 Maple Blvd,Los Angeles,CA,36405,USA
4718,Karen,Wright,karen.wright4718@yahoo.com,+1-263-449-7216,574 Oak Rd,Denver,CO,91439,USA
4719,Nancy,Jackson,nancy.jackson4719@hotmail.com,+1-468-713-8000,4116 Park Blvd,San Antonio,TX,83774,USA
4720,Barbara,White,barbara.white4720@yahoo.com,+1-667-905-4508,3579 Oak Rd,San Jose,CA,67475,USA
4721,Susan,Thompson,susan.thompson4721@yahoo.com,+1-238-830-4410,4705 Maple St,Buffalo,NY,90950,USA
4722,Susan,Martinez,susan.martinez4722@outlook.com,+1-669-647-5459,7242 Main St,Los Angeles,CA,16182,USA
4723,Steven,Williams,steven.williams4723@gmail.com,+1-303-733-1541,9207 Pine Blvd,Boulder,CO,39682,USA
4724,Andrew,King,andrew.king4724@gmail.com,+1-457-361-2342,2101 Cedar Rd,Tempe,AZ,58110,USA
4725,Joshua,Martin,joshua.martin4725@gmail.com,+1-495-444-5268,3461 Oak Ave,Erie,PA,85388,USA
4726,Anthony,Hernandez,anthony.hernandez4726@outlook.com,+1-391-434-2096,9436 Maple St,Savannah,GA,64178,USA
4727,Michelle,Johnson,michelle.johnson4727@gmail.com,+1-524-239-4926,4994 Main Rd,Tampa,FL,63072,USA
4728,William,Garcia,william.garcia4728@hotmail.com,+1-536-219-9816,6924 Main St,Jacksonville,FL,38305,USA
4729,Susan,Jones,susan.jones4729@hotmail.com,+1-934-965-1212,2018 Pine Blvd,Austin,TX,48424,USA
4730,Mary,Young,mary.young4730@yahoo.com,+1-411-484-7098,846 Park Rd,Philadelphia,PA,13269,USA
4731,David,Brown,david.brown4731@hotmail.com,+1-556-205-5487,4211 Park Blvd,Los Angeles,CA,57237,USA
4732,Michael,Sanchez,michael.sanchez4732@hotmail.com,+1-401-437-1965,6769 Main Ave,Austin,TX,72380,USA
4733,William,Sanchez,william.sanchez4733@gmail.com,+1-631-819-9135,4024 Cedar Ave,Denver,CO,12650,USA
4734,Margaret,Scott,margaret.scott4734@yahoo.com,+1-883-202-1917,909 Cedar Rd,San Diego,CA,52613,USA
4735,Joseph,Clark,joseph.clark4735@hotmail.com,+1-501-980-8790,3572 Oak Rd,Boulder,CO,10960,USA
4736,Donna,Jackson,donna.jackson4736@outlook.com,+1-283-754-3976,3769 Maple Blvd,Austin,TX,21719,USA
4737,John,Williams,john.williams4737@hotmail.com,+1-740-826-7863,252 Oak Rd,New York,NY,82065,USA
4738,William,Clark,william.clark4738@gmail.com,+1-258-493-1485,617 Pine Blvd,Houston,TX,86476,USA
4739,Patricia,Sanchez,patricia.sanchez4739@yahoo.com,+1-756-333-2429,4222 Oak Ave,Erie,PA,15940,USA
4740,Daniel,Robinson,daniel.robinson4740@hotmail.com,+1-791-625-4575,147 Main Ave,San Jose,CA,84427,USA
4741,Kimberly,Martin,kimberly.martin4741@hotmail.com,+1-818-249-9318,4960 Maple Ave,San Jose,CA,83563,USA
4742,James,Martin,james.martin4742@gmail.com,+1-343-576-6173,3640 Oak Rd,Erie,PA,64661,USA
4743,Daniel,Ramirez,daniel.ramirez4743@outlook.com,+1-417-557-2536,2412 Pine Rd,Denver,CO,67576,USA
4744,Joseph,Thomas,joseph.thomas4744@outlook.com,+1-591-710-2055,178 Maple Ave,San Francisco,CA,71271,USA
4745,Margaret,White,margaret.white4745@hotmail.com,+1-475-431-8457,587 Park St,Phoenix,AZ,99866,USA
4746,Anthony,King,anthony.king4746@gmail.com,+1-572-519-4032,8996 Pine Ave,Austin,TX,26885,USA
4747,Barbara,Perez,barbara.perez4747@gmail.com,+1-770-831-5536,7099 Maple St,Colorado Springs,CO,38306,USA
4748,Jessica,Lee,jessica.lee4748@yahoo.com,+1-245-763-7606,9812 Park St,Buffalo,NY,90249,USA
4749,Mark,Perez,mark.perez4749@yahoo.com,+1-807-840-7419,3942 Oak Ave,Chicago,IL,32684,USA
4750,Charles,King,charles.king4750@gmail.com,+1-962-262-3546,5373 Maple St,Pittsburgh,PA,66783,USA
4751,Kevin,Jones,kevin.jones4751@hotmail.com,+1-404-788-4527,3073 Cedar St,San Diego,CA,33242,USA
4752,David,Ramirez,david.ramirez4752@outlook.com,+1-776-683-3075,3612 Cedar Ave,Austin,TX,48402,USA
4753,Nancy,Flores,nancy.flores4753@gmail.com,+1-776-668-2664,2293 Maple Blvd,Houston,TX,25899,USA
4754,James,Wright,james.wright4754@gmail.com,+1-402-819-2128,8540 Maple St,Buffalo,NY,69511,USA
4755,Mark,Martin,mark.martin4755@outlook.com,+1-350-702-6206,6354 Oak Ave,Houston,TX,51102,USA
4756,Joshua,Wilson,joshua.wilson4756@gmail.com,+1-702-759-5146,3778 Main Rd,San Diego,CA,81482,USA
4757,Ashley,White,ashley.white4757@hotmail.com,+1-530-826-8159,9776 Main Rd,Erie,PA,87934,USA
4758,Sandra,Martin,sandra.martin4758@gmail.com,+1-302-426-1316,9146 Cedar Ave,San Antonio,TX,39619,USA
4759,Brian,Wilson,brian.wilson4759@gmail.com,+1-790-838-4336,244 Park St,Dallas,TX,23846,USA
4760,Sandra,Lee,sandra.lee4760@yahoo.com,+1-453-611-6688,9771 Maple Ave,Athens,GA,10302,USA
4761,Elizabeth,Anderson,elizabeth.anderson4761@hotmail.com,+1-923-438-5281,6552 Cedar St,Dallas,TX,32112,USA
4762,Mary,Moore,mary.moore4762@hotmail.com,+1-794-549-6758,1733 Maple Blvd,Tampa,FL,38785,USA
4763,Sarah,Taylor,sarah.taylor4763@gmail.com,+1-260-221-8441,3960 Maple Blvd,Chicago,IL,89052,USA
4764,Susan,Gonzalez,susan.gonzalez4764@yahoo.com,+1-982-235-1524,5352 Cedar St,Aurora,IL,30634,USA
4765,Michelle,Wright,michelle.wright4765@gmail.com,+1-972-882-5723,5902 Maple Ave,Dallas,TX,18811,USA
4766,James,Walker,james.walker4766@yahoo.com,+1-513-458-3678,992 Cedar St,Jacksonville,FL,30649,USA
4767,Joshua,Gonzalez,joshua.gonzalez4767@outlook.com,+1-406-533-4551,7858 Park Rd,Athens,GA,10383,USA
4768,John,Ramirez,john.ramirez4768@outlook.com,+1-853-395-2268,3273 Cedar St,San Diego,CA,59641,USA
4769,Amanda,Brown,amanda.brown4769@hotmail.com,+1-534-487-9262,2072 Cedar St,Tucson,AZ,44826,USA
4770,Donna,Martinez,donna.martinez4770@outlook.com,+1-562-443-3740,7433 Main Ave,Philadelphia,PA,60559,USA
4771,Daniel,Rodriguez,daniel.rodriguez4771@outlook.com,+1-921-884-6424,3316 Pine St,Atlanta,GA,12635,USA
4772,Amanda,Jackson,amanda.jackson4772@gmail.com,+1-479-550-7595,1100 Oak Ave,Augusta,GA,36514,USA
4773,Susan,Nguyen,susan.nguyen4773@hotmail.com,+1-799-454-9949,255 Pine St,Austin,TX,38778,USA
4774,Ashley,Jackson,ashley.jackson4774@gmail.com,+1-252-577-8484,8485 Pine St,San Jose,CA,74722,USA
4775,Mark,Ramirez,mark.ramirez4775@gmail.com,+1-698-992-5288,9799 Cedar Rd,Pueblo,CO,23502,USA
4776,Jessica,Miller,jessica.miller4776@outlook.com,+1-997-226-7863,3290 Main Blvd,San Diego,CA,33299,USA
4777,Charles,Lewis,charles.lewis4777@gmail.com,+1-736-519-7085,8485 Oak Rd,Tempe,AZ,76446,USA
4778,Kevin,Thompson,kevin.thompson4778@outlook.com,+1-239-829-3764,1020 Cedar St,Boulder,CO,10635,USA
4779,Joshua,Davis,joshua.davis4779@gmail.com,+1-408-829-5256,8042 Cedar St,Aurora,IL,96083,USA
4780,Paul,Gonzalez,paul.gonzalez4780@gmail.com,+1-803-381-3430,1281 Oak St,Orlando,FL,12850,USA
4781,Linda,Davis,linda.davis4781@yahoo.com,+1-644-797-8594,5162 Maple Ave,Seattle,WA,45986,USA
4782,Brian,Davis,brian.davis4782@outlook.com,+1-589-974-2206,7939 Pine Ave,San Antonio,TX,45166,USA
4783,Karen,Garcia,karen.garcia4783@hotmail.com,+1-656-644-4919,2619 Pine Rd,Tucson,AZ,15306,USA
4784,Jennifer,King,jennifer.king4784@gmail.com,+1-773-493-3472,9404 Park Blvd,Pueblo,CO,45915,USA
4785,Ashley,Perez,ashley.perez4785@hotmail.com,+1-501-832-9996,1746 Park Ave,Tucson,AZ,27931,USA
4786,Kevin,Moore,kevin.moore4786@yahoo.com,+1-313-627-5326,2641 Cedar Rd,San Francisco,CA,14491,USA
4787,Jessica,Anderson,jessica.anderson4787@hotmail.com,+1-656-661-3020,1177 Main Ave,San Jose,CA,21485,USA
4788,Sandra,Smith,sandra.smith4788@gmail.com,+1-630-924-5974,5190 Park St,Los Angeles,CA,89840,USA
4789,Elizabeth,Martinez,elizabeth.martinez4789@outlook.com,+1-202-816-2290,8949 Pine St,Athens,GA,49583,USA
4790,Steven,Lee,steven.lee4790@gmail.com,+1-456-499-1524,6367 Cedar Blvd,Jacksonville,FL,49212,USA
4791,Ashley,White,ashley.white4791@hotmail.com,+1-438-563-7721,4569 Cedar Blvd,Mesa,AZ,62245,USA
4792,Amanda,Thompson,amanda.thompson4792@outlook.com,+1-928-415-9598,1786 Pine St,Chicago,IL,43646,USA
4793,Robert,Flores,robert.flores4793@outlook.com,+1-440-566-3775,7004 Oak Rd,Allentown,PA,13050,USA
4794,Mark,Williams,mark.williams4794@outlook.com,+1-996-757-9373,2654 Cedar Ave,Savannah,GA,46153,USA
4795,Elizabeth,Martinez,elizabeth.martinez4795@gmail.com,+1-270-821-7194,2740 Park Blvd,Aurora,IL,15812,USA
4796,Thomas,Wright,thomas.wright4796@outlook.com,+1-258-797-6651,6844 Maple Blvd,Denver,CO,21410,USA
4797,Margaret,Hernandez,margaret.hernandez4797@yahoo.com,+1-638-625-3634,4565 Park St,Atlanta,GA,37384,USA
4798,Michael,Thomas,michael.thomas4798@hotmail.com,+1-729-798-6582,3181 Cedar Ave,Denver,CO,23992,USA
4799,John,Perez,john.perez4799@gmail.com,+1-903-689-2364,5445 Park Blvd,Springfield,IL,59340,USA
4800,Margaret,Rodriguez,margaret.rodriguez4800@hotmail.com,+1-287-321-3485,5386 Park St,Erie,PA,66574,USA
4801,William,Jones,william.jones4801@hotmail.com,+1-922-289-9735,3207 Park Rd,Savannah,GA,39906,USA
4802,Kimberly,Smith,kimberly.smith4802@hotmail.com,+1-803-368-1997,7192 Main Ave,Tucson,AZ,53396,USA
4803,Paul,Hernandez,paul.hernandez4803@outlook.com,+1-645-400-8598,7267 Park St,Houston,TX,45645,USA
4804,Matthew,Thomas,matthew.thomas4804@hotmail.com,+1-642-897-4603,7153 Cedar Blvd,Houston,TX,82345,USA
4805,Jessica,Anderson,jessica.anderson4805@hotmail.com,+1-567-606-9158,7004 Main Rd,Allentown,PA,53817,USA
4806,Linda,Johnson,linda.johnson4806@yahoo.com,+1-450-972-9276,9113 Park Ave,Buffalo,NY,38998,USA
4807,Daniel,Walker,daniel.walker4807@outlook.com,+1-440-202-6104,8594 Park Blvd,Austin,TX,63251,USA
4808,Sarah,Johnson,sarah.johnson4808@outlook.com,+1-983-648-6008,3115 Cedar Ave,San Diego,CA,60455,USA
4809,Michael,Davis,michael.davis4809@gmail.com,+1-575-266-9529,3184 Pine Rd,San Diego,CA,56793,USA
4810,John,Flores,john.flores4810@hotmail.com,+1-933-665-7137,7613 Main Blvd,Chicago,IL,23987,USA
4811,Barbara,Garcia,barbara.garcia4811@gmail.com,+1-348-771-3677,5485 Cedar Blvd,Austin,TX,51360,USA
4812,Kevin,Brown,kevin.brown4812@hotmail.com,+1-421-240-1144,9422 Cedar Blvd,Augusta,GA,92244,USA
4813,John,Jones,john.jones4813@outlook.com,+1-847-986-9419,8077 Park Rd,Tucson,AZ,37019,USA
4814,John,Robinson,john.robinson4814@yahoo.com,+1-589-340-6064,4236 Park Blvd,Los Angeles,CA,80174,USA
4815,Anthony,Brown,anthony.brown4815@hotmail.com,+1-630-618-8134,788 Park Ave,Athens,GA,86888,USA
4816,Joshua,Hernandez,joshua.hernandez4816@outlook.com,+1-687-900-8108,2567 Oak Blvd,Houston,TX,67643,USA
4817,Margaret,Martin,margaret.martin4817@yahoo.com,+1-584-589-1897,3826 Pine Blvd,Savannah,GA,64990,USA
4818,David,Harris,david.harris4818@gmail.com,+1-204-679-1202,3047 Oak St,San Francisco,CA,12163,USA
4819,Robert,Wilson,robert.wilson4819@gmail.com,+1-808-692-8687,4575 Cedar Blvd,Jacksonville,FL,57589,USA
4820,Susan,Miller,susan.miller4820@outlook.com,+1-385-277-6747,8724 Park Blvd,Phoenix,AZ,30415,USA
4821,Brian,Smith,brian.smith4821@outlook.com,+1-784-615-1731,8566 Oak Blvd,San Jose,CA,59143,USA
4822,Emily,Hill,emily.hill4822@yahoo.com,+1-786-953-8694,3886 Oak Rd,Aurora,IL,43413,USA
4823,Thomas,Thompson,thomas.thompson4823@hotmail.com,+1-201-432-3458,782 Main Blvd,Aurora,IL,42068,USA
4824,Anthony,Jones,anthony.jones4824@gmail.com,+1-441-744-8792,4152 Pine Rd,Tempe,AZ,29860,USA
4825,Mark,Nguyen,mark.nguyen4825@yahoo.com,+1-590-613-3427,3105 Cedar Blvd,Tempe,AZ,70032,USA
4826,Charles,Lewis,charles.lewis4826@gmail.com,+1-647-713-1696,1678 Oak Ave,Allentown,PA,99386,USA
4827,Nancy,Flores,nancy.flores4827@outlook.com,+1-681-906-9359,6858 Maple St,Colorado Springs,CO,64222,USA
4828,Susan,Ramirez,susan.ramirez4828@gmail.com,+1-300-910-7710,8693 Pine Blvd,Denver,CO,65017,USA
4829,Michelle,Wilson,michelle.wilson4829@outlook.com,+1-778-348-5710,5265 Maple St,San Diego,CA,84496,USA
4830,Elizabeth,Taylor,elizabeth.taylor4830@yahoo.com,+1-791-915-4690,6149 Maple Rd,Miami,FL,89958,USA
4831,Amanda,Williams,amanda.williams4831@yahoo.com,+1-419-598-2435,3263 Oak Ave,Albany,NY,56741,USA
4832,Margaret,Williams,margaret.williams4832@yahoo.com,+1-915-680-1857,6928 Maple Blvd,San Jose,CA,35270,USA
4833,Margaret,Martin,margaret.martin4833@gmail.com,+1-255-509-4399,8497 Park St,Colorado Springs,CO,48401,USA
4834,Richard,Anderson,richard.anderson4834@hotmail.com,+1-252-826-1898,8670 Main St,Austin,TX,10350,USA
4835,Barbara,Taylor,barbara.taylor4835@hotmail.com,+1-447-536-2266,601 Oak Blvd,Tampa,FL,40419,USA
4836,Thomas,King,thomas.king4836@yahoo.com,+1-947-587-1211,5993 Park St,Los Angeles,CA,85984,USA
4837,Linda,Allen,linda.allen4837@outlook.com,+1-564-701-1078,1289 Park Blvd,Rockford,IL,30237,USA
4838,Kevin,Rodriguez,kevin.rodriguez4838@outlook.com,+1-346-834-7707,1359 Park Rd,Allentown,PA,53874,USA
4839,Anthony,Thomas,anthony.thomas4839@outlook.com,+1-654-666-6411,3948 Pine Ave,Tempe,AZ,45761,USA
4840,Mary,Lewis,mary.lewis4840@outlook.com,+1-215-362-4495,6325 Pine Rd,Boulder,CO,65832,USA
4841,Joshua,Hill,joshua.hill4841@hotmail.com,+1-689-554-2199,4786 Park St,Aurora,IL,65739,USA
4842,Michelle,Harris,michelle.harris4842@hotmail.com,+1-545-774-2594,7042 Pine Blvd,Austin,TX,99073,USA
4843,Kimberly,Wright,kimberly.wright4843@outlook.com,+1-947-847-6917,3572 Oak Rd,Phoenix,AZ,87235,USA
4844,Jessica,White,jessica.white4844@outlook.com,+1-524-403-7708,2811 Pine Blvd,Rockford,IL,65862,USA
4845,James,Clark,james.clark4845@gmail.com,+1-655-384-3337,5721 Park Rd,Albany,NY,20980,USA
4846,Patricia,Thompson,patricia.thompson4846@gmail.com,+1-804-337-1165,5082 Main Rd,Aurora,IL,94719,USA
4847,Robert,King,robert.king4847@hotmail.com,+1-400-403-2987,6650 Pine Ave,Colorado Springs,CO,48121,USA
4848,Richard,Johnson,richard.johnson4848@gmail.com,+1-875-926-1690,9182 Maple Rd,Los Angeles,CA,64376,USA
4849,Kimberly,Johnson,kimberly.johnson4849@yahoo.com,+1-991-534-6912,779 Main Blvd,San Jose,CA,49739,USA
4850,Mark,Martin,mark.martin4850@gmail.com,+1-234-314-2268,3268 Oak St,Philadelphia,PA,19057,USA
4851,Steven,Walker,steven.walker4851@gmail.com,+1-826-306-4963,4403 Park Blvd,Augusta,GA,53309,USA
4852,Elizabeth,Johnson,elizabeth.johnson4852@gmail.com,+1-975-898-9146,2151 Maple Rd,Pittsburgh,PA,12833,USA
4853,Kimberly,Smith,kimberly.smith4853@gmail.com,+1-817-575-4836,1488 Maple Rd,Tacoma,WA,90663,USA
4854,Thomas,Williams,thomas.williams4854@hotmail.com,+1-833-403-2769,7110 Main Rd,Miami,FL,45215,USA
4855,Sandra,Perez,sandra.perez4855@gmail.com,+1-977-554-8466,9799 Maple St,Rochester,NY,43027,USA
4856,Brian,Davis,brian.davis4856@hotmail.com,+1-689-815-4767,7268 Park Ave,Tucson,AZ,43575,USA
4857,Sarah,Lee,sarah.lee4857@hotmail.com,+1-792-586-5564,9502 Cedar Blvd,Augusta,GA,55064,USA
4858,Andrew,Rodriguez,andrew.rodriguez4858@hotmail.com,+1-787-728-9562,2760 Cedar St,Augusta,GA,99000,USA
4859,Mark,Thompson,mark.thompson4859@gmail.com,+1-813-782-4496,3715 Maple Ave,Athens,GA,33190,USA
4860,Lisa,Hill,lisa.hill4860@hotmail.com,+1-490-777-5688,3234 Oak Rd,Albany,NY,44420,USA
4861,Sarah,Johnson,sarah.johnson4861@hotmail.com,+1-782-309-6124,3026 Main Ave,Albany,NY,84646,USA
4862,Michelle,White,michelle.white4862@outlook.com,+1-833-454-9229,814 Cedar Ave,Dallas,TX,69317,USA
4863,Michael,Ramirez,michael.ramirez4863@hotmail.com,+1-608-490-3334,526 Park Rd,Chicago,IL,16855,USA
4864,Sandra,Johnson,sandra.johnson4864@yahoo.com,+1-669-589-6013,5185 Oak Ave,Austin,TX,82181,USA
4865,Patricia,Wright,patricia.wright4865@gmail.com,+1-673-464-9975,3419 Maple Ave,Boulder,CO,91326,USA
4866,Andrew,Anderson,andrew.anderson4866@gmail.com,+1-430-734-4029,6947 Cedar Blvd,Austin,TX,42691,USA
4867,Mark,Wilson,mark.wilson4867@yahoo.com,+1-989-787-1887,1385 Pine Blvd,New York,NY,55887,USA
4868,Anthony,Harris,anthony.harris4868@gmail.com,+1-621-642-9679,3262 Park St,San Jose,CA,82061,USA
4869,Paul,Harris,paul.harris4869@outlook.com,+1-210-398-2628,8495 Maple Ave,Augusta,GA,66544,USA
4870,Karen,Rodriguez,karen.rodriguez4870@gmail.com,+1-484-298-9806,8121 Pine Rd,Orlando,FL,47361,USA
4871,Sandra,Hill,sandra.hill4871@outlook.com,+1-324-202-5429,9776 Park St,Boulder,CO,79771,USA
4872,Brian,Ramirez,brian.ramirez4872@hotmail.com,+1-539-695-9101,9050 Maple Rd,San Diego,CA,35485,USA
4873,Andrew,Thompson,andrew.thompson4873@gmail.com,+1-393-438-9633,6787 Main Rd,Austin,TX,49335,USA
4874,Daniel,White,daniel.white4874@hotmail.com,+1-350-747-8128,7492 Main St,Boulder,CO,81230,USA
4875,David,Perez,david.perez4875@outlook.com,+1-870-654-6725,4396 Oak Rd,Aurora,IL,91673,USA
4876,Linda,Nguyen,linda.nguyen4876@outlook.com,+1-244-787-3386,2819 Main Rd,Tacoma,WA,36586,USA
4877,Joseph,Hill,joseph.hill4877@gmail.com,+1-468-771-6151,7881 Maple Ave,Pittsburgh,PA,96926,USA
4878,Andrew,Scott,andrew.scott4878@hotmail.com,+1-933-259-1505,3556 Pine Ave,Buffalo,NY,31960,USA
4879,Sarah,Miller,sarah.miller4879@yahoo.com,+1-352-707-7244,2849 Main Rd,Aurora,IL,16334,USA
4880,Kimberly,Williams,kimberly.williams4880@hotmail.com,+1-515-279-4344,3221 Oak St,Austin,TX,26347,USA
4881,Jennifer,Brown,jennifer.brown4881@yahoo.com,+1-621-224-8034,6666 Maple St,San Francisco,CA,69291,USA
4882,James,Lopez,james.lopez4882@gmail.com,+1-819-872-6321,9018 Pine Rd,Philadelphia,PA,17432,USA
4883,Emily,Perez,emily.perez4883@hotmail.com,+1-471-435-5991,8113 Maple Ave,Boulder,CO,30337,USA
4884,Steven,Wright,steven.wright4884@outlook.com,+1-554-336-5032,5621 Oak St,Los Angeles,CA,53204,USA
4885,Joseph,Williams,joseph.williams4885@yahoo.com,+1-732-868-6456,3904 Pine Blvd,Phoenix,AZ,83710,USA
4886,John,Wilson,john.wilson4886@yahoo.com,+1-610-682-7144,7186 Maple Ave,San Diego,CA,68245,USA
4887,Daniel,Torres,daniel.torres4887@gmail.com,+1-730-221-4910,8445 Pine Blvd,Mesa,AZ,41887,USA
4888,Steven,Clark,steven.clark4888@hotmail.com,+1-873-213-3775,9887 Maple Ave,Los Angeles,CA,94952,USA
4889,Matthew,Brown,matthew.brown4889@outlook.com,+1-338-704-6866,2624 Pine St,San Francisco,CA,12583,USA
4890,Patricia,Brown,patricia.brown4890@outlook.com,+1-328-859-2791,8390 Oak Rd,Phoenix,AZ,13091,USA
4891,Barbara,Robinson,barbara.robinson4891@yahoo.com,+1-649-496-3025,7354 Maple Ave,San Antonio,TX,29386,USA
4892,Kevin,Davis,kevin.davis4892@gmail.com,+1-381-531-7977,8420 Park Rd,Savannah,GA,42175,USA
4893,Donna,Wilson,donna.wilson4893@hotmail.com,+1-293-517-5102,6638 Park St,Chicago,IL,95299,USA
4894,Karen,Gonzalez,karen.gonzalez4894@gmail.com,+1-892-524-1862,5899 Main St,San Antonio,TX,66417,USA
4895,Matthew,Lee,matthew.lee4895@hotmail.com,+1-641-850-4071,1317 Oak St,Houston,TX,47876,USA
4896,Steven,Lopez,steven.lopez4896@gmail.com,+1-917-344-8316,3870 Main Ave,Houston,TX,26737,USA
4897,Joseph,Jones,joseph.jones4897@yahoo.com,+1-599-680-2832,1147 Cedar Rd,San Diego,CA,85596,USA
4898,Steven,Flores,steven.flores4898@gmail.com,+1-240-945-8965,2284 Main Rd,Pueblo,CO,15916,USA
4899,Susan,Johnson,susan.johnson4899@yahoo.com,+1-385-660-9366,2715 Park Ave,Tempe,AZ,83715,USA
4900,Michael,Wilson,michael.wilson4900@yahoo.com,+1-465-689-8699,7354 Cedar Ave,Miami,FL,25653,USA
4901,Patricia,Jackson,patricia.jackson4901@hotmail.com,+1-713-758-7279,1368 Cedar Ave,Mesa,AZ,44171,USA
4902,Sandra,Nguyen,sandra.nguyen4902@hotmail.com,+1-778-813-6956,7311 Pine Rd,Austin,TX,37026,USA
4903,Michelle,Thompson,michelle.thompson4903@hotmail.com,+1-616-751-7677,9352 Maple Rd,Seattle,WA,13256,USA
4904,Patricia,Clark,patricia.clark4904@yahoo.com,+1-593-305-8405,5499 Cedar Blvd,Los Angeles,CA,47586,USA
4905,Matthew,Lewis,matthew.lewis4905@hotmail.com,+1-491-920-8615,9498 Pine Blvd,Savannah,GA,86334,USA
4906,Jessica,Lopez,jessica.lopez4906@outlook.com,+1-260-786-3327,5730 Main Ave,Colorado Springs,CO,80352,USA
4907,Jessica,Smith,jessica.smith4907@hotmail.com,+1-298-674-2000,8534 Main Rd,Los Angeles,CA,39690,USA
4908,Karen,Ramirez,karen.ramirez4908@yahoo.com,+1-545-816-6999,5823 Main St,Aurora,IL,74452,USA
4909,Michael,Young,michael.young4909@yahoo.com,+1-659-407-1779,5103 Maple Rd,Jacksonville,FL,81149,USA
4910,Michael,Sanchez,michael.sanchez4910@outlook.com,+1-882-880-1297,9130 Pine Rd,Erie,PA,30734,USA
4911,Sandra,Allen,sandra.allen4911@hotmail.com,+1-906-822-1767,1928 Oak Ave,Buffalo,NY,10336,USA
4912,Michelle,Jones,michelle.jones4912@gmail.com,+1-260-727-1286,4073 Cedar Blvd,Phoenix,AZ,29871,USA
4913,Karen,Anderson,karen.anderson4913@outlook.com,+1-689-499-7104,213 Maple Rd,Savannah,GA,75283,USA
4914,Steven,Robinson,steven.robinson4914@yahoo.com,+1-946-640-1909,4131 Oak Ave,Denver,CO,22673,USA
4915,Mary,Lopez,mary.lopez4915@hotmail.com,+1-249-275-3390,7740 Main Rd,Rochester,NY,79552,USA
4916,Sandra,Rodriguez,sandra.rodriguez4916@hotmail.com,+1-968-714-7001,2617 Cedar Rd,Dallas,TX,83030,USA
4917,Brian,Wilson,brian.wilson4917@gmail.com,+1-562-410-1352,4202 Maple St,Mesa,AZ,91691,USA
4918,David,Jackson,david.jackson4918@gmail.com,+1-839-269-9860,3825 Main Blvd,Bellevue,WA,71574,USA
4919,Sarah,Walker,sarah.walker4919@yahoo.com,+1-350-767-2140,4411 Cedar Rd,Allentown,PA,74937,USA
4920,John,Lopez,john.lopez4920@yahoo.com,+1-633-407-3077,1676 Maple St,Atlanta,GA,75715,USA
4921,Jennifer,Taylor,jennifer.taylor4921@gmail.com,+1-837-356-2464,1162 Pine Rd,Tacoma,WA,83261,USA
4922,Lisa,Jones,lisa.jones4922@hotmail.com,+1-693-531-6851,5245 Oak St,Tampa,FL,23871,USA
4923,Daniel,Nguyen,daniel.nguyen4923@gmail.com,+1-315-399-8784,5873 Pine Ave,Allentown,PA,90320,USA
4924,Charles,Martinez,charles.martinez4924@hotmail.com,+1-454-576-2103,4212 Main St,New York,NY,98037,USA
4925,Susan,Ramirez,susan.ramirez4925@gmail.com,+1-434-217-6088,269 Main Ave,Buffalo,NY,82345,USA
4926,Richard,Jones,richard.jones4926@hotmail.com,+1-957-495-8739,6427 Main Blvd,San Francisco,CA,90163,USA
4927,Barbara,Jackson,barbara.jackson4927@outlook.com,+1-880-440-8724,1035 Park Ave,Bellevue,WA,74657,USA
4928,Brian,Allen,brian.allen4928@yahoo.com,+1-530-466-5737,1473 Pine Blvd,Orlando,FL,21552,USA
4929,Kevin,Davis,kevin.davis4929@yahoo.com,+1-766-701-9063,919 Park Ave,Allentown,PA,26988,USA
4930,Mark,Allen,mark.allen4930@yahoo.com,+1-684-881-2369,1900 Oak St,Spokane,WA,59901,USA
4931,Jessica,Flores,jessica.flores4931@hotmail.com,+1-460-808-7959,3147 Oak St,Orlando,FL,71424,USA
4932,Michael,Wright,michael.wright4932@outlook.com,+1-594-430-5370,2863 Main Ave,Tampa,FL,92371,USA
4933,Richard,Robinson,richard.robinson4933@yahoo.com,+1-764-521-8029,4118 Park St,Mesa,AZ,89494,USA
4934,Kimberly,Moore,kimberly.moore4934@outlook.com,+1-692-456-6592,1556 Cedar Blvd,Springfield,IL,73638,USA
4935,Joshua,Lewis,joshua.lewis4935@hotmail.com,+1-282-826-5651,7155 Cedar St,Allentown,PA,75400,USA
4936,Joseph,Wright,joseph.wright4936@yahoo.com,+1-311-733-7284,6631 Park Ave,Athens,GA,46784,USA
4937,Elizabeth,Lopez,elizabeth.lopez4937@yahoo.com,+1-443-800-9117,2734 Pine Rd,Augusta,GA,19691,USA
4938,Lisa,Young,lisa.young4938@outlook.com,+1-921-995-3685,9082 Cedar Rd,Colorado Springs,CO,10143,USA
4939,Elizabeth,Moore,elizabeth.moore4939@hotmail.com,+1-414-942-3963,3875 Park Blvd,San Jose,CA,66669,USA
4940,Amanda,Brown,amanda.brown4940@hotmail.com,+1-354-618-7069,8627 Park St,Tucson,AZ,30218,USA
4941,Nancy,Hill,nancy.hill4941@yahoo.com,+1-387-326-6326,2744 Cedar Rd,San Antonio,TX,65006,USA
4942,Joseph,Hernandez,joseph.hernandez4942@hotmail.com,+1-364-444-5767,9563 Park Ave,Springfield,IL,88535,USA
4943,Linda,Flores,linda.flores4943@outlook.com,+1-944-427-2961,3739 Maple Rd,Albany,NY,78185,USA
4944,James,Johnson,james.johnson4944@yahoo.com,+1-334-383-5304,9377 Cedar Rd,Tempe,AZ,53961,USA
4945,Thomas,Martin,thomas.martin4945@hotmail.com,+1-532-336-1674,8259 Maple Ave,Erie,PA,36418,USA
4946,Michelle,Moore,michelle.moore4946@hotmail.com,+1-206-711-3720,9560 Maple St,Dallas,TX,89721,USA
4947,Matthew,Moore,matthew.moore4947@gmail.com,+1-327-476-9460,2274 Maple St,Augusta,GA,41370,USA
4948,Paul,Lopez,paul.lopez4948@yahoo.com,+1-411-762-5305,2128 Park St,Tempe,AZ,26779,USA
4949,Sandra,King,sandra.king4949@yahoo.com,+1-972-415-7810,6612 Oak St,Houston,TX,37350,USA
4950,Charles,Johnson,charles.johnson4950@gmail.com,+1-600-212-3769,4705 Oak Blvd,San Francisco,CA,43271,USA
4951,Charles,White,charles.white4951@outlook.com,+1-265-267-5421,3086 Pine Rd,San Jose,CA,36968,USA
4952,Lisa,Martin,lisa.martin4952@gmail.com,+1-877-296-4552,5705 Park Ave,Tampa,FL,80210,USA
4953,Anthony,Robinson,anthony.robinson4953@outlook.com,+1-331-602-7970,7052 Park St,Tucson,AZ,14981,USA
4954,Daniel,Brown,daniel.brown4954@outlook.com,+1-362-586-8074,7427 Cedar Ave,Pueblo,CO,48762,USA
4955,Anthony,Hill,anthony.hill4955@outlook.com,+1-327-737-2885,7312 Maple Blvd,Spokane,WA,58246,USA
4956,Emily,Clark,emily.clark4956@yahoo.com,+1-980-272-5296,4249 Cedar Ave,Seattle,WA,69704,USA
4957,Richard,Johnson,richard.johnson4957@gmail.com,+1-554-329-9121,844 Main Rd,Colorado Springs,CO,71767,USA
4958,Sandra,Moore,sandra.moore4958@yahoo.com,+1-716-471-8762,465 Cedar St,Miami,FL,33374,USA
4959,Ashley,Nguyen,ashley.nguyen4959@yahoo.com,+1-964-783-4417,9917 Main Ave,Albany,NY,39327,USA
4960,Andrew,Davis,andrew.davis4960@hotmail.com,+1-565-725-8317,4665 Pine Rd,San Jose,CA,12230,USA
4961,Mary,Gonzalez,mary.gonzalez4961@outlook.com,+1-228-944-9929,6233 Oak Ave,Los Angeles,CA,80583,USA
4962,Matthew,Jones,matthew.jones4962@yahoo.com,+1-512-333-3217,244 Oak Blvd,Austin,TX,53079,USA
4963,Mark,Moore,mark.moore4963@yahoo.com,+1-470-794-3688,9931 Main Ave,Seattle,WA,53633,USA
4964,Linda,Martin,linda.martin4964@outlook.com,+1-232-460-5774,569 Oak St,San Francisco,CA,28873,USA
4965,Matthew,Young,matthew.young4965@gmail.com,+1-450-890-5360,3150 Cedar Rd,Austin,TX,48965,USA
4966,Andrew,Jackson,andrew.jackson4966@gmail.com,+1-299-737-8735,9577 Maple Blvd,Tampa,FL,47839,USA
4967,Brian,King,brian.king4967@yahoo.com,+1-561-299-5297,5151 Park Rd,Aurora,IL,26321,USA
4968,Joshua,Flores,joshua.flores4968@outlook.com,+1-272-572-2469,3291 Park St,Denver,CO,10536,USA
4969,Joshua,Hill,joshua.hill4969@outlook.com,+1-888-866-1555,8772 Maple Blvd,Pittsburgh,PA,23858,USA
4970,Matthew,Torres,matthew.torres4970@hotmail.com,+1-843-317-5690,6399 Cedar Blvd,Rockford,IL,67141,USA
4971,Patricia,Martin,patricia.martin4971@hotmail.com,+1-612-903-6701,8000 Oak Blvd,Tampa,FL,62308,USA
4972,Michael,Anderson,michael.anderson4972@gmail.com,+1-725-246-7663,5561 Maple St,Augusta,GA,59232,USA
4973,Jessica,Robinson,jessica.robinson4973@yahoo.com,+1-607-840-6018,9777 Oak Rd,Augusta,GA,48220,USA
4974,Amanda,Lee,amanda.lee4974@yahoo.com,+1-611-648-2426,3203 Park St,Jacksonville,FL,97214,USA
4975,Ashley,Allen,ashley.allen4975@hotmail.com,+1-598-295-5658,2425 Oak Rd,Boulder,CO,80545,USA
4976,David,Martinez,david.martinez4976@gmail.com,+1-451-909-8691,2081 Maple Rd,Los Angeles,CA,16050,USA
4977,Steven,Taylor,steven.taylor4977@gmail.com,+1-464-218-3926,8352 Maple Rd,Atlanta,GA,14340,USA
4978,Patricia,Torres,patricia.torres4978@yahoo.com,+1-702-849-7671,8033 Park Blvd,San Francisco,CA,55763,USA
4979,Robert,Wright,robert.wright4979@hotmail.com,+1-402-660-6076,4790 Oak Rd,Spokane,WA,32676,USA
4980,Brian,Sanchez,brian.sanchez4980@outlook.com,+1-355-890-7714,7808 Main Blvd,Jacksonville,FL,41152,USA
4981,Kimberly,Moore,kimberly.moore4981@gmail.com,+1-431-298-4759,3974 Cedar Ave,Philadelphia,PA,68807,USA
4982,Linda,Jones,linda.jones4982@hotmail.com,+1-250-846-1712,4596 Oak Ave,Tampa,FL,97111,USA
4983,Patricia,Hernandez,patricia.hernandez4983@hotmail.com,+1-920-957-8656,6147 Maple Ave,San Diego,CA,99190,USA
4984,Andrew,Torres,andrew.torres4984@yahoo.com,+1-865-560-1698,3127 Main Blvd,Philadelphia,PA,70692,USA
4985,Matthew,Harris,matthew.harris4985@outlook.com,+1-601-742-7457,1821 Pine Blvd,Los Angeles,CA,12895,USA
4986,Joseph,Anderson,joseph.anderson4986@gmail.com,+1-902-992-3730,6686 Oak Rd,Albany,NY,93933,USA
4987,John,Miller,john.miller4987@hotmail.com,+1-548-275-3701,405 Maple Rd,Aurora,IL,98856,USA
4988,Ashley,Ramirez,ashley.ramirez4988@gmail.com,+1-617-523-7017,4340 Main Blvd,Philadelphia,PA,82100,USA
4989,Robert,Martin,robert.martin4989@gmail.com,+1-520-339-8356,357 Oak Ave,Boulder,CO,67902,USA
4990,Elizabeth,Johnson,elizabeth.johnson4990@yahoo.com,+1-598-968-6549,8256 Maple St,San Antonio,TX,45421,USA
4991,Paul,Davis,paul.davis4991@yahoo.com,+1-502-620-3858,4887 Park Ave,Seattle,WA,41377,USA
4992,Kevin,Davis,kevin.davis4992@gmail.com,+1-588-682-6158,5889 Cedar Ave,Dallas,TX,70709,USA
4993,Charles,Clark,charles.clark4993@gmail.com,+1-770-859-6714,2190 Maple Rd,San Diego,CA,28557,USA
4994,Joshua,Flores,joshua.flores4994@outlook.com,+1-676-590-1050,4725 Maple St,New York,NY,74184,USA
4995,David,Jones,david.jones4995@hotmail.com,+1-267-739-3796,2836 Oak Blvd,Phoenix,AZ,52070,USA
4996,Mark,Harris,mark.harris4996@outlook.com,+1-253-804-3735,4354 Main Rd,Colorado Springs,CO,17815,USA
4997,Michelle,Hernandez,michelle.hernandez4997@hotmail.com,+1-836-450-4303,8660 Main St,Tucson,AZ,95688,USA
4998,Jessica,Hernandez,jessica.hernandez4998@outlook.com,+1-991-528-9698,5743 Maple St,San Jose,CA,75353,USA
4999,Robert,Young,robert.young4999@outlook.com,+1-977-566-2008,3400 Park Blvd,Los Angeles,CA,90104,USA
5000,Paul,Robinson,paul.robinson5000@yahoo.com,+1-739-913-4530,8876 Cedar Blvd,Springfield,IL,55502,USA
