OrderID,CustomerID,OrderDate,TotalAmount
1,4485,20-04-2025 22:40,422.84
2,3869,01-09-2026 11:03,50.84
3,310,22-02-2026 07:22,104.23
4,1855,08-08-2026 07:21,211.55
5,3301,30-06-2025 19:37,122.02
6,657,02-09-2025 17:22,354.07
7,4452,02-12-2025 17:53,874.81
8,109,14-06-2025 10:11,412.38
9,2154,10-07-2025 18:22,356.39
10,4081,09-04-2025 21:01,197.13
11,236,09-10-2025 06:35,142.38
12,1725,30-07-2025 08:28,1266.34
13,3393,05-09-2026 04:18,1138.93
14,4436,13-04-2025 02:24,5.11
15,2472,23-02-2026 02:04,2426.03
16,716,17-06-2025 07:05,154.03
17,2911,04-03-2025 04:05,98.66
18,1292,02-01-2025 16:26,85.24
19,3957,01-06-2025 05:16,377.12
20,1024,12-11-2025 14:43,198.6
21,2899,25-11-2025 00:59,899.42
22,1638,20-08-2026 06:41,136.02
23,4091,17-07-2026 06:59,629.17
24,176,29-03-2026 14:25,137.63
25,3811,09-07-2026 12:34,125.02
26,216,01-01-2026 07:58,87.75
27,717,30-07-2026 23:51,262.38
28,1969,19-06-2026 13:59,12.26
29,4255,23-04-2025 05:31,168.97
30,2373,09-06-2026 10:16,1054.34
31,919,21-05-2026 06:42,106.75
32,3315,12-03-2025 15:52,569.46
33,2929,09-07-2026 03:17,59.72
34,2732,12-07-2026 03:05,348.14
35,4177,17-02-2025 10:57,1370.71
36,3129,21-01-2025 00:03,1039.16
37,1870,26-03-2026 07:05,50.56
38,1207,29-12-2025 10:13,178.02
39,3712,09-08-2025 20:37,103.69
40,1221,04-12-2025 19:44,1568.56
41,4487,21-03-2026 17:02,466.23
42,3119,01-09-2026 14:52,1886.23
43,1326,01-11-2025 20:00,298.88
44,3535,01-04-2025 12:43,217.86
45,397,23-01-2026 19:34,329.65
46,1854,30-01-2026 09:29,556.06
47,1310,10-04-2025 12:36,15.21
48,4236,07-08-2025 11:31,66.24
49,429,18-02-2025 01:29,610.46
50,3014,03-09-2025 10:50,11.19
51,171,27-07-2025 04:25,837.34
52,313,10-07-2025 21:14,932.47
53,2744,01-04-2025 23:44,49.1
54,4498,16-12-2025 03:42,32.02
55,4318,15-07-2026 15:03,58.08
56,1431,07-05-2025 22:58,219.9
57,3250,20-05-2026 00:04,1543.85
58,1810,08-02-2026 01:42,71.68
59,1135,19-10-2025 13:56,1113.42
60,832,15-07-2025 22:10,85.4
61,1516,18-04-2026 19:46,821.73
62,4104,11-01-2026 09:00,645.97
63,2382,10-03-2025 18:25,937.08
64,2753,11-02-2026 01:07,1472.9
65,4100,06-09-2025 18:28,109.92
66,3000,04-06-2026 23:46,228.19
67,4488,08-06-2026 08:34,33.29
68,3777,10-03-2025 04:02,220.46
69,3805,06-09-2025 03:03,65.47
70,2051,07-03-2026 09:20,188.21
71,394,16-07-2025 00:38,68.17
72,2597,08-01-2025 21:16,705.16
73,249,06-01-2025 06:15,199.17
74,1195,17-10-2025 19:04,660.85
75,2534,29-01-2025 23:52,213.68
76,4225,01-03-2025 23:33,1042.92
77,692,13-10-2025 22:27,4.32
78,1447,09-01-2025 01:02,171.76
79,3403,20-10-2025 06:20,274.87
80,1297,17-07-2026 00:02,250.04
81,218,24-08-2026 06:04,17.16
82,797,01-09-2025 06:29,153.42
83,1219,06-01-2025 19:34,186.92
84,2967,01-08-2025 01:39,178.42
85,3364,07-07-2025 13:44,1706.48
86,3619,09-03-2025 22:06,49.25
87,877,09-07-2026 20:48,226.16
88,1366,29-01-2026 08:27,1493.91
89,3897,01-09-2026 14:33,33.86
90,2345,10-01-2025 15:50,152.93
91,1477,03-01-2025 02:06,787.43
92,702,19-04-2026 02:18,34.2
93,2184,21-03-2025 15:09,135.36
94,546,14-11-2025 06:20,450.97
95,927,07-06-2025 04:53,950.48
96,2008,27-01-2026 05:50,318.9
97,2181,11-07-2026 15:43,1225.83
98,3755,07-02-2025 04:12,652.29
99,523,15-04-2025 02:02,161.83
100,980,07-07-2026 04:30,604.88
101,1680,26-06-2025 03:04,179.27
102,3852,18-12-2025 17:35,452.48
103,2359,15-04-2025 00:51,112.87
104,621,15-05-2026 08:05,170.14
105,24,17-04-2026 16:44,69.48
106,4336,27-08-2025 19:41,516.7
107,809,21-12-2025 16:17,754.69
108,2894,16-02-2025 02:02,41.26
109,1947,16-10-2025 06:20,3.77
110,3832,08-11-2025 12:39,1021.86
111,2975,21-02-2025 00:23,169.02
112,3893,21-08-2025 02:57,314.72
113,984,21-06-2025 03:45,203.26
114,4121,04-12-2025 11:26,29.28
115,2705,02-01-2026 09:43,318.81
116,1868,24-07-2026 16:21,65.85
117,2075,14-08-2025 23:39,299.08
118,857,26-03-2026 07:36,9.72
119,3169,16-03-2026 08:40,71.68
120,3242,03-12-2025 05:08,121.2
121,2968,26-03-2025 18:46,679.89
122,1305,15-06-2026 15:04,763.09
123,1742,07-02-2025 20:10,1012.53
124,49,19-11-2025 09:00,383.37
125,1839,16-03-2026 05:58,1373.35
126,1971,28-12-2025 16:07,1025.58
127,2137,18-08-2026 08:11,170.67
128,1319,22-03-2026 16:37,152.88
129,1406,02-08-2025 06:20,24.44
130,4298,12-11-2025 04:02,177.77
131,1499,02-02-2026 12:31,162.73
132,3470,15-01-2025 22:58,508.73
133,235,10-10-2025 12:42,471.46
134,4386,09-09-2025 11:15,200.89
135,2976,23-11-2025 00:55,1421.42
136,1841,04-09-2025 14:27,847.68
137,539,03-04-2025 03:24,105.57
138,3863,16-05-2026 00:48,201.26
139,3593,18-03-2025 10:52,260.61
140,630,02-06-2025 10:57,872.35
141,322,26-06-2026 09:26,42.19
142,1327,04-07-2026 22:00,96.5
143,4276,24-05-2026 12:22,287.57
144,2087,27-07-2026 10:04,513.78
145,69,14-04-2025 03:25,716.52
146,82,09-06-2026 13:39,220.76
147,4074,16-11-2025 13:27,762.64
148,1620,15-04-2025 15:55,1853.77
149,2842,18-05-2025 10:56,606.7
150,1711,13-08-2025 19:10,796.65
151,3483,04-11-2025 04:20,658.54
152,4421,30-12-2025 00:13,436.52
153,132,10-06-2026 23:08,628.17
154,3825,12-02-2026 04:37,277.11
155,2834,18-04-2025 10:59,294.79
156,714,24-01-2026 12:15,222.06
157,1150,14-08-2026 20:05,1583
158,4263,16-09-2025 10:30,237.7
159,182,03-06-2025 12:50,395.59
160,2647,12-06-2026 23:57,774.28
161,1975,04-05-2026 18:42,119.45
162,3429,10-06-2025 12:08,294.5
163,4133,21-08-2025 05:59,41.29
164,2966,19-05-2026 06:09,377.12
165,2710,01-02-2026 18:03,241.54
166,3812,27-06-2025 14:00,550.25
167,4032,16-01-2026 11:53,685.17
168,4529,05-04-2025 09:28,33.35
169,3539,01-07-2025 18:04,149.04
170,969,18-05-2026 16:16,689.51
171,2081,05-07-2026 19:10,24.44
172,3780,24-03-2025 13:18,26.27
173,1628,09-06-2025 12:22,1672.54
174,2592,02-07-2026 21:29,841.85
175,4430,19-08-2025 18:37,322.6
176,304,17-03-2026 08:53,432.2
177,1259,12-02-2025 12:16,519.66
178,99,30-12-2025 03:14,952.26
179,1425,26-06-2026 22:01,211.56
180,1850,10-08-2025 08:24,179.88
181,1090,11-02-2026 20:17,134.11
182,4103,21-04-2026 21:50,37.92
183,1757,01-11-2025 16:34,67.8
184,4025,31-12-2025 02:13,33.42
185,865,14-04-2026 04:28,880.88
186,2627,24-04-2025 06:07,2.2
187,3819,03-01-2025 13:24,2295.31
188,1472,12-04-2025 01:21,1093.92
189,2698,06-05-2025 13:36,1371.77
190,2664,14-02-2025 08:10,411.44
191,4275,15-02-2025 10:20,801.64
192,3980,11-04-2025 14:36,2050.87
193,2732,06-11-2025 17:26,89.54
194,4290,20-01-2026 20:33,87.6
195,1598,30-09-2025 10:45,337.51
196,4123,15-03-2025 22:34,176.41
197,1024,15-05-2025 12:00,732.15
198,2964,19-04-2025 11:57,271.81
199,1133,19-12-2025 17:39,918.35
200,2079,19-05-2025 10:00,73.89
201,4433,12-01-2025 08:40,153.84
202,1023,09-05-2026 21:09,392.22
203,4325,27-02-2025 10:56,135.49
204,4031,22-05-2025 10:58,12.84
205,3933,02-04-2026 21:12,339.89
206,2847,24-05-2026 23:37,789.9
207,1246,10-08-2026 21:36,155.39
208,1313,10-06-2025 13:17,226.48
209,4117,04-09-2026 21:31,776.5
210,2224,12-05-2026 16:50,37.58
211,3267,21-01-2026 12:50,234.61
212,2850,19-03-2026 03:18,5.9
213,3781,01-02-2025 18:37,208.44
214,618,21-07-2025 20:54,1206.63
215,3836,23-05-2026 21:35,18.79
216,3613,24-01-2026 10:20,18.79
217,1401,02-09-2026 16:18,100.27
218,2367,09-04-2026 15:52,110.71
219,1111,26-06-2025 16:49,1478.27
220,2835,07-03-2026 10:08,714.55
221,4192,09-05-2026 02:07,746.76
222,2631,10-10-2025 07:52,603.94
223,1003,20-12-2025 01:37,344.31
224,4505,02-01-2025 04:44,101.96
225,1825,04-05-2026 19:28,496.25
226,2049,25-08-2025 04:01,19.55
227,1142,10-07-2025 01:13,81.14
228,2768,11-09-2025 03:18,43.94
229,3574,29-07-2025 04:52,474.6
230,2765,05-08-2026 06:59,47.28
231,2268,05-04-2026 02:55,256.35
232,3382,01-03-2025 10:24,69.05
233,595,07-07-2025 10:39,127.37
234,2639,30-08-2025 00:52,323.52
235,478,19-08-2025 09:53,591.7
236,3296,28-04-2025 09:41,118.94
237,3796,21-02-2026 02:42,380.83
238,2647,21-01-2025 16:13,1204.76
239,1419,19-02-2026 11:49,427.82
240,1,05-01-2026 16:44,552.72
241,3950,12-07-2026 15:12,116.53
242,1457,27-03-2026 14:29,26.56
243,1049,01-03-2026 14:58,3007.21
244,1714,18-09-2025 06:18,361.3
245,1840,13-09-2026 18:34,1841.76
246,4428,20-04-2026 11:24,1402.41
247,1104,19-08-2026 02:35,56.83
248,4081,01-03-2026 05:49,869.57
249,2722,12-04-2025 14:32,97.73
250,1570,22-12-2025 23:06,604.41
251,303,14-07-2026 22:30,3583.06
252,1707,12-08-2025 06:29,9.72
253,236,10-09-2026 02:44,458.88
254,1606,17-04-2026 12:20,854.66
255,409,13-04-2026 13:57,39.1
256,221,10-06-2025 22:36,44.5
257,3512,30-08-2025 11:00,926.78
258,3049,26-02-2026 21:05,34.22
259,4315,27-06-2025 20:18,205.83
260,1820,25-08-2025 00:41,397.4
261,3996,04-06-2026 01:38,13.62
262,969,20-10-2025 18:47,131.54
263,4356,19-04-2025 08:53,947.67
264,663,24-05-2025 02:36,125.85
265,2992,17-07-2026 21:21,275.74
266,4249,02-03-2026 10:58,239.66
267,2564,28-05-2026 10:41,371.14
268,550,29-08-2026 08:37,172.29
269,3935,10-07-2025 01:45,248.89
270,1048,01-02-2025 10:25,256.2
271,252,14-03-2025 14:48,409.76
272,1119,04-06-2026 05:15,1269.23
273,23,05-04-2026 03:04,173.33
274,728,06-07-2026 15:41,648.78
275,1749,11-06-2026 23:26,317.42
276,892,25-10-2025 13:10,93.88
277,3710,15-02-2025 06:25,334.77
278,2949,26-09-2025 12:00,57.44
279,4283,07-08-2025 13:55,722.71
280,4118,21-03-2025 10:53,1409.07
281,2792,19-08-2025 10:37,644.93
282,3395,10-05-2025 05:02,169.4
283,763,24-03-2025 02:31,30.19
284,1725,20-09-2025 05:55,11.08
285,3248,23-06-2025 02:12,28.72
286,2844,29-04-2026 01:26,402.1
287,621,20-07-2025 13:55,516.28
288,3525,09-06-2026 09:59,15.66
289,3203,12-03-2026 22:47,573
290,2941,26-12-2025 12:30,57.78
291,3615,02-09-2026 20:04,691.95
292,3817,05-12-2025 18:36,4.86
293,4344,23-02-2026 01:38,345.56
294,4379,16-05-2025 10:41,410.1
295,4524,09-09-2025 06:44,932.65
296,3480,14-08-2026 01:09,322.92
297,2001,11-09-2026 15:38,801.42
298,4475,03-03-2026 14:02,174.3
299,3141,26-01-2025 06:27,32.28
300,2939,07-07-2026 12:34,102.99
301,977,22-02-2025 09:52,1030.72
302,4300,18-06-2026 08:46,194.26
303,505,15-06-2025 04:34,106.7
304,932,20-07-2025 03:48,442.32
305,4019,11-07-2025 04:26,235.32
306,1283,26-09-2025 22:13,8.8
307,3554,26-11-2025 16:00,754.69
308,576,31-07-2026 13:10,344.8
309,1300,15-09-2025 15:22,69.79
310,450,28-07-2025 02:05,210.64
311,2180,10-05-2026 10:51,701.12
312,843,19-05-2026 03:25,276.72
313,1925,20-06-2026 08:07,629.73
314,559,02-10-2025 18:10,170.13
315,2315,23-01-2025 23:42,659.29
316,2955,24-12-2025 18:32,189.82
317,4174,28-05-2026 05:37,217.95
318,2227,31-05-2025 17:39,160.12
319,4349,23-04-2026 22:00,1847.32
320,122,31-01-2026 20:40,492.4
321,3235,22-01-2025 09:37,17.15
322,907,03-10-2025 15:39,694.4
323,4053,04-02-2026 22:16,330.24
324,1777,23-02-2026 14:16,251.8
325,448,04-06-2026 14:14,372.08
326,1044,08-05-2026 23:33,729.07
327,1595,15-06-2025 05:16,116.16
328,3939,28-05-2026 03:44,538.32
329,720,07-05-2025 13:54,203.68
330,1713,28-08-2025 01:07,173.34
331,1315,03-07-2025 10:56,66.15
332,1021,19-01-2025 03:14,304.93
333,631,05-03-2025 06:05,512.59
334,2729,28-04-2026 07:46,397.81
335,468,09-09-2026 10:17,126.81
336,2135,16-06-2025 01:49,706.95
337,3617,10-06-2025 06:34,52.12
338,2544,01-09-2025 13:06,189.44
339,689,26-06-2026 05:07,700.04
340,3532,27-06-2026 06:38,318.81
341,2431,09-04-2026 18:05,52.63
342,2660,02-11-2025 13:48,208.48
343,1100,12-03-2025 15:13,149.27
344,2285,10-01-2025 04:10,120.7
345,2083,30-07-2026 19:42,69.81
346,2223,10-09-2025 21:03,269.29
347,4320,15-08-2026 02:33,1237.15
348,2570,06-02-2026 18:06,230.37
349,1339,30-07-2025 11:24,906.11
350,3190,11-10-2025 19:03,192.06
351,4,14-05-2026 03:52,116.61
352,5,23-03-2026 00:02,37.42
353,2582,07-02-2026 15:51,564.51
354,1957,18-04-2026 09:34,384.12
355,3690,16-05-2025 16:25,140.78
356,582,16-02-2025 06:41,1446.14
357,625,29-03-2026 09:22,119.41
358,3350,24-09-2025 08:09,388.19
359,2478,24-07-2026 23:03,160.48
360,690,04-07-2026 10:54,824.88
361,4207,24-08-2026 20:05,211.85
362,24,10-09-2026 05:28,519.4
363,1173,03-05-2026 01:14,448.89
364,1415,29-06-2025 10:55,348.33
365,1334,19-11-2025 00:41,222.51
366,763,12-03-2025 15:47,1157.39
367,2750,29-01-2026 09:14,124.05
368,2481,28-10-2025 22:59,556.16
369,2677,14-04-2026 02:58,1334.85
370,3447,26-07-2025 13:01,170.48
371,2679,17-12-2025 08:46,676.96
372,2531,28-10-2025 01:11,264.87
373,3169,25-07-2026 19:35,128.26
374,3349,27-06-2025 02:12,1300.22
375,544,29-04-2025 10:40,163.46
376,1768,20-10-2025 17:13,18.97
377,4514,20-07-2026 10:56,32.45
378,2452,16-11-2025 21:55,118.57
379,2622,04-08-2025 04:51,235.12
380,1746,27-01-2026 09:56,687.68
381,4331,18-01-2026 22:09,299.97
382,153,12-08-2025 17:58,185.52
383,572,26-10-2025 00:53,48.88
384,1110,19-11-2025 10:02,732.11
385,3082,18-04-2026 05:10,271.73
386,2991,19-11-2025 15:46,239.36
387,1307,22-06-2025 07:32,183.1
388,2333,09-01-2025 17:11,138.56
389,4403,23-02-2025 15:39,85.24
390,954,02-12-2025 20:22,83.4
391,3313,17-03-2026 20:00,195.42
392,2595,12-02-2025 19:31,678.99
393,957,09-01-2025 03:06,342.37
394,1752,03-02-2026 12:05,528.09
395,3873,02-04-2025 01:16,612.35
396,4479,17-10-2025 23:40,407.06
397,4363,08-10-2025 15:09,107.05
398,3585,19-08-2026 14:22,188.92
399,2931,05-01-2025 12:06,197.49
400,2745,09-05-2025 21:12,1264.78
401,3501,12-03-2025 12:48,81.03
402,2190,31-10-2025 16:02,113.66
403,245,09-02-2026 12:53,761.8
404,838,02-09-2026 00:12,55.96
405,1728,26-08-2026 08:05,213
406,856,28-07-2025 14:04,345.01
407,467,08-05-2026 13:03,250.04
408,373,30-11-2025 23:37,79.95
409,2883,01-08-2026 17:33,137.46
410,1920,08-01-2026 10:23,1499.35
411,3443,16-05-2025 15:56,150.63
412,3968,25-03-2026 16:02,869.86
413,632,21-04-2025 06:35,1399.28
414,2541,13-04-2025 13:34,2402.01
415,2457,09-07-2026 11:18,430.44
416,640,29-03-2025 15:53,506.38
417,1280,13-12-2025 02:25,32.45
418,3983,16-12-2025 01:27,115.4
419,2918,30-01-2026 00:20,453.61
420,1096,13-03-2025 05:06,156.02
421,197,06-10-2025 19:28,200.66
422,1248,03-02-2025 04:14,14.63
423,422,11-08-2025 01:15,371.52
424,2961,20-10-2025 19:27,881.07
425,2346,28-01-2026 00:53,453.09
426,3648,21-05-2026 23:40,233.72
427,3905,28-08-2025 03:53,55.04
428,1612,24-09-2025 13:34,675.02
429,160,21-06-2025 00:21,129.3
430,3911,06-05-2026 17:43,528.1
431,3346,03-09-2025 01:30,85.4
432,1642,26-02-2026 10:41,6.21
433,546,21-07-2025 17:27,97.73
434,3365,26-08-2026 21:47,1148.59
435,691,16-06-2025 16:47,48.31
436,3785,12-03-2026 07:24,622.9
437,796,27-02-2026 02:49,18.79
438,2538,04-03-2025 22:17,1753.49
439,2341,02-01-2026 09:56,528.73
440,1718,16-08-2026 23:11,163.46
441,4369,20-03-2026 13:24,2594.9
442,1538,10-09-2026 19:04,113.04
443,1022,04-08-2025 14:24,1267.9
444,1536,12-06-2025 09:50,62.58
445,1703,22-03-2026 18:08,17.16
446,407,10-04-2026 11:30,237.28
447,2851,25-05-2025 09:38,1108.17
448,726,01-02-2026 19:18,101.21
449,2461,12-09-2026 05:32,698.78
450,3876,05-12-2025 14:47,84.78
451,3238,16-01-2025 10:21,41.91
452,107,19-04-2025 02:55,332.71
453,813,14-01-2026 00:46,252.75
454,2715,07-09-2026 21:30,794.21
455,3874,14-02-2025 22:12,274.17
456,888,11-08-2025 00:37,185.29
457,2106,19-02-2026 06:51,33.81
458,1561,15-06-2026 13:44,384.12
459,782,12-12-2025 17:44,248.11
460,3428,08-03-2025 20:48,1897.61
461,2407,09-10-2025 09:37,25.79
462,3819,25-12-2025 15:38,13.05
463,2930,29-06-2025 17:04,313.88
464,892,30-06-2026 08:54,45.9
465,752,29-05-2025 12:31,227.37
466,2193,18-04-2026 19:33,223.24
467,3196,05-07-2025 13:16,794
468,1674,01-09-2025 01:10,2.43
469,3135,05-09-2025 02:51,2850.16
470,931,06-03-2025 12:17,213.61
471,2269,15-01-2025 21:13,206.07
472,3220,20-02-2025 09:39,140.16
473,3546,30-10-2025 10:18,323.76
474,1740,07-02-2025 17:46,913.69
475,2625,08-03-2026 12:16,136.42
476,177,24-04-2026 20:06,2204.78
477,4332,06-08-2026 13:15,17.15
478,2974,16-01-2026 22:52,337.48
479,3479,11-01-2026 17:15,3.5
480,3586,29-07-2026 08:25,208.3
481,4433,22-04-2025 15:32,1532.45
482,1567,29-05-2026 22:13,58.08
483,1400,14-06-2025 17:56,1489.83
484,3884,08-08-2026 06:04,400.75
485,2093,27-05-2025 21:46,879.51
486,4497,19-12-2025 11:06,392.03
487,310,30-06-2026 09:20,142.05
488,990,02-04-2025 06:26,12.05
489,3519,15-07-2025 06:10,258.08
490,3616,21-04-2026 15:35,576.18
491,1029,17-12-2025 08:51,145.94
492,229,27-05-2025 05:01,64.09
493,569,21-03-2025 19:04,97.14
494,4133,20-02-2026 21:00,112.66
495,411,08-07-2026 14:34,550.99
496,359,14-10-2025 02:52,1502.45
497,2137,20-08-2026 17:00,305.6
498,4223,07-08-2025 21:08,535.95
499,278,09-08-2025 23:44,106.96
500,3907,29-06-2025 23:34,453.67
501,572,11-07-2026 10:44,773.33
502,3080,27-04-2025 06:04,68.24
503,487,18-04-2025 19:57,851.97
504,2535,12-01-2026 02:16,1283.73
505,2606,27-09-2025 09:36,693.81
506,1971,04-07-2025 04:47,199.34
507,2043,16-01-2026 02:11,1715.02
508,1228,28-03-2026 03:59,117.39
509,2087,06-02-2025 12:48,368.1
510,2707,09-12-2025 07:47,44.66
511,2177,10-12-2025 06:50,156.68
512,2484,22-04-2025 09:40,82.37
513,4475,25-06-2026 19:59,61.86
514,3318,11-03-2025 13:50,447.42
515,7,26-04-2025 00:58,716.21
516,1177,15-08-2026 20:20,33.81
517,4078,18-11-2025 08:29,698.3
518,3883,20-02-2026 10:08,3.5
519,1123,06-04-2026 06:26,18.85
520,2894,13-06-2025 01:19,371.95
521,4163,18-06-2026 09:46,625.33
522,1009,13-04-2025 16:49,260.73
523,2362,21-05-2025 22:45,1353.87
524,1958,26-07-2025 15:15,406.27
525,923,30-10-2025 01:39,1163.46
526,4212,11-04-2025 23:21,11.19
527,902,13-02-2026 07:01,253.23
528,1891,22-09-2025 05:10,1906.9
529,3022,29-05-2026 08:14,104.97
530,149,28-06-2026 21:18,102.93
531,595,21-06-2026 20:37,673.96
532,2305,24-01-2025 01:06,509.43
533,2270,31-12-2025 22:37,843.43
534,289,27-08-2026 22:29,111.69
535,861,24-01-2026 06:10,114.98
536,3122,05-09-2026 01:20,392.75
537,2862,15-12-2025 22:32,429.25
538,1937,18-10-2025 06:05,38.15
539,1876,11-08-2025 06:54,272.27
540,1128,26-10-2025 17:28,41.91
541,3546,24-11-2025 09:56,73.36
542,2759,24-04-2025 09:50,213.96
543,4435,19-06-2025 02:43,162.5
544,544,15-04-2025 05:23,3.81
545,3940,27-05-2025 10:59,471.09
546,2499,15-06-2026 08:06,85.24
547,917,24-03-2025 03:19,695.62
548,1429,10-10-2025 15:20,148.68
549,3095,06-08-2025 13:44,791.04
550,3753,17-06-2026 18:16,406.57
551,1755,08-07-2026 15:17,175.38
552,3667,29-08-2026 15:09,1334.79
553,897,24-07-2026 12:02,424.95
554,3138,11-06-2026 02:05,160.37
555,1313,12-01-2025 12:31,18.53
556,1925,10-06-2026 03:36,651.65
557,4163,27-07-2026 13:10,9.76
558,1096,27-07-2025 08:01,1803.52
559,2753,22-05-2025 17:08,3430.46
560,1977,30-12-2025 20:09,95.54
561,889,08-04-2025 22:32,39.31
562,2061,02-09-2026 23:21,340.62
563,1271,30-08-2025 19:03,559.36
564,186,12-06-2026 02:02,11.5
565,3209,27-05-2025 06:48,51.57
566,3006,26-02-2026 05:41,873.64
567,4015,21-07-2025 18:14,145.3
568,2766,18-11-2025 15:53,15.35
569,2619,05-11-2025 22:21,419.31
570,3374,01-03-2026 18:31,312.34
571,4107,16-02-2025 16:47,124.77
572,4028,03-10-2025 09:03,230.49
573,2736,19-01-2026 13:38,87.49
574,963,16-07-2025 22:01,144.38
575,2129,15-10-2025 08:53,344.81
576,2429,02-07-2025 22:36,472.16
577,1157,24-01-2025 17:08,411.84
578,1009,17-08-2025 00:38,982.91
579,1026,29-10-2025 07:52,363.34
580,1745,29-08-2026 23:21,158.64
581,906,30-03-2026 20:28,322.82
582,1426,12-12-2025 09:27,243.27
583,1631,30-12-2025 03:46,171.3
584,3564,13-02-2025 01:09,87.4
585,3185,05-07-2025 20:09,533.65
586,600,31-07-2026 23:06,95.91
587,511,19-12-2025 23:49,128.18
588,2054,17-06-2025 20:09,98.24
589,3105,21-01-2026 22:15,1499.56
590,1017,18-02-2025 08:10,936.74
591,4316,23-08-2025 03:33,176.7
592,3851,14-02-2025 03:09,1460.11
593,3814,19-08-2025 15:00,376.26
594,4257,20-04-2025 11:03,7
595,3196,30-12-2025 23:15,28.72
596,4122,09-11-2025 01:00,431.2
597,1596,26-02-2026 01:33,404.51
598,1823,15-03-2025 23:07,17.16
599,3734,20-05-2025 04:38,41.91
600,2492,29-08-2026 18:57,480.26
601,864,29-03-2025 19:40,836.43
602,2194,04-09-2025 05:49,597.22
603,582,07-09-2026 22:41,21.85
604,506,25-04-2025 04:02,232.82
605,1181,13-07-2025 11:14,85.4
606,2988,01-03-2026 10:39,1162.61
607,1243,26-11-2025 03:22,928.11
608,1730,14-09-2026 11:54,797.79
609,3540,11-06-2025 09:51,438.26
610,487,15-09-2025 00:08,110.24
611,327,22-02-2025 13:35,413.19
612,4245,09-03-2025 01:28,629.67
613,2616,25-11-2025 14:26,170.5
614,1714,09-10-2025 12:32,313.72
615,1083,21-05-2026 12:33,128.57
616,1181,23-01-2025 02:05,346.88
617,2649,09-06-2025 19:58,108.55
618,3629,01-01-2025 10:19,97.95
619,4258,30-07-2026 02:00,148.16
620,3538,22-05-2025 02:29,155.7
621,1416,04-06-2025 19:30,436.11
622,769,27-05-2025 11:33,45.65
623,3309,02-02-2026 14:58,68.07
624,2851,13-08-2026 08:04,706.07
625,3736,23-01-2025 04:12,442.27
626,349,02-05-2026 10:25,530.17
627,3022,27-08-2025 12:17,281.96
628,2961,07-08-2025 21:54,41.44
629,427,16-04-2026 10:21,675.7
630,805,17-03-2025 18:55,1608.04
631,1518,08-08-2026 23:01,12.26
632,2510,05-08-2026 04:37,54.82
633,1099,16-05-2026 04:21,943.46
634,3751,02-05-2026 12:40,19.9
635,1156,01-06-2026 22:58,781.72
636,674,02-03-2026 01:34,76.52
637,2711,02-08-2025 18:38,609.58
638,3006,26-07-2025 06:29,397.98
639,1968,22-02-2025 15:28,267.66
640,3514,01-06-2025 21:03,408.46
641,107,02-11-2025 06:48,333.68
642,1453,29-04-2026 12:12,374.68
643,904,28-12-2025 08:03,388.09
644,2472,08-01-2025 22:18,96.23
645,4402,28-06-2026 12:25,1159.68
646,2790,16-02-2026 02:46,197.82
647,1830,11-09-2026 12:05,250.04
648,413,12-10-2025 05:33,48.47
649,854,20-02-2026 14:03,705.57
650,4178,16-07-2026 14:58,104.88
651,2141,23-10-2025 17:51,156.56
652,513,12-11-2025 09:39,791.72
653,1402,24-07-2026 19:16,662.09
654,3071,30-06-2025 06:20,1758.48
655,3971,17-12-2025 05:55,398.69
656,2533,17-02-2025 07:31,19.52
657,2118,07-02-2026 00:22,104.76
658,3307,24-02-2026 11:08,16.93
659,3322,25-04-2025 09:10,21.85
660,4256,20-06-2025 02:27,682.95
661,2593,05-07-2025 17:08,251.04
662,2577,15-03-2026 15:13,878.19
663,626,30-07-2025 13:50,87.83
664,2854,22-02-2025 20:56,151.31
665,3344,10-12-2025 03:17,161.4
666,54,05-09-2026 18:24,180.24
667,2894,11-04-2025 13:29,224.18
668,2995,03-02-2026 14:22,206.25
669,1275,01-09-2026 22:14,309.16
670,2032,22-07-2025 05:18,81.69
671,3728,05-05-2025 16:29,7.3
672,464,27-05-2025 11:50,12.26
673,4411,06-05-2026 18:48,1147.88
674,577,15-03-2025 09:12,33.81
675,4505,26-03-2026 02:25,1366.78
676,3357,28-08-2025 22:36,48.62
677,1830,16-11-2025 21:48,410.36
678,910,30-07-2025 05:38,62.02
679,4266,07-03-2026 03:01,410.27
680,1170,30-05-2025 23:47,14.63
681,388,08-12-2025 01:41,220.76
682,1474,07-01-2025 18:18,226.66
683,1262,20-02-2026 14:29,28.92
684,1469,11-05-2026 09:10,623.16
685,852,08-11-2025 07:23,30.88
686,1609,14-01-2025 10:40,421.44
687,4475,12-03-2026 20:13,28.72
688,2173,30-05-2025 13:56,1139.29
689,3864,31-01-2026 18:43,1831.66
690,2802,28-12-2025 07:57,307.24
691,1444,16-08-2025 00:44,37.99
692,427,19-04-2025 14:27,275.48
693,420,05-02-2026 10:52,203.82
694,2319,22-06-2025 00:53,295.42
695,4316,28-07-2025 02:46,5.93
696,3711,07-06-2025 05:49,362.56
697,3556,27-08-2025 08:58,78.19
698,3800,05-02-2025 22:48,152.25
699,2265,22-06-2025 10:21,105.9
700,1208,06-06-2026 12:45,132.19
701,2694,04-08-2026 17:56,113.75
702,2766,10-02-2025 23:30,782.81
703,1644,10-06-2025 15:20,104.76
704,4335,10-07-2026 01:30,1478.33
705,530,04-09-2025 05:24,34.32
706,4058,24-01-2026 08:26,24.64
707,1048,28-12-2025 19:45,243.09
708,1449,02-02-2025 20:27,927.6
709,1855,08-09-2025 23:32,263.74
710,2586,23-11-2025 06:28,55.61
711,937,16-06-2025 06:19,93.26
712,2196,04-05-2026 10:22,23.19
713,2898,22-04-2025 20:48,70.6
714,900,30-01-2026 12:38,678.94
715,2704,08-06-2025 18:47,294.01
716,304,23-09-2025 18:08,29.92
717,244,01-11-2025 17:44,1881.98
718,4118,31-08-2026 20:43,12.26
719,3660,21-08-2025 07:25,19.02
720,568,27-03-2026 23:49,464.75
721,3151,24-02-2026 08:04,1298.67
722,375,11-06-2025 13:02,300.98
723,2572,12-10-2025 14:05,50.81
724,2170,13-01-2026 03:08,47.93
725,3464,20-03-2025 15:23,33.81
726,1285,11-02-2026 09:34,9.37
727,4212,16-01-2025 09:34,45.14
728,1917,02-04-2026 19:04,401.64
729,3475,17-04-2026 22:55,1142.67
730,1211,07-05-2025 20:28,922.85
731,946,08-10-2025 02:30,138.63
732,1576,07-12-2025 05:51,591.22
733,2037,18-06-2026 03:27,1402.44
734,3847,06-10-2025 20:45,307.4
735,3705,26-04-2026 08:37,770.15
736,150,17-11-2025 12:30,49.2
737,1551,21-08-2025 10:26,61.09
738,592,17-05-2026 03:12,541.1
739,1146,11-06-2026 16:43,40.53
740,831,27-11-2025 21:44,1138.03
741,4006,05-10-2025 08:32,396.98
742,4246,01-02-2025 18:08,108.53
743,3496,03-03-2025 18:08,321.63
744,3324,18-10-2025 09:03,20.11
745,2883,02-06-2026 11:20,461.67
746,772,07-07-2025 21:42,726.3
747,2701,19-08-2026 21:15,154.75
748,3751,08-07-2026 09:49,754.65
749,2622,10-03-2025 15:10,239.27
750,2964,08-09-2026 10:22,768.9
751,3491,28-06-2025 13:43,256.2
752,4500,16-04-2026 03:11,61.4
753,3641,17-06-2026 21:04,218.58
754,2606,05-06-2026 05:39,240.89
755,251,29-10-2025 21:16,84.74
756,2145,01-08-2026 22:31,172.44
757,4422,31-08-2026 12:37,357.35
758,3096,24-03-2026 08:58,172.64
759,2615,07-04-2025 03:52,3.81
760,1563,21-08-2025 14:55,1394.6
761,2723,08-08-2026 03:56,196.98
762,3743,08-12-2025 22:38,337.51
763,3985,26-01-2025 16:02,149.98
764,703,15-10-2025 12:16,278.44
765,2647,09-07-2026 03:18,174.94
766,1879,06-02-2026 08:08,473.97
767,1031,29-05-2026 08:15,35.3
768,1851,08-12-2025 11:27,387.7
769,3216,05-01-2026 19:59,2.43
770,1627,30-08-2025 09:56,640.81
771,2719,30-04-2025 04:40,87.47
772,4062,30-01-2026 05:52,147.96
773,2832,29-08-2025 19:57,526.32
774,647,09-09-2026 16:24,344.75
775,3728,09-08-2025 20:01,18.79
776,3026,08-04-2026 08:36,18.85
777,2500,20-07-2026 22:42,1479.27
778,1699,02-06-2025 22:54,1380.43
779,4208,26-04-2026 15:54,1361.7
780,4044,01-01-2026 18:44,56.83
781,637,06-09-2026 01:48,66.1
782,3238,10-03-2025 13:29,23.93
783,2550,01-08-2026 02:08,2255.57
784,2980,10-01-2026 20:09,357.62
785,2314,01-04-2025 03:13,374.94
786,3801,07-10-2025 06:11,629.67
787,4453,06-07-2025 18:04,21.48
788,681,03-12-2025 06:58,3605.67
789,2305,19-05-2025 14:54,94.69
790,1311,03-11-2025 21:17,227.6
791,4521,01-12-2025 08:52,248.19
792,3245,18-02-2026 19:17,854.24
793,1880,29-01-2025 07:53,67.88
794,712,14-03-2026 00:38,462.25
795,3194,18-05-2026 21:56,50.84
796,4465,10-03-2025 04:06,533.22
797,1197,13-08-2026 09:59,143.79
798,1156,13-06-2026 06:32,62.17
799,201,05-07-2025 06:19,29.26
800,3259,08-12-2025 07:30,278.61
801,10,15-08-2026 14:42,496.07
802,4215,30-08-2026 01:50,54.81
803,136,26-06-2026 09:29,206.37
804,3042,28-02-2026 07:09,583.99
805,3816,19-02-2026 12:44,219.78
806,2594,07-02-2025 15:02,2003.86
807,1737,18-05-2025 08:20,6.21
808,2177,07-09-2026 16:49,113.54
809,1200,22-04-2025 15:33,1043.5
810,4219,19-05-2025 00:08,179.91
811,3143,26-08-2025 20:08,114.45
812,1956,24-09-2025 22:15,1239.47
813,1634,16-11-2025 14:53,106.6
814,1393,14-03-2025 07:46,72.07
815,4139,31-12-2025 11:04,2840.17
816,4338,28-04-2025 16:59,70.51
817,3936,27-06-2025 03:23,943.15
818,3152,27-11-2025 19:59,98.6
819,2502,13-07-2025 23:19,159.64
820,2120,18-12-2025 17:57,96.09
821,55,29-01-2025 04:28,141.95
822,460,04-07-2026 07:12,417.07
823,3761,03-08-2026 17:05,498.22
824,2326,11-04-2025 19:00,428.03
825,167,20-03-2025 18:29,120.54
826,780,18-12-2025 11:58,1134.84
827,801,30-06-2026 13:48,1051.08
828,3428,05-06-2026 22:24,492.39
829,1451,23-05-2026 13:03,380.72
830,579,25-04-2025 13:43,1948.96
831,548,08-01-2025 08:31,85.24
832,623,12-06-2026 07:58,72.55
833,438,23-06-2026 23:17,134.11
834,1153,12-04-2025 09:42,101.66
835,1570,06-07-2025 15:59,347.27
836,3507,18-02-2026 02:04,1445.23
837,1379,06-09-2025 23:31,752.72
838,4273,14-05-2026 00:29,28.72
839,2090,16-10-2025 09:21,498.86
840,1296,01-09-2025 20:02,291.76
841,4446,08-12-2025 09:05,2016.23
842,2721,04-01-2025 08:29,899.56
843,217,01-04-2025 05:05,708.06
844,2419,29-05-2026 13:33,192.06
845,4247,01-07-2026 08:51,115.59
846,4226,12-05-2026 05:19,840.44
847,810,09-01-2025 02:22,85.24
848,3904,21-04-2025 10:04,60.08
849,4148,22-02-2025 02:43,47.56
850,3807,15-11-2025 14:53,397.76
851,1067,10-04-2026 12:56,458.2
852,2518,13-12-2025 01:36,560.09
853,1725,12-02-2026 19:39,1007.77
854,961,20-11-2025 03:31,28.72
855,3426,20-10-2025 03:07,596.51
856,3667,12-12-2025 18:12,785.74
857,1268,30-12-2025 07:17,1219.71
858,1201,19-04-2025 15:27,1104.83
859,1249,05-11-2025 05:45,39.1
860,2520,15-06-2026 11:22,1024.33
861,1891,10-03-2025 18:12,1351.2
862,1845,25-03-2025 07:20,69.98
863,2928,12-04-2026 01:16,660.83
864,3854,21-09-2025 08:16,262.69
865,1751,11-04-2026 00:09,41.83
866,4114,31-05-2026 14:42,1144.04
867,3453,10-02-2025 09:33,474.28
868,1270,05-02-2025 08:42,772.36
869,1841,24-01-2025 09:56,1069.25
870,1606,09-02-2026 18:09,356.17
871,1724,11-02-2025 09:02,113.83
872,2866,10-03-2026 20:09,96.13
873,2380,10-03-2025 11:31,104.75
874,287,20-08-2026 08:25,75.52
875,1917,10-08-2025 21:13,1101.77
876,4151,30-03-2025 21:05,56.38
877,1175,21-09-2025 04:06,1402.82
878,3726,24-06-2025 16:13,452.6
879,78,24-08-2025 18:49,396.02
880,554,10-02-2026 12:26,1256.56
881,3125,16-08-2025 03:41,993.07
882,48,19-01-2025 15:18,848.74
883,1232,10-02-2026 11:49,195.15
884,4076,04-01-2025 19:50,106.77
885,2987,26-08-2026 13:22,106.31
886,4199,07-06-2025 21:07,34.16
887,1160,22-08-2026 04:20,437.44
888,2575,22-01-2025 23:39,116.16
889,4463,22-01-2025 15:28,278.1
890,135,17-03-2026 19:04,191.56
891,1164,16-12-2025 03:45,236.8
892,1657,23-08-2025 10:19,35.93
893,3933,30-08-2025 04:54,263.34
894,2665,26-11-2025 11:04,238.59
895,3772,27-05-2026 18:58,2669.7
896,3987,19-11-2025 22:22,176.65
897,1239,25-12-2025 20:13,18.79
898,3694,24-08-2026 12:22,356.89
899,2623,15-04-2026 17:46,323.8
900,4499,10-05-2025 23:05,217.76
901,721,07-12-2025 16:58,225.92
902,122,09-09-2025 17:53,43.23
903,2317,20-06-2026 07:00,206.33
904,3990,21-11-2025 06:47,260.68
905,1028,21-04-2026 13:05,119.05
906,519,22-03-2025 13:51,730.04
907,247,16-05-2025 01:17,206.3
908,1662,19-06-2025 02:32,231.67
909,3553,10-02-2025 04:09,284.78
910,1785,09-03-2025 22:37,479.58
911,3124,12-05-2025 04:17,205
912,3257,05-11-2025 21:23,174.04
913,3458,21-08-2025 19:13,1820.69
914,755,18-04-2026 06:25,118.25
915,4197,18-01-2025 16:19,1061.75
916,4236,19-01-2026 09:21,87.37
917,1627,20-06-2025 23:02,501.51
918,973,14-06-2026 20:48,514.43
919,2029,19-03-2025 11:41,515.8
920,2787,12-09-2026 17:14,21.02
921,2785,24-12-2025 20:10,347.27
922,3985,26-02-2025 19:14,92.38
923,4464,16-03-2025 02:09,253.54
924,117,28-08-2026 22:31,385.38
925,746,07-06-2025 00:00,176.86
926,1507,04-02-2026 16:29,809.13
927,3141,15-12-2025 20:55,996.8
928,2883,04-01-2025 13:19,253.77
929,3688,08-07-2025 11:25,268.76
930,3917,25-10-2025 10:09,174.67
931,2010,19-02-2026 08:00,129.28
932,4509,16-04-2026 16:47,205.97
933,2595,14-07-2026 15:22,131.13
934,2714,09-08-2025 00:13,237.35
935,730,30-03-2026 13:09,1526.13
936,1900,11-06-2025 00:05,155.47
937,2626,06-08-2025 05:10,1183.01
938,3770,23-02-2025 00:42,125.02
939,1006,30-11-2025 00:54,693.91
940,1585,15-10-2025 05:17,71.96
941,2871,27-06-2025 10:13,524.06
942,421,28-06-2025 00:21,127.84
943,1994,06-07-2025 00:16,76.75
944,1592,06-05-2025 12:40,577.46
945,4385,12-05-2025 22:27,119.08
946,2631,08-04-2026 23:49,123.39
947,3309,27-07-2025 12:49,988.05
948,2688,27-06-2025 19:16,254.66
949,2758,02-08-2025 14:23,424.88
950,1838,21-07-2026 10:05,650.1
951,4507,30-03-2025 03:04,173.56
952,3700,29-06-2026 20:09,629.67
953,827,19-04-2026 18:29,1196.42
954,2215,19-05-2025 13:53,276.98
955,2721,02-04-2026 22:34,97.53
956,1682,05-07-2025 13:58,706.95
957,4481,16-04-2025 10:49,50.84
958,696,16-04-2025 14:17,612.04
959,2552,14-03-2026 19:18,228.07
960,4171,26-06-2026 11:26,1117.84
961,2089,08-07-2025 04:26,375.09
962,1042,12-06-2026 04:32,199.01
963,801,22-09-2025 08:48,400.74
964,3522,25-12-2025 06:30,355.59
965,355,21-02-2025 09:28,869.25
966,2023,20-08-2025 05:52,669.86
967,1205,12-02-2025 05:03,139.57
968,446,31-05-2025 23:03,18.79
969,692,10-12-2025 05:38,92.91
970,2249,30-10-2025 23:46,945.82
971,2095,07-03-2026 19:19,1570.2
972,454,25-12-2025 00:27,80.26
973,1319,29-10-2025 11:57,15.65
974,85,06-01-2025 20:17,44.34
975,2744,25-06-2026 04:28,664.97
976,1996,06-08-2025 16:36,243.48
977,546,20-09-2025 03:58,260.73
978,1076,09-01-2026 19:42,202.38
979,4286,17-06-2025 03:15,245.53
980,371,29-10-2025 10:07,299.4
981,3374,06-11-2025 14:19,83.53
982,521,15-03-2025 23:08,989.8
983,358,09-05-2026 23:14,10.18
984,305,12-04-2025 22:53,495.9
985,2148,12-01-2026 23:33,337.5
986,510,26-08-2025 16:46,308.98
987,2425,09-04-2025 02:44,81.66
988,2443,06-11-2025 19:53,384.12
989,277,15-02-2025 21:06,242.01
990,82,18-11-2025 02:05,883.19
991,1370,25-07-2026 08:40,263.16
992,79,28-06-2026 10:32,1616.74
993,4225,01-08-2026 12:39,33.69
994,3727,23-03-2025 04:29,148.82
995,4052,30-12-2025 12:04,94.03
996,2094,13-02-2026 01:56,506.19
997,3188,30-04-2025 10:35,41.91
998,3106,07-02-2026 07:41,377.8
999,2926,03-01-2025 03:23,147.11
1000,2307,25-05-2025 04:26,229.04
1001,1507,20-07-2026 17:38,966.17
1002,699,05-03-2026 14:02,942.87
1003,539,16-04-2026 23:41,22.39
1004,2744,10-03-2025 11:14,11.5
1005,3697,16-06-2025 21:49,115.65
1006,3453,30-12-2025 18:11,561.94
1007,234,03-06-2026 13:10,349.31
1008,2983,03-07-2026 01:41,135.77
1009,2230,09-08-2026 14:16,528.3
1010,4232,02-07-2026 14:57,442.41
1011,1846,21-02-2026 18:45,569.31
1012,3754,02-09-2026 16:33,1045.92
1013,243,23-04-2026 08:28,139.59
1014,4332,09-03-2026 17:22,1348.17
1015,860,19-02-2025 17:39,352.2
1016,3983,25-11-2025 03:09,2399.44
1017,2007,31-12-2025 22:10,1346.39
1018,375,05-09-2025 23:07,192.27
1019,1162,06-11-2025 08:13,393.39
1020,260,23-07-2025 22:19,641.02
1021,3786,27-08-2025 17:42,168.64
1022,2900,13-06-2025 03:55,176.4
1023,2284,29-06-2025 10:37,776.95
1024,2885,07-07-2025 22:38,59.78
1025,605,29-09-2025 05:24,50.84
1026,1541,30-01-2025 22:45,610.95
1027,4378,25-07-2025 21:16,1300.85
1028,2663,27-07-2025 12:04,633.5
1029,4113,25-05-2025 08:55,116.16
1030,2688,25-02-2025 19:03,22.62
1031,786,29-06-2026 00:46,35.3
1032,1622,16-02-2026 21:03,204.58
1033,2782,31-05-2025 16:40,123.37
1034,1469,25-02-2025 10:31,801
1035,4067,12-07-2026 05:16,13.05
1036,3251,10-07-2025 15:26,60.95
1037,3940,16-07-2026 15:33,810.1
1038,1160,09-09-2026 06:53,141.6
1039,597,21-12-2025 12:35,9.76
1040,298,24-06-2026 23:31,114.04
1041,2711,25-04-2026 19:50,488.79
1042,3601,08-03-2025 16:44,122.06
1043,1054,04-02-2026 19:35,211.06
1044,2968,14-02-2025 04:58,85.4
1045,2847,13-09-2026 14:40,37.43
1046,2632,21-02-2026 17:23,11.6
1047,3553,16-10-2025 00:57,198.27
1048,1724,17-04-2026 11:51,504.97
1049,4414,17-04-2026 04:33,175.95
1050,4263,05-09-2026 06:56,38.31
1051,4278,18-05-2026 21:50,758.33
1052,450,09-12-2025 03:32,89.73
1053,2276,01-08-2026 07:09,90.84
1054,2203,13-04-2026 00:04,493.21
1055,3405,22-10-2025 17:36,2159.47
1056,2349,23-08-2025 05:36,3950.16
1057,2340,17-05-2026 07:52,22.5
1058,4294,16-07-2026 20:55,143.46
1059,3013,24-12-2025 19:56,288.32
1060,1296,09-01-2025 18:03,105.17
1061,4096,06-02-2026 00:13,1325.3
1062,1613,14-09-2026 15:06,1190.31
1063,4069,18-02-2026 22:21,259.68
1064,4367,29-08-2026 06:40,1396.6
1065,3302,12-06-2026 10:17,75.52
1066,1893,02-02-2026 11:06,441.83
1067,3407,12-04-2026 15:58,811.16
1068,4002,29-05-2025 01:16,125.02
1069,4212,22-09-2025 10:18,154.82
1070,277,22-01-2025 06:19,26.65
1071,1580,06-09-2026 02:51,676.29
1072,2687,19-01-2026 18:48,93.61
1073,1640,06-10-2025 05:19,111.45
1074,3293,17-01-2025 13:27,18.53
1075,551,29-04-2025 16:29,69.2
1076,206,09-07-2026 19:11,3.5
1077,437,10-11-2025 21:10,783.19
1078,2735,22-07-2025 01:12,84.3
1079,2643,16-01-2026 18:43,450.69
1080,729,14-03-2025 22:06,257.68
1081,3184,13-06-2025 02:54,266.89
1082,16,14-01-2026 01:48,1743.29
1083,682,17-02-2025 16:00,81.53
1084,2352,02-10-2025 01:28,319.04
1085,21,27-08-2026 16:44,161.79
1086,1382,01-04-2026 12:03,115.5
1087,212,17-09-2025 20:58,1045.6
1088,1739,26-05-2026 06:45,24.44
1089,2986,19-09-2025 08:06,40.16
1090,1665,22-07-2026 13:54,31.52
1091,3677,18-04-2026 09:51,205.3
1092,2208,16-02-2026 16:56,1522.05
1093,1238,20-04-2025 13:32,21.29
1094,1753,17-03-2025 10:44,175.48
1095,3936,24-07-2026 03:09,1298.34
1096,235,24-05-2026 05:42,13.05
1097,3341,09-03-2025 10:13,322.32
1098,3659,06-07-2026 15:18,121.98
1099,478,12-05-2025 01:14,1960.7
1100,650,19-06-2025 11:20,201.2
1101,1407,18-02-2025 01:21,317.08
1102,3046,18-11-2025 11:13,163.78
1103,2353,30-11-2025 02:32,41.2
1104,2357,27-08-2025 21:20,228.92
1105,2524,14-05-2025 17:29,56.83
1106,4388,02-11-2025 13:52,747.5
1107,218,01-07-2025 02:44,38.15
1108,4134,19-10-2025 07:29,165.07
1109,2591,25-05-2026 15:15,350.29
1110,1011,22-01-2026 14:51,53.57
1111,1195,02-08-2026 02:51,28.72
1112,126,21-08-2026 04:44,335.29
1113,3444,06-03-2026 15:24,866.47
1114,863,19-02-2026 21:34,125.02
1115,4181,24-04-2025 11:20,28.72
1116,3220,15-08-2026 09:34,737.68
1117,4180,15-05-2026 16:33,772.79
1118,2296,15-04-2026 18:23,156.32
1119,4505,19-01-2025 23:45,811.06
1120,2399,16-05-2025 07:18,424.45
1121,3376,27-08-2026 21:35,16.89
1122,2447,10-04-2026 05:10,128.23
1123,1684,20-01-2025 07:55,283.91
1124,3666,18-04-2025 04:47,1472.18
1125,44,28-02-2025 01:08,503.09
1126,1337,02-05-2025 23:43,50.11
1127,1899,28-01-2026 10:15,1055.58
1128,2092,07-09-2026 05:54,824.87
1129,1514,23-03-2026 05:04,322.14
1130,1847,07-07-2026 19:26,1435.28
1131,2147,04-03-2025 18:08,54.31
1132,3899,07-10-2025 22:19,1458.4
1133,2840,22-04-2025 16:26,846.95
1134,1238,02-01-2026 10:00,195.49
1135,688,24-12-2025 07:41,816.83
1136,4013,10-07-2025 06:28,377.33
1137,4277,01-01-2025 08:08,258.75
1138,3463,26-10-2025 03:16,427.28
1139,1666,19-08-2025 22:25,334.23
1140,1461,12-12-2025 17:52,268.21
1141,1591,25-01-2026 16:47,2746.5
1142,3025,07-05-2026 09:34,66.6
1143,1983,14-02-2026 18:54,118.06
1144,2395,10-06-2026 09:15,188.35
1145,3908,18-12-2025 00:05,71.38
1146,2754,07-12-2025 07:25,141.79
1147,2554,05-10-2025 23:21,303.17
1148,687,03-03-2025 17:58,193.14
1149,834,25-10-2025 01:22,475.88
1150,1711,09-07-2026 18:48,113.66
1151,3613,26-08-2025 16:57,63.33
1152,2596,09-04-2025 21:37,1368.71
1153,629,01-01-2026 13:12,479.2
1154,2930,12-08-2025 18:04,677.45
1155,2713,27-04-2025 00:22,359.36
1156,4310,01-09-2025 00:27,276.59
1157,774,06-09-2025 04:26,1679.39
1158,3362,06-02-2026 04:33,1154.37
1159,1918,07-01-2025 21:14,633.17
1160,4175,16-03-2026 22:49,689.49
1161,266,12-08-2026 23:02,195.46
1162,2934,14-10-2025 20:11,150.38
1163,2522,05-08-2025 07:20,125.64
1164,3161,02-12-2025 02:58,1470.91
1165,534,09-04-2026 02:53,142.26
1166,1918,18-11-2025 04:14,762.22
1167,3694,23-11-2025 13:37,1275.76
1168,2240,15-10-2025 11:42,19.52
1169,3433,12-06-2025 06:11,217.31
1170,2922,12-04-2026 02:56,1163.29
1171,685,06-02-2025 23:50,487.24
1172,1820,30-04-2025 03:07,128.7
1173,97,07-08-2025 21:58,123.51
1174,3262,13-02-2026 21:43,165.19
1175,887,08-10-2025 17:37,213.59
1176,1011,25-03-2026 03:11,1332.24
1177,2187,23-07-2025 22:07,461.25
1178,2031,24-08-2026 05:52,790.3
1179,2452,06-06-2025 15:19,132.68
1180,511,06-01-2025 20:53,535.52
1181,2259,21-08-2026 03:48,136.17
1182,4209,30-03-2026 18:53,679.3
1183,3483,15-03-2025 11:53,109.75
1184,4476,06-10-2025 04:12,231.64
1185,2377,30-05-2026 01:45,437.69
1186,2441,13-03-2026 11:13,968.04
1187,2475,14-01-2025 23:29,1399.8
1188,4077,08-07-2025 02:36,1423.86
1189,13,27-05-2026 18:32,545.29
1190,1104,10-03-2026 00:37,1856.6
1191,3726,12-05-2025 22:39,82
1192,2056,09-08-2026 03:29,180.24
1193,597,27-09-2025 05:42,50.84
1194,1999,12-05-2025 05:44,151.66
1195,2678,21-08-2025 08:52,56.83
1196,3168,12-12-2025 16:53,391.46
1197,4077,22-03-2025 20:06,12.26
1198,4417,29-07-2025 22:50,158.88
1199,4082,01-05-2026 21:30,178.16
1200,467,01-01-2026 16:46,275.88
1201,2057,27-08-2025 15:46,763.12
1202,2595,13-04-2026 21:47,160.78
1203,3922,13-04-2026 19:08,855.87
1204,4031,19-01-2026 07:16,1350.26
1205,4112,29-07-2026 08:29,90.74
1206,3890,25-06-2026 17:55,103.3
1207,1039,24-08-2025 06:23,24.52
1208,2274,05-10-2025 03:44,131.62
1209,2966,17-07-2026 02:29,256.15
1210,4433,03-01-2026 21:16,497.84
1211,3695,12-05-2025 10:38,170.48
1212,2688,15-06-2025 18:31,58.08
1213,2353,28-08-2025 06:44,399.71
1214,717,27-04-2025 05:28,94.12
1215,203,16-06-2025 21:06,320.48
1216,3160,29-01-2025 10:09,788.05
1217,497,07-01-2026 10:05,107.17
1218,2339,28-03-2026 19:06,373.25
1219,1828,18-03-2026 22:35,141.3
1220,1463,22-04-2025 02:17,248.73
1221,2590,21-06-2025 07:36,203.49
1222,3847,18-12-2025 14:46,153.02
1223,3641,05-09-2025 11:42,680.85
1224,488,10-06-2026 13:01,1123.4
1225,2848,04-01-2026 22:37,605.28
1226,2320,05-03-2026 20:49,208.83
1227,741,21-07-2025 20:32,5.9
1228,2613,21-05-2026 21:27,612.21
1229,3108,10-09-2025 00:29,291.39
1230,652,27-07-2026 19:05,386.22
1231,2153,10-05-2026 10:36,227.96
1232,793,16-12-2025 02:30,248.86
1233,1924,02-08-2025 11:35,115.52
1234,2410,03-09-2025 19:03,698.3
1235,2045,04-06-2025 02:18,271.44
1236,3806,22-08-2025 04:26,311.31
1237,4507,14-02-2025 17:07,477.16
1238,2492,25-02-2025 17:56,705.54
1239,1417,19-02-2026 11:42,1269.52
1240,3235,09-05-2025 16:27,695.48
1241,2136,20-08-2026 22:13,401.03
1242,118,11-09-2025 14:37,192.06
1243,3762,01-01-2025 03:53,895.31
1244,3515,08-06-2026 17:54,490.03
1245,1260,05-03-2026 23:27,40.42
1246,4252,29-08-2025 11:49,864.99
1247,2159,15-05-2025 05:22,974.48
1248,1812,23-01-2026 01:16,490.98
1249,3329,03-08-2025 00:34,448.37
1250,616,28-12-2025 19:54,244.82
1251,1908,30-10-2025 13:41,64.6
1252,814,21-01-2026 12:52,236.59
1253,3830,23-06-2025 21:57,356.94
1254,4494,07-02-2026 18:18,144.04
1255,4413,07-03-2025 05:33,358.35
1256,1590,25-09-2025 23:12,239.05
1257,334,06-05-2025 22:30,727.6
1258,2494,17-10-2025 08:34,3.5
1259,1856,21-11-2025 01:12,2077.85
1260,4361,08-05-2026 02:56,901.77
1261,58,08-01-2025 22:38,361.93
1262,2062,01-03-2025 23:06,357.2
1263,1049,11-07-2025 03:33,82.97
1264,288,04-09-2025 09:57,1103.93
1265,2770,03-06-2026 08:09,73.84
1266,774,04-02-2026 19:44,1050.89
1267,3280,10-02-2026 17:32,32
1268,3676,29-01-2025 00:52,343.41
1269,1929,15-12-2025 17:04,63.1
1270,2597,31-01-2025 16:21,847.12
1271,343,21-03-2025 12:03,126.8
1272,3685,01-04-2026 22:07,348.13
1273,3164,14-08-2026 17:01,407.85
1274,421,28-02-2025 11:02,78.55
1275,3944,28-07-2025 06:54,79.76
1276,2509,29-07-2025 19:24,55.24
1277,1212,25-03-2025 21:07,141.77
1278,2009,23-11-2025 18:41,19.44
1279,4021,26-01-2026 14:55,1868.31
1280,580,05-07-2026 16:49,98.65
1281,3487,20-06-2026 23:01,683.63
1282,2507,30-08-2026 03:31,235.66
1283,464,11-05-2026 18:10,339.94
1284,1039,29-01-2025 19:02,59.78
1285,23,26-07-2025 11:15,67.56
1286,2082,14-01-2026 00:11,2.16
1287,2716,07-12-2025 18:55,1510.26
1288,3616,02-12-2025 06:25,697.55
1289,1186,02-05-2025 06:07,157.45
1290,2773,29-05-2025 15:46,213.79
1291,2029,13-12-2025 12:08,123.52
1292,2988,04-08-2026 01:02,632.04
1293,1847,11-04-2025 09:19,406.98
1294,4038,14-05-2026 18:32,423.36
1295,462,09-11-2025 06:51,667.35
1296,2075,22-07-2025 17:33,70.51
1297,2041,28-08-2026 03:01,122.6
1298,2027,16-07-2025 21:38,104.22
1299,3258,17-07-2026 08:53,2332.8
1300,3051,30-04-2026 14:03,155.64
1301,274,18-10-2025 06:15,1259.34
1302,1342,27-07-2026 09:00,411.81
1303,2468,19-01-2025 15:03,1037.91
1304,4425,14-11-2025 02:03,96.57
1305,191,30-01-2026 17:52,116.82
1306,481,18-12-2025 22:29,932.29
1307,1695,02-12-2025 13:13,496.18
1308,4318,25-06-2026 15:19,39.86
1309,2276,27-03-2026 21:08,47.56
1310,771,07-03-2025 08:06,85.05
1311,2680,16-12-2025 16:36,1342.45
1312,1533,24-05-2025 08:01,276.54
1313,1007,28-02-2025 17:38,152.93
1314,725,23-05-2026 06:24,223.91
1315,1931,28-09-2025 00:57,103.26
1316,3025,08-03-2025 04:00,475.88
1317,1276,08-04-2026 20:14,355.36
1318,560,10-11-2025 20:49,272.7
1319,1743,29-11-2025 16:02,310.72
1320,4276,31-08-2025 18:11,144.46
1321,2636,21-05-2026 21:23,443.54
1322,666,10-10-2025 01:04,518.27
1323,3682,14-04-2026 06:59,138.45
1324,500,05-07-2026 10:58,201.17
1325,1591,11-06-2026 10:34,688.04
1326,1915,02-08-2026 10:13,3.81
1327,592,04-03-2025 08:25,220.7
1328,954,04-10-2025 09:02,224.92
1329,657,19-07-2025 09:12,601.07
1330,829,29-01-2025 23:14,349.5
1331,1312,22-03-2025 17:40,349.22
1332,4524,05-07-2026 03:24,1419.78
1333,2669,28-01-2026 22:48,862.21
1334,1297,16-04-2026 09:19,92.02
1335,3686,21-08-2025 22:25,232.73
1336,3809,02-01-2025 14:15,155.7
1337,3237,04-06-2026 09:43,1218.66
1338,634,18-04-2025 10:06,670.39
1339,2580,07-04-2026 12:06,12.15
1340,1599,23-02-2026 07:44,172.91
1341,594,31-05-2026 21:04,395.76
1342,2601,02-02-2026 20:40,530.67
1343,2021,05-02-2026 11:39,251.95
1344,1871,30-03-2026 10:13,565.3
1345,694,04-11-2025 17:50,293.33
1346,614,05-09-2026 07:32,821.2
1347,1609,13-03-2026 17:05,938.06
1348,539,15-10-2025 22:28,92.93
1349,3907,31-01-2025 13:28,481.24
1350,4229,24-08-2025 05:59,211.8
1351,2557,12-12-2025 07:25,215.68
1352,3200,05-03-2026 13:14,129.79
1353,3865,16-05-2026 12:36,795.03
1354,1920,22-11-2025 00:47,175.06
1355,137,22-02-2026 06:12,1123.81
1356,4528,10-11-2025 14:36,557.61
1357,175,28-04-2026 04:52,1810.26
1358,2413,15-11-2025 07:22,600.36
1359,3195,14-03-2025 04:07,1633.16
1360,2539,13-01-2025 23:51,115.74
1361,1974,02-12-2025 16:42,608.09
1362,3024,02-09-2025 23:21,259.58
1363,669,04-02-2025 22:31,813.79
1364,1770,26-11-2025 14:31,531.96
1365,4499,23-03-2025 07:15,737.68
1366,1214,24-12-2025 11:33,14.81
1367,1156,10-05-2026 19:11,544.63
1368,4111,10-03-2026 04:36,83.82
1369,1796,19-10-2025 00:07,1139.57
1370,1513,13-06-2025 18:08,3.5
1371,2901,02-01-2025 17:17,572.68
1372,997,18-03-2025 15:32,125.02
1373,1251,21-07-2025 14:43,342.95
1374,490,05-02-2026 12:04,1317.42
1375,1477,29-11-2025 07:17,260.78
1376,3762,08-06-2025 09:49,116.78
1377,1254,30-08-2026 10:46,224.85
1378,1457,06-06-2025 12:28,2.16
1379,813,21-06-2025 03:26,249.45
1380,230,13-02-2025 04:29,131.15
1381,3518,08-09-2026 07:46,144.49
1382,1669,07-12-2025 15:09,979.24
1383,167,12-05-2025 23:37,106.16
1384,3249,07-06-2026 12:45,14.63
1385,1380,19-06-2025 17:24,253.23
1386,2887,02-03-2025 07:18,66.68
1387,1724,07-03-2025 07:47,395.4
1388,3433,18-11-2025 22:48,241.22
1389,226,05-01-2026 06:39,134.39
1390,2031,21-09-2025 01:19,118.6
1391,1625,03-04-2025 11:41,557.77
1392,1744,14-04-2025 21:35,132.57
1393,3591,16-02-2025 18:30,860.04
1394,2776,28-03-2026 09:47,952.36
1395,936,18-03-2025 10:37,9.76
1396,4045,13-07-2026 16:05,928.49
1397,1293,29-01-2026 14:22,149.72
1398,1283,06-07-2026 07:50,2460.68
1399,3513,26-01-2026 12:28,87.69
1400,3909,16-04-2026 02:40,303.06
1401,2304,01-08-2025 15:13,417.39
1402,3694,31-10-2025 22:00,521.82
1403,1498,05-05-2025 11:26,257.32
1404,2758,21-08-2025 08:49,851.89
1405,2604,07-02-2025 11:45,273.12
1406,2784,27-04-2026 11:38,1171.25
1407,698,26-06-2026 06:13,42.8
1408,866,15-08-2026 13:06,31.52
1409,2178,31-01-2025 20:20,654.59
1410,666,03-06-2026 02:59,1794.72
1411,562,28-08-2025 14:46,264.98
1412,268,16-03-2026 20:43,78.21
1413,1165,02-02-2025 14:26,86.53
1414,1916,10-08-2025 13:18,79.72
1415,157,02-07-2025 12:49,245.08
1416,2743,04-09-2026 08:01,213.52
1417,1447,04-05-2026 17:43,22.31
1418,1936,25-05-2026 01:34,41.66
1419,1899,12-04-2025 00:50,98.1
1420,2733,14-05-2025 02:41,1794.68
1421,773,13-04-2025 07:21,13.21
1422,4164,04-01-2026 09:34,818.31
1423,3016,11-03-2026 03:23,132.22
1424,1605,16-01-2025 22:31,492.93
1425,533,07-09-2025 13:22,108.27
1426,49,02-06-2026 23:44,1420.18
1427,1029,07-01-2025 23:21,1083.88
1428,2007,17-06-2026 10:31,143.87
1429,733,13-07-2026 01:59,67.56
1430,2949,30-10-2025 03:37,786.2
1431,2014,26-03-2025 03:56,469.71
1432,1340,12-04-2026 04:45,835.11
1433,2884,03-01-2026 18:40,238.68
1434,1969,27-10-2025 11:39,1562.35
1435,1412,30-09-2025 18:53,38.17
1436,3699,27-03-2025 02:21,44.18
1437,894,05-01-2026 21:22,2212.52
1438,2603,11-02-2026 17:11,41.91
1439,3933,17-03-2026 08:54,1614.67
1440,1987,15-12-2025 10:03,292.24
1441,11,13-09-2025 01:40,125.52
1442,589,16-04-2026 16:00,98.03
1443,755,22-06-2025 00:59,219.31
1444,3184,30-05-2026 04:48,181.11
1445,91,01-05-2025 15:31,477.4
1446,3137,17-08-2026 10:41,135.88
1447,3012,16-05-2025 07:01,9.72
1448,3175,17-07-2026 09:53,415.15
1449,2147,23-07-2026 05:15,358.77
1450,1400,09-03-2026 14:19,38.25
1451,2166,08-09-2025 15:21,794.54
1452,282,07-03-2025 14:16,731.64
1453,1848,19-11-2025 21:57,410.09
1454,2241,14-08-2025 13:57,540.43
1455,4135,11-05-2025 03:25,97.34
1456,3674,18-04-2025 15:24,466.36
1457,615,13-09-2026 06:02,1791.14
1458,2573,25-01-2026 01:54,47.81
1459,860,10-06-2026 11:43,981.11
1460,3937,22-09-2025 03:31,64.46
1461,2162,03-04-2025 03:25,67.03
1462,55,12-01-2026 05:47,139.81
1463,2699,16-07-2026 13:34,708.64
1464,2259,22-06-2025 10:53,526.14
1465,4180,28-06-2025 02:24,299.59
1466,2166,17-06-2025 12:10,145.96
1467,3489,22-08-2026 03:21,155.7
1468,1544,19-01-2026 17:46,543.22
1469,3936,07-09-2026 20:18,126.91
1470,1913,03-01-2026 18:23,171.64
1471,170,04-02-2025 13:00,333.1
1472,3052,25-04-2025 16:25,194.29
1473,2756,01-01-2025 19:36,801.23
1474,3402,27-01-2025 03:46,1208.03
1475,531,17-12-2025 22:34,263.02
1476,3647,13-02-2025 02:27,61.03
1477,1925,02-03-2025 09:09,452.48
1478,3627,31-01-2025 21:33,616.53
1479,1333,19-02-2026 00:25,5522.5
1480,1368,18-03-2025 05:05,489.7
1481,1509,15-01-2026 18:08,41.91
1482,2528,14-01-2026 07:54,721.55
1483,830,29-03-2026 09:11,378.21
1484,1261,25-04-2026 21:34,543.86
1485,2218,12-04-2026 17:28,170.8
1486,3597,05-04-2026 11:01,52.72
1487,2361,11-03-2025 07:34,18.53
1488,3959,07-06-2025 09:18,121.52
1489,4254,15-11-2025 21:49,573.96
1490,2971,03-03-2025 01:00,309.35
1491,479,10-07-2026 02:32,1839.78
1492,519,03-06-2025 15:05,602.24
1493,3656,23-08-2026 16:13,153.61
1494,3711,27-04-2025 03:38,172.68
1495,789,12-07-2025 10:59,98.98
1496,1512,16-04-2025 02:34,774.37
1497,569,03-08-2025 10:09,20.36
1498,481,13-01-2026 18:01,148.28
1499,2613,15-03-2026 10:42,1772.74
1500,1377,19-08-2026 14:03,141.4
1501,1447,11-06-2025 13:53,903.36
1502,917,19-12-2025 03:06,387.89
1503,2663,11-05-2026 22:31,373.38
1504,934,15-04-2025 07:56,52.09
1505,1409,18-04-2026 14:50,93.58
1506,912,04-02-2026 05:22,968.04
1507,2587,10-07-2025 06:50,18.79
1508,1358,03-05-2025 14:17,9.35
1509,427,12-07-2025 08:09,258.17
1510,826,18-08-2025 14:38,20.23
1511,2094,26-12-2025 10:09,2.16
1512,1833,10-02-2025 08:47,412.6
1513,500,23-02-2026 21:34,109.18
1514,529,16-05-2025 07:04,1180.13
1515,23,19-02-2026 06:19,25.23
1516,3892,12-04-2025 18:08,17.16
1517,918,05-08-2025 15:49,146
1518,2310,04-07-2025 05:16,621.2
1519,734,20-09-2025 12:29,977.65
1520,3397,21-05-2025 13:51,190.03
1521,1461,02-02-2025 13:10,362.66
1522,3780,09-11-2025 19:03,140.11
1523,2006,10-03-2026 10:09,410.73
1524,2148,19-09-2025 00:05,2245.46
1525,4404,26-08-2025 20:04,340.71
1526,2484,29-08-2026 09:47,271.15
1527,1023,12-04-2026 06:31,1119.31
1528,3198,24-12-2025 15:59,352.68
1529,3453,02-01-2026 01:51,157.44
1530,3325,08-03-2025 04:22,142.24
1531,1631,20-05-2025 15:59,114.18
1532,3770,30-08-2026 08:24,28.45
1533,270,09-02-2025 07:32,3007.21
1534,421,08-08-2025 15:34,535.6
1535,677,03-10-2025 21:46,729.61
1536,1363,30-01-2026 20:02,215.71
1537,2757,19-10-2025 16:09,96.51
1538,106,16-07-2026 10:04,160.11
1539,666,04-05-2026 02:26,469.13
1540,1520,04-05-2025 12:06,379.04
1541,1837,19-03-2025 19:55,524.41
1542,832,21-07-2026 05:52,306.08
1543,3399,11-04-2025 20:34,218.2
1544,445,07-08-2026 09:18,1176.26
1545,2694,04-02-2026 15:01,242.92
1546,4043,19-01-2025 18:00,460.94
1547,267,05-03-2026 17:43,159.3
1548,3246,23-11-2025 19:57,78.19
1549,933,29-07-2025 01:50,463.2
1550,3419,24-10-2025 05:53,263.6
1551,3939,30-05-2026 16:43,798.38
1552,943,27-09-2025 01:35,17.3
1553,4401,02-07-2026 01:20,922.53
1554,471,04-07-2025 05:37,48.27
1555,2633,02-05-2026 02:41,194.04
1556,3492,07-09-2025 21:56,125.02
1557,805,29-05-2025 21:39,170.62
1558,2870,28-03-2025 13:38,1029.46
1559,3568,28-01-2026 23:53,234.48
1560,271,14-06-2026 18:43,1117.22
1561,1196,09-03-2025 18:19,110.4
1562,2464,19-06-2026 02:56,2770.3
1563,229,16-06-2025 03:19,866.87
1564,3589,08-04-2025 14:28,175.64
1565,1706,01-05-2025 23:13,3601.24
1566,1006,03-10-2025 16:35,609.07
1567,467,21-05-2026 05:26,1445.68
1568,1826,20-09-2025 22:30,2.16
1569,3161,10-09-2025 02:06,104.09
1570,2935,04-05-2025 14:52,938.66
1571,138,21-02-2025 16:09,147.65
1572,820,02-03-2026 22:28,153.5
1573,2463,02-05-2025 06:59,202.56
1574,1274,21-09-2025 07:00,758.67
1575,2797,05-01-2026 23:09,254.37
1576,2456,21-09-2025 15:34,104.56
1577,2828,29-01-2025 16:01,210.34
1578,64,05-05-2026 13:28,1194.12
1579,2748,14-04-2025 03:11,320.57
1580,3151,01-09-2026 08:15,4.86
1581,3100,01-12-2025 10:23,85.24
1582,25,05-08-2026 21:34,205.3
1583,2739,15-06-2026 21:42,582.42
1584,3573,18-10-2025 17:32,367.03
1585,2282,15-03-2026 22:22,1336.01
1586,2510,22-11-2025 09:44,158.1
1587,4342,26-06-2025 06:50,255.89
1588,4290,09-06-2025 11:24,266.02
1589,467,21-03-2026 13:44,8.01
1590,1383,07-05-2026 00:41,220.09
1591,3542,13-04-2025 12:50,1504.58
1592,2406,24-06-2025 05:32,107.7
1593,2481,17-04-2025 18:08,170.8
1594,1988,24-03-2026 15:51,384.62
1595,1888,27-12-2025 00:12,1717.52
1596,573,22-02-2026 16:28,210.13
1597,1989,25-10-2025 06:51,244.46
1598,3068,07-06-2026 08:26,1051.77
1599,2063,19-06-2026 18:58,494.61
1600,218,02-07-2026 11:24,192.65
1601,4150,19-01-2026 00:13,93.57
1602,3877,12-06-2025 04:57,222.67
1603,3437,12-06-2025 08:08,836.54
1604,1996,26-02-2025 15:44,847.62
1605,211,31-07-2025 08:56,590.38
1606,302,19-06-2025 00:32,385.04
1607,3214,21-03-2025 00:44,521.72
1608,1018,03-05-2026 16:44,836.08
1609,748,12-09-2026 09:38,30.19
1610,3687,23-05-2026 09:18,467.63
1611,2441,21-11-2025 13:26,58.08
1612,2828,11-07-2026 15:56,156.89
1613,2581,22-04-2025 04:01,12.75
1614,2375,13-05-2025 03:30,218.94
1615,1945,15-04-2025 07:04,358.19
1616,2725,25-08-2025 13:36,464.3
1617,2718,23-06-2026 12:08,282.92
1618,22,08-01-2025 13:26,149.18
1619,1605,20-08-2025 15:44,171.55
1620,3502,19-01-2025 17:14,600.43
1621,399,17-08-2026 20:52,777.58
1622,2733,27-05-2025 07:26,946.77
1623,36,12-07-2026 13:44,259.41
1624,170,25-11-2025 00:38,734.59
1625,4475,22-11-2025 12:28,76.62
1626,392,15-08-2026 12:22,3.77
1627,1064,22-01-2026 06:34,272.18
1628,2218,21-02-2025 14:56,43.71
1629,2499,06-04-2026 12:08,17.7
1630,257,17-12-2025 12:35,335.55
1631,1067,25-06-2025 01:29,345.84
1632,1662,12-06-2025 23:04,271.64
1633,1090,14-10-2025 21:56,41.77
1634,3867,29-09-2025 12:22,471.82
1635,3232,24-04-2026 12:26,1721.87
1636,952,25-08-2026 23:31,422.75
1637,4271,15-08-2026 21:41,642.7
1638,3490,11-08-2026 06:13,110.14
1639,4200,22-10-2025 22:01,78.46
1640,4478,11-03-2026 19:53,74.68
1641,1873,23-10-2025 12:47,116.16
1642,3595,23-02-2025 16:24,107.58
1643,1136,22-08-2025 15:22,24.44
1644,2333,23-04-2025 07:57,384.61
1645,128,28-01-2026 05:38,165.68
1646,2284,16-09-2025 02:16,772.43
1647,1699,09-07-2026 20:05,193.05
1648,938,14-02-2025 16:01,64.09
1649,2135,21-03-2026 04:32,1682.12
1650,2998,19-06-2025 17:07,980.52
1651,590,21-12-2025 09:46,260.73
1652,1121,10-05-2025 23:46,256.86
1653,4198,23-05-2026 12:43,160.36
1654,2530,13-03-2026 15:53,662.47
1655,4128,14-11-2025 01:18,101.68
1656,670,23-05-2026 22:53,160.04
1657,3168,31-03-2026 07:35,14.69
1658,33,01-03-2025 22:18,158.2
1659,481,03-03-2025 03:13,698.3
1660,2327,26-03-2025 13:55,599.08
1661,1128,26-11-2025 23:10,747.23
1662,2266,29-08-2025 23:30,689.87
1663,3132,25-03-2026 04:48,768.44
1664,3185,21-07-2025 09:04,366.1
1665,2399,17-02-2026 09:43,827.38
1666,2610,20-01-2026 16:37,211.65
1667,126,31-12-2025 20:21,96.28
1668,2065,11-03-2026 17:04,797.81
1669,2889,07-01-2025 05:55,629.67
1670,2844,10-05-2026 10:06,41.91
1671,3256,23-01-2026 21:57,610.76
1672,4109,20-08-2025 21:08,115.13
1673,3178,29-04-2026 14:33,75.36
1674,3710,08-06-2025 06:44,188.22
1675,211,29-03-2025 03:32,422.24
1676,1357,25-07-2026 21:37,87.46
1677,2569,04-01-2026 18:00,123.64
1678,3832,04-09-2025 07:21,543.59
1679,2891,18-01-2025 15:05,80.81
1680,430,21-11-2025 12:53,166.02
1681,2003,20-05-2026 01:25,205.22
1682,4139,29-03-2026 17:53,815.06
1683,319,29-08-2025 01:31,159.92
1684,1709,20-09-2025 20:39,70.34
1685,1138,12-03-2026 11:00,155.5
1686,1684,11-08-2025 10:17,1885.14
1687,3098,30-12-2025 21:48,1121.23
1688,296,09-07-2025 13:56,743.61
1689,4075,07-04-2026 20:25,153.13
1690,1657,23-12-2025 16:37,1556.98
1691,4417,04-05-2026 00:44,2.2
1692,349,16-05-2026 22:26,125.02
1693,2906,17-08-2026 13:52,181.66
1694,3826,22-07-2025 20:29,394.12
1695,2086,28-08-2025 02:00,1006.78
1696,4456,01-06-2026 06:12,613.36
1697,2700,18-03-2026 02:50,100.78
1698,3961,24-02-2026 10:19,719.91
1699,368,16-08-2026 09:29,137.81
1700,2612,14-05-2025 11:27,188.43
1701,1938,28-03-2026 01:39,268
1702,332,15-03-2025 19:19,114.98
1703,4344,27-06-2025 09:13,8.78
1704,3387,25-04-2025 16:26,198.78
1705,3718,30-05-2025 07:33,293.59
1706,3989,06-08-2025 21:26,396.48
1707,4202,07-10-2025 15:58,5.9
1708,2181,07-05-2025 12:24,629.67
1709,4361,24-02-2025 06:34,486.28
1710,117,28-07-2026 17:28,84.68
1711,4015,14-10-2025 12:05,572.39
1712,3612,18-02-2026 09:18,471.52
1713,1112,04-04-2026 20:02,83.24
1714,3343,15-01-2026 00:19,250.04
1715,2604,01-06-2025 08:31,87.69
1716,3857,16-01-2026 17:10,1300.85
1717,2050,09-08-2026 08:12,459.69
1718,4351,23-05-2026 06:31,166.64
1719,1426,10-03-2026 02:54,1110.48
1720,738,11-07-2025 14:46,1638.05
1721,2132,13-07-2026 21:20,8.78
1722,1683,01-08-2025 01:34,607.4
1723,2870,08-12-2025 13:46,510.81
1724,940,18-11-2025 11:07,226.97
1725,2388,14-08-2025 16:23,163.33
1726,3852,01-03-2025 09:08,2729.26
1727,3902,29-12-2025 13:35,108.92
1728,3126,29-07-2025 03:44,93.81
1729,1761,22-03-2026 05:20,250.4
1730,746,29-03-2025 07:33,471.41
1731,3925,06-06-2025 15:30,192.06
1732,1923,20-04-2026 21:03,38.9
1733,825,27-08-2026 10:17,42.66
1734,768,10-09-2025 05:04,1144.17
1735,3160,15-10-2025 19:01,170.8
1736,1448,17-06-2025 02:17,65.77
1737,1462,04-07-2025 03:45,1908.22
1738,2678,28-07-2025 15:27,37.73
1739,650,24-09-2025 12:26,416.51
1740,1478,26-09-2025 15:56,364.3
1741,664,03-06-2026 14:08,47.99
1742,3254,19-02-2026 16:05,1458.66
1743,659,17-06-2025 07:42,2037.15
1744,4433,03-02-2025 20:18,2136.74
1745,506,09-01-2026 23:27,987.94
1746,3761,11-06-2025 21:34,712.6
1747,237,01-10-2025 05:28,1954.24
1748,1484,20-01-2026 14:48,807.7
1749,3824,15-03-2026 15:43,46.43
1750,1165,01-06-2026 11:21,148.49
1751,1745,29-01-2025 19:47,62.87
1752,761,26-07-2025 17:55,10.8
1753,2245,10-01-2026 16:55,396.16
1754,954,21-06-2026 20:49,2051.29
1755,3565,11-08-2025 09:18,77.81
1756,2258,18-06-2026 19:57,575.01
1757,672,17-04-2025 23:32,12.75
1758,3956,09-05-2026 00:51,41.66
1759,4323,29-03-2025 09:16,1020.07
1760,3020,01-01-2026 06:46,598.51
1761,655,02-02-2025 23:58,698.3
1762,4187,29-06-2026 03:42,881.28
1763,3264,14-12-2025 07:59,64.86
1764,1233,28-10-2025 12:04,177.3
1765,2198,28-12-2025 22:28,178.64
1766,1679,10-01-2026 18:49,1291.36
1767,4438,01-07-2026 19:59,377.44
1768,3611,12-03-2026 10:29,1636.93
1769,413,22-04-2025 17:33,706.63
1770,2513,01-09-2026 14:24,735.88
1771,3324,20-02-2026 02:16,167.4
1772,1578,24-08-2025 16:10,623.8
1773,2057,08-01-2025 12:20,144.22
1774,3925,20-01-2025 16:53,903.66
1775,3298,19-04-2026 06:25,46.8
1776,886,16-01-2025 05:40,182.84
1777,4276,16-02-2025 13:01,431.11
1778,4290,13-06-2025 05:43,792.48
1779,3499,26-04-2026 14:35,83.76
1780,4490,06-03-2025 16:42,1785.29
1781,2048,07-01-2025 01:06,490.92
1782,4141,18-05-2026 00:46,244.54
1783,3508,16-03-2025 02:37,77.52
1784,4040,27-07-2025 04:42,399.03
1785,1786,26-07-2026 13:27,698.3
1786,3651,07-03-2026 20:12,119.47
1787,3066,10-12-2025 09:06,9.76
1788,3743,10-12-2025 02:40,91.46
1789,1861,08-07-2025 11:12,704.05
1790,4001,03-04-2026 10:26,12.84
1791,236,04-01-2026 02:46,38.31
1792,48,07-01-2026 08:14,21.48
1793,1373,18-06-2025 06:56,1642.58
1794,2860,17-02-2025 17:28,38.15
1795,611,17-07-2026 15:03,109.92
1796,4397,20-06-2026 03:31,294.18
1797,216,27-12-2025 17:00,76.46
1798,2441,05-09-2025 10:39,449.02
1799,3302,26-08-2025 21:24,5.9
1800,2118,19-05-2025 20:16,76.3
1801,1194,23-01-2025 14:49,1111.96
1802,1928,12-07-2025 00:17,433.03
1803,76,28-02-2026 22:18,285.61
1804,2077,12-05-2025 11:00,149.64
1805,267,01-06-2025 18:27,1162.67
1806,2168,12-03-2026 23:35,546.12
1807,1177,07-11-2025 23:00,13.05
1808,4060,21-10-2025 13:05,2025.46
1809,4197,30-12-2025 22:50,1126.14
1810,535,29-12-2025 22:02,464.59
1811,3379,21-03-2026 21:55,723.69
1812,858,06-03-2025 06:54,12.75
1813,774,12-07-2025 03:14,91.45
1814,824,31-07-2026 12:34,761.4
1815,4433,08-01-2026 05:35,98.1
1816,387,11-06-2025 06:25,490.26
1817,2217,30-05-2026 10:33,942.87
1818,1178,31-01-2025 16:28,1422.94
1819,4368,16-04-2026 18:15,1443.87
1820,2163,06-07-2026 16:08,208.39
1821,2832,18-04-2026 23:58,135.75
1822,3886,16-06-2025 16:56,96.59
1823,2041,01-02-2026 10:32,493.51
1824,1770,24-07-2025 12:35,3523.81
1825,3692,01-01-2026 15:46,795.69
1826,33,05-10-2025 20:39,762.71
1827,4455,05-09-2026 23:01,43.39
1828,2106,15-02-2025 19:30,164.31
1829,2502,28-08-2025 19:56,2100.63
1830,2987,23-05-2025 01:09,344.04
1831,1692,06-08-2026 09:45,91.74
1832,4334,14-04-2026 08:06,375.25
1833,4005,28-02-2026 01:28,211.94
1834,130,09-08-2026 16:11,101.68
1835,2212,03-11-2025 04:16,118.66
1836,3781,20-06-2025 07:36,571.53
1837,1285,13-10-2025 10:06,600.16
1838,2786,14-02-2025 13:27,1496.5
1839,1177,25-07-2026 05:35,20.11
1840,1914,13-02-2025 11:28,652.64
1841,300,26-07-2025 01:05,397.85
1842,3298,07-09-2025 10:46,150.64
1843,2697,14-10-2025 00:44,1898.99
1844,1553,21-03-2026 15:20,251.98
1845,326,03-04-2026 15:41,317.26
1846,3326,12-02-2025 03:33,1020.6
1847,4523,29-12-2025 04:54,1463.64
1848,2258,06-09-2026 02:24,37.96
1849,3668,07-04-2026 09:54,89.88
1850,652,12-01-2026 02:46,527.54
1851,448,02-09-2026 09:52,589.6
1852,749,04-01-2025 22:12,97.48
1853,57,20-09-2025 04:20,160.46
1854,3859,06-09-2025 13:01,131.6
1855,461,08-03-2025 12:32,63.58
1856,4197,01-04-2026 15:10,73.45
1857,2247,31-08-2025 00:41,338.64
1858,1063,02-04-2026 08:16,1500.59
1859,3731,15-05-2025 05:47,713.4
1860,983,24-07-2025 01:20,1397.79
1861,370,04-02-2025 08:14,294.2
1862,745,24-02-2025 04:22,158.24
1863,1189,22-04-2025 08:26,658.98
1864,1568,11-02-2026 15:07,30.62
1865,330,04-04-2026 13:38,652.18
1866,3614,19-02-2025 05:52,2358.94
1867,149,24-02-2025 10:13,333
1868,64,30-05-2025 15:10,350.86
1869,2575,23-02-2026 23:14,1088.03
1870,4180,24-12-2025 07:58,412.05
1871,2451,27-05-2025 18:24,134.97
1872,3835,02-08-2025 22:06,11.8
1873,114,08-12-2025 01:51,47.97
1874,1658,23-08-2026 10:43,246.03
1875,914,06-08-2026 20:47,440.13
1876,3665,18-08-2025 14:37,513.3
1877,1534,11-08-2025 08:06,394.09
1878,664,05-08-2025 07:55,812.79
1879,4474,13-11-2025 06:15,830.46
1880,1432,08-03-2026 20:01,639.5
1881,4081,14-01-2026 18:01,143.18
1882,2370,12-05-2025 15:58,440.5
1883,4035,09-03-2026 09:13,113.56
1884,2823,10-07-2025 10:57,37.94
1885,4481,28-07-2025 22:01,65.24
1886,2277,07-06-2025 07:00,4.86
1887,788,02-10-2025 20:44,236.93
1888,529,02-01-2026 08:35,238.35
1889,2271,06-03-2026 13:34,114.36
1890,1753,20-08-2025 10:31,75.36
1891,59,22-01-2025 08:45,224.07
1892,2252,06-04-2026 05:27,782.19
1893,219,08-01-2025 03:16,38.4
1894,934,29-03-2026 07:45,362.42
1895,326,06-02-2026 08:29,135.71
1896,4432,10-06-2026 22:26,43.39
1897,710,01-01-2026 13:27,354.94
1898,108,28-02-2026 20:15,1072.83
1899,1270,21-11-2025 22:43,698.3
1900,2482,02-08-2025 12:33,1062.29
1901,2749,13-01-2026 06:03,1982.99
1902,1889,11-05-2025 12:25,24.97
1903,3895,26-07-2025 14:16,27.09
1904,2185,04-07-2026 12:05,86.67
1905,658,09-03-2026 03:31,221.9
1906,2497,20-08-2025 09:06,44.25
1907,3697,18-10-2025 08:49,413.93
1908,2749,14-09-2026 08:55,154.54
1909,3944,25-08-2025 02:07,25.95
1910,148,17-07-2026 23:01,1053.53
1911,200,02-06-2026 18:02,14.12
1912,4231,04-07-2025 05:25,319.25
1913,4435,31-03-2026 21:15,318.05
1914,2862,27-07-2025 16:09,290.57
1915,3596,29-03-2025 18:35,37.58
1916,3900,03-04-2025 19:31,424.73
1917,3447,04-06-2025 09:18,747.67
1918,1356,05-04-2025 08:22,77.21
1919,2583,29-06-2026 02:46,295.37
1920,3372,06-07-2026 00:10,19.02
1921,3174,04-11-2025 05:12,1295.65
1922,2698,14-12-2025 23:02,87.4
1923,21,10-04-2025 03:12,2.43
1924,3330,11-12-2025 20:49,21.85
1925,4065,13-05-2025 13:37,101.11
1926,2699,17-04-2026 20:47,431.79
1927,1967,09-02-2025 13:16,473.11
1928,563,22-12-2025 22:29,281.09
1929,3870,08-09-2025 11:19,643.9
1930,2635,05-03-2026 13:49,159.91
1931,4337,03-11-2025 06:29,467.68
1932,3656,21-06-2026 04:19,357.95
1933,824,14-03-2026 11:25,235.86
1934,31,20-10-2025 00:08,89.68
1935,3363,08-12-2025 12:11,160.37
1936,4191,23-09-2025 20:09,780.73
1937,710,27-04-2025 23:41,194.26
1938,2994,05-09-2026 16:20,175.91
1939,2505,12-08-2026 15:29,2219.99
1940,1504,29-05-2026 15:48,223.11
1941,2296,15-07-2025 23:08,90.89
1942,662,21-08-2025 22:00,854.87
1943,1129,06-06-2026 05:13,1137.49
1944,1179,12-08-2025 18:15,822.6
1945,1368,27-06-2026 17:13,473.92
1946,2178,06-06-2025 06:46,3165.83
1947,2796,24-04-2026 20:51,85.4
1948,757,17-05-2025 05:07,2168.67
1949,4504,13-03-2026 01:49,136.55
1950,1959,27-09-2025 17:25,101.53
1951,272,28-03-2026 00:52,314.71
1952,3391,11-08-2026 21:32,522.99
1953,207,31-01-2025 23:39,399.46
1954,2748,26-08-2025 05:40,12.75
1955,724,14-07-2026 09:58,488.43
1956,2216,26-06-2026 05:03,751.5
1957,2123,29-04-2026 16:54,125.02
1958,2237,30-11-2025 16:14,2786.94
1959,1541,23-09-2025 21:09,117.46
1960,1626,07-07-2025 02:20,85.4
1961,75,25-12-2025 17:19,67.56
1962,4088,20-04-2026 16:43,259.57
1963,2320,13-02-2025 16:16,44.15
1964,2633,03-05-2026 13:04,634.03
1965,492,28-06-2026 16:57,130.19
1966,4488,27-02-2026 12:59,60.48
1967,2133,05-07-2025 00:17,587.06
1968,1429,20-05-2025 02:01,139.09
1969,3014,08-03-2025 23:44,99.58
1970,2458,16-01-2025 21:37,581.66
1971,486,05-07-2025 00:54,1405.32
1972,2798,30-04-2025 02:17,1474.82
1973,3054,02-07-2025 05:49,51.04
1974,4034,27-03-2025 04:39,1680.67
1975,3828,24-11-2025 05:03,410.11
1976,2629,23-06-2025 04:42,120.9
1977,1149,13-01-2026 03:34,836.46
1978,1102,26-03-2026 13:48,1106.72
1979,1270,20-06-2025 13:53,40.16
1980,3057,26-05-2026 15:22,179.67
1981,2064,06-04-2025 10:24,318.67
1982,889,04-08-2026 09:39,257.66
1983,4468,14-01-2025 13:34,121.55
1984,3015,19-04-2026 21:38,363.78
1985,1680,11-02-2026 08:07,124.42
1986,3168,26-01-2026 16:55,320.74
1987,2317,08-07-2025 01:26,1380.49
1988,4105,06-07-2026 14:06,485.59
1989,2957,08-04-2025 11:34,100.81
1990,3559,17-08-2026 10:07,42.42
1991,128,05-09-2025 12:07,1604.7
1992,564,30-04-2026 19:36,18.85
1993,2655,14-06-2025 09:36,367.26
1994,3878,08-05-2026 10:24,25.68
1995,610,11-01-2026 14:07,89.13
1996,3648,20-02-2026 01:57,181.14
1997,724,28-07-2026 04:00,47.66
1998,4282,26-05-2026 10:24,120.55
1999,762,10-09-2026 23:35,34.62
2000,303,02-04-2026 06:32,122.82
2001,1882,11-02-2025 13:16,264.35
2002,1392,21-07-2026 07:49,22.21
2003,1197,14-05-2025 02:18,159.55
2004,800,07-06-2026 20:30,22.93
2005,964,10-03-2025 07:56,163.92
2006,2579,01-07-2026 14:13,1156.7
2007,321,13-06-2026 06:03,38.48
2008,2721,17-03-2025 17:35,88.34
2009,2627,03-12-2025 06:37,144.62
2010,1567,31-12-2025 07:33,503.23
2011,1434,31-10-2025 05:30,61.19
2012,1175,28-01-2025 10:29,336.98
2013,3661,01-04-2025 13:13,180.78
2014,1722,30-01-2025 20:38,435.2
2015,558,01-12-2025 21:37,288.3
2016,3918,21-03-2026 00:33,14.68
2017,752,14-08-2026 07:04,884.96
2018,238,05-08-2026 11:17,200.99
2019,39,20-01-2025 11:53,1326.62
2020,969,12-06-2025 07:22,207.46
2021,4250,20-07-2025 07:35,41
2022,3379,10-02-2025 06:47,118.32
2023,4438,17-05-2026 01:28,35.46
2024,2019,09-05-2026 17:23,131.11
2025,3056,12-03-2026 17:51,506.99
2026,2963,10-05-2025 22:20,341.99
2027,1834,17-05-2026 04:13,675.02
2028,1085,04-04-2025 05:51,179.62
2029,4277,26-06-2025 18:20,24.44
2030,3021,21-07-2025 23:33,838.8
2031,1787,19-08-2026 01:45,46.85
2032,3839,08-07-2025 08:02,230.14
2033,1261,24-11-2025 04:59,48.43
2034,1693,18-01-2026 00:32,23.32
2035,2845,12-02-2026 09:13,749.43
2036,3850,10-03-2026 03:37,936.57
2037,197,06-07-2025 07:11,515.47
2038,1633,10-02-2025 16:16,29.14
2039,1484,20-07-2026 05:43,917.5
2040,1150,10-04-2025 23:48,47.35
2041,4395,04-01-2026 15:12,587.86
2042,2442,06-05-2025 02:45,288.91
2043,1819,11-04-2025 06:57,128.64
2044,3344,06-04-2026 07:38,47.74
2045,1296,02-08-2026 13:00,392.69
2046,2014,02-01-2026 02:28,759.47
2047,4166,15-12-2025 01:38,545.29
2048,3478,01-09-2025 00:05,270.48
2049,1196,02-05-2025 01:48,326.35
2050,4445,03-06-2026 21:07,1079.2
2051,2824,16-06-2026 16:56,79.76
2052,1169,20-03-2026 04:27,130.44
2053,38,04-05-2026 12:08,784.41
2054,2101,17-03-2025 14:02,377.12
2055,382,18-11-2025 05:17,34.06
2056,2678,29-05-2025 16:03,28.72
2057,559,11-03-2025 13:59,185.14
2058,4292,05-04-2025 20:43,28.72
2059,2146,16-02-2026 09:39,67.56
2060,3599,04-08-2025 19:48,336.04
2061,2455,11-06-2025 02:31,667.44
2062,2806,10-08-2026 16:34,159.3
2063,4467,11-07-2026 05:16,169
2064,1068,20-10-2025 00:17,462.68
2065,4446,16-11-2025 18:23,185.51
2066,2504,31-08-2025 08:25,147.71
2067,2517,22-05-2026 03:31,173.53
2068,1251,27-08-2026 00:31,614.29
2069,4506,13-02-2025 03:06,84.29
2070,2022,23-09-2025 07:50,108.22
2071,1957,01-06-2026 11:13,45.81
2072,4385,13-11-2025 09:48,441.53
2073,3554,12-03-2025 21:07,41.91
2074,4188,19-06-2026 03:23,393.21
2075,858,30-09-2025 06:59,1717.62
2076,3845,08-01-2026 17:59,928.58
2077,401,05-03-2025 00:55,369.28
2078,2059,25-05-2025 08:21,257.47
2079,600,06-08-2025 18:43,257.87
2080,3339,20-07-2025 17:14,1473.96
2081,4252,15-11-2025 06:25,143.4
2082,87,25-09-2025 06:56,711.91
2083,2681,04-01-2025 20:06,238.61
2084,134,24-01-2025 10:00,252.06
2085,2608,15-05-2025 03:22,78.59
2086,4207,20-05-2025 17:34,1844.36
2087,1353,16-05-2026 00:33,282.64
2088,690,29-08-2026 18:26,44.76
2089,1058,06-01-2026 23:33,103.34
2090,4231,19-07-2025 17:11,289.55
2091,2067,02-12-2025 17:04,1389.71
2092,1562,30-01-2026 16:10,88.52
2093,365,18-05-2026 06:30,74.05
2094,1056,21-06-2025 15:38,1288.71
2095,1230,04-01-2026 16:05,118.19
2096,3499,07-07-2026 14:31,459.12
2097,3887,09-11-2025 18:53,499.77
2098,2987,20-06-2026 09:53,183.25
2099,1631,20-01-2025 11:19,194.22
2100,1626,01-05-2025 13:51,136.17
2101,2480,16-04-2025 12:38,126.96
2102,2195,11-05-2026 23:06,234.48
2103,3817,22-01-2025 22:03,384.12
2104,77,12-09-2025 00:29,889.19
2105,1663,20-04-2026 12:31,761.88
2106,2728,16-02-2025 15:12,196.71
2107,1452,26-02-2026 14:13,25.1
2108,584,04-02-2025 19:27,53.04
2109,3379,28-02-2025 11:20,25.95
2110,2229,28-07-2026 14:20,11.8
2111,226,15-01-2025 00:53,1055.82
2112,4389,19-02-2026 17:43,391.75
2113,2625,15-06-2025 09:59,13.13
2114,2946,04-08-2026 08:02,64
2115,2315,21-08-2025 05:36,280.91
2116,618,24-07-2025 08:42,91.09
2117,2755,31-08-2025 10:39,759.63
2118,4357,23-09-2025 23:34,353.27
2119,977,19-07-2026 18:15,190.32
2120,2330,16-07-2025 14:05,182.95
2121,4463,03-10-2025 01:43,1496.65
2122,4520,07-08-2025 01:07,320.29
2123,3965,18-10-2025 15:07,818.55
2124,2144,06-02-2026 10:49,334.88
2125,367,29-09-2025 15:41,288.77
2126,2582,26-11-2025 03:33,643.93
2127,2112,25-12-2025 22:54,520.13
2128,1347,09-11-2025 19:24,85.4
2129,3135,27-05-2026 10:30,337.51
2130,2684,16-07-2025 21:40,605.24
2131,1108,24-05-2025 22:47,448.43
2132,1730,19-11-2025 22:25,621.68
2133,1528,29-08-2026 18:17,1282.84
2134,2890,01-07-2025 09:25,36.29
2135,1877,16-07-2026 16:29,21.85
2136,4459,08-06-2025 21:44,1861.41
2137,3297,20-02-2026 14:51,371.02
2138,3234,23-08-2025 21:59,99.97
2139,864,26-07-2026 15:14,116.71
2140,4074,15-06-2025 09:51,22.38
2141,3516,04-07-2026 03:59,530.77
2142,1582,30-01-2025 10:58,191.36
2143,1389,11-04-2025 17:26,302.64
2144,980,07-05-2025 12:18,179.34
2145,1361,31-07-2025 20:10,405.68
2146,4089,09-11-2025 15:19,154.31
2147,4187,24-02-2026 07:03,82
2148,4465,12-01-2026 09:00,565.26
2149,530,09-04-2025 08:09,37.96
2150,1693,10-11-2025 22:16,85.4
2151,330,02-08-2025 05:47,1278.13
2152,2776,24-11-2025 09:38,662.28
2153,3460,05-02-2025 02:31,824.94
2154,1387,11-12-2025 06:09,213.31
2155,1755,04-03-2025 16:42,922.83
2156,4465,24-01-2026 00:57,440.59
2157,3178,18-10-2025 10:56,859.45
2158,1151,17-05-2026 03:37,810.38
2159,2400,18-03-2025 04:06,165.43
2160,1426,24-04-2026 21:55,16.93
2161,1561,25-09-2025 13:23,93.69
2162,1976,12-04-2025 19:23,4446.55
2163,585,15-02-2025 13:37,734.31
2164,4033,07-07-2025 09:46,1359.66
2165,2210,10-11-2025 19:03,1036.97
2166,3540,11-06-2025 02:30,56.23
2167,920,24-02-2025 18:39,812.75
2168,3827,13-03-2026 15:14,57.44
2169,4228,14-03-2025 11:45,145.22
2170,2084,20-01-2026 09:02,366.98
2171,1143,18-08-2026 13:12,414.59
2172,930,29-09-2025 10:35,409.52
2173,1414,01-02-2025 01:24,143.65
2174,369,09-02-2025 23:53,172.6
2175,4481,04-09-2026 15:09,110.68
2176,3417,05-01-2025 00:45,3443.73
2177,316,29-04-2026 12:03,143.72
2178,1200,19-06-2025 04:01,629.67
2179,3958,21-02-2026 15:56,176.38
2180,1520,21-10-2025 09:45,244.91
2181,323,02-01-2026 14:44,125.02
2182,3990,07-12-2025 02:20,95.13
2183,389,13-01-2025 09:37,373.28
2184,4145,23-05-2025 22:43,175.59
2185,2259,19-02-2026 06:50,680.85
2186,4188,05-08-2025 02:15,241.19
2187,3740,16-08-2026 16:51,729.32
2188,1231,01-03-2026 11:55,467.76
2189,1242,18-05-2025 13:23,1436.56
2190,2417,27-07-2025 08:22,1812.56
2191,321,12-06-2026 19:21,733.38
2192,4036,26-04-2026 04:03,2648.22
2193,626,05-06-2025 21:46,618.54
2194,913,20-08-2026 14:15,389.36
2195,3416,26-11-2025 14:04,1840.74
2196,318,20-06-2025 16:25,81.12
2197,1801,05-06-2025 15:23,117.24
2198,1845,28-07-2025 15:55,231.21
2199,4076,09-10-2025 13:25,19.42
2200,2444,16-02-2026 13:24,1169.51
2201,4333,15-08-2025 13:19,906.44
2202,3307,06-05-2026 01:19,962.25
2203,28,06-09-2025 05:52,254.63
2204,947,18-03-2026 16:30,159.5
2205,2881,15-02-2025 16:09,154.38
2206,3669,27-11-2025 19:35,729.39
2207,3135,06-08-2025 09:50,32.12
2208,624,25-07-2025 06:56,336.5
2209,2035,13-08-2025 16:22,299.02
2210,1637,10-06-2025 10:17,24.74
2211,916,09-04-2025 04:31,71.13
2212,4032,08-04-2026 15:17,83.32
2213,3308,06-05-2025 10:09,132.81
2214,2387,26-04-2026 16:22,3.5
2215,194,19-11-2025 06:31,1902.44
2216,4222,18-01-2025 12:06,490.32
2217,845,09-07-2026 02:44,437.42
2218,2578,07-03-2026 04:09,26.27
2219,2957,13-11-2025 04:15,154.85
2220,279,26-12-2025 20:54,790.12
2221,1829,01-06-2026 13:08,130.77
2222,3807,27-09-2025 23:17,369.64
2223,2757,10-07-2026 10:04,110.31
2224,3442,11-07-2025 21:19,528.93
2225,4092,29-09-2025 19:29,748.9
2226,3690,25-08-2026 12:48,75.58
2227,339,26-05-2025 12:45,243.91
2228,1471,01-05-2026 06:28,927.83
2229,3215,29-11-2025 16:38,492.67
2230,957,22-02-2025 15:43,620.03
2231,1536,28-08-2025 00:12,852.71
2232,269,19-03-2025 23:33,136.83
2233,1177,01-06-2026 21:47,212.39
2234,1621,17-04-2025 21:58,104.56
2235,3101,21-08-2025 06:23,928.19
2236,1178,07-02-2025 13:53,973.76
2237,1299,01-05-2025 22:40,66.6
2238,2913,04-06-2026 07:00,1189.84
2239,1971,03-06-2025 18:41,39.48
2240,389,07-09-2026 05:04,631.35
2241,3275,12-07-2026 16:48,479.1
2242,853,04-02-2026 08:53,969.38
2243,3728,05-10-2025 14:57,1618.43
2244,3585,27-02-2025 03:45,1515.61
2245,2014,31-05-2025 16:44,836.73
2246,3109,11-01-2026 01:12,729.91
2247,1104,13-01-2025 00:50,335.87
2248,3652,26-03-2025 02:03,2761.86
2249,735,07-02-2026 17:08,312.92
2250,3955,14-08-2026 14:52,258.98
2251,2447,29-03-2025 05:02,435.85
2252,2771,13-03-2025 14:30,103.72
2253,197,21-02-2026 16:25,95.69
2254,2580,13-09-2026 02:36,36.66
2255,3077,04-02-2025 15:13,224.73
2256,3798,25-08-2026 01:23,104.99
2257,3678,13-09-2026 04:44,1536.69
2258,2416,28-06-2025 02:03,43.23
2259,479,17-06-2025 12:22,490.31
2260,1809,21-11-2025 16:25,206.62
2261,3443,03-02-2026 22:01,137.73
2262,936,16-04-2026 18:26,929.41
2263,2235,20-02-2026 12:55,371.69
2264,2862,21-03-2026 12:11,618.12
2265,3868,12-01-2025 04:54,1234.81
2266,2060,14-09-2026 03:26,576.62
2267,159,29-04-2026 19:55,24.52
2268,2912,15-12-2025 12:55,112.69
2269,2372,16-02-2026 12:25,49.98
2270,3993,15-06-2026 03:07,87.69
2271,818,23-07-2026 13:49,108.72
2272,1683,15-02-2025 08:59,124.54
2273,711,18-02-2025 19:11,1968.53
2274,4136,15-01-2025 07:08,717.2
2275,668,04-09-2026 13:41,621.65
2276,3358,13-04-2026 21:12,347.39
2277,3572,15-10-2025 01:13,28.03
2278,2156,09-05-2025 00:53,254.6
2279,4249,06-05-2025 02:17,716.15
2280,4098,03-07-2026 17:54,649.54
2281,679,29-03-2026 23:01,17.42
2282,91,07-09-2026 00:43,1333.08
2283,4326,16-06-2025 08:12,777.34
2284,3316,16-05-2025 16:18,1855.8
2285,1415,21-03-2025 02:39,215.11
2286,3376,12-03-2026 21:57,579.39
2287,4062,04-01-2025 14:34,135.12
2288,151,16-06-2025 19:33,278.76
2289,1336,03-08-2025 10:48,171.71
2290,3327,27-04-2025 22:22,789.91
2291,4124,31-03-2026 14:40,738.68
2292,4024,09-03-2026 05:38,53.58
2293,1229,31-12-2025 04:21,78.05
2294,169,05-02-2025 16:29,28.72
2295,3837,16-07-2025 10:10,67.56
2296,4354,08-06-2025 13:08,194.96
2297,3628,13-02-2025 05:16,195
2298,2633,16-02-2025 23:49,119.27
2299,3607,08-07-2025 16:51,1162.89
2300,3595,26-03-2026 09:23,85.24
2301,4362,30-07-2025 23:47,517.24
2302,4312,30-12-2025 12:37,25.68
2303,1189,03-03-2025 16:28,579.05
2304,4288,03-09-2026 00:54,364.55
2305,2964,11-11-2025 09:58,299.5
2306,2707,30-05-2026 02:59,506.28
2307,1348,02-07-2026 05:46,163.46
2308,929,28-08-2026 17:34,172.82
2309,2118,10-11-2025 12:56,59.97
2310,1271,10-02-2025 13:49,179.2
2311,2112,06-02-2025 04:02,918.93
2312,4206,14-03-2025 18:00,162.07
2313,1150,08-01-2026 14:07,94.03
2314,3955,01-09-2025 23:10,246.78
2315,2260,08-09-2025 12:50,146.11
2316,2544,10-09-2025 20:09,229.78
2317,4447,20-05-2026 11:54,994.88
2318,118,09-03-2026 07:19,38.15
2319,2836,15-08-2025 13:57,43.39
2320,3342,22-03-2026 16:41,796.15
2321,2739,01-12-2025 05:45,347.76
2322,810,24-02-2026 20:30,782.51
2323,3490,29-10-2025 20:19,111.21
2324,2678,19-07-2026 17:03,2121.12
2325,114,28-02-2026 00:08,230.25
2326,707,27-12-2025 19:08,3949.84
2327,4024,09-08-2025 18:07,764.91
2328,3656,07-01-2025 11:42,422.7
2329,759,21-03-2025 02:49,151.63
2330,2929,08-04-2026 00:22,1097.93
2331,435,17-10-2025 04:40,13.05
2332,822,12-05-2026 14:08,832.35
2333,3016,07-01-2026 03:44,67.14
2334,3134,25-05-2026 02:44,77.85
2335,2325,03-07-2026 00:18,60.11
2336,590,10-06-2026 11:13,911.57
2337,3918,25-06-2025 18:33,420.69
2338,4429,04-10-2025 05:47,277.66
2339,359,03-05-2025 01:53,88
2340,1513,03-05-2026 11:19,37.96
2341,4508,14-02-2026 01:41,1496.46
2342,1712,06-02-2025 13:16,235.72
2343,3335,12-07-2025 15:12,1968.57
2344,346,29-11-2025 14:32,189.72
2345,3358,21-07-2025 05:08,197.09
2346,1644,28-02-2025 07:27,79.37
2347,858,30-04-2026 16:49,386.27
2348,1756,26-01-2026 19:43,548.39
2349,3493,15-07-2026 23:39,40.04
2350,1167,16-07-2026 09:15,722.04
2351,2832,10-04-2025 11:04,656.17
2352,1919,28-07-2026 02:09,236.66
2353,525,25-08-2026 11:46,139.65
2354,3198,17-07-2026 21:06,306.28
2355,2729,21-02-2025 10:42,43.39
2356,3124,23-05-2025 14:56,392.67
2357,1341,22-05-2026 08:32,187.57
2358,1408,13-06-2026 12:07,765.4
2359,268,20-03-2025 06:53,454.74
2360,1559,07-09-2026 21:04,32
2361,3603,12-09-2026 23:53,1432.25
2362,791,27-12-2025 11:15,9.76
2363,2923,17-02-2026 12:55,69.99
2364,614,18-02-2026 19:47,834.28
2365,1094,20-03-2025 14:50,199.88
2366,2953,29-08-2025 10:37,52.88
2367,2576,05-05-2025 08:27,352.75
2368,3198,21-07-2025 09:55,197.08
2369,2931,25-05-2025 19:04,1104.93
2370,77,12-03-2026 12:48,3.2
2371,335,06-01-2026 18:46,61.44
2372,2361,20-01-2026 06:53,1473.52
2373,2238,29-06-2026 16:34,75.33
2374,3014,08-12-2025 12:59,89.44
2375,11,06-12-2025 08:35,3.5
2376,2928,18-09-2025 10:41,479.16
2377,1408,04-08-2025 06:42,1316.78
2378,1923,13-02-2026 03:53,7.62
2379,2019,22-03-2026 16:52,380.9
2380,3272,26-07-2025 05:29,79.53
2381,1884,27-08-2026 18:34,788.95
2382,867,19-03-2026 00:13,386.89
2383,1099,31-07-2026 06:32,143.39
2384,3348,10-01-2026 22:48,1214.22
2385,656,28-12-2025 17:53,130.23
2386,2540,25-04-2026 09:30,21.85
2387,1819,04-10-2025 17:28,893.24
2388,2682,22-10-2025 08:00,461.86
2389,803,28-06-2026 12:28,1474.93
2390,4456,26-03-2025 15:28,19.02
2391,1174,25-05-2025 11:09,739.99
2392,3194,13-01-2025 03:05,1012.43
2393,4109,27-04-2026 10:09,870.03
2394,1227,08-02-2025 18:22,512.69
2395,434,26-02-2025 03:57,755.06
2396,4433,09-01-2026 00:49,5.63
2397,3643,22-05-2026 09:28,385.66
2398,2923,30-04-2026 06:46,133.94
2399,4295,09-04-2026 18:32,111.75
2400,1957,05-08-2025 08:37,151.66
2401,3135,23-06-2025 08:32,814.66
2402,2970,06-08-2026 10:15,734.85
2403,3808,04-07-2026 11:25,34.75
2404,997,06-11-2025 06:08,430.58
2405,1184,01-08-2025 02:55,156.46
2406,561,17-02-2026 05:58,180.23
2407,4331,03-11-2025 10:10,33.81
2408,429,06-08-2026 18:26,1549.36
2409,299,18-08-2025 09:48,191.67
2410,3337,02-12-2025 10:24,20.11
2411,2800,18-12-2025 09:36,4.86
2412,2219,29-03-2025 07:50,373.28
2413,834,26-10-2025 17:29,225.7
2414,4104,15-10-2025 19:54,1065.95
2415,3563,18-04-2026 10:23,135.18
2416,2097,16-06-2026 05:30,1916.62
2417,4099,26-03-2025 17:07,183.1
2418,2427,28-05-2025 05:10,369.53
2419,374,29-03-2025 18:37,38.15
2420,641,08-10-2025 13:50,560.21
2421,3046,29-10-2025 15:45,28.03
2422,2566,13-09-2026 05:45,72.13
2423,704,28-12-2025 13:53,3261.57
2424,41,24-07-2026 18:17,117.02
2425,3512,14-04-2025 08:37,87.67
2426,1662,03-08-2026 12:54,119.86
2427,3232,22-11-2025 02:18,99.98
2428,4137,27-08-2025 22:40,816.6
2429,4332,09-04-2026 15:11,145.13
2430,1752,04-01-2026 19:12,992.14
2431,562,09-02-2026 06:13,696.12
2432,605,22-08-2026 11:26,3007.21
2433,2281,27-05-2025 15:15,1444.53
2434,4101,31-01-2026 12:54,199.6
2435,3903,16-01-2026 19:52,92.45
2436,3590,18-01-2025 12:10,199.85
2437,44,13-09-2025 13:24,703.08
2438,353,09-05-2025 13:29,126.76
2439,3782,11-07-2025 09:52,515.36
2440,4154,13-02-2026 16:38,3263.42
2441,4093,12-06-2026 02:19,192.06
2442,1531,26-03-2026 03:25,711.72
2443,3110,08-02-2025 13:14,2104.86
2444,1047,04-06-2026 10:15,462.77
2445,2268,22-05-2025 18:55,1155.82
2446,3791,29-10-2025 15:06,33.65
2447,324,12-05-2026 07:55,136.83
2448,2758,04-04-2026 21:35,110.04
2449,2309,02-02-2025 18:39,1334.85
2450,3156,17-12-2025 18:29,66.92
2451,2695,24-05-2026 15:53,128.7
2452,3951,26-06-2025 02:05,175.82
2453,4521,16-04-2026 12:25,493.28
2454,1683,13-08-2026 08:47,15.24
2455,11,05-04-2025 16:56,760.14
2456,3433,03-03-2025 10:02,355.21
2457,2226,09-01-2026 14:15,651.24
2458,2556,24-03-2026 18:22,672.92
2459,1473,30-04-2026 14:00,980.23
2460,1008,16-02-2026 11:57,212.71
2461,1272,24-07-2026 22:04,346.16
2462,3349,01-06-2025 08:58,423.22
2463,3868,13-04-2026 06:03,658.59
2464,450,16-08-2025 04:15,30.19
2465,2389,31-12-2025 14:44,361.56
2466,97,06-04-2026 20:45,182.11
2467,3500,27-06-2025 12:59,122.74
2468,1141,30-03-2025 11:59,715.17
2469,4181,13-04-2026 00:57,104.22
2470,3278,14-07-2025 09:21,2042.55
2471,1135,01-11-2025 08:25,50
2472,2708,14-09-2026 19:20,317.61
2473,428,15-08-2025 02:02,2420.37
2474,2069,15-05-2025 13:43,1090.75
2475,1783,09-12-2025 15:23,110.19
2476,783,09-02-2025 14:19,170.53
2477,1812,11-09-2026 22:41,1277.87
2478,1345,13-09-2025 12:55,153.09
2479,3868,06-08-2025 02:21,37.43
2480,376,17-07-2025 04:27,215.34
2481,159,24-03-2025 16:11,10.57
2482,1429,12-05-2026 11:55,3862.91
2483,2014,26-05-2026 13:04,783.82
2484,3474,01-09-2026 06:35,93
2485,3296,04-05-2025 03:27,397.35
2486,334,20-10-2025 20:07,612.26
2487,1211,01-10-2025 23:18,31.15
2488,3675,10-01-2025 05:30,412.84
2489,1239,18-05-2025 15:26,338.85
2490,4036,26-09-2025 16:19,337.51
2491,3780,18-02-2026 14:28,876.28
2492,120,20-12-2025 20:50,17.56
2493,235,10-05-2026 07:46,29.98
2494,1282,14-07-2026 20:55,806.31
2495,4225,09-02-2026 01:32,373.37
2496,2175,12-08-2025 02:30,208.23
2497,3130,02-09-2026 14:55,39.33
2498,3143,21-01-2026 05:47,487.02
2499,3236,23-02-2025 12:23,72.68
2500,145,30-03-2025 09:43,450.23
2501,2238,19-07-2025 18:21,268.63
2502,1577,25-05-2025 13:51,641.7
2503,1968,28-07-2025 21:02,2.95
2504,2900,25-04-2025 08:11,38.15
2505,3203,02-12-2025 07:12,288.95
2506,547,24-06-2025 22:40,143.07
2507,2265,12-09-2025 19:50,126.02
2508,3776,12-05-2026 19:52,349.01
2509,421,21-12-2025 02:31,1028.14
2510,1027,11-04-2025 00:17,122.78
2511,3144,12-11-2025 22:27,810.37
2512,1347,13-02-2026 11:58,339.71
2513,3695,21-01-2026 18:15,170.69
2514,2865,14-09-2026 05:49,112.8
2515,3589,31-05-2025 10:20,230.78
2516,3874,02-09-2025 05:40,1636.53
2517,2058,30-10-2025 23:17,1712.52
2518,2663,25-04-2026 08:26,1553.5
2519,1382,11-08-2025 22:53,1372.88
2520,1760,03-02-2026 13:37,337.51
2521,823,24-03-2025 13:10,70.94
2522,2369,26-03-2025 03:40,11.19
2523,2069,22-05-2025 06:02,253.09
2524,4105,16-08-2025 17:28,237.41
2525,3204,10-05-2025 07:01,128.7
2526,3903,13-04-2026 03:18,60.46
2527,2035,15-08-2026 13:47,33.81
2528,3975,13-06-2026 21:27,658.62
2529,3413,21-09-2025 00:47,95.84
2530,760,02-06-2026 05:55,2711.51
2531,1558,02-02-2025 02:02,1142.13
2532,2700,12-02-2026 19:54,310.27
2533,1344,01-01-2025 02:08,294.62
2534,4529,13-04-2026 09:37,219.56
2535,3231,13-05-2026 00:52,275.39
2536,1403,26-04-2026 20:01,115.88
2537,1020,22-06-2025 02:45,610.63
2538,2930,01-12-2025 19:06,1815.06
2539,2497,04-03-2025 20:55,326.44
2540,156,12-03-2025 11:11,77.84
2541,680,05-07-2025 21:28,2198.54
2542,2537,04-01-2025 17:07,504.47
2543,3825,03-12-2025 21:09,344.94
2544,1916,19-11-2025 18:48,806.91
2545,2714,17-09-2025 11:24,59.69
2546,3991,25-07-2026 09:51,144.26
2547,3943,17-07-2025 18:24,1292.47
2548,4130,01-01-2025 00:46,30.4
2549,3902,24-02-2025 06:38,171.3
2550,4220,12-03-2025 20:11,183.1
2551,2431,02-05-2026 04:15,97.86
2552,4140,18-08-2026 13:34,253.27
2553,792,26-09-2025 18:26,997.42
2554,3137,03-07-2025 08:02,28.72
2555,212,20-12-2025 10:51,302.14
2556,4133,22-10-2025 23:13,587.28
2557,56,18-03-2026 01:27,213.3
2558,669,28-05-2025 05:34,225.17
2559,1504,21-02-2026 05:40,1017.55
2560,610,14-03-2026 13:07,31
2561,1466,10-04-2025 21:40,164.78
2562,60,24-06-2025 06:03,151.58
2563,966,26-11-2025 23:00,56.04
2564,1865,29-04-2026 14:38,234.48
2565,2943,08-04-2026 09:22,1119.8
2566,3078,15-07-2026 22:04,1439.99
2567,1994,31-10-2025 12:39,40.22
2568,2815,01-09-2025 09:06,549.84
2569,4366,15-01-2026 13:16,1045.77
2570,4177,20-11-2025 09:36,171.25
2571,1896,21-03-2025 07:53,349.77
2572,539,01-08-2025 03:31,245.4
2573,4105,11-01-2025 06:43,18.53
2574,2686,13-07-2026 23:19,819.79
2575,668,16-01-2026 13:01,899.32
2576,2944,05-09-2025 10:15,92.13
2577,4060,07-06-2025 04:31,2124.54
2578,2038,06-12-2025 22:58,512.32
2579,1928,06-08-2026 08:26,460.51
2580,2215,06-08-2026 12:12,261.87
2581,4202,28-12-2025 22:14,192.01
2582,2158,24-03-2026 13:17,125.02
2583,1652,29-08-2025 00:08,127.98
2584,3526,11-05-2025 20:24,508.33
2585,2816,20-02-2026 10:33,75.15
2586,2211,10-04-2026 20:57,253.33
2587,620,20-02-2026 01:18,360.57
2588,3173,12-05-2025 01:06,1386.69
2589,3368,11-10-2025 11:35,841.18
2590,1008,22-06-2025 15:04,237.17
2591,3749,14-06-2025 01:36,91.88
2592,1772,01-08-2025 16:14,1345.25
2593,2313,16-05-2026 11:29,529.45
2594,1985,17-12-2025 20:54,670.47
2595,3826,30-10-2025 16:12,125.02
2596,1375,13-05-2026 14:59,2353.36
2597,122,05-06-2026 03:31,388.35
2598,960,28-02-2026 20:56,3.5
2599,907,28-09-2025 21:13,20.85
2600,3360,16-01-2026 07:33,476.95
2601,873,17-08-2026 03:37,300.4
2602,4467,14-06-2025 23:17,58.08
2603,4411,17-06-2026 01:02,664.19
2604,1223,21-02-2026 11:58,42.82
2605,3148,15-01-2026 13:45,380.48
2606,2003,23-01-2026 14:15,818.53
2607,600,10-04-2025 09:56,331.56
2608,941,30-04-2025 13:18,11.5
2609,971,18-10-2025 02:48,165.93
2610,1284,10-08-2026 09:50,123.9
2611,2631,02-12-2025 09:54,872.25
2612,4449,25-02-2025 02:07,10.18
2613,263,03-01-2026 07:32,99.78
2614,2765,18-06-2026 08:53,1043.23
2615,2015,05-02-2025 21:45,150.33
2616,4198,06-09-2026 16:21,304.13
2617,3724,17-06-2026 23:11,40.91
2618,766,01-08-2025 13:45,2038.82
2619,3420,01-04-2025 01:07,15.57
2620,1446,31-07-2026 07:03,313.47
2621,354,13-11-2025 12:16,332.41
2622,3916,17-09-2025 08:44,119.2
2623,1747,15-05-2025 00:13,87.16
2624,2,21-02-2025 14:11,225.08
2625,3443,27-11-2025 17:58,16.93
2626,332,22-02-2026 16:25,1248.35
2627,1067,14-06-2026 22:13,10.18
2628,3833,19-12-2025 03:01,11.19
2629,880,26-06-2026 01:36,81.26
2630,1029,06-08-2026 06:26,283.29
2631,939,31-05-2026 04:59,137.07
2632,4272,14-10-2025 23:16,85.51
2633,3806,29-03-2025 03:33,1375.77
2634,2478,03-08-2025 06:30,242.04
2635,2296,11-02-2026 06:00,602.66
2636,1408,11-03-2025 10:40,348.67
2637,2869,30-05-2026 21:56,146.58
2638,3860,10-08-2025 16:22,21.29
2639,3711,03-01-2025 11:31,43.7
2640,2838,01-04-2026 11:37,295.66
2641,4522,19-01-2026 21:45,1494.94
2642,2540,13-07-2026 03:20,688.19
2643,2173,01-01-2025 18:32,81.58
2644,3960,09-04-2025 08:24,85.24
2645,2744,24-05-2025 03:23,156.5
2646,1841,15-06-2025 12:17,394.08
2647,408,01-02-2026 21:30,543.05
2648,1393,14-08-2025 13:57,696.87
2649,3422,28-02-2025 22:10,28.03
2650,3308,05-07-2026 01:15,588.19
2651,2522,30-04-2026 06:43,443.68
2652,1633,21-04-2025 11:04,260.22
2653,3660,15-02-2026 08:48,783.6
2654,3531,23-05-2026 01:12,401.71
2655,1074,10-12-2025 08:21,773.75
2656,1458,03-08-2025 15:20,50.84
2657,2555,02-01-2026 06:53,987.07
2658,1358,25-12-2025 21:05,1260.06
2659,2362,13-01-2025 03:38,141.11
2660,3397,22-06-2026 04:50,194.85
2661,3820,15-12-2025 11:13,243.26
2662,1061,13-12-2025 23:34,32
2663,4394,11-03-2026 05:28,343.76
2664,1058,14-09-2025 00:04,239.2
2665,3983,14-08-2026 13:43,104.28
2666,224,16-11-2025 14:48,451.35
2667,52,20-04-2025 02:10,24.43
2668,3967,24-06-2026 14:52,633.76
2669,4174,21-08-2025 12:10,240.37
2670,1058,29-03-2026 02:32,151.59
2671,174,08-05-2025 09:29,293.72
2672,2015,04-09-2025 06:28,234.78
2673,2452,03-11-2025 08:43,303.65
2674,1932,21-11-2025 04:34,121.71
2675,1800,11-08-2026 10:07,442.93
2676,2351,25-08-2026 07:24,430.59
2677,1974,16-04-2026 12:06,739.67
2678,1046,25-07-2026 13:58,14.81
2679,7,10-12-2025 08:10,36.78
2680,3903,13-03-2025 23:26,139.09
2681,2732,06-10-2025 14:21,3.5
2682,3018,16-06-2025 21:15,629.67
2683,2154,12-09-2025 21:43,699.79
2684,535,26-07-2025 13:47,493.44
2685,807,31-12-2025 16:07,50.02
2686,3533,28-07-2025 22:40,514.07
2687,2612,09-06-2026 08:06,732.22
2688,4060,11-08-2026 14:42,181.06
2689,3325,06-02-2026 09:52,813.75
2690,1417,25-08-2026 12:46,732.05
2691,114,27-06-2026 22:29,175.37
2692,2512,26-08-2025 08:39,90.22
2693,2379,14-03-2025 13:10,1342.21
2694,376,24-06-2025 20:20,612.86
2695,3313,03-07-2026 16:11,173.97
2696,1205,24-02-2026 22:40,47.99
2697,1595,14-08-2026 01:41,260.32
2698,4306,11-04-2026 01:36,1387.02
2699,3392,13-01-2025 19:36,360.27
2700,1576,13-09-2025 12:05,101.68
2701,1004,23-02-2026 19:37,337.51
2702,4252,16-07-2025 12:09,24.28
2703,962,01-02-2026 05:08,72.42
2704,1333,27-02-2025 10:43,868.13
2705,4509,08-12-2025 03:55,34.32
2706,1020,24-02-2026 04:13,255.86
2707,4111,28-03-2026 20:13,1934.36
2708,892,08-02-2026 04:02,162.66
2709,4254,11-03-2025 03:47,369.04
2710,1378,07-12-2025 16:23,140.4
2711,889,23-12-2025 18:07,1331.66
2712,250,09-03-2025 10:28,194.49
2713,1426,22-05-2025 13:33,1536.71
2714,721,26-07-2026 16:43,752.31
2715,1818,24-06-2025 16:16,1603.67
2716,3681,18-11-2025 21:59,425.31
2717,1673,18-05-2026 23:30,89.74
2718,336,26-01-2025 07:23,171.31
2719,3720,03-05-2025 14:11,54.13
2720,55,03-01-2026 12:10,525
2721,1470,16-06-2026 23:08,903.88
2722,306,14-04-2025 05:13,487.24
2723,4137,01-06-2026 23:51,1116.32
2724,4042,08-02-2026 14:51,683.08
2725,4288,31-07-2026 14:03,111.65
2726,4331,07-07-2026 21:30,72.83
2727,3935,09-07-2025 20:45,951.62
2728,746,27-12-2025 04:34,363.19
2729,3521,02-03-2025 09:59,205.68
2730,720,10-02-2025 02:58,86.25
2731,1142,17-04-2025 00:20,717.99
2732,2564,31-08-2026 18:23,45.06
2733,3728,06-03-2025 08:53,767.65
2734,3591,02-12-2025 01:07,21.56
2735,3815,17-07-2026 05:35,519.37
2736,4306,17-05-2026 09:15,223.04
2737,2337,06-08-2025 06:31,1091.72
2738,1687,04-12-2025 22:46,2300.54
2739,3277,25-11-2025 00:53,510.74
2740,648,12-11-2025 07:19,1425.57
2741,108,04-05-2026 13:22,1016.55
2742,533,22-02-2026 09:29,3.5
2743,1315,12-03-2026 03:59,396.6
2744,648,18-05-2025 19:41,256.76
2745,1534,18-01-2026 16:21,556.02
2746,3598,03-11-2025 21:20,494.84
2747,804,01-07-2026 11:35,2832.72
2748,491,22-12-2025 04:55,26.1
2749,806,24-08-2026 12:45,988.04
2750,4128,01-01-2026 08:05,104.23
2751,752,29-08-2025 23:32,638.94
2752,529,06-08-2026 08:37,970.63
2753,2625,25-12-2025 06:37,31.68
2754,2023,04-04-2026 12:28,26.01
2755,2570,03-09-2026 14:07,969.23
2756,1871,30-11-2025 02:19,77.8
2757,3575,09-10-2025 05:55,1419.78
2758,4177,08-06-2026 23:44,324.54
2759,1340,07-03-2025 20:48,102.19
2760,1345,11-03-2026 19:52,89.6
2761,1457,25-03-2025 17:09,106.46
2762,468,05-05-2026 17:22,52.09
2763,402,15-10-2025 05:08,693.6
2764,889,24-10-2025 02:05,786.24
2765,3277,13-05-2025 02:41,13.99
2766,3919,07-09-2025 18:07,851.8
2767,2439,21-08-2025 06:05,9.27
2768,719,30-07-2026 22:48,60.44
2769,510,13-11-2025 20:57,58.39
2770,4295,08-05-2025 09:02,375.66
2771,992,09-02-2026 01:42,218.11
2772,4409,27-06-2025 08:39,85.6
2773,1326,29-09-2025 13:37,298.29
2774,1606,09-05-2026 21:23,63.04
2775,3937,12-04-2026 10:49,373.79
2776,4310,04-06-2025 16:30,90.31
2777,1498,28-07-2026 06:38,180
2778,3774,16-05-2025 11:44,1553.52
2779,1255,29-03-2026 17:42,412.6
2780,3264,20-05-2026 00:59,228.64
2781,3345,18-05-2026 18:48,298.81
2782,3796,21-01-2026 12:54,1414.76
2783,3809,12-07-2025 18:17,179.13
2784,3185,06-08-2026 15:21,706.42
2785,1237,30-03-2026 11:09,371.36
2786,79,26-07-2026 19:55,77.6
2787,4413,28-03-2026 17:37,288.26
2788,2882,11-12-2025 23:35,114.13
2789,3882,21-08-2025 22:48,160.37
2790,2136,31-10-2025 23:49,881.93
2791,1385,30-09-2025 22:26,361.75
2792,2405,18-09-2025 06:29,247.32
2793,431,17-07-2025 04:07,1373.65
2794,4157,27-06-2026 21:29,539.1
2795,507,28-02-2025 07:38,12.19
2796,3020,23-07-2026 08:39,317.24
2797,314,03-07-2025 10:14,277.6
2798,978,10-02-2026 12:26,167.4
2799,1450,06-08-2025 14:51,337.51
2800,899,08-02-2026 03:43,61.34
2801,2533,14-03-2025 18:30,531.12
2802,1831,13-03-2026 17:36,33.81
2803,1700,27-03-2025 17:17,377.1
2804,247,17-08-2026 04:20,105.71
2805,175,26-05-2025 04:28,470.55
2806,1845,03-08-2025 04:19,925.13
2807,3988,17-05-2026 00:10,831.78
2808,2162,25-12-2025 23:02,1144.98
2809,2408,12-05-2026 21:35,376.9
2810,440,09-04-2026 19:50,460.02
2811,3968,25-07-2026 02:05,241.95
2812,2336,25-06-2026 17:18,81.73
2813,3338,15-09-2025 05:16,675.02
2814,1236,24-03-2026 15:26,742.84
2815,3365,04-04-2026 16:28,450.36
2816,2856,06-09-2025 23:21,438.98
2817,1025,19-07-2025 11:22,67.56
2818,1359,12-07-2025 16:46,75.8
2819,3972,16-09-2025 09:29,1496.13
2820,1405,19-03-2026 06:15,24.75
2821,948,11-04-2025 08:02,309.45
2822,827,23-06-2025 22:34,127.18
2823,780,08-09-2026 08:45,27.09
2824,4204,08-06-2026 19:41,226.68
2825,3430,16-05-2025 04:51,260.98
2826,951,02-01-2025 19:34,142.11
2827,4199,13-12-2025 23:02,113.7
2828,1179,13-08-2026 21:01,350.73
2829,1302,27-07-2026 05:19,281.09
2830,4344,09-03-2025 03:31,475.28
2831,750,10-07-2025 23:41,842.42
2832,763,02-05-2025 12:29,57.28
2833,538,09-07-2025 03:34,373.99
2834,2134,02-05-2026 08:10,176.94
2835,1587,10-05-2026 21:10,143.36
2836,3292,14-07-2026 19:58,34.16
2837,4385,19-04-2026 02:23,24.69
2838,1478,15-07-2025 14:45,305
2839,848,16-09-2025 21:03,159.41
2840,3982,01-02-2025 00:48,151.15
2841,1580,08-09-2025 01:40,428.45
2842,3970,20-01-2025 02:23,192.21
2843,902,10-07-2025 21:47,45.57
2844,2937,04-05-2026 15:44,75.78
2845,4200,25-01-2026 23:58,125.84
2846,2352,02-03-2026 02:59,261.18
2847,23,30-03-2026 06:51,109.34
2848,1442,11-12-2025 03:18,166.29
2849,575,14-09-2025 09:52,220.91
2850,2285,20-07-2026 10:58,4.32
2851,3143,17-10-2025 06:05,3.5
2852,3786,04-07-2025 22:32,151.49
2853,4177,20-02-2026 20:45,2301.92
2854,3604,16-02-2025 15:52,466.55
2855,558,23-02-2025 22:36,183.78
2856,1962,27-11-2025 01:01,1247.92
2857,1657,14-05-2026 03:04,13.05
2858,1346,29-10-2025 23:02,244.95
2859,3920,10-02-2025 05:09,6.56
2860,1507,19-03-2026 03:14,1148.3
2861,3312,25-07-2026 11:04,442.72
2862,4378,10-09-2025 16:34,62.67
2863,1612,14-04-2025 22:40,1334.67
2864,2071,29-05-2026 02:46,819.14
2865,2273,04-11-2025 11:07,106.98
2866,1815,12-12-2025 14:27,141.69
2867,3906,27-04-2026 17:11,64.33
2868,3394,10-08-2026 03:08,2058.87
2869,4125,16-01-2025 05:13,159.7
2870,3012,19-08-2026 03:43,692.51
2871,1195,08-03-2025 04:14,425.41
2872,2346,16-01-2026 15:54,183.07
2873,3877,10-08-2025 04:52,98.15
2874,1506,28-01-2025 14:41,147.74
2875,943,06-01-2026 09:05,459.49
2876,3922,14-08-2025 11:13,542.27
2877,4132,25-02-2026 20:25,330.07
2878,3506,17-08-2025 22:35,173.9
2879,3454,20-06-2026 13:47,341.28
2880,255,22-04-2025 21:23,117.62
2881,1717,19-03-2025 00:44,369.89
2882,899,20-02-2025 09:59,590.99
2883,2217,15-05-2026 22:21,69.69
2884,3247,31-05-2025 00:35,239.54
2885,3395,10-10-2025 02:28,849.79
2886,2966,08-03-2025 09:13,151
2887,2254,26-08-2025 21:11,88.9
2888,3758,22-06-2025 21:40,413.12
2889,3812,12-06-2026 09:07,69.27
2890,1281,05-11-2025 12:05,170.09
2891,4155,07-11-2025 01:06,94.11
2892,2489,31-01-2025 22:30,123.96
2893,4246,24-05-2026 22:14,446.58
2894,3466,08-07-2026 00:18,101.88
2895,2370,28-01-2026 00:16,1411.67
2896,3794,21-04-2025 20:49,152.85
2897,2716,13-03-2025 14:31,56.91
2898,614,24-01-2025 11:24,337.51
2899,3490,16-01-2025 08:47,1447.76
2900,1690,17-03-2025 07:37,261.11
2901,1288,23-04-2026 01:53,48.09
2902,4246,13-05-2026 04:46,9.72
2903,959,16-10-2025 22:29,726.27
2904,2502,15-12-2025 18:24,136.6
2905,2066,18-06-2025 15:09,133
2906,346,03-11-2025 02:03,825.17
2907,4379,02-02-2026 05:23,103.56
2908,698,26-08-2026 04:19,38.54
2909,1480,19-10-2025 21:34,101.86
2910,3885,04-02-2025 00:44,63.77
2911,1266,29-05-2026 22:13,515.56
2912,1427,25-07-2026 20:40,117.42
2913,1708,12-09-2025 10:40,294.94
2914,2436,04-02-2026 06:55,320.43
2915,1734,09-02-2026 22:51,512.37
2916,2499,08-03-2025 15:44,306.05
2917,3508,15-12-2025 11:41,260.73
2918,1984,29-11-2025 14:46,791.54
2919,3128,08-08-2025 09:01,515.57
2920,2346,28-10-2025 01:20,108.75
2921,553,07-06-2026 15:42,689.84
2922,761,15-10-2025 11:40,426.61
2923,3439,13-06-2025 21:31,2.2
2924,1220,14-01-2025 02:10,88.57
2925,2175,19-11-2025 10:02,158.93
2926,4298,27-05-2026 00:41,299.33
2927,2532,10-05-2026 14:28,244.03
2928,1708,06-05-2025 15:32,165.58
2929,3891,03-02-2026 04:06,8.78
2930,3710,13-08-2026 15:02,104.86
2931,758,13-01-2026 01:45,302.64
2932,3360,06-12-2025 18:54,182.92
2933,2247,19-05-2026 09:37,89.32
2934,1363,15-08-2025 00:47,6.21
2935,3790,29-04-2026 19:20,117.22
2936,2864,25-03-2026 14:02,435.79
2937,1457,10-06-2026 11:56,1960.56
2938,2865,17-03-2026 06:38,817.08
2939,2057,22-09-2025 20:50,485.49
2940,3377,16-12-2025 20:37,684.5
2941,134,19-07-2026 13:42,45.34
2942,1015,23-02-2026 10:58,111.96
2943,3236,18-03-2026 07:33,129.8
2944,4338,25-03-2026 04:06,827.98
2945,1395,18-12-2025 15:41,399.75
2946,4128,28-07-2026 12:14,991.64
2947,241,23-06-2025 09:53,284.05
2948,2647,25-05-2025 12:22,295.32
2949,648,19-04-2026 05:20,603.61
2950,1576,17-06-2026 03:12,101.61
2951,1971,23-07-2026 20:43,3.77
2952,1464,07-11-2025 17:01,479.92
2953,853,19-12-2025 07:45,228.38
2954,641,26-05-2025 17:12,2797.5
2955,3478,04-05-2026 18:19,458.99
2956,710,21-03-2025 19:28,36.35
2957,439,25-02-2026 14:44,14.57
2958,2274,22-10-2025 10:29,127.22
2959,775,11-04-2025 07:03,712.87
2960,1187,09-04-2026 12:43,305.55
2961,3356,20-01-2025 19:20,213.67
2962,2743,27-10-2025 22:34,1405.38
2963,2152,12-05-2025 01:59,553.46
2964,2773,14-02-2026 16:45,102.73
2965,1256,17-12-2025 20:30,988.26
2966,2805,03-11-2025 23:57,4008.05
2967,2298,25-06-2025 13:57,75.62
2968,2643,19-03-2025 01:16,1658.28
2969,2075,13-10-2025 16:42,74.56
2970,4008,03-01-2026 05:41,428.96
2971,338,24-06-2025 01:37,240.81
2972,878,22-05-2025 00:37,232.24
2973,2703,10-12-2025 17:55,370.65
2974,4329,03-03-2026 14:41,50.79
2975,2917,25-07-2026 17:50,1698.22
2976,3547,16-06-2026 08:35,130.84
2977,1161,04-01-2026 09:31,294.91
2978,3160,15-10-2025 13:37,292.34
2979,4274,14-09-2026 01:03,2.95
2980,3077,02-04-2026 18:14,599.26
2981,1567,09-03-2026 04:59,262.24
2982,1544,19-06-2025 00:40,601.23
2983,1462,27-02-2025 01:46,87.43
2984,2289,17-08-2026 20:10,24.44
2985,1502,12-10-2025 19:32,301.21
2986,2681,18-06-2026 08:23,229.98
2987,409,08-06-2025 15:02,79.43
2988,4083,12-06-2025 23:11,153.94
2989,2432,17-11-2025 11:00,133.85
2990,1295,26-02-2025 18:43,878.78
2991,2847,30-01-2025 06:45,73.6
2992,81,18-04-2025 05:56,83.24
2993,4009,01-06-2026 04:24,290.53
2994,1304,09-04-2026 02:42,208.25
2995,910,07-08-2025 21:14,526.66
2996,3153,30-04-2026 04:39,525.89
2997,4429,18-01-2026 05:39,330.1
2998,1239,18-07-2026 06:12,1237.07
2999,1589,05-02-2026 12:42,91.74
3000,3239,11-02-2026 13:03,458.01
3001,2537,30-09-2025 00:40,60
3002,794,06-04-2026 06:09,11.08
3003,3330,06-12-2025 01:50,1310.18
3004,3947,26-07-2025 22:15,263.31
3005,407,21-08-2025 19:33,391.89
3006,3585,22-12-2025 07:43,1339.69
3007,3873,13-03-2026 17:34,539.95
3008,3896,02-08-2026 16:57,114.4
3009,939,29-05-2026 12:52,89.1
3010,1828,17-04-2026 20:12,793.01
3011,3359,12-02-2026 01:38,720.75
3012,2945,24-12-2025 19:17,506.29
3013,3124,06-10-2025 18:59,252.98
3014,863,25-05-2026 20:37,337.51
3015,1619,09-03-2026 08:09,199.79
3016,1449,15-05-2026 13:49,381.71
3017,733,11-07-2025 09:28,61.03
3018,4381,02-12-2025 02:34,5.9
3019,4122,20-08-2026 19:39,240.09
3020,3973,20-01-2026 01:45,113.12
3021,4195,19-09-2025 18:30,562.73
3022,4112,11-01-2025 09:53,2669.7
3023,3708,16-02-2026 03:25,92.07
3024,1332,29-06-2026 16:20,211.34
3025,4410,12-01-2025 16:43,37.43
3026,4369,24-04-2025 08:10,145.68
3027,3416,03-08-2025 20:00,296.17
3028,1599,17-05-2026 21:37,185.43
3029,521,08-05-2025 06:40,698.3
3030,2130,09-02-2026 16:23,248.14
3031,1314,08-01-2026 05:09,1773.28
3032,1683,15-05-2025 22:53,233.97
3033,2528,15-02-2025 18:44,263.56
3034,4469,11-04-2025 01:54,453.97
3035,5,16-06-2026 10:23,490.19
3036,4312,21-04-2026 16:36,965.23
3037,64,06-08-2025 09:27,250.37
3038,3813,11-04-2026 06:04,577.13
3039,1807,17-06-2026 19:46,482.31
3040,1779,27-04-2026 22:57,281.49
3041,4218,25-01-2025 06:05,1588.92
3042,1917,10-05-2025 11:49,231.21
3043,458,05-03-2026 06:04,272.26
3044,3627,20-09-2025 00:30,60.76
3045,3904,10-02-2026 20:15,170.74
3046,3780,29-05-2025 05:10,836.99
3047,2459,10-07-2026 10:20,57.44
3048,4383,20-07-2026 17:39,1538.85
3049,3940,24-04-2025 13:48,113.23
3050,1960,21-04-2026 13:21,149.78
3051,4475,22-10-2025 14:19,1331.39
3052,565,04-05-2026 23:16,135.51
3053,1431,30-11-2025 12:20,3.81
3054,1350,07-10-2025 11:38,1251.84
3055,3999,16-05-2025 17:17,426.85
3056,601,24-08-2025 23:55,430.05
3057,3072,30-07-2025 23:22,611.28
3058,620,20-06-2026 11:02,2.43
3059,1168,28-02-2025 05:08,1210.8
3060,386,26-12-2025 11:03,106.99
3061,4028,21-02-2026 09:34,41.66
3062,1249,14-09-2025 22:40,150.02
3063,523,15-05-2026 20:49,50.84
3064,375,22-07-2026 11:06,414.28
3065,2616,01-02-2025 18:00,340.69
3066,3297,22-02-2026 10:24,45.03
3067,272,16-07-2025 01:26,282.04
3068,1570,04-04-2025 17:31,1334.85
3069,95,19-05-2025 23:13,185.33
3070,2295,09-04-2025 16:23,1334.85
3071,2650,03-03-2026 09:01,45.92
3072,237,15-07-2026 05:01,121.02
3073,484,05-05-2026 11:06,1082.42
3074,82,13-06-2025 09:40,1079.65
3075,4157,11-07-2025 20:04,182.31
3076,4493,26-11-2025 01:04,104.95
3077,394,10-03-2025 07:50,394.86
3078,3258,01-09-2026 09:32,297.51
3079,2574,14-11-2025 18:17,982.67
3080,4271,11-03-2025 19:21,105.31
3081,3894,23-11-2025 00:47,203.76
3082,2192,23-05-2026 06:12,812.06
3083,581,03-06-2025 18:56,341.49
3084,1195,13-06-2026 20:56,433.89
3085,3172,15-08-2026 09:03,38.52
3086,1839,03-08-2026 16:35,1192.48
3087,3462,20-09-2025 10:39,642.88
3088,1412,01-05-2026 13:56,928.93
3089,4415,08-04-2026 22:18,386.01
3090,307,04-12-2025 23:27,256.64
3091,3398,12-07-2025 22:38,426.71
3092,3225,31-03-2026 17:15,162.92
3093,3360,19-08-2026 10:00,352.68
3094,3646,27-05-2026 13:46,596.36
3095,501,30-01-2026 05:01,1078.19
3096,4222,21-02-2026 11:01,12.26
3097,2336,19-04-2025 15:10,157.06
3098,1099,19-12-2025 21:00,502.05
3099,4268,30-08-2026 12:52,156.92
3100,2325,04-05-2025 02:17,65.72
3101,2006,05-09-2026 06:26,54.89
3102,1676,20-01-2026 09:53,222.13
3103,5,08-06-2026 15:14,424.37
3104,3207,01-02-2025 05:30,735.73
3105,78,17-04-2025 21:28,82.36
3106,2025,05-07-2026 00:45,25.5
3107,3419,18-05-2026 00:16,198.94
3108,2276,09-11-2025 07:26,50.76
3109,247,02-06-2025 22:50,373.33
3110,2889,26-11-2025 20:59,230.09
3111,3216,19-08-2026 05:43,2396.85
3112,3171,23-08-2026 11:58,830.22
3113,456,12-12-2025 00:28,214.05
3114,98,28-05-2026 23:43,12.84
3115,3882,04-11-2025 10:39,183.57
3116,1878,01-08-2026 22:58,1141.23
3117,64,11-11-2025 01:04,4404.97
3118,3636,12-09-2026 19:23,109.52
3119,1406,08-03-2025 23:44,125.64
3120,2501,04-04-2025 10:38,116.86
3121,1479,29-03-2026 12:59,1008.85
3122,1548,05-04-2026 13:10,699.09
3123,2957,08-12-2025 21:57,180.86
3124,1275,27-06-2025 09:58,1244.36
3125,1246,17-05-2025 12:33,135.59
3126,2830,11-07-2025 22:44,532.14
3127,3252,03-09-2026 10:15,629.67
3128,376,18-03-2025 16:04,156.34
3129,2757,26-09-2025 22:22,671.59
3130,3482,17-07-2025 22:26,294.18
3131,3576,05-06-2026 01:03,369.07
3132,2745,27-06-2025 01:43,74.51
3133,1463,24-07-2025 17:52,461.93
3134,830,15-12-2025 20:57,139.88
3135,4444,02-02-2025 14:14,18.85
3136,2900,07-11-2025 09:12,391.43
3137,1709,09-04-2025 00:34,232.76
3138,2149,15-11-2025 18:00,140.54
3139,2531,08-02-2025 18:07,1391.81
3140,2423,05-09-2025 07:29,163.22
3141,230,16-02-2026 14:35,253.85
3142,648,25-08-2025 08:29,277.14
3143,2444,18-12-2025 16:27,282
3144,2466,16-07-2025 08:10,444.91
3145,655,20-06-2026 18:37,461.99
3146,954,22-08-2026 17:00,281.02
3147,352,24-05-2026 07:29,168.52
3148,771,02-05-2026 18:50,466.03
3149,725,01-01-2026 07:42,67.62
3150,931,11-09-2025 17:01,147.58
3151,4031,20-12-2025 05:19,25.5
3152,1481,08-12-2025 06:11,1182.36
3153,3474,21-02-2026 09:55,23.45
3154,354,06-08-2025 22:46,1521.93
3155,142,04-01-2025 10:30,109.28
3156,850,17-02-2026 00:37,62.6
3157,2077,03-08-2025 17:41,56.37
3158,3492,16-10-2025 22:36,185.06
3159,261,02-02-2026 22:25,1775.99
3160,2379,07-08-2026 01:16,250.04
3161,1436,02-04-2026 06:10,481.78
3162,2963,27-06-2025 15:41,183.42
3163,3024,01-03-2026 00:14,179.87
3164,4264,18-03-2025 03:54,617.49
3165,1162,12-07-2025 18:02,908.55
3166,3977,09-05-2025 01:29,1375.99
3167,1198,04-01-2026 04:49,2.43
3168,47,04-03-2026 06:08,395.45
3169,2233,13-02-2026 00:45,562.04
3170,1479,11-05-2026 07:31,1660.19
3171,1497,03-09-2026 18:47,108.18
3172,2208,27-08-2026 08:43,764.43
3173,745,21-04-2025 15:42,91.85
3174,335,26-02-2025 02:15,758.37
3175,4212,09-12-2025 18:43,1413.44
3176,1690,23-05-2025 06:04,87.25
3177,3361,16-04-2025 07:17,168.8
3178,965,03-04-2026 15:38,818.98
3179,1439,06-07-2025 09:56,243.16
3180,53,12-07-2026 19:53,154.17
3181,2604,13-03-2025 10:09,348.04
3182,527,20-07-2025 00:37,337.51
3183,2849,12-05-2026 17:27,790.52
3184,394,18-01-2025 08:12,367.8
3185,2973,25-01-2026 02:22,272.56
3186,797,18-03-2026 09:16,90.11
3187,4415,01-04-2025 10:57,991.87
3188,207,10-08-2026 15:23,337.51
3189,2787,12-01-2026 08:19,144.02
3190,3969,16-02-2025 16:15,700.01
3191,2631,21-04-2025 12:01,132
3192,3485,20-03-2026 14:29,50.84
3193,3939,23-09-2025 20:29,637.21
3194,2573,25-07-2025 08:10,365.17
3195,3442,26-03-2025 13:06,240.46
3196,3514,13-07-2026 02:39,784.77
3197,2088,25-05-2025 12:51,308.82
3198,2073,26-09-2025 06:49,195.12
3199,3984,01-04-2026 02:48,681.82
3200,3431,04-02-2025 22:32,612.78
3201,4323,21-03-2025 09:49,503.62
3202,2005,23-07-2025 12:46,40.03
3203,3158,29-07-2026 23:28,121.95
3204,732,14-06-2025 14:27,296.67
3205,884,20-05-2026 14:25,289
3206,1143,28-05-2026 04:25,1501.93
3207,3179,21-04-2025 09:23,768.68
3208,1097,26-07-2026 13:44,62.6
3209,3723,06-04-2026 01:14,2157.42
3210,2367,07-07-2025 23:37,409.74
3211,2223,13-12-2025 14:43,88.19
3212,107,16-07-2025 07:41,201.26
3213,1599,16-02-2026 06:38,89.41
3214,2730,18-04-2026 16:52,227.17
3215,3113,04-02-2026 01:31,149.07
3216,1069,13-08-2026 07:34,598.24
3217,1075,18-04-2025 08:32,598.74
3218,2475,02-07-2025 16:29,1806.53
3219,2467,15-09-2025 00:40,1238.8
3220,3326,19-01-2025 00:57,274.51
3221,2399,03-04-2026 17:05,201.89
3222,4431,19-11-2025 20:50,999.94
3223,3100,23-01-2026 16:18,233.3
3224,753,31-07-2026 12:42,105.47
3225,4068,10-03-2026 00:40,406.7
3226,4332,04-07-2025 15:28,122.07
3227,2673,19-05-2025 05:27,80.25
3228,1360,07-08-2025 13:53,4230.22
3229,3314,07-10-2025 07:32,208.78
3230,2995,21-08-2026 14:45,141.77
3231,3089,30-06-2026 07:41,305.7
3232,3660,25-03-2026 10:14,35.86
3233,4471,01-06-2025 15:03,1389.83
3234,3402,02-10-2025 13:52,360.7
3235,558,08-01-2026 07:52,69.96
3236,1846,10-03-2025 17:29,1138.72
3237,871,08-03-2025 11:19,344.82
3238,3526,17-12-2025 14:04,924.03
3239,2310,12-07-2026 22:50,910.69
3240,3428,02-06-2026 22:40,35.3
3241,1497,30-05-2026 09:44,74.42
3242,856,25-02-2025 07:30,41.91
3243,2612,27-11-2025 06:11,56.83
3244,2863,07-09-2025 19:17,18.79
3245,3033,22-01-2025 00:42,1603.13
3246,1581,26-09-2025 04:50,2102.89
3247,3902,06-10-2025 07:33,418.42
3248,2961,06-02-2025 04:03,734.36
3249,3256,04-01-2025 08:23,120.54
3250,1018,16-04-2026 10:52,452.1
3251,4394,08-08-2026 10:25,76.93
3252,332,17-08-2026 19:04,384.12
3253,2152,20-01-2026 08:57,1344.85
3254,543,09-11-2025 12:26,338.89
3255,2615,20-06-2026 08:15,367.68
3256,3831,05-10-2025 04:11,188.97
3257,940,11-01-2026 21:11,123.02
3258,4098,29-01-2025 15:18,205.3
3259,3821,20-04-2026 13:35,137.36
3260,997,07-10-2025 16:26,435.77
3261,506,10-10-2025 04:10,425.85
3262,1108,28-08-2026 03:02,425.54
3263,1019,31-01-2026 00:30,85.4
3264,1439,26-02-2025 13:35,375.66
3265,340,20-02-2025 14:35,53.27
3266,3647,10-03-2026 23:44,94.69
3267,839,04-03-2025 05:56,178.76
3268,379,10-03-2026 01:48,248.6
3269,3934,06-02-2025 11:24,77.21
3270,1270,24-02-2025 20:12,205
3271,1338,15-06-2025 22:02,994.63
3272,4284,02-12-2025 23:20,503.37
3273,1279,05-01-2026 20:09,473.36
3274,2605,15-04-2025 17:58,122.44
3275,3491,21-03-2026 12:35,58.08
3276,3771,29-11-2025 03:29,85.4
3277,1337,12-06-2025 00:51,1663.69
3278,1692,01-12-2025 01:15,938.91
3279,1166,01-04-2026 23:23,1165.64
3280,553,28-02-2025 13:55,71.68
3281,1977,07-09-2026 13:10,45.06
3282,3109,03-11-2025 05:30,403.01
3283,3203,21-10-2025 10:50,293.63
3284,63,23-11-2025 22:14,474.81
3285,2767,21-08-2026 00:09,249.99
3286,1689,15-04-2025 08:36,403.1
3287,866,31-08-2026 11:30,216.5
3288,3235,12-03-2026 06:09,192.58
3289,533,01-04-2025 01:24,111.01
3290,3321,21-02-2026 05:11,93.92
3291,1994,31-07-2025 03:56,1127.43
3292,3236,04-09-2026 08:43,20.36
3293,3954,20-03-2026 12:32,443.97
3294,176,12-09-2025 10:09,113.66
3295,192,22-08-2025 02:54,56.9
3296,4252,01-03-2025 11:31,156.9
3297,384,27-02-2026 01:15,135.4
3298,3793,01-06-2026 07:20,145.68
3299,2621,01-05-2025 06:24,85.75
3300,3880,11-07-2026 06:13,203.76
3301,2984,25-08-2025 06:06,967.71
3302,372,13-06-2025 08:25,644.43
3303,3013,10-07-2026 23:04,1982.33
3304,1329,29-06-2025 06:42,319.99
3305,4076,24-01-2025 04:09,18.79
3306,4088,13-04-2025 09:12,159.45
3307,2093,12-08-2025 03:01,325.49
3308,1782,29-06-2025 22:59,521.57
3309,3886,07-05-2025 20:16,12.9
3310,3078,10-12-2025 14:55,46.93
3311,276,07-10-2025 04:38,16.75
3312,2356,10-06-2025 02:24,361.56
3313,243,22-08-2026 11:30,493.24
3314,684,11-03-2026 15:50,345.71
3315,265,15-05-2026 16:05,1550.49
3316,2635,24-12-2025 09:01,105.86
3317,808,28-12-2025 05:21,307.07
3318,1954,29-12-2025 17:18,28.72
3319,2644,13-01-2026 20:02,1576.38
3320,243,02-12-2025 17:09,41.2
3321,2419,05-03-2025 15:31,231.77
3322,4438,21-08-2025 06:32,16.52
3323,2764,27-09-2025 18:54,397.09
3324,3346,17-01-2025 06:36,638.67
3325,1984,08-03-2025 06:57,152.6
3326,2281,13-03-2025 09:45,31.63
3327,839,12-06-2026 05:17,171.78
3328,500,07-11-2025 16:50,127.22
3329,2709,16-03-2025 20:52,137.92
3330,2093,13-04-2025 01:19,29.16
3331,2155,14-01-2025 13:50,143.73
3332,3442,23-02-2026 09:40,8.85
3333,3215,08-05-2026 17:27,426.58
3334,715,10-07-2025 07:30,84.32
3335,3746,16-11-2025 22:12,99.67
3336,3460,07-10-2025 18:07,32.04
3337,1907,27-01-2026 19:09,220.02
3338,3231,19-07-2025 18:53,20.95
3339,2419,31-03-2026 03:49,234.91
3340,2927,13-02-2026 13:36,34.36
3341,1452,14-06-2026 13:53,51.04
3342,2407,18-02-2025 00:36,97.88
3343,2963,21-06-2026 05:20,116.48
3344,1067,16-05-2025 15:45,417.74
3345,1593,19-05-2025 23:01,186.91
3346,3358,17-03-2025 05:44,720.56
3347,1913,06-07-2026 00:36,78.37
3348,1076,20-04-2025 09:31,70.5
3349,324,14-03-2026 10:59,299.33
3350,2524,29-08-2026 22:15,186.78
3351,3418,28-03-2025 16:43,1152.88
3352,1513,12-05-2025 11:07,639.43
3353,2933,18-06-2025 16:11,22.54
3354,3023,03-11-2025 12:37,70.34
3355,1101,09-06-2026 10:30,26.1
3356,3188,28-05-2025 19:48,117.07
3357,2787,09-07-2026 09:04,1681.94
3358,1221,17-05-2025 21:09,257.43
3359,2339,07-09-2026 23:18,143.75
3360,952,05-07-2025 13:44,55.88
3361,4134,23-04-2026 07:53,164.71
3362,2318,07-05-2025 16:02,213.06
3363,2360,19-09-2025 14:08,91.84
3364,4338,11-03-2025 15:02,58.12
3365,1219,22-09-2025 07:07,928.6
3366,1072,06-09-2025 09:16,870.92
3367,1488,01-02-2026 22:43,96.23
3368,758,16-01-2025 20:30,28.72
3369,683,24-02-2026 06:59,78.73
3370,2723,23-12-2025 03:17,753.81
3371,1661,05-12-2025 17:45,698.8
3372,1499,24-04-2025 11:45,414.88
3373,2917,28-03-2026 21:09,112.33
3374,2640,15-06-2026 23:31,575.49
3375,2937,13-06-2026 14:32,808.62
3376,2177,21-03-2026 10:33,783.54
3377,2568,03-04-2026 08:20,346.36
3378,839,03-04-2025 02:32,233.24
3379,4307,06-01-2025 20:00,150.74
3380,1697,23-03-2025 22:44,330.58
3381,892,03-06-2025 17:02,137.03
3382,281,21-05-2026 22:29,199.47
3383,2178,02-02-2026 06:16,131.54
3384,726,03-03-2026 16:54,120.53
3385,342,29-11-2025 14:27,123.14
3386,63,03-09-2026 21:51,220.29
3387,3458,22-09-2025 20:22,651.3
3388,205,06-06-2025 14:16,515
3389,3419,30-06-2026 11:09,512.89
3390,906,13-04-2025 21:04,221.66
3391,1427,10-02-2026 03:37,22.29
3392,3066,23-02-2025 23:25,429.7
3393,4457,08-02-2026 20:01,824.75
3394,691,02-03-2026 08:42,151.66
3395,863,01-05-2025 19:49,442.77
3396,4314,23-07-2025 12:33,40.52
3397,4267,13-06-2025 23:27,619.54
3398,3666,05-02-2025 19:24,78.19
3399,2455,19-05-2025 09:41,84.82
3400,3536,04-11-2025 15:20,386.73
3401,368,28-05-2025 13:34,41.1
3402,4351,05-01-2026 11:10,32.07
3403,3625,06-07-2026 11:35,172.15
3404,2879,19-01-2026 19:21,68.64
3405,2473,16-10-2025 04:40,1529.34
3406,3107,20-04-2026 10:38,211.24
3407,3627,24-07-2025 22:30,831.65
3408,4080,23-01-2025 03:03,1429.36
3409,2200,22-10-2025 10:32,9.76
3410,395,08-07-2025 01:22,880.05
3411,1249,18-12-2025 15:32,19.02
3412,1509,31-08-2025 16:36,394.4
3413,201,05-10-2025 00:24,1554.91
3414,1445,16-05-2025 00:26,1395.23
3415,3684,02-10-2025 19:53,81.25
3416,1850,30-10-2025 04:25,556.4
3417,1445,21-01-2025 21:07,223.8
3418,4467,05-05-2026 04:01,246.99
3419,1360,03-12-2025 15:27,87.92
3420,391,30-03-2026 09:32,96.28
3421,2793,01-01-2026 04:55,460.1
3422,4299,28-01-2026 00:30,296.03
3423,4471,05-09-2025 16:24,114.94
3424,3568,22-01-2026 13:24,161.7
3425,4463,04-05-2026 15:32,123.39
3426,1627,11-05-2026 15:16,1932.49
3427,88,12-02-2025 23:48,323.31
3428,4120,05-08-2026 22:51,212.73
3429,1716,24-05-2026 05:58,533.14
3430,3473,20-12-2025 22:03,424.57
3431,2971,11-07-2026 20:24,1426.61
3432,3976,01-03-2025 08:45,383.16
3433,477,24-10-2025 18:34,448.49
3434,3851,01-03-2025 09:26,20.11
3435,1431,17-04-2026 22:55,337.51
3436,3190,09-04-2025 11:33,2403.3
3437,41,23-06-2025 10:43,363.63
3438,146,21-03-2025 19:55,469.48
3439,3320,19-10-2025 11:33,125.02
3440,1853,19-06-2026 12:53,33.81
3441,1721,04-09-2026 23:31,650.52
3442,2443,19-04-2025 14:13,85.61
3443,3558,02-05-2026 22:48,49.16
3444,948,04-02-2026 17:03,26.1
3445,1829,26-12-2025 07:37,85.84
3446,2078,24-09-2025 22:18,626.46
3447,1620,25-02-2026 09:32,200.29
3448,2839,23-08-2025 21:49,314.66
3449,721,27-05-2026 22:33,313.53
3450,299,13-06-2025 15:03,85.24
3451,3964,23-01-2025 07:32,820.12
3452,4490,14-08-2025 11:34,792.5
3453,2061,04-05-2026 19:29,12.26
3454,896,11-06-2026 15:46,384.26
3455,1675,17-06-2026 06:49,439.29
3456,1335,02-06-2025 12:05,453.67
3457,963,19-04-2025 14:50,247.41
3458,3809,14-12-2025 23:57,626.07
3459,495,10-03-2025 19:02,5.9
3460,3820,14-02-2025 19:04,276.36
3461,575,20-09-2025 03:25,500.97
3462,4261,06-06-2025 15:39,120.55
3463,1522,01-02-2025 10:38,349.5
3464,4491,17-05-2025 22:50,642.31
3465,16,28-07-2026 23:17,1218.14
3466,2204,30-06-2026 04:04,106.65
3467,205,15-04-2026 13:51,971.24
3468,1105,05-10-2025 07:00,26.65
3469,382,29-01-2026 15:31,195.74
3470,4139,26-04-2025 03:08,11.8
3471,3285,04-07-2026 03:10,31.81
3472,1360,17-07-2026 06:08,67.56
3473,1701,19-03-2025 17:27,974.48
3474,1665,15-05-2026 15:15,202.1
3475,1816,12-01-2026 01:44,261.79
3476,2787,20-10-2025 10:55,348.02
3477,351,27-01-2025 05:59,18.97
3478,98,31-10-2025 07:37,326.6
3479,3458,03-07-2026 10:17,95.14
3480,560,14-12-2025 19:46,348.39
3481,3386,28-03-2026 16:00,167.25
3482,4274,16-01-2025 11:25,424.37
3483,4149,27-04-2025 10:58,78.38
3484,2883,13-10-2025 17:58,766.07
3485,2792,06-06-2025 21:21,229.65
3486,3976,26-11-2025 20:35,33.81
3487,2280,27-11-2025 08:11,680.85
3488,2077,13-06-2025 20:38,241.18
3489,4069,03-03-2026 09:24,414.34
3490,3821,07-03-2026 02:12,106.91
3491,1954,01-01-2025 09:33,752.05
3492,3574,12-03-2026 00:11,357.03
3493,1377,30-05-2025 14:53,269.01
3494,3401,25-05-2025 19:33,629.79
3495,319,26-12-2025 11:53,2584.45
3496,3911,21-05-2026 10:12,7.54
3497,2376,07-05-2026 01:33,11.8
3498,478,21-05-2026 23:55,205.3
3499,2975,11-06-2025 00:11,197.46
3500,3328,04-10-2025 02:30,108.56
3501,3030,12-06-2025 14:36,3.77
3502,2327,27-07-2025 01:44,717.37
3503,2375,27-03-2026 21:54,92.61
3504,421,24-02-2026 00:52,894.63
3505,2720,14-08-2025 06:01,1268.4
3506,428,26-09-2025 19:38,764.92
3507,2336,04-02-2026 16:22,173.07
3508,2185,12-04-2026 09:30,230.28
3509,2433,07-02-2026 01:06,662.91
3510,3224,30-06-2025 14:01,963.88
3511,3256,04-05-2026 02:11,2.95
3512,3580,19-09-2025 19:33,384.08
3513,4029,20-10-2025 09:08,63.33
3514,2844,03-04-2025 23:34,337.51
3515,2683,07-03-2026 00:24,337.51
3516,515,30-06-2025 02:32,687.77
3517,3319,09-08-2026 21:29,129.17
3518,4312,04-04-2026 23:01,382.68
3519,244,29-05-2026 07:39,32.02
3520,3365,23-03-2026 03:08,1546.18
3521,732,12-04-2026 13:40,44.15
3522,2289,02-03-2025 23:55,1424.88
3523,3325,23-02-2026 14:44,2.95
3524,1349,24-03-2026 10:31,590.28
3525,520,21-03-2025 11:41,713.17
3526,2982,10-11-2025 16:20,498.64
3527,697,02-04-2025 19:28,54.19
3528,4505,07-12-2025 05:02,156.78
3529,1112,02-04-2025 13:33,19.52
3530,1986,04-06-2025 08:51,197.64
3531,3919,02-08-2025 15:05,466.6
3532,1460,03-09-2026 17:38,46.13
3533,4256,16-10-2025 18:03,91.74
3534,511,22-04-2026 11:59,30.52
3535,2475,07-08-2026 17:30,8.65
3536,978,05-09-2026 18:07,41.91
3537,2489,17-06-2025 14:52,1466.01
3538,733,09-10-2025 23:11,421.13
3539,1549,03-09-2025 19:07,188.25
3540,632,01-01-2026 00:58,83.12
3541,4370,29-01-2025 12:02,117.24
3542,1165,03-04-2026 11:37,413.5
3543,3210,03-02-2026 07:55,699.29
3544,1384,12-01-2026 05:32,317.74
3545,3420,11-07-2025 22:29,1677.45
3546,1475,23-02-2026 14:00,1256.97
3547,1904,08-08-2026 08:23,21.75
3548,3505,16-09-2025 15:27,250.04
3549,396,26-04-2026 19:22,407.5
3550,196,29-04-2025 07:40,618.17
3551,3308,16-08-2025 20:34,188.8
3552,3443,05-06-2025 23:44,1413.76
3553,2621,27-01-2025 02:56,119.12
3554,2826,06-02-2026 19:25,732.78
3555,990,26-03-2025 14:17,334.04
3556,1996,22-05-2025 03:07,70.6
3557,1163,23-02-2026 16:42,412.15
3558,113,11-05-2025 23:53,232.32
3559,839,12-04-2026 00:07,490.31
3560,1888,01-06-2025 20:22,78.19
3561,1537,19-06-2025 23:13,1559.73
3562,455,05-07-2025 18:02,356.25
3563,3929,21-04-2026 12:55,318.96
3564,1431,05-09-2025 19:16,41
3565,1495,11-06-2026 01:04,326.46
3566,2358,01-08-2025 22:53,3.5
3567,4351,21-01-2025 15:44,1431.21
3568,1422,27-04-2025 22:45,26.1
3569,1564,13-12-2025 23:59,465.04
3570,1037,07-09-2026 19:57,537.09
3571,3358,11-06-2025 07:20,748.35
3572,3146,14-03-2026 16:05,48.88
3573,2320,06-01-2026 22:06,3.5
3574,2693,24-04-2026 11:23,438.8
3575,1252,14-09-2025 13:39,225.68
3576,191,09-09-2025 05:47,388.93
3577,1900,06-12-2025 08:14,388.61
3578,4458,17-01-2026 17:10,833.42
3579,975,07-04-2026 18:35,930.67
3580,1474,08-10-2025 13:43,243.18
3581,4318,12-03-2025 17:53,355.24
3582,3603,16-12-2025 13:22,199.57
3583,2302,15-03-2025 10:07,883.94
3584,465,01-07-2025 11:35,302.92
3585,372,27-11-2025 18:12,154.43
3586,314,06-02-2025 18:40,437.68
3587,861,20-05-2025 02:01,675.02
3588,1189,26-05-2025 14:14,381.48
3589,3687,30-03-2026 13:20,27.09
3590,3298,18-06-2026 00:44,384.12
3591,2812,05-05-2026 05:30,229.48
3592,2366,24-11-2025 21:48,344.26
3593,3172,20-08-2025 15:35,895.78
3594,2982,27-02-2026 19:10,116.44
3595,2755,14-06-2026 06:35,1041.4
3596,846,12-02-2025 20:29,144.97
3597,1453,10-02-2026 17:18,524.72
3598,1840,22-05-2026 14:08,769.1
3599,1240,17-01-2025 15:46,115.6
3600,404,04-07-2026 07:47,47.05
3601,3672,11-10-2025 15:13,360.44
3602,2534,02-04-2026 03:49,1019.18
3603,3193,08-11-2025 20:32,560.8
3604,1964,30-06-2026 20:53,561.93
3605,2752,12-07-2025 13:11,4.4
3606,1292,08-12-2025 02:16,147.9
3607,706,27-12-2025 06:23,557.98
3608,1965,19-07-2026 00:25,123.51
3609,2297,29-07-2025 21:21,649.66
3610,1745,11-06-2025 03:59,694.43
3611,3101,25-08-2025 21:17,82.3
3612,1932,27-06-2026 20:25,913.84
3613,4125,16-06-2026 18:03,777.84
3614,3112,09-02-2026 20:18,194.92
3615,873,25-08-2026 18:46,452.93
3616,2471,31-01-2026 15:45,1572.05
3617,1675,17-07-2025 21:45,932.27
3618,2439,10-04-2025 04:15,106.68
3619,3584,08-04-2026 14:04,50.84
3620,1454,30-01-2026 11:53,436.5
3621,1420,28-09-2025 07:52,171.64
3622,4003,01-11-2025 05:29,1114.82
3623,2026,08-10-2025 13:12,49.22
3624,3079,25-02-2025 21:54,152.19
3625,1423,09-08-2025 22:31,82.36
3626,4072,26-08-2026 06:38,481.57
3627,2273,27-01-2026 01:03,3.5
3628,3222,10-06-2026 01:41,195.17
3629,3457,26-06-2025 10:30,11.5
3630,2888,08-11-2025 02:16,801.06
3631,2782,03-08-2025 23:47,705.24
3632,937,09-11-2025 20:10,227.01
3633,297,02-01-2025 20:43,89.22
3634,680,03-06-2025 12:43,526.04
3635,443,29-04-2026 16:47,1446.78
3636,815,08-02-2025 00:12,197.61
3637,975,29-04-2026 20:43,279.87
3638,391,19-03-2025 01:16,246.14
3639,1135,26-07-2026 10:23,1594.79
3640,3990,12-09-2025 23:39,388.99
3641,4170,08-10-2025 19:13,384.47
3642,1113,11-04-2025 05:53,164.95
3643,1719,08-03-2025 02:13,140.87
3644,2022,17-04-2026 22:24,1438.53
3645,4521,26-08-2026 22:35,151.47
3646,694,27-07-2025 02:44,428.04
3647,3279,20-06-2026 14:00,913.75
3648,2809,19-08-2025 20:16,14.63
3649,3343,27-03-2026 00:37,84.62
3650,932,19-03-2025 22:35,180.11
3651,1232,13-05-2025 15:35,1321.26
3652,2948,29-10-2025 04:26,25.68
3653,3675,06-08-2026 17:28,869.01
3654,182,18-04-2026 17:15,214.19
3655,464,22-03-2026 21:27,183.16
3656,2591,30-01-2026 16:47,425.94
3657,4293,13-12-2025 00:10,55.12
3658,1134,24-09-2025 14:00,815.36
3659,2872,22-01-2026 01:33,14.57
3660,4238,20-03-2026 11:58,85.24
3661,1494,24-12-2025 11:44,626.74
3662,3077,22-08-2026 15:21,707.08
3663,1874,18-06-2026 14:48,2015.7
3664,1425,06-08-2026 22:13,201.58
3665,1808,28-05-2026 20:49,683.28
3666,1612,21-12-2025 07:55,44.37
3667,28,10-03-2026 17:08,1444.97
3668,1168,01-03-2025 23:25,234.87
3669,187,25-05-2025 03:58,43.18
3670,554,23-07-2025 21:37,46.73
3671,2836,31-08-2026 23:50,482.88
3672,3679,01-05-2026 22:00,70.1
3673,315,10-07-2026 02:40,229.38
3674,2052,04-05-2025 08:51,297.24
3675,1302,19-03-2026 06:22,518.06
3676,2363,02-11-2025 10:07,680.05
3677,1048,07-12-2025 11:07,94.69
3678,3673,16-11-2025 05:59,616.58
3679,1639,15-11-2025 15:06,186.58
3680,3909,07-08-2026 01:18,76.75
3681,2733,17-06-2026 14:52,362.57
3682,3881,16-07-2026 20:49,452.54
3683,2211,01-09-2025 06:30,49.1
3684,524,07-01-2025 13:12,463.15
3685,4061,07-06-2026 20:16,209.2
3686,1227,20-09-2025 17:28,1360.12
3687,2243,06-01-2026 09:46,685.35
3688,1469,19-05-2026 23:53,92.99
3689,2433,30-04-2026 04:08,63.87
3690,4491,08-06-2026 10:02,39.98
3691,1379,14-02-2026 04:23,496.99
3692,582,10-05-2025 16:20,81.54
3693,4004,24-05-2026 12:34,58.27
3694,3566,04-04-2025 08:35,413.82
3695,3088,18-09-2025 11:52,73.88
3696,4115,28-07-2025 02:26,814.98
3697,3845,06-09-2025 23:28,156.88
3698,4111,10-05-2025 12:16,127.18
3699,808,23-11-2025 22:47,531.18
3700,2245,21-04-2026 19:33,29.8
3701,4328,02-06-2025 18:17,339.48
3702,2027,07-10-2025 09:30,61.02
3703,472,22-08-2025 02:21,726.45
3704,3210,31-05-2026 16:30,764.43
3705,780,02-06-2026 00:34,21.85
3706,1252,06-03-2025 10:47,203.37
3707,564,22-11-2025 18:18,440.62
3708,4094,10-03-2026 08:06,220.57
3709,704,27-02-2025 19:05,146.86
3710,2718,26-01-2026 10:28,782.23
3711,4377,17-02-2025 20:20,1040.04
3712,2591,22-06-2025 01:43,35.82
3713,3553,20-03-2026 00:04,61.34
3714,3158,15-06-2026 13:33,705.95
3715,1589,22-02-2026 04:02,12.19
3716,2002,07-07-2025 21:20,171.42
3717,1317,21-02-2025 10:28,76
3718,2623,18-08-2025 06:34,103.15
3719,3394,19-01-2026 11:29,815.64
3720,2980,12-10-2025 10:42,144.88
3721,1709,21-08-2025 06:33,1749.5
3722,3058,01-07-2026 14:30,308.22
3723,1931,27-07-2025 06:04,32.04
3724,668,01-11-2025 22:18,168.72
3725,3907,04-04-2026 11:47,32.49
3726,3555,08-08-2026 15:46,254.17
3727,3359,05-05-2025 10:12,1053.21
3728,3039,10-02-2025 03:09,155.89
3729,842,28-04-2026 05:17,552.58
3730,3961,08-11-2025 10:04,227.79
3731,3562,30-05-2025 14:46,143.32
3732,3525,10-05-2025 19:58,630.85
3733,2129,13-06-2026 16:21,179.2
3734,3314,12-11-2025 12:24,796.59
3735,3959,02-04-2025 07:14,98.52
3736,376,04-09-2025 18:58,290.4
3737,2057,07-09-2026 08:30,250.28
3738,2529,04-11-2025 13:16,89.1
3739,1425,31-12-2025 01:38,141.03
3740,469,02-09-2025 06:38,145.21
3741,4417,12-01-2025 06:21,43.45
3742,2710,08-01-2026 18:32,387.64
3743,1499,11-06-2026 11:06,382.27
3744,2790,30-10-2025 12:58,157.33
3745,3185,06-03-2026 15:08,103.58
3746,2683,29-01-2026 15:20,400.5
3747,1717,13-12-2025 10:43,1346.62
3748,478,04-10-2025 01:36,473.48
3749,4346,02-04-2025 12:29,104.95
3750,3911,02-06-2026 00:40,43.53
3751,1581,12-06-2026 15:57,114.62
3752,972,18-04-2026 00:51,78.91
3753,1162,10-12-2025 02:22,12.84
3754,2768,24-07-2026 11:40,194.99
3755,3628,08-09-2026 00:27,82.58
3756,507,02-08-2026 04:14,785.4
3757,4160,01-05-2026 10:03,121.76
3758,2054,11-05-2026 03:37,332.77
3759,3354,31-12-2025 22:49,64.02
3760,597,16-03-2025 18:31,380.66
3761,171,20-05-2025 13:00,21.85
3762,711,26-02-2026 07:15,422.75
3763,4318,22-07-2025 17:58,81.13
3764,3416,23-12-2025 04:17,276.77
3765,278,29-07-2026 13:54,783.9
3766,426,29-07-2025 09:14,1562.96
3767,1120,07-08-2026 23:23,1242.39
3768,251,27-09-2025 23:35,1521.32
3769,3681,06-01-2026 02:33,106.37
3770,503,08-08-2025 17:47,119.59
3771,1830,12-04-2026 00:13,689.63
3772,4093,05-02-2025 05:01,92.51
3773,541,22-07-2025 02:55,171.36
3774,4047,13-09-2026 05:26,173.39
3775,2361,18-07-2025 15:51,29.15
3776,23,12-02-2026 15:37,325.76
3777,3119,27-09-2025 01:47,301.25
3778,4047,09-05-2026 16:11,690.69
3779,702,03-07-2025 04:07,1052.36
3780,1303,16-05-2025 04:03,53.25
3781,244,31-03-2026 12:04,566.2
3782,535,04-06-2025 20:41,666.95
3783,1776,16-06-2025 13:49,205.54
3784,550,28-07-2025 23:48,353.74
3785,2421,26-08-2026 16:20,474.81
3786,3415,15-03-2026 06:12,75.33
3787,2718,15-12-2025 09:33,94.38
3788,1749,06-11-2025 00:31,272.01
3789,2880,08-01-2025 21:47,291.64
3790,2095,28-01-2026 23:18,743.37
3791,826,12-04-2026 17:09,381.83
3792,3135,23-10-2025 13:08,92.07
3793,1293,25-08-2026 21:25,96.54
3794,3499,12-12-2025 09:24,198.48
3795,3162,12-10-2025 02:41,336.92
3796,265,27-07-2025 04:30,70.6
3797,1041,20-04-2025 13:20,854.84
3798,3274,11-09-2025 16:33,1704.46
3799,19,22-03-2025 23:11,193.58
3800,2305,21-08-2025 06:23,101.92
3801,2003,09-02-2025 17:25,33.86
3802,3626,20-04-2025 14:05,8.65
3803,3241,30-07-2025 21:01,1164.14
3804,460,19-06-2025 23:07,89.55
3805,342,10-07-2025 16:44,1399.48
3806,1360,30-09-2025 12:06,201.98
3807,4141,29-01-2026 02:54,245.49
3808,3160,29-01-2026 06:55,1470.78
3809,3974,04-12-2025 10:01,1779.67
3810,2277,18-01-2026 22:32,205.3
3811,54,14-02-2026 18:55,99.49
3812,1709,31-07-2025 11:29,128.42
3813,2735,29-05-2026 18:03,696.57
3814,3753,21-10-2025 21:00,466.14
3815,3186,20-11-2025 03:11,649.2
3816,1778,08-09-2026 20:52,597.67
3817,640,14-10-2025 02:20,125.73
3818,2144,13-06-2026 21:20,208.28
3819,2993,19-03-2025 09:29,32.36
3820,476,21-04-2026 13:09,638.12
3821,4285,10-02-2026 15:19,500.56
3822,2977,23-09-2025 03:46,5747.34
3823,3163,07-05-2026 23:05,450.59
3824,1306,09-07-2026 12:20,420.03
3825,825,02-03-2026 12:17,75.76
3826,216,20-08-2026 20:20,299.73
3827,1855,22-09-2025 20:34,509.49
3828,2171,12-08-2026 08:48,32.82
3829,4438,29-01-2025 07:23,185.72
3830,2184,09-09-2025 17:29,293.64
3831,2688,21-02-2026 07:42,360.56
3832,3134,29-04-2025 22:48,508.66
3833,1517,30-06-2025 16:19,218.16
3834,2462,07-02-2025 01:18,599.65
3835,3264,20-03-2025 08:09,709.57
3836,303,12-10-2025 16:56,1681.52
3837,870,24-11-2025 22:50,136.08
3838,755,10-03-2025 19:41,3.77
3839,3886,21-08-2025 12:42,25.35
3840,1924,15-04-2026 07:17,96.42
3841,1809,23-03-2026 20:30,380.22
3842,513,20-01-2026 18:22,491.93
3843,3535,07-07-2025 20:22,124
3844,36,19-08-2026 13:14,240.89
3845,1929,24-02-2026 01:32,1115.06
3846,1281,19-05-2025 09:19,1962.6
3847,1929,01-06-2025 05:11,7.29
3848,1289,28-07-2026 10:25,163.43
3849,3728,20-07-2026 18:22,140.88
3850,4345,15-02-2026 01:12,283.38
3851,1024,12-11-2025 22:18,40.64
3852,3014,11-02-2026 04:03,82.05
3853,2815,04-08-2026 23:38,782.19
3854,3213,28-02-2025 22:02,282.09
3855,1394,06-02-2026 20:28,279.22
3856,3241,16-12-2025 06:33,150.17
3857,2385,14-03-2025 13:49,480.36
3858,1919,09-05-2025 12:18,1095.4
3859,3391,12-04-2025 03:58,86.78
3860,373,18-08-2025 19:43,13.22
3861,3437,19-12-2025 16:29,606.08
3862,3972,26-08-2025 02:49,402.62
3863,3823,01-03-2025 13:26,77.85
3864,1982,30-06-2025 14:05,151.66
3865,3957,22-02-2026 21:47,320.38
3866,1222,06-08-2026 05:42,775.56
3867,2465,22-01-2025 21:19,396.29
3868,3123,21-04-2026 11:40,64.72
3869,253,19-08-2025 12:12,405.07
3870,811,11-08-2025 17:11,567.55
3871,1375,23-05-2026 18:04,76.3
3872,4333,13-06-2025 00:02,125.64
3873,549,14-07-2025 18:10,410.89
3874,126,10-05-2026 17:51,430.31
3875,891,09-03-2026 23:34,659.83
3876,1835,10-02-2026 14:51,263.07
3877,4363,29-08-2026 17:55,65.21
3878,2005,11-11-2025 07:56,981.87
3879,1660,27-10-2025 00:42,293.18
3880,258,22-07-2025 00:58,142.47
3881,1829,26-08-2025 08:29,802.49
3882,197,13-01-2025 12:15,45.55
3883,1097,27-05-2026 02:24,662.11
3884,1024,15-07-2025 21:10,731.34
3885,2377,28-06-2025 06:41,2070.37
3886,4481,11-05-2026 12:37,201.65
3887,2998,24-05-2025 20:23,185.34
3888,190,12-02-2026 11:03,529.52
3889,509,25-05-2026 14:40,30.65
3890,1202,25-04-2026 14:19,1033.77
3891,4391,18-02-2025 04:50,358.8
3892,2225,01-01-2026 02:15,339.72
3893,3807,10-06-2026 18:35,1233.37
3894,4357,20-04-2025 23:57,833.95
3895,3728,31-05-2026 15:35,103.15
3896,99,18-06-2025 00:17,19.02
3897,3492,28-03-2025 17:10,229.96
3898,3097,21-07-2026 23:32,118.75
3899,4477,02-12-2025 16:36,445.48
3900,3144,15-05-2025 18:11,181.24
3901,1748,10-12-2025 05:24,833.07
3902,3094,19-02-2026 18:41,98.61
3903,3217,09-11-2025 23:09,401.11
3904,3085,06-02-2026 02:03,58.08
3905,1955,21-03-2025 19:15,949.53
3906,738,18-08-2026 23:12,85.35
3907,1421,21-01-2025 15:33,751.19
3908,4382,16-01-2026 04:13,260.73
3909,3753,13-09-2026 12:48,1468.44
3910,123,25-02-2025 01:14,1428.62
3911,1480,22-10-2025 05:04,153.5
3912,4473,11-06-2025 17:59,251.74
3913,3317,15-11-2025 18:59,85.24
3914,4226,09-11-2025 17:57,1625.57
3915,3827,18-07-2025 22:45,481.78
3916,1488,24-03-2025 18:05,374.72
3917,940,08-09-2026 22:07,538.39
3918,2227,16-08-2026 19:32,18.79
3919,2990,06-02-2026 02:36,2145.36
3920,3678,17-05-2026 15:22,127.45
3921,933,21-02-2025 18:50,1241.51
3922,3010,25-03-2025 06:14,847.25
3923,2965,03-09-2025 17:22,36.48
3924,4349,13-01-2025 02:09,648.46
3925,1701,14-01-2025 14:37,3560.2
3926,2390,08-07-2026 23:20,162.27
3927,3433,05-07-2026 07:24,912.97
3928,1134,17-08-2025 21:07,985.67
3929,1517,11-06-2025 07:04,109.18
3930,1092,18-02-2026 12:48,234.48
3931,3905,09-08-2025 10:57,702.87
3932,1551,27-12-2025 02:05,824.74
3933,3008,15-10-2025 18:57,29.73
3934,2684,13-09-2026 21:39,556.12
3935,4415,20-08-2025 04:40,307.24
3936,3677,07-01-2025 03:35,3.5
3937,4436,06-02-2025 04:47,444.33
3938,3905,30-03-2026 17:35,48.49
3939,4044,11-01-2025 23:33,56.44
3940,2685,28-02-2025 02:39,757.64
3941,2973,27-03-2026 23:22,382.52
3942,958,25-08-2025 15:48,481.76
3943,3036,23-09-2025 06:34,533.72
3944,1365,30-04-2025 01:26,254.5
3945,4054,11-09-2025 20:26,1107.38
3946,1897,01-02-2025 18:27,447.56
3947,3395,25-01-2026 00:38,283.54
3948,4391,10-07-2026 17:15,21.85
3949,2990,12-01-2025 11:53,478.62
3950,4481,01-06-2025 13:40,329.12
3951,1810,28-07-2025 20:29,203.42
3952,3399,21-11-2025 09:59,151.47
3953,1274,04-07-2026 08:56,67.56
3954,2902,03-02-2025 13:13,1299.63
3955,4428,04-10-2025 07:35,19.31
3956,4160,21-02-2025 19:58,248.26
3957,4346,29-05-2025 10:06,85.6
3958,2457,16-06-2026 12:53,366.71
3959,3573,07-07-2025 02:00,718.08
3960,4428,03-07-2025 04:13,154.19
3961,758,21-06-2025 14:02,179.12
3962,1252,22-07-2025 12:28,172.93
3963,4104,12-01-2026 11:18,151.97
3964,789,03-06-2025 04:26,606.47
3965,1986,21-04-2025 07:47,192.58
3966,2614,05-07-2026 10:39,119.28
3967,2176,09-09-2026 09:45,102.07
3968,3431,05-07-2026 06:06,798.98
3969,1915,04-08-2026 11:18,361.96
3970,4408,04-09-2025 01:14,1425.48
3971,586,15-11-2025 08:18,415.76
3972,1828,15-08-2025 00:38,864.99
3973,3257,17-05-2026 06:56,424.37
3974,1821,30-07-2026 16:42,79.82
3975,2118,18-04-2025 18:40,1867.52
3976,2438,03-06-2026 20:24,2828.1
3977,744,09-05-2025 03:43,235.58
3978,706,19-04-2026 09:54,50.84
3979,2153,14-12-2025 13:17,41.91
3980,4520,07-01-2025 01:17,2885.07
3981,311,02-03-2026 01:18,49.33
3982,3725,31-05-2025 21:54,1484.34
3983,1771,06-08-2026 12:05,1152.26
3984,4079,30-07-2025 13:29,205.11
3985,159,16-10-2025 04:18,288.5
3986,1701,16-02-2026 16:22,70.35
3987,1777,30-10-2025 23:38,717.28
3988,1143,31-03-2026 13:22,90.08
3989,912,06-11-2025 20:52,166.81
3990,1274,12-09-2025 08:22,93.38
3991,4233,10-11-2025 07:30,15.76
3992,2255,04-05-2026 00:59,59.03
3993,4310,13-09-2025 09:06,67.56
3994,2923,16-10-2025 10:15,347.86
3995,2934,03-07-2025 18:25,658.78
3996,1821,22-08-2026 15:36,178.51
3997,2242,03-01-2025 14:46,1810.1
3998,3358,31-03-2025 23:02,842.99
3999,2457,18-03-2026 08:14,434.7
4000,2828,02-10-2025 21:12,415.6
4001,1820,03-03-2026 23:55,17.81
4002,86,11-09-2025 06:01,278.05
4003,1965,06-04-2026 15:13,1072.92
4004,2738,02-03-2025 11:57,56.55
4005,1367,27-01-2026 20:25,80.61
4006,2578,26-12-2025 11:15,883.73
4007,4237,17-04-2025 18:47,100.78
4008,2247,23-09-2025 00:44,754.24
4009,1125,12-08-2026 13:48,35.3
4010,2708,05-03-2025 01:30,768.93
4011,2677,29-03-2026 14:10,174.67
4012,3316,02-02-2025 06:02,50.99
4013,1354,06-06-2025 14:04,92.92
4014,3493,02-08-2026 19:13,486.83
4015,4046,01-11-2025 05:08,178.54
4016,870,06-09-2025 22:43,234.17
4017,779,26-08-2026 10:27,1079.51
4018,2309,15-05-2026 14:23,676.74
4019,3878,18-01-2026 02:51,11.8
4020,4199,12-03-2026 01:45,32.18
4021,1268,21-12-2025 21:14,85.74
4022,1542,10-08-2025 21:11,192.06
4023,3419,21-02-2026 12:19,680.85
4024,1796,10-02-2026 15:26,46.89
4025,2031,11-07-2026 08:24,410.83
4026,4106,07-01-2025 02:28,394.85
4027,988,13-02-2025 01:52,36.78
4028,1823,17-03-2025 14:12,80.4
4029,2762,07-10-2025 22:50,951.42
4030,3061,23-11-2025 13:06,524.54
4031,684,25-07-2025 21:12,87.35
4032,83,27-07-2026 00:26,115.34
4033,1080,04-09-2026 21:05,350.14
4034,2849,27-08-2026 23:07,315.91
4035,4093,18-07-2025 21:30,1487.11
4036,852,03-12-2025 02:14,227.31
4037,32,18-12-2025 20:37,558.92
4038,157,27-03-2026 03:35,522.98
4039,242,11-08-2026 00:38,18.95
4040,729,23-03-2025 01:29,110.61
4041,1080,01-07-2025 06:09,230.53
4042,851,09-09-2025 02:49,136.21
4043,3286,26-02-2025 06:45,796.13
4044,1597,03-11-2025 03:47,189.64
4045,1994,01-05-2025 14:59,44.77
4046,899,13-07-2025 00:02,162.38
4047,1998,10-02-2025 04:11,106.71
4048,4131,29-07-2025 22:49,34.93
4049,2817,04-03-2026 14:53,785.08
4050,1360,15-10-2025 10:16,548.84
4051,3928,10-01-2025 23:28,1032.95
4052,1680,28-11-2025 05:27,12.26
4053,2689,03-11-2025 14:29,1836.39
4054,3709,24-05-2025 03:44,1892.51
4055,172,27-04-2026 12:30,171
4056,4043,05-04-2025 09:16,2135.98
4057,4065,21-08-2025 06:25,84.29
4058,749,02-06-2025 21:55,460.75
4059,169,31-05-2025 20:30,573.66
4060,488,18-11-2025 08:41,637.72
4061,2230,07-04-2025 15:12,1160.61
4062,138,13-09-2025 21:21,600.23
4063,4463,15-02-2025 06:01,592.78
4064,4324,06-10-2025 02:23,258.06
4065,3698,08-06-2026 17:52,1059.38
4066,2954,30-06-2026 18:31,115.18
4067,1947,24-04-2025 23:04,3421.43
4068,2894,26-04-2026 01:54,28.45
4069,2842,04-07-2025 05:49,166.27
4070,3278,08-04-2025 05:35,2.95
4071,2832,22-05-2025 09:03,112.4
4072,3739,22-04-2025 12:09,854.29
4073,672,18-01-2025 13:53,53.06
4074,2002,04-01-2025 13:33,463.31
4075,4295,27-05-2025 21:24,231.39
4076,927,27-05-2026 04:50,21.11
4077,2395,06-06-2025 15:00,1082.42
4078,3301,07-06-2025 18:30,22.03
4079,1634,09-07-2026 05:04,37.92
4080,2112,13-05-2026 10:09,188.53
4081,3173,02-02-2025 12:04,407.9
4082,2744,27-01-2025 16:35,28.03
4083,4082,30-01-2026 15:16,355.64
4084,3548,18-04-2026 03:35,744.58
4085,1223,22-08-2026 21:47,163.33
4086,1428,30-06-2026 18:06,276.42
4087,31,23-10-2025 20:49,242.23
4088,1970,25-10-2025 14:35,561.98
4089,4379,10-01-2025 16:01,147.13
4090,1336,15-09-2025 20:03,260.23
4091,311,17-06-2026 15:54,141.2
4092,80,27-01-2026 04:05,67.56
4093,2756,21-06-2026 22:57,110.86
4094,2869,15-05-2026 14:50,11.19
4095,1681,12-07-2025 07:52,160.32
4096,384,30-01-2026 19:56,421.85
4097,88,01-11-2025 04:45,268.04
4098,3590,21-07-2026 12:42,204.43
4099,3907,25-02-2025 15:00,155.06
4100,232,27-02-2025 21:26,456.1
4101,4486,23-05-2025 10:46,112.23
4102,1676,08-12-2025 09:37,541.28
4103,1226,04-03-2026 22:47,117.2
4104,3865,12-09-2026 09:03,753.3
4105,365,12-01-2026 14:48,19.55
4106,3426,10-12-2025 12:06,432.04
4107,323,24-08-2026 22:55,856.84
4108,2997,20-12-2025 02:15,187.45
4109,2764,16-03-2026 07:42,143.08
4110,4255,18-05-2025 22:03,26.75
4111,4172,11-12-2025 00:50,94.94
4112,2738,06-07-2025 23:54,576.18
4113,3178,10-03-2026 03:15,237.12
4114,1324,14-05-2026 22:30,41.91
4115,3893,02-04-2025 19:18,1659.82
4116,2139,26-02-2025 21:10,19.44
4117,3765,21-01-2025 06:04,674.7
4118,379,10-02-2025 05:35,370.84
4119,464,17-08-2026 05:16,357.94
4120,456,11-07-2026 06:17,375.01
4121,1244,05-12-2025 15:46,202.64
4122,4403,24-10-2025 01:40,134.87
4123,4292,04-10-2025 16:50,142.47
4124,642,01-02-2026 23:10,88.94
4125,4431,10-07-2025 11:42,179.36
4126,3830,02-06-2025 20:14,320.06
4127,1838,05-01-2025 01:38,364
4128,1365,30-06-2025 03:28,626.58
4129,2730,20-08-2025 02:52,450.34
4130,3133,20-02-2025 04:13,265.79
4131,758,09-11-2025 04:13,1152.2
4132,344,23-09-2025 00:50,293.18
4133,4212,15-08-2026 11:08,56.28
4134,1341,11-12-2025 02:37,56.83
4135,1038,06-06-2026 02:40,764.18
4136,72,25-04-2026 13:59,1313.2
4137,3580,15-08-2026 10:49,322.22
4138,1299,05-01-2025 22:04,789.49
4139,3288,21-09-2025 00:08,221.54
4140,1873,16-10-2025 06:44,193.77
4141,2386,25-02-2025 03:18,163.54
4142,3369,28-01-2026 03:47,169.63
4143,1247,30-03-2026 10:39,260.24
4144,3685,13-01-2026 13:07,771.44
4145,212,26-03-2026 00:12,259.39
4146,2684,02-04-2025 02:43,92.4
4147,2948,23-05-2025 23:57,127.89
4148,1370,28-08-2025 07:55,79.31
4149,3878,10-05-2026 10:50,139.77
4150,3119,08-04-2026 17:13,738.29
4151,2365,23-07-2026 13:11,190.67
4152,2321,13-06-2025 11:14,7.5
4153,1660,30-05-2025 22:17,2178.72
4154,1730,12-05-2026 16:14,851.69
4155,4497,04-01-2025 06:29,498.18
4156,920,24-04-2025 11:07,77.85
4157,3029,21-06-2025 07:30,142.15
4158,3213,08-12-2025 05:22,422.75
4159,393,23-01-2026 05:29,2526.16
4160,4184,02-01-2025 14:55,209.34
4161,495,16-06-2025 02:32,271.16
4162,87,13-08-2026 04:48,125.8
4163,4243,05-10-2025 18:22,120.05
4164,2175,06-09-2025 21:50,211.54
4165,3891,26-08-2026 21:07,4262.51
4166,4263,07-05-2026 16:20,165.15
4167,1391,25-07-2026 06:55,164.15
4168,339,29-07-2025 04:15,1437.6
4169,2621,14-07-2025 04:18,337.51
4170,3564,04-07-2026 12:06,153.59
4171,13,22-03-2026 15:59,264.31
4172,130,28-02-2025 11:05,201.28
4173,2034,05-06-2026 00:13,67.72
4174,1322,08-04-2025 23:19,38.15
4175,3593,02-03-2025 03:22,519.99
4176,4111,11-06-2025 05:49,75.33
4177,3745,14-09-2025 03:58,415.3
4178,1149,04-01-2025 20:25,202.74
4179,1723,16-01-2025 06:48,1032.08
4180,484,19-08-2026 10:26,12.75
4181,4166,25-06-2026 05:21,484.91
4182,913,20-04-2026 10:05,2613.97
4183,2590,17-10-2025 16:25,304.85
4184,3655,05-08-2026 01:00,88.93
4185,3081,29-08-2025 07:16,171.5
4186,3223,09-07-2025 07:51,2303.97
4187,2162,24-02-2026 18:49,924.54
4188,1029,09-08-2025 06:29,164.25
4189,2971,11-01-2026 08:27,39.88
4190,163,30-07-2025 23:52,589.21
4191,1630,31-08-2026 11:45,2.95
4192,278,23-08-2026 06:01,1169.35
4193,3793,09-06-2025 00:15,1407.79
4194,283,21-03-2025 23:29,498.44
4195,1622,22-11-2025 15:30,131.23
4196,2236,15-09-2025 11:18,135.33
4197,4491,29-10-2025 11:17,486.77
4198,1237,16-01-2025 08:38,1993.53
4199,4211,13-06-2025 16:30,480.09
4200,1028,09-02-2026 04:49,1304.2
4201,419,04-09-2025 02:35,220.11
4202,2271,20-05-2025 15:05,10.51
4203,2208,09-12-2025 12:54,998.77
4204,1675,12-01-2025 16:38,331.93
4205,911,13-08-2026 16:05,249.86
4206,1878,01-08-2026 04:27,181.65
4207,991,27-03-2026 10:11,140.21
4208,1715,16-02-2026 19:52,56.54
4209,3405,31-03-2026 01:27,86.79
4210,2925,04-04-2026 00:43,237.12
4211,3820,07-04-2025 09:10,2.16
4212,3886,21-06-2026 22:13,1483.31
4213,4155,08-01-2025 22:08,260.73
4214,1441,04-04-2025 20:18,655.2
4215,4317,02-04-2026 00:12,11.19
4216,4086,12-08-2026 14:59,180.08
4217,1491,25-09-2025 07:30,94.62
4218,856,20-04-2026 00:19,864.79
4219,2515,08-03-2026 12:21,94.78
4220,1412,05-02-2026 19:45,457.75
4221,1737,04-04-2026 06:19,72.88
4222,1936,05-01-2025 00:59,973.33
4223,2919,07-01-2025 01:49,215.24
4224,846,29-05-2026 19:31,494.16
4225,1922,31-08-2025 22:36,376.61
4226,2967,07-10-2025 07:20,877.84
4227,3010,28-03-2025 04:27,545.53
4228,3178,21-11-2025 06:21,104.41
4229,3090,04-07-2025 00:52,516.45
4230,1274,23-07-2026 14:04,653.76
4231,3264,24-12-2025 08:50,692.01
4232,511,13-06-2026 14:01,296.38
4233,1461,28-10-2025 23:31,192.09
4234,257,02-04-2026 10:45,39.18
4235,31,09-04-2026 04:51,722.54
4236,2215,22-10-2025 08:40,1218.18
4237,971,11-09-2026 07:29,112.55
4238,157,16-07-2026 07:28,102.91
4239,712,14-07-2026 13:30,380.71
4240,3307,26-12-2025 20:11,525.77
4241,989,10-01-2026 23:02,144.87
4242,3002,24-01-2026 14:46,12.26
4243,3459,24-05-2025 23:21,311.23
4244,2504,01-06-2025 03:53,379.68
4245,4064,18-07-2025 19:02,85.53
4246,4079,15-09-2025 17:41,17.15
4247,363,17-03-2026 12:50,401.78
4248,3838,26-02-2025 18:49,132.69
4249,1157,11-07-2025 10:28,149.38
4250,1715,18-12-2025 11:32,102.92
4251,2975,19-09-2025 12:21,324.42
4252,454,31-03-2026 01:52,637.97
4253,1375,15-02-2026 18:54,907.3
4254,4513,14-01-2026 06:52,514.51
4255,2007,22-10-2025 15:01,506.5
4256,4147,04-09-2026 22:20,220.78
4257,3309,20-03-2026 05:13,192.06
4258,3341,09-04-2026 07:21,133.3
4259,3610,03-06-2025 10:41,408.57
4260,3639,23-03-2026 03:57,64.64
4261,2302,19-04-2026 12:20,32.1
4262,1150,28-05-2025 08:59,190.83
4263,2838,25-02-2025 18:07,834.76
4264,2842,31-07-2025 03:28,113.94
4265,1011,16-06-2025 22:35,204.68
4266,3215,25-07-2025 05:43,149.62
4267,1137,15-08-2026 22:40,376.15
4268,3194,31-08-2025 00:17,151.24
4269,1349,12-03-2026 19:05,409.47
4270,3235,30-03-2025 02:16,207.37
4271,3484,25-04-2025 21:35,893.89
4272,4439,04-06-2026 17:12,171.95
4273,1356,30-11-2025 01:18,81.73
4274,1026,29-03-2025 20:27,153.09
4275,4173,14-10-2025 02:53,627.5
4276,3482,07-03-2026 18:54,768.09
4277,2670,12-11-2025 18:20,1664.57
4278,1611,20-02-2026 13:36,794.88
4279,625,11-03-2025 03:18,576.18
4280,2164,03-04-2025 14:37,523.63
4281,4378,14-06-2025 16:10,768.76
4282,1788,12-07-2026 10:14,185.91
4283,183,07-07-2026 11:09,533.87
4284,1242,20-11-2025 07:10,102.86
4285,3709,12-08-2025 04:34,260.73
4286,1559,13-03-2026 01:32,571.99
4287,210,13-03-2025 16:14,1403.71
4288,178,04-09-2025 12:15,139.05
4289,798,01-11-2025 03:52,145.69
4290,30,13-11-2025 16:14,209.38
4291,1702,06-03-2025 22:03,723.18
4292,1000,12-07-2025 00:26,75.41
4293,460,13-09-2025 07:24,76.3
4294,3633,14-09-2025 21:04,675.02
4295,3125,03-09-2026 21:02,199.2
4296,1559,20-10-2025 12:45,713.78
4297,4483,09-02-2025 05:03,866.47
4298,242,03-03-2025 02:42,1220.06
4299,3803,16-07-2025 03:41,83.82
4300,3281,01-03-2026 20:47,142.38
4301,2844,27-05-2025 19:33,115.28
4302,2178,08-11-2025 17:26,136.47
4303,2221,11-05-2026 04:15,317.06
4304,3018,19-07-2026 20:56,55.59
4305,3462,08-02-2026 03:04,120.53
4306,206,20-08-2025 01:49,63.81
4307,4062,31-10-2025 11:13,1259.34
4308,2911,20-01-2026 02:55,120.53
4309,3512,13-05-2025 12:56,480.67
4310,1917,02-04-2025 08:40,3346.7
4311,2728,03-09-2025 17:29,12.75
4312,957,04-11-2025 00:14,240.59
4313,3502,30-04-2026 10:13,109.56
4314,2598,29-04-2026 09:30,403.36
4315,4231,01-06-2026 11:31,546.09
4316,3021,09-02-2026 19:01,364.49
4317,412,27-07-2025 19:54,67.56
4318,3070,20-07-2026 01:33,343.41
4319,427,27-05-2025 12:44,712.51
4320,774,04-08-2026 15:56,218.9
4321,3242,08-03-2026 15:25,583.79
4322,197,19-07-2026 17:02,50.84
4323,105,15-04-2026 18:51,108.76
4324,4477,28-04-2025 16:27,4.86
4325,4152,30-07-2026 09:05,1125.87
4326,2414,12-01-2026 20:07,691.74
4327,2292,04-06-2026 03:30,444.24
4328,3744,07-03-2026 07:39,86.78
4329,915,20-05-2025 22:37,159.98
4330,4468,28-12-2025 18:40,420.74
4331,1330,01-02-2026 19:11,278.59
4332,2597,15-03-2025 01:41,136.08
4333,3520,14-07-2025 07:46,618.64
4334,4432,22-03-2026 12:45,723.8
4335,3212,04-09-2025 09:46,43.39
4336,3639,05-03-2025 04:43,562.68
4337,3304,03-12-2025 12:20,459.22
4338,3072,28-07-2025 10:19,2180.6
4339,2035,04-01-2025 13:33,581.13
4340,3374,26-08-2025 03:24,323.05
4341,189,12-09-2025 10:48,198.33
4342,2860,21-02-2025 03:42,128.68
4343,3770,30-01-2025 00:31,260.22
4344,4211,14-06-2025 05:21,27.09
4345,612,21-05-2026 18:43,952.87
4346,3065,04-07-2025 09:26,135.38
4347,3797,30-07-2026 21:45,248.95
4348,1080,19-05-2026 00:56,298.75
4349,4439,15-07-2025 21:00,383.84
4350,285,07-08-2026 17:44,283.74
4351,3844,24-02-2025 22:09,106.84
4352,1852,17-04-2026 19:54,545.9
4353,4229,04-08-2025 11:57,746.38
4354,327,20-01-2025 17:28,128.69
4355,798,08-02-2026 21:38,61.79
4356,661,04-01-2025 13:44,26.44
4357,1694,26-03-2025 19:42,94.24
4358,1989,12-02-2026 10:50,499.83
4359,185,29-06-2025 02:31,2298.15
4360,3526,28-03-2026 18:30,74.28
4361,1489,16-08-2025 05:15,809.43
4362,1760,02-02-2026 04:58,645.29
4363,3581,20-04-2025 16:52,860.03
4364,2293,10-12-2025 13:17,168.17
4365,1015,12-03-2026 20:24,630.21
4366,1521,16-07-2026 23:06,452.88
4367,3822,27-08-2026 02:24,47.91
4368,3495,19-06-2026 01:14,159.76
4369,2555,15-03-2026 09:31,770.17
4370,1876,23-10-2025 17:14,85.24
4371,873,19-07-2025 21:57,68.89
4372,490,20-05-2025 15:10,111.8
4373,3563,16-07-2026 02:04,375.3
4374,3594,25-10-2025 06:26,1468.75
4375,2859,05-02-2025 18:46,909.42
4376,4511,13-09-2026 14:21,1624.36
4377,2633,05-03-2026 18:06,249.34
4378,2476,17-07-2026 22:22,665.68
4379,1395,16-06-2026 10:00,175.34
4380,419,22-01-2026 19:47,16.93
4381,2442,07-07-2026 15:43,508.31
4382,4502,14-07-2026 14:37,100.79
4383,2833,01-03-2026 19:51,511.37
4384,1365,29-01-2025 21:23,122.59
4385,366,07-05-2025 01:27,58.08
4386,940,30-09-2025 13:50,134.17
4387,605,03-03-2025 01:46,10.79
4388,1460,12-08-2025 00:06,341.71
4389,2334,19-08-2025 04:05,264.62
4390,664,10-03-2025 15:55,389.55
4391,702,01-08-2026 21:53,167.48
4392,645,20-06-2025 18:13,191.68
4393,2383,15-09-2025 07:15,13.05
4394,1597,26-02-2026 22:55,64.56
4395,1183,12-07-2025 01:55,802.62
4396,4213,10-06-2025 04:44,1361.7
4397,1178,09-04-2025 00:31,76.75
4398,3847,16-03-2026 22:26,208.55
4399,1405,25-02-2026 14:24,1125.29
4400,522,12-07-2025 23:38,2701.33
4401,1063,24-04-2026 13:41,791.15
4402,2711,15-03-2026 02:54,681.68
4403,2957,01-06-2026 13:34,195.74
4404,3015,25-07-2026 23:16,507.36
4405,56,13-04-2025 07:31,911.05
4406,1719,14-11-2025 11:17,1252.88
4407,3930,20-03-2026 22:37,372.13
4408,3893,14-08-2025 09:43,207.34
4409,3888,31-05-2025 23:59,316.3
4410,492,10-11-2025 22:03,618.71
4411,969,04-06-2026 07:26,1007.84
4412,585,22-01-2025 01:12,362.89
4413,1193,17-04-2026 19:54,221.02
4414,579,09-08-2026 05:12,361.52
4415,4260,22-04-2025 17:14,128.99
4416,3330,16-07-2025 22:08,343.22
4417,1280,07-02-2025 22:23,244.71
4418,1903,15-05-2025 18:44,285.78
4419,1077,30-07-2026 21:48,78.19
4420,3449,01-12-2025 09:20,203.24
4421,785,20-05-2026 01:27,297.81
4422,2429,01-05-2025 08:42,359.86
4423,3381,31-10-2025 12:56,199.34
4424,3248,02-03-2025 19:13,343.16
4425,2660,13-03-2025 03:04,716.47
4426,2450,10-04-2025 06:52,153.88
4427,2444,15-08-2025 02:11,60.1
4428,3935,03-06-2025 12:52,288.08
4429,2232,17-11-2025 17:37,380.9
4430,4243,22-05-2025 22:49,171.84
4431,1513,16-01-2026 01:37,1341.06
4432,922,05-02-2026 08:38,2162.66
4433,1206,11-05-2026 13:13,276.02
4434,295,18-02-2025 02:32,575.76
4435,586,09-08-2025 02:36,862.94
4436,3922,25-06-2025 19:45,2400.26
4437,756,12-12-2025 10:51,371.58
4438,1323,03-02-2025 19:48,475.03
4439,4386,16-04-2025 16:59,398.81
4440,4335,21-02-2025 08:23,30.62
4441,3345,24-06-2025 20:45,309.36
4442,1805,08-07-2026 06:34,877.43
4443,2638,15-12-2025 13:07,16.93
4444,3662,16-02-2025 05:42,1684.5
4445,3592,22-12-2025 18:10,411.3
4446,4526,25-06-2025 11:06,62.6
4447,2837,01-04-2025 15:17,19.83
4448,2283,24-03-2026 05:50,672.95
4449,1221,29-09-2025 01:54,121.13
4450,994,30-11-2025 21:22,257.81
4451,2629,22-07-2026 17:30,1730.14
4452,3948,12-02-2025 11:29,709.03
4453,419,04-09-2026 04:42,289.52
4454,239,24-08-2026 15:06,149.47
4455,543,11-11-2025 19:24,1697.86
4456,3946,26-02-2025 09:24,110.64
4457,4015,06-04-2026 03:53,497.35
4458,2573,19-09-2025 19:22,100.75
4459,1905,21-03-2025 03:47,1533.77
4460,384,07-08-2026 22:17,362.2
4461,1333,22-05-2026 07:52,247.7
4462,3153,07-03-2025 20:16,14.63
4463,1815,20-12-2025 09:37,118.36
4464,2669,08-01-2025 23:03,30.16
4465,2394,06-07-2025 00:48,94.12
4466,3681,05-01-2026 10:49,554.28
4467,2279,19-03-2025 21:21,1487.46
4468,3632,01-09-2025 07:55,511.07
4469,1261,06-04-2026 02:24,754.33
4470,1091,28-01-2025 09:05,15.93
4471,530,02-07-2026 03:06,225.75
4472,178,26-11-2025 17:12,101.46
4473,3160,10-07-2025 12:51,243.89
4474,1454,11-06-2026 10:18,2174.25
4475,1047,08-04-2025 03:15,429.69
4476,2894,30-08-2025 10:32,137.64
4477,4271,17-02-2026 22:36,82.51
4478,2555,13-11-2025 14:38,194.49
4479,968,29-01-2025 20:10,884.07
4480,2204,08-03-2026 18:18,1439.56
4481,281,03-01-2025 22:54,1718.94
4482,3936,14-05-2025 12:02,1901.35
4483,4135,14-03-2025 07:03,63.23
4484,4480,18-10-2025 03:23,909.94
4485,2980,02-01-2026 11:15,192.76
4486,3139,28-11-2025 22:43,31.52
4487,663,31-01-2025 07:09,904.17
4488,3124,10-03-2025 09:28,33.86
4489,1575,09-11-2025 07:19,322.05
4490,3426,01-01-2025 11:52,76.75
4491,1850,07-01-2025 02:08,117.24
4492,4437,27-05-2026 03:00,317.77
4493,2330,08-06-2026 05:57,144.31
4494,1760,06-03-2026 15:11,318.99
4495,758,02-02-2026 02:46,212.14
4496,3929,14-12-2025 18:27,76.63
4497,1868,07-06-2025 13:42,372.51
4498,1361,20-08-2025 17:51,1787.06
4499,3554,09-01-2026 07:59,227.32
4500,270,10-02-2025 05:07,103.15
4501,3851,04-02-2025 12:39,252.11
4502,656,27-10-2025 09:18,2972.2
4503,1053,28-09-2025 09:43,108.75
4504,3421,06-02-2025 16:05,1737.21
4505,4202,10-12-2025 02:15,830.53
4506,226,27-01-2026 18:45,139.5
4507,211,24-04-2025 06:16,418.63
4508,2794,14-08-2026 13:05,81.73
4509,2033,05-06-2026 12:14,1722.48
4510,217,31-01-2026 07:14,292.55
4511,3351,23-01-2025 20:45,35
4512,2713,26-04-2026 16:10,2.2
4513,1463,28-06-2026 19:29,1221.07
4514,738,22-07-2025 18:43,1377.29
4515,3650,02-02-2026 03:40,655.15
4516,1661,18-06-2026 00:59,13.05
4517,2521,20-04-2025 10:43,136.98
4518,3439,11-06-2025 12:48,51.23
4519,4283,16-01-2026 11:25,88.99
4520,879,07-07-2025 00:50,1012.53
4521,4121,27-10-2025 23:40,425.41
4522,105,15-02-2026 11:27,124.06
4523,1858,21-11-2025 00:13,326.47
4524,1173,09-05-2026 18:56,151.66
4525,163,15-06-2026 23:15,646.41
4526,98,02-08-2025 01:31,491.77
4527,264,18-05-2026 06:39,253.34
4528,2495,08-04-2025 10:02,399.98
4529,1986,19-07-2026 17:34,58.08
4530,749,11-06-2026 18:27,497.26
4531,2244,21-03-2025 22:21,186.47
4532,4361,07-09-2025 16:48,75.8
4533,4476,22-09-2025 05:47,38.48
4534,3736,30-05-2026 10:30,149.5
4535,174,29-01-2026 10:00,40.62
4536,2655,22-01-2026 03:13,139.09
4537,127,03-12-2025 08:35,848.38
4538,3788,27-07-2025 02:52,369.54
4539,3840,26-04-2026 13:43,72.66
4540,1401,19-01-2025 08:31,321.94
4541,4206,03-07-2025 16:25,223.3
4542,2174,03-05-2025 18:22,138.63
4543,595,17-09-2025 19:28,550.52
4544,4174,11-05-2026 22:43,12.84
4545,3167,07-03-2025 03:19,1106.42
4546,674,03-10-2025 21:15,350.95
4547,3674,27-04-2026 11:02,677.97
4548,910,13-01-2026 21:22,2.2
4549,568,27-03-2025 19:55,332.25
4550,2295,15-08-2026 07:37,2.21
4551,3066,17-02-2026 20:00,163.42
4552,4453,21-02-2026 09:46,411.11
4553,2554,24-05-2026 17:44,184.86
4554,3201,21-03-2026 23:03,96.87
4555,3587,18-02-2025 11:07,1217.83
4556,1045,26-07-2026 20:59,243.67
4557,3096,04-07-2025 10:44,1796.51
4558,537,02-10-2025 01:40,751.2
4559,4498,09-03-2026 00:22,522
4560,1048,27-02-2026 16:25,25.95
4561,901,12-01-2025 08:30,454.36
4562,4059,28-08-2025 05:00,55.1
4563,1857,30-08-2026 03:04,960.08
4564,1945,19-10-2025 15:19,169.44
4565,2128,18-08-2025 16:01,126.52
4566,1393,16-07-2026 21:22,514.1
4567,4523,19-08-2025 23:22,195.28
4568,3689,30-10-2025 17:55,67.56
4569,4420,30-04-2025 14:00,163.84
4570,3828,10-05-2026 00:56,179.42
4571,3367,22-03-2026 00:28,343.75
4572,1655,08-06-2025 10:35,60.35
4573,2759,10-07-2026 01:21,469.92
4574,4258,04-01-2026 01:55,105.71
4575,895,23-05-2026 17:01,13.22
4576,2878,17-10-2025 14:45,779.96
4577,495,29-04-2025 11:38,1374.54
4578,2121,09-01-2025 14:29,1070.62
4579,4158,14-05-2026 00:01,593.88
4580,673,09-07-2026 11:52,377.12
4581,3880,18-02-2026 21:43,393.37
4582,2687,23-06-2026 21:14,123.13
4583,1518,06-03-2026 21:50,731.23
4584,573,24-05-2025 23:08,544.29
4585,1923,11-04-2025 11:53,464.23
4586,644,08-11-2025 22:25,192.06
4587,2226,30-06-2026 10:42,886.36
4588,1933,03-01-2026 10:12,186.19
4589,1015,10-02-2025 13:03,78.55
4590,619,07-01-2026 09:37,84.2
4591,2117,08-11-2025 04:33,1523.61
4592,3203,25-09-2025 02:12,477.56
4593,3607,25-01-2026 05:40,12.84
4594,3636,08-07-2026 21:58,194.91
4595,3538,28-02-2026 18:35,13.05
4596,3981,05-01-2026 20:38,45.74
4597,165,23-08-2025 15:41,1713.74
4598,4242,20-09-2025 03:01,66.87
4599,2626,25-08-2026 10:43,164
4600,122,05-01-2025 00:45,128.22
4601,2472,09-11-2025 02:59,126.89
4602,708,16-02-2026 11:37,1241.69
4603,3206,07-05-2025 06:09,58.06
4604,1921,13-11-2025 08:38,440.95
4605,1725,03-02-2025 06:30,264.5
4606,900,12-07-2026 09:31,267.36
4607,4487,13-03-2025 16:43,331.19
4608,3395,09-02-2025 18:44,1185.26
4609,4357,19-02-2026 02:34,284.96
4610,2385,09-10-2025 10:32,325
4611,2629,25-07-2026 06:27,162.48
4612,1012,14-09-2025 02:25,88.21
4613,489,26-07-2026 11:10,150.98
4614,1116,19-05-2026 03:06,421.94
4615,1708,28-08-2026 07:39,343.01
4616,712,16-06-2026 00:35,126.8
4617,2524,26-07-2026 17:15,32.6
4618,3201,28-05-2026 17:10,993.4
4619,1990,23-07-2025 06:44,149.75
4620,2343,28-06-2026 16:15,360.91
4621,1279,14-12-2025 23:43,175.81
4622,582,09-09-2025 03:15,1030.91
4623,888,25-01-2025 14:30,3.5
4624,1898,05-03-2026 22:26,95.34
4625,4509,13-06-2025 22:36,1268.59
4626,3228,10-06-2026 16:40,167.09
4627,3497,23-07-2025 19:45,1974.68
4628,4473,01-10-2025 00:27,15.62
4629,2527,02-01-2026 21:47,1347.03
4630,1570,27-04-2025 15:07,629.18
4631,3525,21-09-2025 14:52,22.47
4632,368,22-08-2026 20:53,29.26
4633,2654,15-01-2025 02:01,17.76
4634,3138,09-06-2026 08:19,102.9
4635,844,22-04-2026 11:56,199.88
4636,2226,21-04-2025 15:23,242.24
4637,4007,19-01-2026 23:16,154.99
4638,200,17-04-2026 22:47,19.55
4639,1827,10-07-2025 04:54,480.68
4640,2210,30-05-2026 14:12,1349.25
4641,2138,24-07-2025 07:21,1480.16
4642,2801,11-01-2026 21:18,200.51
4643,2042,12-09-2025 10:44,104.25
4644,4009,25-01-2026 18:01,150.18
4645,2469,12-02-2026 04:04,137.93
4646,1896,07-03-2026 14:18,304.51
4647,97,31-03-2025 21:45,62.04
4648,4290,27-01-2025 11:05,3.2
4649,2912,31-08-2026 18:20,7
4650,3992,05-07-2026 08:06,87.67
4651,32,23-06-2026 18:14,561.1
4652,824,25-01-2025 00:51,170.8
4653,1782,11-01-2026 12:54,795.36
4654,1269,19-01-2025 02:11,1127.86
4655,3485,05-06-2025 03:27,610.86
4656,855,29-09-2025 08:57,489.03
4657,319,04-09-2025 17:51,1044.88
4658,3905,25-09-2025 02:28,115.99
4659,4104,24-10-2025 00:56,2.43
4660,2729,09-07-2026 18:44,1340.07
4661,1692,24-03-2026 05:46,1150.23
4662,1598,24-07-2026 13:06,155.57
4663,267,15-07-2026 14:14,164.74
4664,3747,02-08-2025 06:32,1029.98
4665,847,02-07-2025 17:32,508.64
4666,2906,16-02-2025 06:00,367.89
4667,255,09-04-2026 11:03,414.97
4668,3511,08-01-2025 12:50,905.45
4669,2038,04-02-2025 00:49,85.62
4670,2765,03-01-2026 18:03,107.92
4671,1191,13-03-2025 17:55,87.44
4672,1553,11-02-2025 07:13,791.7
4673,431,16-07-2025 05:21,774.23
4674,4152,07-02-2025 17:21,450.34
4675,1994,02-10-2025 17:32,1330.83
4676,3944,24-04-2026 02:39,144.19
4677,725,16-08-2025 23:26,229.64
4678,1470,21-04-2026 13:35,81.08
4679,4281,23-07-2026 15:12,1551.88
4680,758,24-12-2025 03:24,320.58
4681,3054,31-05-2025 04:18,680.85
4682,4049,21-02-2025 18:42,721.19
4683,3118,28-04-2025 19:24,905.34
4684,4173,03-04-2025 19:33,550.39
4685,3714,21-05-2026 21:10,439
4686,4462,09-07-2026 04:05,3.77
4687,425,02-08-2025 20:12,286.9
4688,2638,27-12-2025 22:31,1764.6
4689,3500,28-06-2025 04:40,147.19
4690,1654,29-12-2025 05:32,92
4691,3893,27-07-2025 02:33,11.19
4692,2619,18-04-2025 00:48,686.9
4693,119,11-03-2026 20:51,972.41
4694,3103,17-05-2025 22:37,120.86
4695,3999,27-02-2026 19:40,907.86
4696,2946,04-08-2025 22:44,30.19
4697,1813,29-07-2025 18:11,205.05
4698,3251,16-08-2025 16:19,339.25
4699,1979,10-09-2025 00:35,15.66
4700,702,22-06-2026 21:23,833.6
4701,1506,04-09-2026 18:44,63.23
4702,4187,22-05-2026 23:48,540.16
4703,2366,28-12-2025 15:08,134.72
4704,4053,03-05-2026 04:17,118.89
4705,2190,11-12-2025 03:16,229.96
4706,1437,10-03-2025 03:04,566.07
4707,1517,14-05-2026 11:54,537.38
4708,2461,27-08-2025 17:56,38.5
4709,2107,18-05-2026 03:02,416.76
4710,2152,14-08-2025 21:38,241.37
4711,194,22-07-2026 04:39,1891.17
4712,2768,11-02-2026 17:56,11.19
4713,4,07-12-2025 15:31,247.48
4714,417,07-06-2026 16:09,141.67
4715,813,21-09-2025 09:19,44.03
4716,92,03-03-2026 14:27,216.49
4717,3615,29-01-2025 15:12,131
4718,3098,17-02-2026 22:17,3978.4
4719,2568,09-02-2025 03:18,921.78
4720,2439,22-08-2025 06:31,441.52
4721,2510,28-02-2025 23:47,84.85
4722,2582,28-11-2025 13:32,1452.66
4723,2753,17-03-2026 14:46,613.16
4724,1768,12-02-2025 07:54,21.02
4725,445,13-08-2025 07:46,18.95
4726,2739,27-10-2025 14:01,104.26
4727,385,01-07-2025 06:34,1102.69
4728,3374,02-12-2025 22:33,3.5
4729,3573,09-12-2025 03:05,194.02
4730,1806,20-11-2025 14:16,354.66
4731,2732,06-05-2025 22:24,808.62
4732,673,30-05-2025 01:02,392.25
4733,3875,27-03-2026 04:50,74.89
4734,316,14-07-2026 09:57,502.42
4735,3539,27-05-2025 22:08,1114.95
4736,7,10-02-2026 13:31,572.65
4737,3984,16-08-2026 15:48,58.08
4738,2844,02-04-2025 21:43,67.8
4739,1576,12-11-2025 10:58,1437.79
4740,1634,04-03-2025 07:19,509.14
4741,3698,06-01-2025 21:24,222.56
4742,3525,17-07-2026 04:09,21.29
4743,1343,28-03-2025 21:31,179.92
4744,239,27-12-2025 08:59,1610.72
4745,2982,23-05-2025 11:00,125.82
4746,4518,06-08-2026 21:33,347.69
4747,2088,14-08-2025 11:38,2164.61
4748,2421,21-10-2025 18:28,840.69
4749,2341,08-03-2026 16:12,246.15
4750,2456,30-06-2025 05:49,475.17
4751,2221,02-03-2025 12:35,275.94
4752,2934,09-12-2025 00:10,200.17
4753,4354,31-05-2026 05:54,234.48
4754,1876,26-03-2025 09:43,1437.73
4755,3820,01-07-2025 10:10,218.45
4756,1495,29-04-2026 09:05,522.32
4757,2669,27-08-2025 02:40,379.59
4758,1558,09-03-2025 00:28,323.66
4759,4205,12-06-2025 05:31,153.22
4760,1582,11-11-2025 20:07,128.52
4761,3155,02-10-2025 07:05,261.35
4762,4303,04-09-2026 09:28,110.15
4763,2046,08-02-2025 12:59,864.66
4764,3900,16-08-2025 00:05,240.25
4765,2069,28-02-2025 15:20,504.11
4766,1444,05-12-2025 04:48,2367.68
4767,1518,11-09-2025 00:00,246.14
4768,3249,15-05-2026 03:22,1082.55
4769,3073,14-07-2026 13:12,34.62
4770,4130,05-02-2025 06:34,51.36
4771,2883,12-08-2025 01:24,302.67
4772,3736,14-06-2025 23:56,70.33
4773,3389,22-02-2025 22:19,118.59
4774,3366,04-03-2025 22:01,2857.33
4775,1388,20-06-2026 17:50,194.96
4776,2447,15-04-2025 10:48,69.99
4777,459,02-05-2026 09:04,181.61
4778,1518,30-05-2025 15:18,60.51
4779,3418,22-08-2026 10:23,1006.83
4780,2644,04-09-2025 17:35,958.13
4781,2662,26-08-2026 04:11,813.37
4782,2459,28-02-2025 09:01,77.05
4783,1982,21-06-2025 02:32,309.37
4784,1050,05-04-2026 04:45,936.2
4785,2626,13-05-2025 07:41,338.86
4786,2204,15-04-2025 20:47,28.26
4787,812,01-08-2025 14:29,475.61
4788,125,01-09-2025 06:25,471.53
4789,3455,15-04-2026 10:18,464.13
4790,1854,23-02-2026 18:06,48.79
4791,1044,23-11-2025 23:56,93.6
4792,2744,24-01-2026 02:14,28.59
4793,2957,06-02-2026 20:48,7
4794,504,08-02-2026 22:09,41.2
4795,2375,19-03-2026 09:57,1056.91
4796,4028,28-04-2025 16:54,833.21
4797,2715,22-07-2025 04:35,433.85
4798,1712,16-02-2026 12:36,2.43
4799,1549,05-03-2025 00:41,128.43
4800,3478,05-06-2026 05:25,464.17
4801,41,15-10-2025 00:58,40.75
4802,4319,31-03-2025 22:18,980.68
4803,3574,24-08-2026 08:04,77.92
4804,347,06-07-2025 18:21,629.05
4805,3502,27-01-2025 12:06,28.72
4806,3529,29-06-2025 16:54,153.18
4807,3376,22-06-2025 04:10,329.86
4808,355,26-04-2025 22:51,309.45
4809,2826,15-12-2025 14:01,517.84
4810,1997,02-10-2025 04:32,365.54
4811,3452,12-08-2026 03:13,469.32
4812,2191,19-07-2026 23:24,195.52
4813,3693,03-04-2026 19:02,71.68
4814,1830,28-08-2026 20:38,41.91
4815,2214,03-09-2025 11:27,205.09
4816,4442,15-11-2025 22:50,73.77
4817,2183,28-06-2025 00:06,165.61
4818,4050,09-02-2025 13:54,2575.55
4819,2247,08-10-2025 15:19,698.3
4820,2953,10-09-2026 03:07,59.87
4821,1740,11-09-2026 15:03,157.33
4822,2613,18-06-2026 00:00,76.35
4823,4201,28-04-2026 16:34,512.17
4824,4483,03-09-2026 23:48,244.36
4825,2312,02-04-2026 13:01,166.09
4826,2896,28-07-2026 09:49,791.51
4827,1445,09-04-2026 21:44,336.01
4828,227,07-05-2026 06:26,451.88
4829,588,16-09-2025 17:36,69.32
4830,2921,29-04-2026 13:30,130.19
4831,1650,06-06-2025 06:29,389.65
4832,1892,02-07-2025 21:52,12.75
4833,2444,31-07-2025 09:56,10.18
4834,2879,14-08-2025 22:35,801.26
4835,2989,08-01-2026 01:26,192.4
4836,4027,04-03-2025 06:56,166.93
4837,4520,15-11-2025 00:02,910.81
4838,1386,03-11-2025 12:49,141.77
4839,3921,18-12-2025 08:18,79.35
4840,2341,18-07-2026 00:09,761.24
4841,3015,07-11-2025 20:30,501.01
4842,2400,14-06-2026 10:22,581.12
4843,4311,19-04-2025 21:50,2598.32
4844,4438,25-01-2026 21:09,117.24
4845,327,11-06-2026 17:05,1699.21
4846,2980,10-08-2025 07:41,876.3
4847,3891,26-06-2025 01:38,288.37
4848,3592,07-02-2026 16:34,1854.81
4849,3573,25-08-2026 19:32,190.8
4850,1425,09-01-2026 13:38,21.02
4851,1617,30-05-2026 23:52,1030.57
4852,3822,06-03-2025 10:49,541.57
4853,1875,08-01-2026 23:30,87.12
4854,3367,06-05-2025 23:32,119.75
4855,1845,15-03-2025 14:33,353.86
4856,128,04-08-2026 03:49,1290.83
4857,3991,03-07-2026 06:34,1921.38
4858,1266,11-07-2025 20:02,385.66
4859,3887,04-10-2025 03:58,299.11
4860,260,04-04-2025 00:56,362.86
4861,1710,24-08-2025 03:21,768.37
4862,2984,04-10-2025 08:44,514.26
4863,2883,14-05-2026 17:20,1271.3
4864,3858,22-06-2025 15:37,3.5
4865,2964,09-06-2026 04:59,377.12
4866,2390,20-09-2025 08:58,885.49
4867,3205,22-10-2025 05:53,708.39
4868,428,07-05-2026 21:30,124.57
4869,3195,02-05-2025 17:33,1047.41
4870,1425,22-05-2025 12:33,588.26
4871,776,03-07-2026 16:43,907.48
4872,1402,09-04-2025 04:37,80.56
4873,3102,02-06-2025 01:11,2566.46
4874,1597,27-06-2026 01:35,199.06
4875,841,28-11-2025 02:55,538.22
4876,1022,12-02-2026 07:32,757.15
4877,1117,02-01-2025 18:59,535.74
4878,1090,07-08-2026 19:24,827.47
4879,2989,04-01-2025 07:59,175.9
4880,4109,24-08-2025 10:15,226.96
4881,1498,12-12-2025 15:16,86.62
4882,1708,04-09-2026 05:23,93.81
4883,1212,14-09-2025 13:18,1376.91
4884,2085,03-04-2026 19:38,1240.84
4885,704,28-02-2026 20:31,618.05
4886,2183,23-10-2025 13:09,202.87
4887,3430,20-01-2025 01:25,225.55
4888,529,04-09-2025 14:12,85.24
4889,4415,31-01-2025 03:32,28.72
4890,1779,12-09-2026 06:51,2689.14
4891,1105,29-08-2025 19:02,1796.01
4892,3780,29-04-2026 22:08,471.2
4893,59,29-03-2026 18:02,279
4894,2288,23-03-2026 09:23,216.15
4895,1109,02-12-2025 04:18,384.47
4896,4333,31-05-2026 15:36,119.5
4897,3014,22-08-2026 03:18,1373.85
4898,3636,28-05-2025 21:01,21.85
4899,3438,31-10-2025 17:24,256.35
4900,2551,04-11-2025 09:06,1300.34
4901,1859,29-07-2026 14:47,394.62
4902,2016,05-05-2026 19:50,570.07
4903,3821,31-08-2025 20:46,6.21
4904,1223,24-04-2026 20:28,328.84
4905,1348,21-04-2026 01:49,58.72
4906,1513,01-02-2025 02:54,664.32
4907,3762,16-05-2026 18:20,548.22
4908,492,04-02-2026 18:34,230.72
4909,1265,04-11-2025 01:57,30.29
4910,1521,16-07-2025 02:45,89.69
4911,3997,25-03-2026 08:43,531.07
4912,4104,29-03-2025 13:58,7
4913,1414,22-05-2025 09:15,124.17
4914,4373,05-10-2025 15:28,1229.85
4915,3257,19-02-2026 07:00,195.34
4916,1470,22-03-2025 23:17,28.59
4917,3863,21-07-2025 06:59,753.32
4918,1961,07-03-2025 20:17,116.16
4919,249,16-04-2026 00:27,293.89
4920,182,26-01-2026 15:31,29.92
4921,2249,15-02-2025 04:13,192.06
4922,866,05-06-2025 16:46,431.41
4923,1886,23-06-2026 17:21,125.02
4924,936,13-04-2025 01:52,67.06
4925,551,05-07-2026 13:29,70.63
4926,870,24-08-2025 13:15,226.91
4927,1175,14-12-2025 12:53,991.9
4928,4252,02-06-2025 21:16,111.15
4929,1347,28-04-2026 07:37,86.18
4930,474,23-05-2025 20:15,1987.35
4931,26,24-03-2025 20:23,456.36
4932,3562,31-08-2026 23:00,19.26
4933,2419,28-11-2025 01:20,117.24
4934,2962,05-07-2025 14:36,106.61
4935,2925,02-07-2026 10:49,648.2
4936,3832,08-01-2025 23:10,615.71
4937,576,06-07-2025 00:17,274.27
4938,199,04-12-2025 20:59,273.13
4939,43,31-10-2025 22:04,109.84
4940,922,08-03-2025 21:02,583.13
4941,797,13-12-2025 03:27,87.57
4942,4273,01-07-2026 14:41,675.02
4943,1748,11-04-2026 00:26,955.37
4944,2811,02-10-2025 06:58,270.29
4945,1934,02-08-2025 13:04,520.6
4946,843,10-07-2026 03:55,412.84
4947,3040,10-03-2026 05:03,199.78
4948,4155,13-09-2026 10:04,71.68
4949,2844,15-04-2026 18:41,38.34
4950,2729,15-04-2026 12:18,824.26
4951,2323,22-12-2025 15:26,22.02
4952,3873,25-07-2026 09:03,32.92
4953,3418,08-08-2025 07:44,256.32
4954,1602,27-02-2026 09:48,739
4955,583,16-10-2025 11:36,208.6
4956,4376,25-02-2025 01:44,107.24
4957,1325,02-02-2025 21:15,731.37
4958,4296,15-04-2025 07:09,52.15
4959,3975,04-05-2025 02:13,250.13
4960,393,02-09-2025 10:09,368.89
4961,3732,20-07-2026 02:20,1547.16
4962,2355,15-01-2025 07:30,145.04
4963,2447,02-12-2025 10:01,211.75
4964,463,05-04-2025 06:48,49.32
4965,1214,20-03-2025 08:02,49.33
4966,475,19-03-2025 04:06,423.54
4967,3358,14-12-2025 14:33,102.4
4968,2157,27-12-2025 15:33,77.85
4969,4387,17-10-2025 10:42,228.71
4970,3458,24-08-2025 23:02,152.55
4971,2554,03-08-2025 19:16,48.25
4972,946,13-03-2026 17:04,813.05
4973,3868,28-04-2026 13:53,1408.86
4974,2218,07-04-2026 08:33,28.39
4975,1067,27-02-2025 12:40,341.93
4976,3256,28-03-2025 05:29,72.08
4977,3040,09-12-2025 14:21,453.74
4978,198,11-09-2026 19:07,108.67
4979,3959,29-08-2026 11:50,21.72
4980,3114,21-10-2025 02:46,709.55
4981,2553,22-04-2026 19:50,192.22
4982,145,05-11-2025 13:54,565.53
4983,2914,20-04-2026 21:11,13.59
4984,1219,04-02-2025 01:44,34.34
4985,1583,03-12-2025 08:28,127.18
4986,1077,20-04-2025 23:00,1097.85
4987,70,29-11-2025 11:43,469.93
4988,2542,31-12-2025 03:31,291.57
4989,623,04-07-2025 10:51,410.94
4990,3042,05-04-2026 05:13,1719.76
4991,1463,03-07-2025 11:14,51.93
4992,3518,04-05-2026 10:39,175.38
4993,2287,21-07-2025 14:57,1024.31
4994,614,03-03-2026 21:23,725.47
4995,106,20-06-2026 19:44,366.23
4996,2423,21-05-2026 13:56,580.24
4997,4490,03-09-2025 03:21,135.12
4998,4406,14-02-2025 15:02,28.59
4999,287,26-01-2026 13:29,35.83
5000,2979,04-12-2025 08:34,131.29
5001,813,10-07-2025 20:36,230.21
5002,2275,03-09-2025 09:10,98.3
5003,2769,29-05-2026 02:08,232.72
5004,310,03-06-2025 09:26,35.97
5005,3403,14-04-2025 19:05,212.62
5006,4466,01-01-2026 03:24,495.04
5007,2438,18-10-2025 12:19,407.86
5008,2017,01-02-2025 22:28,113.66
5009,4046,18-05-2026 14:27,287.73
5010,4398,10-07-2025 09:47,135.12
5011,2893,16-05-2025 03:40,873.63
5012,1604,22-03-2026 13:23,1031.38
5013,883,24-08-2025 07:40,576.32
5014,3372,29-08-2025 19:18,58.26
5015,3799,19-05-2026 00:55,176
5016,1898,06-08-2025 16:55,116.5
5017,3971,18-03-2026 20:09,500.04
5018,3934,08-02-2026 08:22,132.52
5019,2747,31-08-2025 03:35,13.05
5020,2357,04-06-2025 17:45,161.55
5021,2165,23-07-2025 21:38,728.91
5022,2581,26-04-2025 17:52,286.12
5023,3517,24-09-2025 19:15,695.16
5024,3450,06-04-2025 07:46,484.23
5025,3929,22-03-2025 04:20,110.78
5026,4181,28-10-2025 10:05,811.97
5027,1094,17-07-2026 22:08,86.8
5028,1287,12-02-2025 10:52,377.12
5029,1453,17-12-2025 18:04,406.13
5030,1440,29-11-2025 05:28,198.07
5031,1150,14-02-2026 02:29,347.53
5032,2073,22-02-2025 10:11,747.64
5033,4255,09-05-2026 23:17,596.44
5034,3963,23-06-2025 08:56,127.26
5035,2054,26-08-2025 13:16,425.2
5036,2653,27-04-2025 15:42,201.93
5037,4118,06-12-2025 16:35,466.92
5038,3086,26-05-2026 06:00,196.59
5039,3034,16-04-2026 02:04,783.41
5040,2447,16-12-2025 11:53,75.68
5041,1880,19-06-2025 06:19,36.82
5042,3772,10-12-2025 15:07,369.94
5043,3046,24-06-2025 16:18,113.69
5044,3383,12-03-2026 23:44,2983.46
5045,100,24-01-2026 07:47,310.67
5046,2766,18-09-2025 16:17,218.35
5047,3389,04-06-2025 03:46,268.01
5048,760,12-05-2026 06:51,150.42
5049,2208,14-05-2026 20:50,67.74
5050,1430,04-12-2025 17:27,309.94
5051,2267,17-02-2026 01:50,409.18
5052,162,27-04-2025 12:24,1091.91
5053,3007,30-04-2025 08:47,82.93
5054,2314,09-05-2026 10:55,392.53
5055,854,17-03-2025 09:34,1012.27
5056,726,12-12-2025 03:34,38.98
5057,1578,31-01-2026 06:38,385.35
5058,4501,08-10-2025 06:16,50.84
5059,1224,28-05-2026 20:18,1273.36
5060,4147,04-04-2026 17:15,346.29
5061,2405,09-03-2026 09:02,15.76
5062,2126,30-07-2025 19:41,77.85
5063,3001,03-02-2026 22:09,444.21
5064,2446,27-04-2026 08:17,114.98
5065,4314,27-12-2025 14:04,171.28
5066,507,09-09-2026 17:35,28.59
5067,784,12-08-2026 06:36,75.16
5068,1342,12-01-2026 07:40,82.35
5069,732,18-02-2026 11:14,861.75
5070,126,18-07-2025 10:34,297.3
5071,821,25-02-2026 08:00,47.87
5072,2934,13-01-2026 00:25,438.88
5073,3759,01-01-2025 13:52,1421.63
5074,2631,30-06-2026 12:08,138.07
5075,2244,15-03-2026 00:51,782.71
5076,2597,11-09-2025 18:00,221.76
5077,4488,14-01-2026 23:02,839.36
5078,1643,28-05-2025 11:58,18.79
5079,4162,05-09-2025 22:46,198.4
5080,4480,12-12-2025 01:36,327.49
5081,1569,25-07-2026 07:01,337.51
5082,920,15-08-2026 12:15,67.88
5083,143,10-07-2026 22:05,66.78
5084,2520,07-03-2026 03:30,108.43
5085,2685,20-02-2026 20:58,1371.52
5086,3944,07-11-2025 01:23,54.83
5087,4426,07-04-2025 12:32,148.89
5088,2862,22-05-2026 10:05,74.53
5089,3841,15-10-2025 10:50,228.24
5090,3686,18-08-2026 16:32,493.52
5091,4510,12-02-2025 09:51,1139.69
5092,2391,14-02-2026 07:41,10.18
5093,1252,26-01-2026 01:05,352.61
5094,267,28-08-2025 10:56,194.66
5095,3947,24-01-2026 02:10,456.99
5096,3662,18-09-2025 23:42,176.69
5097,4084,20-09-2025 22:59,578.38
5098,3056,05-05-2026 19:55,873.68
5099,750,02-10-2025 13:12,106.9
5100,3125,19-12-2025 10:39,46.07
5101,782,21-02-2026 00:38,22.59
5102,4060,24-12-2025 02:19,77.85
5103,4159,25-01-2025 16:30,489.44
5104,2468,06-01-2026 18:40,200.22
5105,4412,24-11-2025 22:38,14.86
5106,894,12-11-2025 12:22,7
5107,2675,03-08-2026 07:46,707.55
5108,3453,25-08-2025 10:13,542.81
5109,2750,30-05-2025 12:47,352.57
5110,1758,13-09-2026 20:35,639.5
5111,4443,24-01-2026 06:19,29.11
5112,1488,14-07-2025 17:45,138.16
5113,2201,13-03-2026 21:51,171.2
5114,1875,29-06-2026 03:35,897.5
5115,4217,09-11-2025 18:29,47.81
5116,2588,25-01-2026 14:11,2022.51
5117,2264,18-10-2025 04:23,720.67
5118,1930,16-05-2025 17:10,259.76
5119,4222,29-04-2025 17:54,260.73
5120,3863,15-07-2025 19:28,529.15
5121,3837,29-04-2025 05:14,243.7
5122,1044,01-03-2025 04:47,89.08
5123,1848,12-01-2025 04:54,381.02
5124,2454,25-10-2025 21:56,374.74
5125,806,21-02-2025 09:11,911.38
5126,1362,29-03-2026 10:11,626.11
5127,2050,19-08-2025 00:17,119.18
5128,2202,03-04-2025 10:04,298.22
5129,187,12-03-2025 11:48,1559.98
5130,2295,15-04-2026 15:39,1840.33
5131,3796,04-08-2025 17:19,430.89
5132,3823,24-08-2025 14:34,333.97
5133,1135,03-09-2025 00:06,1186.82
5134,1178,20-10-2025 05:39,28.85
5135,4062,24-06-2025 21:57,86.78
5136,4072,25-06-2026 14:18,20.43
5137,602,15-08-2026 04:27,423.82
5138,3302,18-02-2026 08:56,1404.09
5139,3885,25-11-2025 15:35,337.51
5140,4500,21-05-2025 23:12,604.51
5141,1346,11-06-2025 20:50,358.93
5142,2179,08-08-2025 12:09,960.45
5143,804,25-09-2025 07:04,754.45
5144,2280,06-08-2025 12:19,1022.32
5145,2581,19-04-2025 19:41,302.26
5146,1593,20-08-2025 06:04,33.74
5147,4409,21-02-2025 18:02,121.15
5148,1400,27-06-2026 13:19,672.71
5149,3028,21-08-2026 06:39,127.94
5150,942,29-01-2026 02:07,52.17
5151,3685,26-04-2025 23:42,85.98
5152,3400,28-06-2025 03:00,260.73
5153,4331,16-09-2025 21:10,377.86
5154,4182,25-08-2026 00:04,128.68
5155,4005,02-03-2025 05:55,481.28
5156,2462,28-08-2026 20:35,376.44
5157,4267,04-07-2025 04:43,125.64
5158,1479,16-12-2025 06:46,686.21
5159,1004,28-07-2026 03:49,61.3
5160,3227,01-07-2026 10:42,1002.65
5161,2083,28-08-2025 04:03,73.32
5162,4513,24-06-2026 09:58,554.89
5163,1270,10-03-2025 21:54,18.85
5164,1836,17-01-2026 14:14,156.33
5165,778,28-11-2025 14:50,120.29
5166,3445,18-03-2026 23:55,128.7
5167,2915,28-04-2026 11:54,87.94
5168,4138,04-11-2025 05:03,28.88
5169,2581,10-04-2025 00:48,1022.71
5170,1841,14-07-2025 17:57,231.05
5171,1478,29-05-2025 09:36,76.75
5172,1977,29-10-2025 21:02,120.7
5173,3064,13-03-2025 14:35,26.54
5174,1168,21-01-2025 21:10,623.51
5175,620,25-09-2025 20:33,899.63
5176,602,09-11-2025 01:51,47.51
5177,3047,21-06-2025 02:53,28.72
5178,661,17-09-2025 20:10,297
5179,947,05-07-2025 20:30,86.78
5180,1170,05-04-2026 16:34,356.97
5181,2015,07-09-2025 07:59,43.39
5182,3008,05-03-2025 04:14,2.2
5183,406,20-02-2025 00:07,678.22
5184,3961,13-06-2026 07:33,511.31
5185,3983,25-03-2025 01:50,926.81
5186,808,17-02-2026 03:53,281.84
5187,1136,24-01-2026 07:55,767.32
5188,59,08-04-2025 16:41,493.89
5189,1417,13-04-2026 22:36,249.48
5190,2505,12-02-2025 21:05,373.31
5191,2342,19-11-2025 05:20,587.04
5192,3102,20-12-2025 09:30,6.48
5193,930,26-08-2026 15:31,304.18
5194,1465,26-07-2026 15:46,16.93
5195,2107,28-07-2025 18:47,585.94
5196,2584,06-04-2026 16:04,339.02
5197,97,15-05-2025 12:22,419.99
5198,1502,17-12-2025 14:42,151.66
5199,1212,07-05-2025 06:10,292.86
5200,4172,27-05-2026 00:16,1860.74
5201,2830,13-09-2025 18:42,81.73
5202,2727,11-07-2025 16:41,85.24
5203,3705,24-06-2026 20:17,210.8
5204,1563,07-08-2026 06:03,150.92
5205,2799,18-11-2025 07:04,356.94
5206,4326,28-08-2026 14:06,110.42
5207,180,27-04-2026 16:13,163.68
5208,24,06-07-2025 06:30,418.01
5209,4217,02-03-2026 19:05,3106.5
5210,1337,27-06-2025 09:46,1128.99
5211,2881,01-08-2025 13:42,387.92
5212,150,11-02-2026 11:24,225.23
5213,2706,24-05-2026 13:09,1131.86
5214,2452,12-05-2026 23:52,124.75
5215,2116,24-05-2025 00:09,113.84
5216,2528,12-08-2025 22:18,826.46
5217,132,01-05-2025 19:06,147.94
5218,978,16-01-2026 02:20,275.69
5219,1264,26-11-2025 10:49,982.63
5220,803,23-03-2025 20:39,393.07
5221,4130,06-09-2026 01:33,490.55
5222,3549,22-08-2026 08:49,189.09
5223,1579,18-04-2026 22:35,2085.94
5224,205,02-09-2025 05:41,311.83
5225,1850,23-05-2025 19:05,1273.11
5226,2887,25-06-2026 01:41,179.51
5227,2732,18-02-2025 19:42,314.1
5228,3562,06-12-2025 01:38,182.8
5229,2301,13-08-2026 05:33,749.35
5230,572,21-09-2025 15:08,29.35
5231,1726,04-08-2026 11:05,266.77
5232,1020,11-09-2025 02:01,162.26
5233,2427,05-10-2025 11:31,180.67
5234,3095,02-05-2026 12:33,1156.36
5235,1426,22-03-2025 17:19,124.37
5236,4214,06-09-2026 02:19,31.59
5237,1740,28-08-2025 20:01,50.69
5238,4314,31-03-2025 08:39,231.64
5239,986,18-04-2025 21:09,79.66
5240,50,03-04-2025 00:52,797.69
5241,2326,18-10-2025 17:26,331.57
5242,368,18-01-2025 08:23,74.26
5243,1700,28-05-2026 11:23,14.57
5244,3409,24-08-2025 17:50,1444.92
5245,2802,13-02-2026 06:57,464.84
5246,527,02-12-2025 03:56,103.49
5247,3821,06-05-2025 16:49,125.02
5248,4161,23-03-2026 21:37,24.44
5249,1165,19-03-2026 01:58,1082.42
5250,1198,13-04-2026 15:52,199.87
5251,2214,20-06-2025 00:41,644.98
5252,343,25-12-2025 01:34,12.75
5253,1102,27-06-2026 04:10,114.97
5254,1621,11-05-2026 20:17,1459.6
5255,1217,25-12-2025 20:05,424.29
5256,4437,15-01-2025 07:38,56.34
5257,3323,20-03-2025 23:23,128.68
5258,88,23-04-2026 15:22,261.79
5259,158,30-09-2025 09:12,38.5
5260,3135,15-04-2026 00:01,645.26
5261,111,25-03-2025 08:36,717.15
5262,3689,07-06-2025 23:00,405.95
5263,298,21-04-2025 06:15,235.16
5264,4453,05-06-2026 22:25,100.88
5265,2385,10-04-2025 00:52,1626.7
5266,1571,07-02-2026 14:03,176.19
5267,3540,28-04-2025 02:15,501.9
5268,1279,05-09-2025 19:14,50.84
5269,4000,21-06-2026 19:30,114.43
5270,636,15-02-2025 13:41,125.87
5271,251,05-06-2026 12:06,71.9
5272,3599,14-08-2026 05:00,771.16
5273,1034,14-10-2025 19:23,478.37
5274,3657,23-05-2026 23:11,217.68
5275,721,24-09-2025 23:32,76.75
5276,4061,11-09-2026 11:08,724.01
5277,156,17-08-2025 06:48,55.19
5278,1975,13-08-2026 11:11,6.21
5279,4432,26-12-2025 06:17,409.29
5280,4344,06-10-2025 22:51,292.09
5281,2514,30-04-2025 02:44,866.79
5282,89,26-05-2025 05:52,159.3
5283,4424,03-09-2025 22:18,85.24
5284,3206,07-03-2026 07:07,249.39
5285,4290,19-08-2025 04:38,424.09
5286,2588,04-06-2025 06:16,110.14
5287,3769,06-01-2025 14:36,1537.47
5288,2120,20-05-2026 06:21,65.7
5289,2842,12-02-2026 10:53,611.8
5290,3367,26-07-2026 14:16,33.45
5291,565,29-04-2026 07:29,13.05
5292,3011,25-08-2025 09:55,153.5
5293,2990,18-07-2025 05:25,275.09
5294,3403,06-11-2025 07:25,384.01
5295,4336,19-01-2025 19:41,135.92
5296,1253,03-07-2026 00:10,164.93
5297,694,29-09-2025 12:36,982.78
5298,4146,22-05-2026 19:37,180.33
5299,3444,25-04-2026 04:17,3093.61
5300,2870,07-05-2025 20:50,91.6
5301,3139,12-12-2025 14:12,85.45
5302,4335,17-12-2025 21:09,39.63
5303,356,27-06-2025 03:41,423.38
5304,4020,03-05-2025 07:58,1610.1
5305,775,15-09-2025 08:47,76.75
5306,3911,02-05-2025 06:12,1025.88
5307,4170,02-04-2025 06:05,490.66
5308,2144,14-01-2026 02:01,681.83
5309,1594,30-01-2025 00:32,117.8
5310,4352,10-11-2025 06:52,519.11
5311,209,17-04-2026 11:11,126.75
5312,664,02-05-2026 21:57,238.78
5313,104,19-08-2026 02:26,1375.13
5314,3125,19-08-2025 11:21,283.85
5315,3961,22-08-2026 01:01,606.1
5316,2984,12-03-2025 06:30,809.71
5317,3284,06-04-2025 07:21,746.76
5318,1636,23-01-2025 02:31,260.48
5319,4020,12-02-2026 19:52,1405.32
5320,1457,17-08-2026 22:17,810.04
5321,4217,21-03-2025 15:15,1464.16
5322,2725,16-07-2026 02:33,695.71
5323,699,16-04-2025 05:48,192.06
5324,4480,18-10-2025 23:27,2236.25
5325,144,02-08-2025 18:23,162.37
5326,1364,14-02-2025 02:46,218.18
5327,4303,19-03-2026 21:30,2.16
5328,618,20-08-2025 00:33,748.57
5329,4521,19-12-2025 11:27,28.88
5330,283,27-03-2025 13:12,80.44
5331,1441,19-02-2026 17:39,2.43
5332,848,29-07-2025 05:44,208.25
5333,2566,13-03-2025 14:14,141.17
5334,2425,05-03-2025 19:26,395.31
5335,1132,04-04-2026 01:50,28.72
5336,2884,26-02-2026 13:42,380.27
5337,1536,17-07-2025 08:42,306.98
5338,1056,23-06-2025 22:40,209.08
5339,1599,30-12-2025 03:12,366.23
5340,2288,02-03-2025 13:35,33.81
5341,2975,15-09-2025 23:22,57.44
5342,3882,05-09-2025 18:42,164.33
5343,4326,08-01-2026 11:14,679.3
5344,2820,10-07-2026 13:56,21.29
5345,456,23-11-2025 12:38,146.45
5346,3762,05-03-2026 00:53,718.23
5347,1272,09-05-2025 11:49,281.88
5348,4180,16-05-2026 17:55,161.49
5349,2947,27-02-2025 00:50,27.4
5350,4484,27-03-2026 03:51,969.28
5351,892,19-03-2026 03:10,102.16
5352,62,18-06-2025 21:10,70.79
5353,1513,04-01-2026 17:38,103.88
5354,3787,07-04-2025 15:18,147.63
5355,2803,02-05-2025 04:20,183.02
5356,888,24-08-2026 20:40,546.04
5357,604,31-07-2025 19:04,227.13
5358,2848,10-02-2026 03:54,1050.57
5359,3907,01-06-2025 08:55,221.58
5360,509,21-04-2025 06:49,37.58
5361,4516,19-03-2025 07:08,497.83
5362,4215,11-02-2026 22:43,12.26
5363,139,29-09-2025 01:46,16.93
5364,3385,23-08-2026 08:16,5427.69
5365,2937,26-04-2025 06:17,35.3
5366,3329,12-06-2025 07:36,109.49
5367,2738,03-03-2026 10:32,17.92
5368,2444,25-02-2026 14:58,17.16
5369,4310,23-07-2026 13:29,554.06
5370,3200,04-12-2025 21:55,67.56
5371,314,09-12-2025 18:24,68.02
5372,2325,10-08-2026 22:02,8.65
5373,1938,10-03-2026 14:06,87.4
5374,3639,19-02-2026 13:27,108.65
5375,2646,06-01-2025 02:14,931.9
5376,3276,01-11-2025 11:20,389.84
5377,2817,07-05-2025 11:37,1347.9
5378,3286,05-04-2026 04:42,192.01
5379,2984,16-03-2025 05:49,344.51
5380,1152,08-06-2026 18:47,256.28
5381,287,04-09-2025 05:49,58.08
5382,745,04-07-2025 02:29,914.37
5383,2791,01-05-2025 05:48,1681.13
5384,28,09-09-2026 22:54,970.11
5385,4130,01-03-2025 17:31,70.28
5386,3720,12-07-2026 00:51,40.87
5387,806,25-01-2025 04:19,1141.71
5388,1747,08-05-2026 04:12,505.69
5389,2823,16-02-2025 03:19,268.82
5390,2665,31-03-2025 23:09,829.57
5391,2547,18-05-2026 23:46,43.72
5392,667,08-09-2026 06:55,310.77
5393,3721,12-01-2025 14:11,277.3
5394,402,26-07-2026 19:36,11.87
5395,532,20-06-2026 05:53,2608.45
5396,920,25-11-2025 21:52,281.02
5397,4435,13-11-2025 13:51,522.7
5398,1107,16-04-2025 17:57,129.71
5399,1440,03-01-2026 18:06,397.23
5400,2133,27-03-2026 03:04,637.17
5401,3863,07-08-2025 11:10,279.44
5402,2662,17-08-2026 09:54,1361.7
5403,1703,19-02-2025 22:24,1058.37
5404,3069,15-08-2026 21:58,95.92
5405,2930,27-04-2026 13:58,597.99
5406,586,04-01-2025 07:40,85.4
5407,307,06-09-2026 02:16,562.68
5408,2528,12-09-2026 10:30,84.97
5409,929,23-04-2025 04:36,390.29
5410,3189,19-01-2026 15:13,177.75
5411,2842,21-03-2026 04:02,110.77
5412,1370,04-12-2025 12:28,141.9
5413,1841,05-06-2025 13:37,43.39
5414,1328,09-09-2026 22:40,170.09
5415,3460,24-06-2026 08:25,201.17
5416,369,17-12-2025 17:21,61.8
5417,755,16-04-2026 21:57,196.4
5418,1795,05-04-2026 06:23,107.94
5419,2454,19-02-2025 00:49,152.96
5420,4315,06-07-2025 21:42,3.5
5421,3668,24-02-2026 11:32,48.16
5422,3163,04-01-2025 09:32,135.94
5423,758,18-03-2026 06:59,97.91
5424,1013,30-01-2025 00:14,220.76
5425,3436,22-02-2025 16:58,125.02
5426,3003,07-06-2025 16:17,1286.32
5427,42,28-04-2026 07:19,319.21
5428,1528,24-03-2025 04:07,79.18
5429,980,20-03-2025 06:00,776.87
5430,768,11-04-2026 13:18,456.28
5431,2390,07-08-2026 18:44,639.79
5432,257,03-07-2026 07:10,96.04
5433,3560,27-04-2025 05:48,280.01
5434,2424,13-11-2025 08:56,507.15
5435,3138,14-01-2025 19:49,682.11
5436,3959,23-11-2025 08:37,70.62
5437,3519,03-10-2025 23:20,124.02
5438,1042,11-01-2026 08:02,1240.62
5439,348,15-09-2025 07:36,39.21
5440,2994,26-07-2026 12:01,104.4
5441,1042,01-10-2025 03:15,375.87
5442,3312,16-07-2026 12:56,328.85
5443,4324,22-08-2026 07:12,85.4
5444,1381,11-04-2025 02:35,470.84
5445,2544,10-06-2025 21:43,965.93
5446,1207,08-04-2026 22:56,150.53
5447,3364,17-02-2025 04:32,62.6
5448,329,13-02-2025 00:08,58.97
5449,395,10-12-2025 02:10,46.88
5450,3763,11-09-2026 14:55,476.68
5451,696,08-07-2026 06:48,67.56
5452,1375,05-07-2026 12:22,156.4
5453,3138,11-02-2025 19:37,8.65
5454,4394,01-03-2026 05:31,7
5455,2515,17-02-2025 20:08,117.24
5456,2409,27-12-2025 20:52,623.59
5457,4204,14-09-2025 04:17,3.5
5458,4139,15-01-2025 21:30,55.09
5459,4476,07-10-2025 08:05,413.44
5460,2976,17-03-2026 23:54,126.76
5461,3920,13-12-2025 19:26,543.5
5462,790,20-07-2025 08:13,711.19
5463,2568,05-11-2025 08:58,213.08
5464,3406,02-03-2025 17:07,61.93
5465,3143,03-05-2026 16:59,224.86
5466,1147,12-05-2026 19:56,1334.85
5467,2737,05-10-2025 06:59,1221.98
5468,351,27-09-2025 19:05,205.55
5469,3576,27-05-2025 13:26,146.28
5470,4033,17-01-2026 21:05,179.27
5471,3176,04-03-2025 15:07,351.72
5472,1535,22-02-2026 21:21,505.83
5473,204,30-03-2025 06:08,3.2
5474,4450,09-09-2025 12:51,21.85
5475,1512,25-06-2025 21:29,278.01
5476,1100,31-12-2025 20:14,69.72
5477,55,01-05-2025 20:07,658.4
5478,3882,07-02-2026 21:01,61.46
5479,3806,12-05-2026 20:54,352.37
5480,631,25-06-2026 18:42,85.47
5481,1192,15-09-2025 07:06,42.18
5482,1579,19-04-2025 12:03,245.34
5483,2792,10-04-2026 14:12,276.4
5484,1962,25-04-2025 01:19,160.93
5485,1811,15-05-2026 10:55,135.77
5486,1831,10-02-2026 09:53,56.83
5487,3445,26-12-2025 12:49,1624.8
5488,4341,29-10-2025 18:57,51.77
5489,509,31-03-2026 00:37,521.75
5490,3873,26-04-2025 07:32,942.75
5491,2086,25-10-2025 09:42,683.2
5492,4070,11-09-2025 10:10,246.92
5493,2962,29-01-2025 18:14,34.15
5494,2395,21-01-2026 04:48,645.75
5495,3759,18-11-2025 22:37,385.73
5496,4338,23-03-2025 07:00,72.36
5497,3249,13-09-2025 12:56,85.24
5498,1944,20-05-2025 08:59,50.04
5499,133,18-03-2026 20:50,124.51
5500,1144,20-01-2025 21:26,1082.19
5501,1078,09-04-2026 05:35,97.17
5502,1812,05-03-2026 13:37,124.99
5503,2873,09-03-2025 01:27,482.58
5504,1043,08-03-2025 10:10,94.79
5505,4265,06-08-2025 13:51,712.18
5506,4175,25-04-2026 20:07,442.05
5507,99,08-06-2025 19:45,4398.02
5508,2952,23-03-2025 06:59,88.36
5509,2153,14-07-2025 03:50,34.13
5510,1108,02-05-2026 09:49,48.17
5511,2010,22-08-2025 09:00,653.47
5512,608,23-10-2025 18:16,67.56
5513,1584,13-05-2026 17:40,503.97
5514,967,08-08-2026 12:05,131.34
5515,4417,26-03-2025 13:50,180.62
5516,3803,13-06-2025 09:03,349.89
5517,1568,11-02-2025 12:19,75.81
5518,3344,22-08-2025 02:12,204.24
5519,3264,21-10-2025 06:19,718.52
5520,2338,30-03-2025 17:32,40.83
5521,3191,12-05-2026 02:23,9.6
5522,1708,06-03-2026 14:44,277.7
5523,4060,07-06-2026 21:22,100.5
5524,33,19-11-2025 13:42,737.99
5525,2592,16-02-2026 13:36,215.46
5526,3214,25-12-2025 00:01,516.58
5527,795,20-09-2025 08:12,349.7
5528,2947,15-05-2026 20:58,7
5529,3770,02-08-2026 18:30,131.78
5530,1980,20-03-2025 11:35,283.54
5531,3958,21-08-2026 05:03,153.74
5532,3671,21-08-2026 06:58,250.04
5533,2429,18-03-2026 13:11,827.79
5534,1661,12-09-2025 09:55,762.61
5535,2977,16-01-2025 15:51,770.06
5536,1836,26-01-2026 03:19,369.73
5537,1490,13-12-2025 03:14,941.83
5538,1862,19-07-2026 17:25,205.86
5539,2867,23-11-2025 11:40,112.54
5540,405,07-10-2025 03:31,365.27
5541,870,10-07-2026 10:49,398.41
5542,1989,04-05-2025 03:47,177.06
5543,1041,25-05-2026 04:52,70.63
5544,2709,06-07-2026 12:09,1160.81
5545,593,06-12-2025 08:56,16.93
5546,1856,08-06-2026 19:22,135.12
5547,2113,03-11-2025 19:21,82
5548,293,13-07-2025 07:51,147.98
5549,600,30-06-2025 06:29,166.47
5550,2574,22-07-2026 11:58,105.71
5551,2333,17-03-2025 11:07,517.23
5552,2166,11-02-2025 08:49,400.49
5553,1314,24-02-2025 10:59,332.25
5554,1073,22-01-2026 01:30,189.72
5555,1360,15-11-2025 08:23,438.5
5556,1285,18-09-2025 07:03,34.49
5557,2459,26-11-2025 16:23,96.03
5558,1517,19-02-2025 07:13,180.04
5559,3606,14-02-2025 16:37,469.23
5560,2290,25-01-2026 19:27,1571.8
5561,2234,11-02-2026 23:02,3392.74
5562,2859,01-12-2025 12:09,290.45
5563,2287,05-02-2025 23:09,10.18
5564,3335,31-08-2025 18:52,106.71
5565,760,14-03-2025 15:38,247.15
5566,893,14-04-2025 12:39,17.16
5567,712,22-04-2025 12:31,477.51
5568,680,17-06-2026 21:01,691.24
5569,1467,14-07-2025 05:56,627.4
5570,3271,17-04-2025 11:27,490.55
5571,2850,29-06-2025 12:03,723.7
5572,1911,03-07-2026 18:28,264.46
5573,3710,18-10-2025 09:42,3207.86
5574,2851,18-02-2026 10:19,896.39
5575,2295,18-02-2026 04:09,1319.3
5576,2305,26-08-2026 15:28,1063.37
5577,3459,13-01-2025 02:35,731.16
5578,1435,30-10-2025 13:28,69.59
5579,4269,18-05-2026 01:10,246.84
5580,1931,14-06-2026 14:05,125.02
5581,3090,25-01-2025 04:12,269.53
5582,3584,18-09-2025 11:24,715.27
5583,1112,24-08-2025 11:25,32
5584,3197,04-04-2025 09:27,64.25
5585,828,29-06-2026 15:19,251.3
5586,3198,18-04-2025 13:10,680.85
5587,748,07-06-2026 16:05,88.38
5588,3166,18-09-2025 22:48,985.5
5589,3706,06-08-2025 15:37,12.26
5590,3989,29-07-2025 08:34,350.35
5591,1495,10-10-2025 16:12,407.52
5592,3948,19-05-2026 15:21,21.85
5593,2195,23-08-2025 21:06,297.31
5594,2975,22-04-2025 00:09,524.92
5595,1672,13-02-2026 17:21,410
5596,1218,20-03-2026 08:09,115.42
5597,2545,20-09-2025 15:56,290.9
5598,2520,04-02-2026 00:42,942.11
5599,4005,13-09-2026 03:17,95
5600,2107,18-04-2025 06:44,2504.01
5601,4244,18-06-2025 03:16,41
5602,1358,13-05-2025 09:14,306.27
5603,3717,04-08-2025 20:02,9.76
5604,1715,03-07-2025 07:14,125.23
5605,2611,04-03-2025 15:15,85.4
5606,1268,07-08-2026 05:47,127.38
5607,1334,28-08-2026 12:48,388.35
5608,465,08-11-2025 02:55,26
5609,3873,14-05-2026 00:09,19.52
5610,4312,28-01-2025 09:23,1597.92
5611,1683,25-08-2025 17:26,21.74
5612,1717,15-05-2025 14:59,745.59
5613,4328,06-01-2025 14:17,109.76
5614,1909,12-02-2026 05:31,102.4
5615,1333,06-05-2025 08:06,52.2
5616,3199,25-03-2025 20:26,631.13
5617,2895,05-06-2026 21:06,99.35
5618,3029,28-07-2025 09:57,325.61
5619,2640,18-05-2025 05:05,90.31
5620,2031,17-04-2025 19:48,152.62
5621,1322,10-07-2025 06:54,41.35
5622,2353,04-06-2025 22:42,431.09
5623,3412,07-01-2025 07:01,69.27
5624,4121,15-03-2025 22:04,1228.53
5625,2435,08-02-2026 01:13,1594.01
5626,582,02-10-2025 07:09,21.02
5627,4173,02-08-2025 21:13,1537
5628,2651,19-06-2026 18:06,395.59
5629,3716,20-08-2026 02:02,419.17
5630,4114,30-03-2025 12:29,274.33
5631,2509,01-07-2025 04:47,689.02
5632,3174,18-01-2025 08:09,244.79
5633,2298,27-01-2025 19:44,406.99
5634,3553,26-03-2026 00:42,1053.73
5635,1653,20-02-2026 05:38,90.17
5636,553,06-02-2025 23:31,223.96
5637,3757,07-08-2026 23:16,384.68
5638,179,10-12-2025 08:06,101.8
5639,3909,05-04-2026 21:20,383.98
5640,3988,09-04-2025 13:26,231.8
5641,2455,09-08-2025 04:40,28.72
5642,3786,05-06-2026 15:25,346.85
5643,1355,24-11-2025 22:35,16.93
5644,1204,24-07-2026 06:22,29.28
5645,3341,21-06-2026 08:49,443.66
5646,2642,21-10-2025 01:46,2.16
5647,1187,24-11-2025 03:18,347.43
5648,197,23-06-2025 12:12,191.89
5649,3689,24-08-2025 10:09,2133.24
5650,4450,05-08-2026 05:35,786.91
5651,1368,08-03-2026 11:05,50.84
5652,3716,08-02-2025 01:03,612.5
5653,1805,16-09-2025 12:51,187.69
5654,3765,15-10-2025 18:15,517.11
5655,4495,01-01-2025 12:22,363.93
5656,2566,08-07-2026 07:02,235.28
5657,2082,23-11-2025 04:55,220.76
5658,27,22-07-2026 04:38,3462.36
5659,302,08-06-2026 07:02,92.61
5660,4256,21-10-2025 17:48,74.56
5661,1573,25-07-2026 05:12,85.81
5662,4183,22-05-2025 12:34,57.44
5663,2500,06-10-2025 10:03,844.68
5664,4481,13-09-2025 00:55,155.84
5665,4292,05-05-2026 15:35,139.09
5666,4186,19-08-2025 16:24,55.45
5667,424,27-12-2025 13:05,1412.05
5668,4034,10-09-2025 01:34,886.24
5669,4160,31-07-2026 00:11,377.92
5670,3204,10-08-2026 07:09,477.84
5671,2185,03-04-2026 07:06,120
5672,2129,08-03-2026 05:25,173.56
5673,2410,27-06-2026 17:32,12.75
5674,358,04-11-2025 22:00,491.93
5675,2958,21-05-2026 08:55,452.73
5676,1796,09-10-2025 17:30,106.11
5677,2678,03-03-2025 08:03,1460.75
5678,1108,12-03-2025 20:41,78.06
5679,4442,13-01-2025 17:12,388.22
5680,1340,10-12-2025 10:28,453.22
5681,2119,24-01-2026 03:46,664.69
5682,2850,22-07-2025 16:57,314.3
5683,2550,20-03-2026 06:16,21.85
5684,752,18-06-2025 14:24,753.57
5685,877,18-08-2025 12:47,98.78
5686,4111,28-05-2026 22:14,207.92
5687,2681,09-09-2026 09:16,390.7
5688,2116,02-06-2025 01:55,487.24
5689,4398,08-06-2026 08:24,557.81
5690,3945,14-02-2025 10:49,47.2
5691,925,17-12-2025 09:34,404.21
5692,682,08-11-2025 01:50,90.81
5693,2857,12-03-2026 15:51,339.94
5694,412,12-02-2026 02:52,38.15
5695,1800,11-12-2025 19:52,713.67
5696,2542,13-04-2026 11:44,14.86
5697,132,17-04-2026 21:23,1368.81
5698,3812,10-08-2025 14:33,341.27
5699,3771,19-06-2025 11:55,488.58
5700,2453,15-01-2025 11:02,1462.56
5701,3257,10-08-2025 23:17,114.38
5702,1214,08-08-2025 03:02,729.92
5703,2307,07-03-2025 04:49,3.5
5704,1856,21-12-2025 13:51,200.89
5705,3181,11-10-2025 10:18,1355.53
5706,1996,10-08-2026 06:15,906.76
5707,4430,11-01-2025 09:56,108.92
5708,2751,06-05-2026 05:29,211.21
5709,3054,20-02-2026 01:32,926.93
5710,4208,27-07-2025 16:17,28.72
5711,1758,29-12-2025 11:52,16.93
5712,302,19-09-2025 00:30,838.68
5713,1820,10-04-2025 17:34,1350.04
5714,2284,01-06-2025 02:07,114.98
5715,990,26-08-2026 07:52,1006.33
5716,2143,03-03-2026 04:42,387.92
5717,3291,02-01-2025 18:48,55.57
5718,3934,06-01-2026 07:34,93.47
5719,2112,26-03-2025 21:13,108.56
5720,1551,19-01-2025 04:25,77.74
5721,1952,04-08-2026 00:01,1152.66
5722,1542,11-09-2025 18:03,210.85
5723,2227,04-01-2026 00:03,368.46
5724,4059,13-03-2025 06:57,552.27
5725,1114,08-03-2026 06:26,422.48
5726,2827,16-04-2026 12:06,1080.21
5727,3877,01-02-2026 09:48,709.12
5728,254,10-05-2026 04:37,41.37
5729,4181,23-11-2025 15:27,309.22
5730,684,31-03-2026 22:54,211.76
5731,1997,02-01-2026 20:33,693.87
5732,1323,24-02-2026 04:20,127.45
5733,394,26-02-2025 13:36,83.61
5734,2642,11-09-2026 03:12,214.44
5735,2068,28-06-2026 04:50,452.6
5736,1985,05-08-2025 19:08,235.78
5737,2824,08-09-2025 15:28,275.59
5738,724,09-11-2025 11:46,431.52
5739,793,10-12-2025 17:01,610.7
5740,381,23-03-2026 10:06,333.5
5741,1369,30-06-2025 11:24,758.37
5742,1516,29-08-2025 10:11,1448.35
5743,1163,25-06-2026 07:55,995.97
5744,4231,07-09-2025 12:00,221.18
5745,1384,11-01-2026 06:54,1018.36
5746,3062,16-05-2026 08:33,1439.09
5747,973,26-11-2025 14:56,1339.74
5748,751,04-10-2025 00:20,50.18
5749,4431,24-07-2026 21:39,355.79
5750,2794,05-08-2025 23:35,115.68
5751,4373,15-09-2025 15:10,124.69
5752,820,30-01-2025 17:16,28.72
5753,3313,18-11-2025 13:39,206.3
5754,3935,28-07-2026 18:28,151.66
5755,1559,08-01-2026 04:36,76.09
5756,4433,05-06-2026 12:40,373.17
5757,3854,14-11-2025 21:48,508.41
5758,3601,21-03-2026 23:58,281.98
5759,481,12-02-2026 13:22,308.61
5760,516,17-02-2026 07:20,1174.89
5761,4257,15-07-2025 10:06,621.52
5762,92,06-05-2025 05:53,480.37
5763,2041,21-08-2025 05:48,192.06
5764,3003,27-08-2025 15:23,86.78
5765,4455,14-04-2025 09:38,869.84
5766,4143,02-06-2026 06:25,3190.42
5767,35,16-08-2026 05:44,2.2
5768,167,12-06-2025 03:31,878.48
5769,2239,14-08-2025 05:05,274.06
5770,1125,12-03-2026 17:09,225.12
5771,1905,18-04-2026 20:35,511.09
5772,4343,14-03-2026 19:47,756.56
5773,3193,01-11-2025 00:42,1515.31
5774,5,24-09-2025 02:03,235.59
5775,2760,23-11-2025 05:42,337.51
5776,1175,02-02-2026 05:23,862.28
5777,2174,07-04-2026 03:54,160.22
5778,3395,30-07-2025 03:07,87.44
5779,1007,10-08-2026 10:58,296.35
5780,3258,20-07-2025 01:08,537.3
5781,1574,08-09-2025 07:20,1252.95
5782,4114,24-06-2026 18:10,156.51
5783,4269,06-05-2026 17:34,183.28
5784,1647,24-11-2025 12:40,53.1
5785,3600,30-04-2026 23:43,249.59
5786,640,22-02-2026 16:04,414.55
5787,1367,13-01-2025 19:34,430.03
5788,239,30-01-2026 21:34,169.42
5789,1349,20-10-2025 17:31,170.03
5790,3624,07-02-2026 00:18,262.17
5791,4202,14-01-2026 11:31,282.26
5792,4360,20-07-2026 04:24,164.15
5793,1622,26-06-2026 17:57,121.03
5794,3268,14-11-2025 00:11,277.06
5795,4338,16-06-2026 13:28,67.56
5796,2936,16-02-2025 23:54,303
5797,4379,30-01-2026 09:25,32.09
5798,153,09-02-2025 01:30,11.5
5799,3060,10-09-2026 19:16,425.89
5800,893,29-12-2025 13:33,548.11
5801,4148,06-03-2025 20:22,79.56
5802,1015,20-09-2025 15:14,285.04
5803,4223,19-11-2025 11:59,234.12
5804,2091,18-06-2026 18:09,184.14
5805,1230,04-03-2025 07:10,101.88
5806,1596,06-02-2026 08:20,237.52
5807,3581,24-04-2025 09:25,7.54
5808,2430,19-06-2026 08:43,321.46
5809,949,31-05-2025 08:15,1495.07
5810,816,08-01-2025 14:14,477.27
5811,1658,20-05-2025 06:49,214.23
5812,1520,29-11-2025 09:59,162.08
5813,2795,13-06-2026 12:18,220.83
5814,2008,12-10-2025 09:05,283.54
5815,1869,24-02-2026 14:30,82.88
5816,537,18-04-2026 09:38,105.34
5817,2127,15-03-2025 12:03,459.5
5818,563,24-08-2026 09:27,353.78
5819,4223,16-07-2026 07:24,1505.51
5820,3488,06-07-2025 04:13,711.35
5821,3181,10-06-2025 15:06,680.85
5822,472,13-08-2025 06:15,87.37
5823,1289,30-06-2026 15:09,949.94
5824,2153,22-04-2025 03:53,503.05
5825,1671,16-01-2026 15:38,136.47
5826,3373,11-10-2025 01:25,174.42
5827,4516,20-01-2026 18:27,448.05
5828,4402,03-03-2026 19:24,2489.58
5829,4000,25-08-2025 08:12,206.71
5830,3531,25-10-2025 18:39,104.22
5831,3128,20-07-2026 07:30,145.69
5832,1446,18-01-2025 12:02,362.77
5833,1534,14-04-2025 01:29,23.02
5834,2673,30-06-2026 15:47,5.38
5835,3758,01-03-2025 14:43,273.05
5836,834,07-07-2026 02:32,269.64
5837,937,28-02-2025 06:56,292.13
5838,1499,12-05-2026 10:09,40.22
5839,3019,07-06-2025 03:59,60.24
5840,2518,28-05-2025 01:17,1337.56
5841,2775,19-08-2026 20:01,1035.69
5842,331,14-03-2026 02:24,174.82
5843,1516,08-03-2026 06:35,69.09
5844,3543,12-04-2025 23:20,1036.28
5845,1134,03-05-2025 23:58,188.17
5846,118,25-06-2025 23:59,80.59
5847,112,19-12-2025 11:21,754.24
5848,3716,16-10-2025 11:31,715.21
5849,2075,05-05-2025 10:05,2918.56
5850,2369,08-05-2026 23:58,459.35
5851,2204,31-05-2026 14:45,291.4
5852,3941,10-09-2026 20:32,672.12
5853,1767,28-01-2025 05:18,236.87
5854,3198,26-11-2025 15:51,64.08
5855,2024,27-08-2025 08:45,237.74
5856,2129,17-02-2026 11:57,156.38
5857,10,07-01-2026 17:11,494.84
5858,564,16-06-2026 17:29,180.38
5859,4362,27-06-2025 15:45,489.17
5860,1326,17-12-2025 04:06,1139.9
5861,2209,08-01-2025 08:25,142.72
5862,4509,21-06-2025 15:49,764.15
5863,1964,29-01-2025 09:46,431.36
5864,1752,09-09-2025 02:15,16.72
5865,2208,20-01-2026 12:31,341.1
5866,1454,15-11-2025 06:54,354.21
5867,4110,15-04-2026 09:05,690.4
5868,2651,01-01-2026 01:18,663.91
5869,183,29-06-2026 06:00,19.02
5870,4360,14-02-2025 05:13,172.94
5871,791,25-04-2025 06:26,121.68
5872,1571,18-02-2025 13:42,346.95
5873,1227,05-10-2025 09:56,162.88
5874,2385,19-04-2025 20:57,85.46
5875,4481,15-12-2025 18:22,289.64
5876,1316,22-03-2025 15:18,767.95
5877,1001,25-03-2025 17:18,444.02
5878,2028,23-08-2025 22:20,149.87
5879,3639,13-02-2025 09:56,199.44
5880,4448,03-03-2025 04:55,496.74
5881,4201,27-12-2025 19:54,773.56
5882,3390,23-08-2026 02:58,58.08
5883,4192,31-07-2025 19:12,660.56
5884,1618,17-03-2026 17:30,48.05
5885,1379,03-04-2026 23:41,35.3
5886,2574,20-03-2026 12:00,19.55
5887,2320,22-04-2026 20:45,203.86
5888,3152,11-11-2025 19:32,168.08
5889,2054,02-01-2026 10:39,589.83
5890,2884,16-10-2025 01:20,58.08
5891,1199,05-07-2026 02:59,376.86
5892,3,19-06-2025 17:14,120.03
5893,3893,11-11-2025 04:51,398.47
5894,1034,01-12-2025 03:12,245.91
5895,3523,23-05-2026 18:25,28.59
5896,2965,22-08-2026 23:12,581.48
5897,3919,10-09-2026 06:56,458.16
5898,79,01-08-2026 09:15,96.17
5899,3808,16-12-2025 20:00,133.65
5900,3264,08-05-2025 15:46,164.21
5901,2752,26-07-2026 02:52,663.04
5902,2012,15-10-2025 08:29,296.2
5903,3697,13-01-2025 08:02,675.02
5904,2710,13-06-2026 08:46,341.86
5905,2069,18-07-2026 13:38,37.94
5906,3678,18-02-2025 22:19,71.8
5907,1765,13-01-2025 01:14,42.25
5908,1766,17-05-2026 23:51,293.18
5909,2667,25-05-2025 01:53,1041.98
5910,247,03-06-2025 02:57,940.6
5911,710,19-12-2025 04:47,248.25
5912,1209,15-02-2026 08:21,67.56
5913,240,21-01-2025 00:27,1024.5
5914,162,07-10-2025 10:20,76.89
5915,152,22-01-2025 13:38,32.62
5916,3574,16-01-2026 12:58,228.68
5917,1212,28-01-2025 06:05,65.44
5918,1142,14-06-2026 04:45,992.69
5919,2637,22-05-2025 14:59,127.22
5920,1122,06-05-2025 02:47,113.61
5921,3890,02-06-2026 12:31,8.65
5922,355,05-03-2026 06:19,58.08
5923,2972,04-04-2025 00:47,974.48
5924,3194,18-01-2026 11:34,181.14
5925,2072,10-03-2025 02:04,51.78
5926,4134,26-01-2026 05:42,297.16
5927,4424,11-06-2026 23:43,2.11
5928,1574,25-07-2026 06:26,1239.49
5929,3246,17-04-2026 15:01,100.65
5930,897,19-11-2025 03:51,26.15
5931,1999,18-01-2026 17:14,274.02
5932,1285,19-07-2026 06:25,487.72
5933,4098,02-04-2026 11:05,62.38
5934,899,21-07-2025 06:52,34.6
5935,2907,18-03-2025 00:57,577.87
5936,3534,09-02-2026 19:37,47.16
5937,1456,10-02-2025 21:32,1542.18
5938,4027,04-08-2025 13:49,105.71
5939,565,26-10-2025 12:42,159.58
5940,3275,19-02-2025 07:13,129.73
5941,1852,13-06-2026 07:19,2.95
5942,4058,29-11-2025 04:13,57.44
5943,1845,29-08-2025 17:25,18.53
5944,2616,14-08-2025 17:10,525.6
5945,3744,28-05-2025 11:34,157.33
5946,432,25-11-2025 03:30,517.46
5947,3223,12-11-2025 15:35,116.25
5948,790,10-03-2026 03:21,18.79
5949,4120,26-06-2025 07:10,650.4
5950,2791,29-09-2025 01:53,87.69
5951,3793,17-04-2025 19:52,348.77
5952,4513,30-08-2026 00:08,518.06
5953,4261,20-04-2026 20:42,219.35
5954,2065,31-01-2025 16:26,1104.32
5955,2193,03-11-2025 13:06,239.48
5956,3654,11-07-2025 22:40,200.99
5957,4250,07-09-2025 08:36,297.02
5958,4260,13-11-2025 12:04,443.71
5959,3683,18-03-2025 00:27,373.93
5960,1194,10-06-2026 23:49,510.6
5961,1163,24-04-2026 13:33,1795.94
5962,3785,04-01-2026 19:16,2287.48
5963,1471,15-07-2026 22:40,154.78
5964,1853,17-01-2026 10:21,803.56
5965,3197,28-06-2025 23:59,536.18
5966,1234,26-06-2025 04:35,2064.53
5967,2499,13-01-2026 16:29,28.72
5968,2121,03-09-2026 20:59,13.39
5969,2422,10-05-2026 13:07,347.04
5970,918,02-09-2025 11:51,40.22
5971,2824,05-12-2025 18:36,1109.75
5972,4312,07-07-2026 13:29,529.57
5973,2134,26-10-2025 19:44,1681.92
5974,1561,30-11-2025 12:11,104.46
5975,4453,12-07-2025 00:35,243
5976,51,19-08-2026 02:24,235.09
5977,102,15-09-2025 18:16,1727
5978,1193,27-04-2025 02:58,57.06
5979,2346,03-09-2025 21:32,641.42
5980,2574,02-06-2025 23:03,331.23
5981,1134,25-06-2025 02:58,22.44
5982,1581,10-03-2026 10:53,862.38
5983,842,17-04-2026 07:12,47.19
5984,3079,14-07-2026 12:37,217.26
5985,920,14-08-2025 05:42,224.82
5986,2470,08-08-2025 09:06,2.11
5987,2090,05-08-2026 20:58,18.79
5988,1991,28-04-2026 23:47,183.93
5989,3470,05-06-2026 06:07,37.06
5990,402,03-01-2025 11:29,485.09
5991,3983,24-03-2025 02:54,205.4
5992,3424,23-01-2026 04:01,196.17
5993,3520,15-06-2025 12:51,5474.35
5994,4126,13-02-2026 17:23,882.5
5995,2532,11-04-2026 21:37,57.81
5996,3698,01-03-2025 09:03,8.1
5997,3744,07-03-2026 09:51,459.57
5998,212,05-06-2026 20:58,276.02
5999,226,10-05-2026 16:39,1067.64
6000,1001,06-06-2025 05:07,481.22
6001,4214,13-11-2025 08:35,259.85
6002,3788,16-01-2025 21:43,96.37
6003,3730,05-07-2025 16:54,303.33
6004,3985,31-08-2026 08:48,679.86
6005,1572,17-03-2025 08:14,1168.22
6006,3385,31-07-2025 20:15,246.86
6007,11,02-03-2026 08:00,832.7
6008,1216,25-10-2025 10:39,650.62
6009,614,20-06-2026 17:43,1140.45
6010,4206,07-01-2025 21:47,48.48
6011,2799,26-08-2025 09:27,633.99
6012,3599,28-08-2026 11:34,1585.71
6013,204,03-02-2026 06:51,965.69
6014,1910,06-08-2025 22:17,480.34
6015,4511,25-02-2026 08:29,500.02
6016,286,21-02-2026 22:48,481.48
6017,3883,15-02-2026 06:32,34.73
6018,3516,30-05-2025 23:08,836.44
6019,973,28-06-2025 05:00,273.58
6020,120,04-04-2026 05:57,272.13
6021,2990,25-05-2025 07:58,804.57
6022,2068,27-01-2026 23:51,533.09
6023,78,16-07-2026 05:22,103.61
6024,4011,26-07-2025 07:04,80.98
6025,1583,23-02-2025 13:07,2.43
6026,2759,04-06-2026 00:28,56.06
6027,1109,06-05-2026 23:43,157.02
6028,243,05-09-2025 08:10,603.11
6029,3094,11-08-2026 03:31,343.75
6030,2229,11-05-2025 12:24,217.81
6031,2044,17-06-2025 07:23,184.95
6032,2040,30-12-2025 14:23,1739.56
6033,92,02-09-2026 23:19,100.11
6034,3818,18-05-2025 21:36,286.51
6035,2069,23-04-2026 02:46,173.09
6036,830,15-08-2026 10:15,1832.85
6037,1744,19-08-2026 04:26,151.49
6038,2144,11-08-2025 12:51,664.76
6039,3869,15-09-2025 14:45,644.27
6040,2753,31-05-2026 07:28,230.24
6041,737,02-03-2025 22:58,395.59
6042,4065,17-04-2026 05:10,1461.83
6043,3993,26-03-2026 09:02,159.94
6044,3309,10-04-2025 02:27,26.55
6045,3378,24-08-2026 10:23,548.75
6046,1224,21-12-2025 19:17,81.69
6047,717,01-10-2025 08:36,554.43
6048,611,02-09-2026 06:29,1746.46
6049,4140,31-03-2025 04:59,448.21
6050,3602,11-05-2026 06:48,242.42
6051,1968,06-02-2025 02:25,557.78
6052,3139,23-07-2026 05:37,28.49
6053,3398,27-05-2026 17:19,114.9
6054,2287,28-07-2026 19:04,141.2
6055,595,16-09-2025 18:04,38.15
6056,1179,14-05-2025 04:55,375.82
6057,2467,05-08-2025 16:31,694.46
6058,2576,26-04-2026 02:03,28.03
6059,2869,09-01-2025 00:36,376.74
6060,733,11-03-2025 03:45,512.09
6061,3676,23-01-2025 14:40,1596.78
6062,2757,05-08-2026 02:23,88.62
6063,3257,09-06-2025 08:41,167.84
6064,2172,30-09-2025 05:21,21.7
6065,461,29-01-2025 04:46,24.44
6066,3860,21-07-2026 20:45,58.08
6067,3313,13-08-2025 20:18,1259.34
6068,1041,15-08-2025 11:10,540.48
6069,4206,27-10-2025 21:13,290.9
6070,2425,08-05-2025 20:02,290.26
6071,3667,02-06-2026 12:57,205.3
6072,2640,30-06-2025 13:09,73.33
6073,3016,29-12-2025 16:40,38.06
6074,1633,08-09-2026 16:25,18.79
6075,2467,05-03-2026 07:47,14.69
6076,2414,13-06-2025 15:51,58.08
6077,2321,27-12-2025 18:48,6.4
6078,2853,02-05-2025 04:19,455.18
6079,1061,30-05-2025 13:45,671.27
6080,1187,10-06-2025 14:52,247.6
6081,955,25-07-2026 12:03,545.1
6082,544,02-04-2025 16:35,269.34
6083,3664,01-09-2026 22:32,41
6084,1219,14-03-2025 19:17,704.64
6085,2439,22-03-2025 09:03,377.17
6086,1062,01-04-2025 09:19,168.76
6087,804,10-09-2026 10:58,102.21
6088,329,02-04-2026 21:02,137.76
6089,1268,14-05-2025 07:25,85.24
6090,2085,26-01-2026 22:58,637.06
6091,1015,16-07-2026 02:47,33.81
6092,480,17-01-2026 02:59,135.12
6093,1421,20-05-2025 15:37,67.56
6094,66,22-09-2025 15:08,1012.06
6095,2965,09-09-2025 08:17,49.86
6096,2145,17-04-2026 21:20,534.16
6097,701,26-12-2025 02:07,362.01
6098,307,27-02-2026 07:42,85.99
6099,968,07-06-2025 11:49,70.49
6100,1621,31-12-2025 16:49,728.8
6101,686,23-07-2025 08:23,368.05
6102,3335,01-08-2025 02:20,85.13
6103,181,26-12-2025 18:13,1568.26
6104,4289,08-12-2025 07:07,915.41
6105,4434,31-05-2025 04:23,22.35
6106,4256,04-04-2025 13:11,48.88
6107,1326,28-07-2025 21:34,542.39
6108,1148,10-01-2026 10:53,815.77
6109,1275,09-01-2026 19:57,157.36
6110,3317,08-01-2026 18:42,937.07
6111,4331,21-12-2025 13:52,140.31
6112,2983,30-07-2025 15:39,119.44
6113,1458,25-02-2025 01:56,662.11
6114,3586,12-08-2025 14:15,868.85
6115,968,15-12-2025 23:35,1049.8
6116,4415,21-10-2025 08:49,1005.34
6117,1924,22-01-2026 06:08,232.67
6118,2752,15-05-2026 22:55,1056.51
6119,3525,09-06-2025 11:56,116.08
6120,1356,06-03-2025 04:25,130.29
6121,681,24-01-2026 11:22,318.85
6122,4452,11-05-2026 07:12,85.55
6123,1823,24-03-2026 19:06,874.7
6124,2337,16-07-2025 15:01,103.4
6125,1399,01-03-2025 17:48,63.34
6126,1057,13-11-2025 09:36,774.82
6127,2962,31-07-2025 15:08,37.43
6128,2479,09-11-2025 03:57,103.15
6129,841,26-05-2025 04:13,22.95
6130,1623,10-11-2025 02:30,123.39
6131,2617,26-06-2026 22:19,585.37
6132,770,04-08-2026 11:46,688.29
6133,3595,22-07-2026 16:43,181.06
6134,3502,16-06-2026 14:17,321.33
6135,1355,28-07-2025 11:40,583.34
6136,4282,10-08-2025 02:45,203.2
6137,432,16-03-2025 15:43,1036.88
6138,947,02-01-2025 20:37,642.18
6139,1052,19-10-2025 10:36,41.91
6140,4066,03-12-2025 04:17,327.8
6141,3137,04-04-2025 18:14,700.68
6142,4235,03-08-2025 22:16,396.07
6143,2576,28-01-2025 07:44,94.03
6144,882,16-02-2025 13:34,59.28
6145,267,05-12-2025 00:16,75.16
6146,3231,25-10-2025 13:51,52.91
6147,2099,29-07-2026 16:16,408.12
6148,2447,15-06-2026 10:34,786.24
6149,2581,22-11-2025 19:27,160.86
6150,2999,22-10-2025 14:03,1059.29
6151,3479,31-10-2025 03:34,172.34
6152,4132,24-05-2026 04:27,339.67
6153,2826,28-04-2025 01:31,340.35
6154,693,23-06-2025 12:23,50.1
6155,4195,05-04-2025 03:01,85.24
6156,4496,06-04-2026 08:16,290.7
6157,4197,01-04-2026 00:49,52.13
6158,3518,18-12-2025 17:18,478.2
6159,202,14-03-2025 03:38,260.46
6160,338,20-12-2025 14:05,89.52
6161,1000,03-11-2025 09:02,41.91
6162,873,18-07-2025 21:28,103.09
6163,2071,11-02-2025 18:08,125.02
6164,2359,22-07-2025 02:13,121.65
6165,1155,09-01-2026 04:04,2717.2
6166,1222,05-08-2026 01:33,7.3
6167,235,24-10-2025 19:55,91.74
6168,550,10-06-2025 00:53,70.6
6169,81,10-04-2026 01:23,1245.17
6170,110,31-07-2026 13:24,128.41
6171,586,06-09-2025 07:48,834.25
6172,2271,16-02-2025 01:27,29
6173,4122,18-12-2025 19:03,402.91
6174,3477,13-05-2026 08:08,58.58
6175,2625,22-06-2026 10:26,899.56
6176,17,15-05-2025 23:40,140.85
6177,521,06-11-2025 04:32,250.41
6178,3714,15-08-2025 07:41,422.91
6179,2406,30-07-2026 17:59,92.13
6180,4403,07-03-2025 02:06,661.8
6181,3414,22-03-2025 12:31,61.09
6182,3905,21-01-2026 02:39,1319.21
6183,1187,28-01-2026 23:27,516.83
6184,4379,15-01-2026 19:16,890.32
6185,2347,17-09-2025 10:10,157.47
6186,713,19-06-2026 03:22,489.17
6187,2896,04-05-2025 02:01,7
6188,3849,08-02-2025 16:29,132.35
6189,2165,08-06-2025 10:06,198.95
6190,1911,11-12-2025 23:07,364.91
6191,3947,04-04-2026 23:28,34.46
6192,3134,29-09-2025 12:45,88.58
6193,3961,12-01-2026 23:52,45.07
6194,411,10-04-2025 22:03,93.68
6195,128,07-12-2025 12:18,98.98
6196,934,02-12-2025 20:13,153.91
6197,1708,11-08-2026 02:53,56.52
6198,1087,28-06-2026 08:09,423.97
6199,3616,30-06-2026 12:23,38.15
6200,3608,02-08-2025 10:02,781.43
6201,3745,31-08-2026 22:45,396.2
6202,2436,11-09-2026 19:50,1442.15
6203,446,27-08-2025 17:40,96.7
6204,3939,12-08-2025 02:59,709.29
6205,2348,17-06-2026 16:58,1471.27
6206,1422,07-06-2025 05:51,608.43
6207,3857,31-01-2026 07:15,162.85
6208,622,16-05-2025 08:18,82.58
6209,1019,04-02-2026 19:30,235.04
6210,3538,31-03-2026 04:44,1539.76
6211,151,19-06-2026 01:50,197.13
6212,2376,07-07-2026 19:35,221.26
6213,1432,31-05-2025 00:31,1555.78
6214,525,07-03-2025 11:08,108.6
6215,2222,20-09-2025 10:52,3080.05
6216,4401,04-09-2026 08:53,14.86
6217,1688,02-08-2025 09:35,74.45
6218,2173,18-01-2026 04:18,5.9
6219,620,20-07-2025 21:44,1331.72
6220,2696,19-04-2025 00:22,43.23
6221,3585,21-12-2025 01:26,979.15
6222,3775,16-01-2026 15:24,1519.18
6223,849,20-07-2025 22:08,5217.1
6224,4456,05-10-2025 12:30,186.25
6225,2007,03-06-2025 19:20,698.3
6226,4070,14-06-2025 08:08,1555.91
6227,2614,16-03-2025 10:14,6.2
6228,1118,14-03-2026 04:21,154.58
6229,222,07-10-2025 23:49,67.12
6230,450,12-03-2026 20:57,14.57
6231,2195,07-07-2025 02:50,488.06
6232,1858,30-08-2026 16:34,32.02
6233,3801,07-04-2026 00:54,188.48
6234,4410,19-05-2025 21:55,1913.01
6235,2420,03-01-2025 14:10,278.24
6236,84,15-06-2026 18:13,98.6
6237,3540,10-09-2026 08:47,23.55
6238,3513,14-05-2025 01:38,104.76
6239,105,14-06-2025 08:37,137.48
6240,4416,09-08-2026 21:08,91.32
6241,2476,07-03-2025 06:21,581.71
6242,4131,19-05-2025 12:31,125.02
6243,3351,14-05-2025 01:21,1011.41
6244,2346,20-07-2025 14:53,11.8
6245,3989,10-04-2026 04:50,241.18
6246,4077,27-04-2025 19:30,107.34
6247,931,16-08-2026 11:59,756.01
6248,149,20-02-2025 19:06,1279.9
6249,3780,26-11-2025 22:29,210.28
6250,2838,27-03-2025 09:20,99.99
6251,62,09-07-2025 17:21,303.32
6252,380,23-08-2026 10:56,372.38
6253,409,23-03-2025 05:13,26.74
6254,561,22-10-2025 00:59,750.09
6255,1345,06-09-2025 19:25,146.72
6256,241,21-11-2025 22:39,720.14
6257,1265,08-12-2025 07:02,413.97
6258,369,26-02-2025 18:44,199.09
6259,467,11-03-2026 03:13,94.24
6260,4402,09-07-2026 03:35,462.53
6261,4507,11-09-2026 21:02,121.44
6262,1492,17-06-2025 10:30,493.57
6263,3326,30-08-2026 05:01,1743.61
6264,1605,02-01-2026 00:21,41.16
6265,4484,03-03-2025 03:55,164.14
6266,1411,31-01-2026 23:58,208.21
6267,1460,08-05-2025 22:02,292.95
6268,44,19-02-2026 15:06,104.22
6269,3836,29-08-2026 08:51,1294.71
6270,1131,19-08-2026 02:23,250.33
6271,3998,10-09-2025 03:40,953.72
6272,3675,13-01-2026 20:26,1334.85
6273,3129,19-04-2025 10:07,151.66
6274,3844,20-03-2025 14:43,741.69
6275,3453,01-06-2026 19:02,2054.65
6276,672,25-07-2026 02:20,205.01
6277,528,26-08-2026 11:04,500.08
6278,3629,31-01-2025 12:16,1310.31
6279,385,18-10-2025 09:03,449.68
6280,1762,16-04-2025 06:49,435.2
6281,2127,19-09-2025 15:02,290.39
6282,3919,30-04-2025 23:53,37.43
6283,2584,14-07-2025 08:42,591.55
6284,3447,16-09-2025 23:42,14.63
6285,967,02-11-2025 20:11,284.93
6286,1308,27-08-2025 15:55,291.52
6287,4207,30-04-2025 03:11,695.06
6288,565,28-04-2026 07:20,161.14
6289,4111,29-12-2025 14:59,794.43
6290,398,27-12-2025 15:57,556.18
6291,1840,05-09-2026 14:14,135.12
6292,3592,10-07-2025 23:14,7.9
6293,1515,30-12-2025 03:44,707.18
6294,3052,04-02-2026 19:32,371.79
6295,168,07-03-2025 12:15,78.03
6296,3140,09-09-2026 16:35,284.07
6297,4496,26-05-2026 22:41,1202.96
6298,2927,22-09-2025 17:26,9.72
6299,367,08-04-2025 20:41,1171.09
6300,745,17-04-2025 02:25,478.2
6301,3532,09-05-2025 08:15,1355.48
6302,1511,14-10-2025 21:33,125.02
6303,3553,15-11-2025 15:15,57.56
6304,684,22-12-2025 00:39,50.84
6305,35,19-08-2025 05:01,58.08
6306,1916,18-04-2025 11:21,155.06
6307,3025,01-07-2025 16:31,19.02
6308,1131,27-05-2026 15:20,105.51
6309,3718,23-10-2025 04:29,1260.21
6310,2806,05-04-2026 13:23,151.66
6311,1137,28-09-2025 17:21,46.89
6312,1841,12-02-2026 17:22,740.03
6313,1569,03-05-2025 03:06,315.9
6314,2636,07-09-2026 22:00,160.72
6315,588,24-04-2025 23:19,988.86
6316,2880,31-01-2025 10:23,162.82
6317,4413,06-07-2026 15:38,145.96
6318,1739,04-09-2025 21:59,807.83
6319,1122,10-08-2025 16:24,268.64
6320,1242,07-07-2025 09:59,568.38
6321,1005,23-06-2025 11:42,49.5
6322,398,16-06-2025 08:56,765.48
6323,3230,10-04-2025 13:05,413.03
6324,348,18-07-2025 14:12,151.93
6325,2070,20-07-2026 19:56,256.08
6326,2226,29-06-2025 15:40,91.74
6327,3249,20-04-2026 09:38,123.86
6328,3885,11-05-2025 14:30,135.97
6329,2733,14-02-2025 01:21,199.77
6330,3731,15-04-2025 08:01,133.78
6331,3335,17-05-2026 03:42,43.39
6332,3223,10-04-2026 02:42,368.19
6333,2928,21-04-2026 01:05,302.84
6334,1741,08-08-2026 02:02,486.96
6335,1311,10-12-2025 23:56,63.23
6336,2703,10-08-2026 12:33,11.8
6337,676,03-07-2025 07:14,219.96
6338,2811,16-06-2025 10:34,434.53
6339,114,18-09-2025 11:56,80.52
6340,4118,05-12-2025 07:31,85.24
6341,3543,17-08-2026 13:06,776.56
6342,2801,31-12-2025 22:17,607.12
6343,1401,10-06-2026 08:45,246.89
6344,1509,03-02-2026 05:46,35.43
6345,1702,07-07-2026 22:59,2.2
6346,459,12-07-2025 22:07,103.15
6347,2016,22-02-2025 07:47,458.62
6348,2951,22-06-2026 07:24,793.13
6349,4157,16-08-2025 02:57,94.78
6350,1671,02-08-2026 03:51,41.7
6351,126,30-03-2026 08:44,239.58
6352,3234,15-12-2025 13:04,807.57
6353,3678,03-04-2025 13:17,170.48
6354,4332,06-05-2026 03:48,151.62
6355,148,21-01-2026 00:23,272.92
6356,4329,01-09-2025 02:21,478.36
6357,1985,11-12-2025 11:29,787.81
6358,3560,24-06-2026 03:12,47.95
6359,2149,23-04-2026 05:35,28.88
6360,3680,09-10-2025 12:59,132.12
6361,2033,06-04-2026 04:50,97.18
6362,3105,04-03-2026 20:24,398.38
6363,2407,13-09-2026 23:33,191.56
6364,3289,02-06-2025 09:59,85.4
6365,3403,09-11-2025 05:02,1632.15
6366,2498,27-08-2025 18:53,30.19
6367,3723,04-08-2025 08:08,110.8
6368,3699,12-08-2026 20:50,342.55
6369,3465,30-06-2025 08:31,281.67
6370,3059,24-07-2026 01:16,127.74
6371,1422,29-05-2025 02:50,205.37
6372,2277,21-06-2026 16:11,347.59
6373,3504,27-06-2025 09:38,85.4
6374,1079,31-07-2025 09:07,181.66
6375,1197,29-07-2025 13:31,305.1
6376,4115,06-07-2026 03:48,219.74
6377,320,19-08-2025 22:10,828.85
6378,3753,14-12-2025 08:57,609.16
6379,3275,22-06-2025 07:34,384.12
6380,3928,23-09-2025 08:54,2.95
6381,328,21-06-2025 03:47,502.14
6382,990,18-06-2025 07:17,293.8
6383,4082,26-04-2025 14:46,101.47
6384,2766,19-10-2025 03:17,86.16
6385,4388,03-11-2025 07:57,303.63
6386,2014,18-02-2026 22:14,823.01
6387,3277,24-04-2026 23:04,121
6388,1550,21-01-2025 23:04,119.69
6389,3538,03-03-2026 15:11,464.18
6390,2183,24-04-2025 01:27,215.33
6391,341,16-04-2025 05:41,1152.39
6392,2008,03-02-2025 23:39,1316.38
6393,853,09-02-2025 15:51,337.62
6394,4126,25-04-2026 11:50,700.51
6395,4151,16-10-2025 10:11,207.92
6396,674,27-02-2026 04:29,102.3
6397,1490,11-11-2025 23:54,140.98
6398,4299,22-10-2025 00:16,444.81
6399,1949,17-07-2026 21:00,37.96
6400,487,19-07-2025 17:44,408.06
6401,1415,09-01-2025 18:43,1078.78
6402,2585,04-03-2025 05:00,8.65
6403,3412,14-10-2025 01:29,340.9
6404,3333,12-06-2026 00:34,360.28
6405,249,24-05-2026 16:23,148.76
6406,2718,24-03-2025 09:55,151.24
6407,4461,22-02-2026 06:53,472.8
6408,2252,06-09-2026 17:56,27.02
6409,3533,16-08-2026 13:31,58.08
6410,4516,20-10-2025 10:08,1044.55
6411,387,17-01-2026 12:26,109.65
6412,412,11-05-2026 04:51,169.3
6413,41,03-02-2025 17:59,50.84
6414,1247,28-05-2025 12:38,119.68
6415,1132,06-07-2025 10:00,197.87
6416,1185,07-09-2026 22:07,1258.35
6417,3307,14-04-2026 20:54,85.24
6418,2003,04-09-2026 16:08,24.28
6419,4410,03-12-2025 13:45,202.46
6420,846,12-09-2026 21:27,466.47
6421,3751,03-09-2026 00:10,771.91
6422,4461,17-06-2026 02:39,31.27
6423,3213,28-07-2026 23:22,163.46
6424,3171,26-08-2025 06:56,39.57
6425,359,10-07-2026 20:37,3.5
6426,3070,31-05-2025 16:23,169.07
6427,1666,05-07-2026 21:38,680.85
6428,1941,09-12-2025 02:48,201.26
6429,480,25-03-2025 11:05,122.94
6430,4267,21-11-2025 08:06,264.07
6431,1444,30-10-2025 03:07,60.99
6432,2271,07-09-2025 12:44,114.45
6433,2531,16-09-2025 04:46,1093.67
6434,956,27-01-2026 05:09,12.26
6435,323,24-03-2026 17:40,721.12
6436,1788,28-01-2025 01:34,320.69
6437,454,17-08-2026 18:57,4013.4
6438,3896,12-08-2025 00:54,1155.12
6439,1032,14-06-2025 09:51,492.94
6440,2121,07-01-2025 21:14,71.06
6441,1460,03-09-2025 00:46,780.33
6442,4450,29-05-2025 04:15,1222.68
6443,872,12-09-2026 16:17,14.81
6444,198,08-11-2025 06:07,60.6
6445,4224,02-10-2025 03:55,167.61
6446,3897,01-04-2025 23:18,221.46
6447,1268,12-09-2026 03:36,1179.15
6448,3741,20-06-2026 03:54,154
6449,3309,05-08-2025 22:38,4.36
6450,1488,26-05-2026 21:33,198.85
6451,294,22-07-2026 20:41,88.57
6452,4439,08-01-2025 19:09,141.77
6453,554,27-11-2025 23:21,804.27
6454,278,08-02-2026 05:22,1525.29
6455,1699,11-01-2025 17:40,16.93
6456,3930,15-08-2026 14:25,45.48
6457,1962,03-03-2026 22:29,412.8
6458,819,17-02-2025 02:45,2.43
6459,2804,01-02-2026 06:07,225.66
6460,4068,10-01-2025 03:59,614.47
6461,410,16-01-2025 04:29,1436.76
6462,4404,21-11-2025 13:08,32.02
6463,3443,17-02-2026 02:43,488.72
6464,1716,06-11-2025 10:35,38.89
6465,1873,25-11-2025 11:59,475.39
6466,522,12-12-2025 15:24,703.61
6467,2177,13-02-2025 10:53,33.77
6468,3101,19-08-2025 17:24,2073.84
6469,511,31-03-2025 08:45,52.22
6470,647,19-09-2025 00:19,829.62
6471,3040,16-01-2025 19:53,499.94
6472,2749,27-05-2025 09:46,1494.62
6473,1812,15-08-2026 14:49,712.42
6474,1228,31-07-2025 17:49,307.66
6475,865,15-01-2026 13:24,218.11
6476,4178,08-07-2025 23:46,754.24
6477,233,16-03-2025 00:16,834.18
6478,1275,02-02-2026 20:52,545.52
6479,2034,06-07-2026 10:07,101.88
6480,1691,11-05-2025 04:56,205.3
6481,2000,12-03-2025 02:07,931.86
6482,4198,03-04-2026 02:59,1379.65
6483,1100,30-06-2026 05:13,104.95
6484,4078,26-05-2026 02:34,192.06
6485,4459,07-04-2025 15:27,89.45
6486,1966,03-01-2026 20:58,38.15
6487,2022,28-02-2026 23:56,197.5
6488,2170,06-09-2026 16:07,1755.58
6489,411,19-11-2025 11:02,365.86
6490,860,08-05-2026 03:43,49.45
6491,420,06-08-2025 04:24,154.25
6492,1693,30-07-2025 20:15,807.2
6493,3931,05-10-2025 08:48,101.28
6494,1207,05-07-2025 23:39,900.56
6495,3110,12-07-2026 16:59,68.22
6496,573,03-02-2026 07:46,1378.24
6497,2868,14-05-2026 07:35,550.05
6498,3427,30-12-2025 01:43,29.72
6499,3399,10-03-2025 16:42,83.07
6500,4427,01-09-2026 11:05,563.75
6501,2064,30-10-2025 16:13,1433.98
6502,1864,03-02-2025 20:44,384.12
6503,3057,17-06-2025 22:13,1047.85
6504,2488,01-12-2025 08:13,7.62
6505,1879,20-05-2025 07:04,834.06
6506,1994,11-04-2025 12:00,126.77
6507,2086,11-01-2026 01:38,284.87
6508,268,21-08-2026 17:54,189.81
6509,588,22-01-2026 00:56,125.02
6510,965,12-08-2026 00:51,1035.81
6511,2690,07-04-2026 18:14,149.73
6512,3731,30-10-2025 03:16,58.99
6513,4036,22-08-2026 01:40,151.78
6514,4255,11-01-2026 19:47,243.61
6515,2674,17-01-2025 22:38,117.24
6516,1714,20-05-2026 19:17,116.16
6517,2174,13-04-2026 03:58,295.67
6518,1147,08-05-2025 13:09,981.41
6519,1560,01-05-2025 16:42,1586.11
6520,4212,17-12-2025 03:28,698.3
6521,1350,20-05-2025 03:26,288.3
6522,609,03-05-2025 13:52,664.38
6523,1680,18-08-2025 12:47,396.16
6524,350,08-04-2025 20:14,246.97
6525,591,21-02-2026 14:54,89.27
6526,4338,12-06-2026 07:10,189.02
6527,3367,03-08-2026 17:52,802.67
6528,936,21-01-2026 19:12,2.16
6529,1819,27-10-2025 00:01,399.14
6530,265,25-03-2025 22:59,32.99
6531,2980,09-08-2025 03:44,71.33
6532,3827,17-05-2026 09:00,374.13
6533,3530,28-03-2025 11:54,664.55
6534,86,25-07-2025 02:20,192.01
6535,2505,04-11-2025 13:12,2014.64
6536,107,12-06-2025 09:19,838.29
6537,2975,12-08-2026 19:46,28.72
6538,4099,19-09-2025 16:33,29.68
6539,3655,02-08-2025 21:32,10.18
6540,3003,23-04-2026 05:54,894.7
6541,3674,16-05-2026 10:18,307.34
6542,455,18-06-2025 12:57,162.16
6543,3019,29-08-2025 00:50,698.3
6544,4235,14-02-2026 12:17,43.7
6545,3537,10-06-2026 20:55,98.43
6546,1138,23-10-2025 01:57,1675.81
6547,883,25-06-2025 22:21,71
6548,1059,10-10-2025 23:32,106.93
6549,1985,26-02-2026 23:13,2.43
6550,3670,20-01-2025 06:15,130.58
6551,3876,16-11-2025 00:17,675.02
6552,1620,14-06-2025 13:19,728.26
6553,965,28-10-2025 17:40,507.75
6554,2086,13-07-2026 18:49,518.69
6555,2456,02-06-2026 03:40,2.95
6556,877,21-10-2025 17:37,267.72
6557,3791,17-09-2025 18:11,226.12
6558,4371,02-06-2025 17:16,148.79
6559,627,23-03-2026 15:28,104.23
6560,4449,03-05-2026 19:52,793.26
6561,2305,30-01-2025 13:05,315.14
6562,1250,20-10-2025 13:22,1363.83
6563,1061,05-03-2026 09:49,149.69
6564,408,05-01-2026 02:08,2.43
6565,1548,22-09-2025 06:58,120.69
6566,4424,20-02-2025 10:22,425.4
6567,518,26-01-2025 15:39,1718.17
6568,3709,26-12-2025 02:04,409.9
6569,212,13-06-2025 17:03,2047.77
6570,2872,14-03-2025 20:56,1099.26
6571,3130,09-05-2026 21:27,387.3
6572,2725,29-11-2025 23:43,478.08
6573,3757,14-07-2026 09:07,636.67
6574,2794,26-09-2025 10:46,150.02
6575,3528,29-05-2025 22:15,153.66
6576,3947,07-04-2025 05:24,481
6577,431,31-01-2026 23:29,38.15
6578,4248,07-02-2026 12:56,598.27
6579,1019,31-01-2025 13:35,117.15
6580,2061,06-08-2025 18:23,1392.41
6581,3427,19-01-2026 13:50,493.58
6582,759,19-02-2026 01:10,284.02
6583,3703,31-03-2025 17:28,451.72
6584,1093,05-06-2025 09:38,1245.53
6585,1658,28-02-2026 08:16,709.37
6586,2894,30-05-2025 08:47,290.51
6587,4006,04-07-2025 15:09,998.12
6588,3579,13-05-2026 11:16,615.72
6589,4095,08-07-2026 09:26,81.27
6590,852,04-02-2026 07:42,422.86
6591,3849,14-05-2025 15:04,170.48
6592,3688,01-04-2025 07:10,558.39
6593,676,10-11-2025 12:47,327
6594,1516,25-02-2025 16:34,639.6
6595,2538,12-08-2025 22:12,160.38
6596,2318,11-03-2025 19:06,95.41
6597,2750,10-04-2026 06:45,751.41
6598,957,04-12-2025 13:31,793.01
6599,2883,09-04-2026 01:42,354.99
6600,4197,17-06-2025 11:41,199.66
6601,715,19-08-2025 03:06,187.96
6602,2756,07-11-2025 14:27,427.52
6603,4406,21-09-2025 14:03,263.6
6604,424,04-04-2026 07:34,219.22
6605,2802,06-02-2026 10:17,1207.54
6606,497,01-11-2025 07:30,349.7
6607,2290,15-01-2025 11:34,710.56
6608,2831,25-03-2025 17:29,403.48
6609,775,13-09-2026 22:47,421.78
6610,2761,07-11-2025 11:12,169.77
6611,3773,14-07-2026 05:33,13.95
6612,4018,18-03-2025 19:09,167.68
6613,2001,26-11-2025 12:52,260.73
6614,2239,06-07-2025 22:26,3.5
6615,3791,11-07-2025 03:08,923.93
6616,145,18-11-2025 08:06,195.24
6617,2581,16-01-2025 01:19,306.85
6618,1739,31-07-2026 09:31,444.89
6619,2357,31-07-2025 10:23,1192.18
6620,1352,22-08-2025 07:26,4.32
6621,536,07-05-2026 23:58,317.64
6622,3791,05-07-2026 01:21,124.26
6623,938,23-03-2025 21:38,177.92
6624,348,14-10-2025 01:09,1251.68
6625,3096,09-07-2025 13:37,870.81
6626,4047,26-06-2026 00:52,264.55
6627,1114,09-07-2026 08:16,55.03
6628,880,21-11-2025 20:21,166.1
6629,347,05-05-2025 23:46,194.29
6630,2395,01-07-2026 17:49,41
6631,3838,20-10-2025 13:16,1444.9
6632,1746,20-10-2025 13:39,632.9
6633,3854,10-09-2025 12:55,1079.1
6634,3211,05-05-2025 19:08,82.11
6635,1379,21-01-2025 14:55,75.4
6636,1385,28-11-2025 09:44,125.02
6637,766,23-09-2025 19:44,1168.68
6638,4210,26-11-2025 15:31,153.94
6639,2826,02-02-2026 06:11,453.62
6640,3128,08-09-2025 07:54,1096.31
6641,3030,10-10-2025 11:39,427.82
6642,2184,14-08-2025 21:07,744.85
6643,1875,24-06-2025 13:55,108.92
6644,3770,08-05-2025 12:01,594.37
6645,2532,31-10-2025 09:12,152.6
6646,882,29-07-2025 13:10,944.09
6647,191,29-09-2025 07:36,324.37
6648,291,22-04-2026 12:42,463.76
6649,1358,17-07-2026 14:37,1539.18
6650,2887,30-10-2025 23:45,220.07
6651,2550,14-05-2026 08:14,248.84
6652,25,26-02-2025 10:10,877.3
6653,2938,19-04-2026 16:35,75.76
6654,3874,31-01-2025 03:00,1125.56
6655,3167,14-02-2025 19:00,43.7
6656,1230,08-11-2025 15:51,134.74
6657,2848,23-06-2026 23:28,38.15
6658,3225,22-12-2025 05:27,166.4
6659,3170,01-02-2025 08:33,150.66
6660,1575,24-08-2025 10:37,719.9
6661,4479,18-09-2025 07:08,786.2
6662,513,22-07-2026 20:04,1096.68
6663,3784,30-12-2025 19:04,134.69
6664,4327,10-05-2025 16:44,38.04
6665,2760,08-06-2025 13:07,414.02
6666,2420,24-06-2026 13:24,8.65
6667,2324,03-09-2025 20:19,188.8
6668,1978,20-08-2026 09:01,100.17
6669,2353,13-01-2026 10:41,509.39
6670,1180,25-03-2026 09:53,3.81
6671,1527,01-05-2026 11:17,118.69
6672,1944,30-05-2025 23:52,851.65
6673,3064,25-01-2025 10:12,75.61
6674,197,03-06-2026 09:36,1732.01
6675,3984,10-04-2025 06:36,332.71
6676,1648,07-04-2025 14:30,163.15
6677,3423,16-08-2025 17:15,568.24
6678,781,28-08-2026 08:48,78.55
6679,3300,18-03-2026 17:25,12.66
6680,3832,28-03-2026 03:55,225.44
6681,697,25-01-2026 15:00,1557.44
6682,3384,07-02-2026 16:49,167.64
6683,150,01-05-2025 14:59,4.4
6684,1438,08-02-2026 23:46,102.3
6685,2725,19-08-2025 21:16,270.64
6686,748,12-05-2025 04:28,9.76
6687,1981,07-07-2026 16:58,294.44
6688,2382,19-06-2025 09:09,2.2
6689,2878,29-09-2025 08:01,1370.7
6690,3218,19-02-2026 23:43,669.36
6691,2446,05-07-2025 09:07,163.3
6692,3623,31-03-2025 17:35,288.21
6693,2384,10-02-2025 01:48,54.09
6694,2651,25-12-2025 16:34,1111.5
6695,1182,17-04-2026 13:15,830.28
6696,2663,24-05-2026 14:47,305.87
6697,4057,12-09-2025 11:33,43.7
6698,3985,16-01-2025 22:43,98.53
6699,2810,12-08-2026 23:44,199.08
6700,3788,06-11-2025 05:45,1349.46
6701,1209,30-08-2026 00:36,207.16
6702,4435,17-12-2025 18:28,85.34
6703,3560,10-01-2026 01:50,195.31
6704,4361,02-07-2026 23:41,108.04
6705,4059,11-02-2025 01:34,376.89
6706,1599,17-02-2026 10:33,443.67
6707,3864,01-06-2026 19:54,722.49
6708,859,31-03-2025 18:20,756.38
6709,2256,13-05-2026 11:13,19.55
6710,3145,16-07-2025 18:10,49.94
6711,4499,09-08-2025 03:22,603.78
6712,2718,29-04-2026 03:22,282.3
6713,189,14-08-2026 18:23,830.55
6714,1290,05-07-2026 19:22,1021.86
6715,4280,13-01-2026 21:11,21.85
6716,1607,17-04-2025 16:52,279.96
6717,4482,18-01-2025 19:49,468.95
6718,2421,04-04-2025 20:53,244.27
6719,589,09-02-2026 13:37,9.71
6720,3675,22-03-2026 07:47,201.98
6721,2884,25-01-2025 18:08,14.86
6722,492,04-07-2026 12:05,125.02
6723,1705,08-02-2026 19:34,385.75
6724,1049,18-11-2025 09:32,397.05
6725,2006,28-12-2025 06:02,344.04
6726,703,25-02-2025 03:40,807.9
6727,1684,25-10-2025 02:26,310.6
6728,323,17-08-2026 14:22,272.64
6729,3450,22-07-2026 01:41,341.18
6730,2552,06-07-2025 06:00,41
6731,2025,11-04-2025 20:13,61.81
6732,1568,02-05-2026 01:11,359.36
6733,2500,08-03-2026 19:13,319.52
6734,2237,04-06-2026 04:33,378.32
6735,1875,31-07-2025 06:54,185.95
6736,1758,05-11-2025 09:49,58.94
6737,2473,27-07-2025 09:30,1378.55
6738,3564,05-05-2025 07:52,272.51
6739,2021,07-03-2026 03:49,517.72
6740,3186,06-05-2026 17:17,28.03
6741,1435,09-08-2026 16:26,417.17
6742,4430,10-08-2025 23:38,1515.36
6743,2154,28-10-2025 16:16,57.76
6744,2485,22-06-2026 01:46,1461.72
6745,1667,21-07-2026 05:11,142.97
6746,3708,20-01-2025 23:55,28.17
6747,3466,17-02-2025 00:18,70.9
6748,350,09-05-2025 12:11,15.48
6749,3810,09-06-2026 09:46,357.64
6750,1943,23-06-2025 15:22,34.52
6751,415,09-06-2025 13:40,224.06
6752,1142,24-08-2026 01:18,384.12
6753,1044,11-03-2025 00:44,107.77
6754,2730,13-03-2026 13:30,252.83
6755,3542,29-05-2025 04:04,1622.14
6756,1713,14-05-2026 07:55,49.33
6757,3418,22-12-2025 00:03,96.46
6758,1648,24-07-2025 08:27,201.49
6759,1873,01-06-2025 15:00,129.31
6760,3864,02-11-2025 02:53,103.31
6761,4442,01-04-2025 02:11,321.14
6762,2874,30-03-2025 05:20,491.6
6763,2261,07-02-2025 09:42,101.68
6764,266,06-12-2025 05:22,352.71
6765,3145,18-03-2026 21:24,31.52
6766,1542,30-05-2025 16:52,195.2
6767,3464,01-09-2025 12:22,60.7
6768,2066,04-04-2026 09:43,546.93
6769,3636,22-02-2025 01:48,729.23
6770,3801,19-06-2025 18:56,943.72
6771,3650,14-04-2026 19:14,177.77
6772,2491,06-08-2025 05:53,623.25
6773,1456,31-03-2025 01:38,17.16
6774,1981,30-04-2026 10:54,162.47
6775,2274,28-04-2026 04:44,32.02
6776,3503,09-03-2025 21:56,115.81
6777,1808,11-09-2026 23:35,307.56
6778,4187,06-03-2025 08:29,41.91
6779,1528,25-04-2025 07:36,635.8
6780,4249,20-05-2025 08:02,359.8
6781,3232,03-03-2025 19:18,898.96
6782,2516,30-09-2025 09:15,70.6
6783,1135,12-08-2026 09:34,1396.65
6784,4455,18-06-2026 12:30,462.53
6785,1211,04-11-2025 15:35,209.18
6786,816,16-11-2025 18:15,9.76
6787,2163,26-03-2025 05:00,274.42
6788,2792,01-01-2026 04:19,156.74
6789,2705,17-03-2025 06:36,324.26
6790,2945,30-04-2025 05:03,2021.66
6791,2853,05-02-2025 02:17,1035.58
6792,1217,04-07-2026 23:59,342.41
6793,1940,26-11-2025 19:09,825.11
6794,2753,24-01-2025 02:20,835.32
6795,1308,17-02-2025 08:33,498.64
6796,2999,14-04-2025 11:58,296.58
6797,602,04-06-2026 19:40,142.31
6798,260,09-08-2026 21:22,639.61
6799,56,03-08-2026 22:00,827.7
6800,2120,27-04-2025 23:55,37.76
6801,261,23-06-2026 19:23,1434.64
6802,3244,10-04-2025 20:15,128.51
6803,1117,12-09-2026 13:53,151.07
6804,2492,14-02-2026 04:24,289.93
6805,3095,28-02-2026 20:57,105.88
6806,3019,22-01-2026 17:34,33.86
6807,3435,29-01-2026 13:02,14.63
6808,2631,04-02-2026 22:53,790.04
6809,1437,21-03-2025 04:40,1334.85
6810,2561,02-03-2025 13:00,591.85
6811,2756,10-01-2025 08:07,416.96
6812,4397,07-05-2025 18:35,470.06
6813,2403,18-05-2025 23:34,1679.05
6814,644,13-01-2026 14:58,175.99
6815,57,02-09-2026 03:23,1377.14
6816,2714,12-12-2025 17:19,549.96
6817,764,29-06-2025 03:53,9.72
6818,2194,04-06-2025 06:06,1587.98
6819,2414,07-06-2026 00:38,136.05
6820,3516,21-06-2026 23:02,264.98
6821,2284,29-11-2025 14:10,2.16
6822,2337,11-12-2025 15:32,950.02
6823,511,09-01-2026 16:42,194.46
6824,1702,10-05-2026 22:41,49.33
6825,2113,09-07-2025 11:26,267.98
6826,2785,26-06-2025 03:56,329.63
6827,2667,26-04-2026 16:56,195.46
6828,3282,01-03-2025 17:36,879.44
6829,2224,20-08-2026 15:52,294.9
6830,1256,20-05-2026 22:48,397.17
6831,4070,16-06-2026 18:48,410.78
6832,2729,26-03-2026 17:06,89.85
6833,1530,26-07-2026 19:17,504.96
6834,4472,26-09-2025 20:12,512.18
6835,2548,01-07-2026 06:36,2300.68
6836,4152,10-04-2025 00:32,212.9
6837,2797,22-07-2025 22:38,35.3
6838,4210,18-10-2025 01:38,70.94
6839,2327,04-06-2026 09:04,350.97
6840,301,16-08-2025 20:31,1475.51
6841,2454,03-02-2026 07:16,416.59
6842,143,19-01-2025 19:43,2083.99
6843,3062,02-03-2026 04:26,227.36
6844,671,12-05-2026 23:53,17.15
6845,4098,30-05-2025 02:34,202.68
6846,3012,14-08-2026 04:41,48.1
6847,1337,05-06-2025 11:24,440.75
6848,689,09-12-2025 12:36,2458.6
6849,1239,16-06-2026 18:37,85.6
6850,3019,27-04-2026 00:04,204.77
6851,2480,16-10-2025 10:47,612.26
6852,2334,23-07-2025 12:19,211.49
6853,3737,21-11-2025 00:46,288.62
6854,2402,04-01-2025 10:28,337.51
6855,177,06-02-2026 13:52,142.97
6856,4089,26-05-2026 12:04,259.96
6857,390,09-06-2025 14:43,183.57
6858,546,21-03-2025 23:38,2146.67
6859,407,20-08-2025 05:51,2259.41
6860,892,19-02-2026 22:01,278.41
6861,4001,21-10-2025 03:15,439.29
6862,1856,17-07-2026 22:47,62.47
6863,183,27-12-2025 23:14,21.92
6864,2544,05-04-2026 05:23,288.07
6865,3773,15-01-2026 09:43,277.38
6866,2054,21-06-2025 09:16,455.36
6867,3930,24-10-2025 20:17,109.99
6868,1636,27-06-2026 03:21,236.03
6869,2220,30-04-2025 15:04,188.19
6870,3162,11-08-2026 17:06,74.4
6871,2693,15-04-2025 21:18,355.97
6872,4064,22-01-2025 01:49,73.55
6873,2442,24-07-2025 20:40,433.34
6874,1038,14-03-2026 03:44,67.2
6875,3013,23-09-2025 19:16,11.8
6876,356,27-08-2026 21:07,153.11
6877,2833,18-07-2025 06:35,114.55
6878,3964,22-12-2025 13:22,485.05
6879,2269,24-11-2025 15:07,65.67
6880,966,19-03-2026 14:10,878.92
6881,1502,02-01-2026 01:00,361.75
6882,3308,27-02-2026 16:24,250.48
6883,3521,11-04-2025 20:55,1312.8
6884,3382,07-09-2026 18:36,38.04
6885,3856,23-03-2025 12:59,867.38
6886,2891,24-11-2025 20:11,467.14
6887,4106,22-10-2025 13:14,75.47
6888,1460,18-06-2026 16:34,469.59
6889,1507,09-06-2026 01:15,3266.92
6890,2090,02-02-2026 13:43,129.34
6891,2396,03-12-2025 19:48,28.02
6892,2584,17-08-2025 11:51,142.15
6893,3009,16-02-2025 17:46,480.35
6894,3136,11-04-2026 04:10,1094.33
6895,2867,16-05-2025 14:37,800.57
6896,137,17-04-2025 23:40,26.1
6897,3680,24-10-2025 05:28,362.54
6898,87,11-03-2025 14:05,2669.7
6899,2970,15-07-2025 14:54,377.69
6900,3650,04-09-2025 06:21,1929.07
6901,2887,27-09-2025 05:46,439.81
6902,1909,30-03-2025 18:59,4031.56
6903,4308,02-04-2026 11:21,568.71
6904,2729,14-05-2026 07:18,474.86
6905,2238,28-01-2026 08:17,977.15
6906,1482,18-02-2025 10:08,98.44
6907,3638,31-08-2025 10:03,110.15
6908,3974,05-11-2025 21:50,355.31
6909,1832,10-07-2026 00:49,59.3
6910,3084,06-02-2026 15:51,867.03
6911,2015,20-08-2025 11:38,97.48
6912,1208,27-08-2026 02:13,401.7
6913,2761,22-01-2026 03:33,1628.79
6914,3218,14-04-2025 18:18,750.17
6915,685,22-11-2025 04:07,104.31
6916,402,18-03-2026 11:54,760.42
6917,1860,03-09-2026 03:11,71.48
6918,2606,18-03-2025 01:49,440.88
6919,3561,08-12-2025 04:21,412.82
6920,100,23-06-2026 23:50,523.01
6921,887,21-11-2025 18:19,65.77
6922,890,15-02-2026 02:26,1184.21
6923,3271,23-08-2026 19:37,203.58
6924,2704,18-08-2025 11:26,51.57
6925,1981,07-09-2025 00:33,47.61
6926,961,04-06-2025 02:46,87.61
6927,3195,08-01-2026 14:43,554.38
6928,1934,06-07-2026 14:27,685.24
6929,4109,02-07-2025 05:29,309.3
6930,4419,30-08-2026 21:03,1235.42
6931,4082,26-03-2025 22:17,3193.7
6932,2907,29-06-2025 15:37,810.82
6933,1386,19-03-2025 19:16,243.31
6934,4363,16-06-2025 09:59,80.44
6935,4224,02-07-2026 06:38,125.74
6936,2138,21-08-2025 03:38,104.53
6937,4087,14-04-2026 17:20,18.19
6938,4322,17-02-2025 00:34,548.93
6939,214,22-02-2025 05:06,377.12
6940,2289,17-10-2025 21:44,12.05
6941,2539,27-04-2026 05:33,1332.65
6942,2901,04-09-2026 05:46,1361.7
6943,2634,23-12-2025 00:02,921.37
6944,260,02-03-2025 16:10,151.66
6945,1874,28-04-2026 14:34,238.22
6946,749,10-02-2026 15:56,192.82
6947,700,08-01-2025 00:32,116.16
6948,808,06-05-2026 23:32,842.2
6949,1135,07-09-2026 10:31,70.05
6950,3856,25-04-2026 22:29,84.57
6951,1350,27-07-2026 13:38,278.69
6952,1012,19-01-2025 13:29,68.25
6953,1927,23-09-2025 06:18,187.52
6954,1343,17-06-2026 13:23,60.51
6955,925,25-02-2026 08:41,124.23
6956,2711,21-08-2025 19:32,138.11
6957,2006,28-02-2026 03:53,104.88
6958,1037,23-11-2025 19:15,77.85
6959,3595,27-09-2025 05:01,152.52
6960,3798,04-03-2026 16:09,347.23
6961,2997,02-09-2026 09:38,67.56
6962,2585,24-02-2026 06:49,53.02
6963,1539,21-06-2026 22:36,481.74
6964,2293,19-07-2026 19:56,81.23
6965,1785,11-12-2025 20:02,1325.56
6966,860,19-08-2026 16:40,650.77
6967,2419,01-12-2025 06:07,323.25
6968,2796,13-06-2025 11:35,800.65
6969,3613,27-10-2025 21:43,98.29
6970,2997,12-06-2025 23:19,802.33
6971,843,24-02-2026 00:16,239.92
6972,1899,17-01-2025 17:19,405.07
6973,3742,06-05-2026 20:46,1414.68
6974,1771,12-01-2026 02:50,157.1
6975,4004,03-09-2026 21:39,1090.36
6976,1587,11-02-2026 23:04,91.74
6977,2661,19-07-2026 12:55,90.31
6978,4430,15-03-2026 20:32,351.72
6979,103,14-01-2025 02:58,45.88
6980,2420,18-04-2026 16:05,8.65
6981,1962,17-03-2025 13:03,930.74
6982,235,03-04-2026 13:39,43.3
6983,3217,04-09-2026 18:10,201.26
6984,1892,29-07-2025 23:48,4.86
6985,4045,13-10-2025 23:29,59.85
6986,1045,29-07-2026 12:30,93.56
6987,387,05-01-2025 12:59,312.69
6988,2022,10-06-2025 09:26,182.38
6989,1211,18-04-2025 05:25,1408.61
6990,1001,01-12-2025 23:49,564.01
6991,4033,21-08-2026 06:23,1389.43
6992,795,27-03-2025 21:16,1157.66
6993,1015,30-04-2026 22:37,330.48
6994,4238,31-03-2025 16:02,426.66
6995,2982,12-09-2026 20:51,310.88
6996,1470,17-03-2026 23:35,680.92
6997,1905,20-07-2025 09:12,14.53
6998,3392,08-05-2025 17:41,20.04
6999,3789,07-04-2026 15:32,61.34
7000,1659,02-04-2026 14:05,265.89
7001,4149,18-07-2026 13:53,337.51
7002,159,22-02-2026 02:45,424.93
7003,3935,29-08-2026 06:13,260.78
7004,2108,01-04-2025 12:46,399.14
7005,3202,23-06-2025 00:06,75.33
7006,1465,31-05-2025 21:15,40.22
7007,4025,22-02-2025 23:20,138.67
7008,3084,13-06-2026 00:10,1889.01
7009,3782,03-04-2026 05:46,41.66
7010,3080,08-05-2025 17:32,387.62
7011,302,16-05-2025 21:48,5.9
7012,3488,19-09-2025 02:11,484.1
7013,2771,17-05-2026 22:47,775.05
7014,2158,03-06-2026 07:25,240.52
7015,1822,24-05-2026 00:28,650.42
7016,998,03-03-2026 19:38,3.5
7017,976,03-01-2025 13:50,778.95
7018,3286,08-12-2025 17:06,52.09
7019,1422,17-07-2025 06:00,1326.08
7020,3205,04-09-2025 16:55,169.42
7021,951,14-04-2026 08:29,188.9
7022,1555,18-08-2025 19:45,1431.73
7023,323,05-01-2026 01:49,403.28
7024,2974,07-08-2025 15:47,555.14
7025,1951,30-01-2025 18:42,1259.34
7026,3736,10-01-2026 20:52,18.97
7027,3689,14-11-2025 09:42,470.84
7028,1844,01-02-2025 15:24,345.84
7029,1380,13-06-2025 17:17,352.02
7030,2920,18-05-2026 04:42,511.34
7031,3256,02-05-2026 05:45,65.78
7032,3749,09-04-2025 01:01,21.85
7033,4128,29-07-2026 22:35,513.36
7034,51,27-02-2026 18:25,87.45
7035,3555,11-04-2025 18:15,18.97
7036,1574,11-05-2026 08:04,158.48
7037,459,28-08-2025 06:41,1269.99
7038,3023,21-12-2025 08:40,90.74
7039,3647,21-02-2026 11:25,800.56
7040,3686,23-03-2026 17:04,598.13
7041,3838,05-07-2025 06:13,163.84
7042,1073,21-05-2025 18:54,1153.4
7043,2616,23-04-2025 07:52,136.24
7044,3737,01-02-2026 22:52,205.71
7045,4295,08-04-2025 04:04,2030.71
7046,846,16-12-2025 16:44,127.45
7047,1920,23-07-2026 02:19,721.24
7048,329,08-07-2026 01:14,220.76
7049,949,19-12-2025 14:56,353.27
7050,2782,01-10-2025 15:06,53.71
7051,1127,24-03-2026 03:29,30.16
7052,178,08-01-2026 00:27,64.41
7053,4449,15-07-2026 21:31,1361.7
7054,2619,12-12-2025 12:29,71.68
7055,360,16-02-2026 09:54,124.76
7056,4186,26-01-2025 20:53,167
7057,3344,03-12-2025 05:46,60.38
7058,3191,28-11-2025 19:55,98.43
7059,3865,10-07-2026 18:13,146.87
7060,1889,08-12-2025 12:10,2771.98
7061,1895,10-07-2026 00:28,160.38
7062,1381,16-08-2025 00:40,94.03
7063,1647,05-06-2025 05:36,1429.67
7064,4499,22-02-2026 07:13,1113.42
7065,3249,11-04-2026 13:19,18.53
7066,3682,17-03-2026 06:42,16.93
7067,3477,30-05-2025 23:29,118.66
7068,1956,05-07-2026 10:58,56.77
7069,1853,02-03-2026 14:44,43.7
7070,3755,30-06-2026 13:45,1509.86
7071,2991,27-05-2025 12:16,381.3
7072,2059,08-11-2025 10:45,63.53
7073,626,09-02-2026 11:55,1409.65
7074,2526,26-12-2025 08:29,182.75
7075,3358,30-03-2026 16:52,351.82
7076,347,03-02-2026 03:29,67.53
7077,2608,09-02-2026 08:39,63.03
7078,625,18-05-2026 05:13,916.18
7079,4393,19-05-2026 17:42,156.3
7080,4377,26-01-2026 05:35,129.99
7081,2697,02-01-2026 08:37,11.5
7082,1013,25-10-2025 16:08,77.57
7083,1059,06-08-2026 01:56,501.53
7084,4497,23-07-2026 02:50,717.15
7085,3727,23-07-2026 22:44,681.41
7086,884,03-06-2025 11:22,573.71
7087,660,10-04-2026 21:49,229.96
7088,2555,01-03-2025 08:29,63.04
7089,2535,07-02-2026 22:10,211.21
7090,2470,29-07-2026 15:22,321.54
7091,4373,31-07-2026 13:26,86.47
7092,3212,01-09-2026 20:27,562.46
7093,266,09-02-2026 07:05,227.27
7094,2934,03-05-2026 15:47,350.24
7095,3167,12-07-2025 15:48,220.26
7096,2090,15-02-2025 08:59,283.56
7097,2405,23-05-2026 18:55,137.32
7098,492,24-07-2026 12:38,470.56
7099,4353,18-04-2026 12:00,453.99
7100,648,08-12-2025 20:52,89.37
7101,3184,30-07-2025 04:45,85.4
7102,192,25-01-2026 06:01,28.51
7103,4081,15-02-2025 11:23,99.36
7104,1056,27-02-2026 19:02,337.51
7105,711,03-03-2026 14:33,228.64
7106,1109,10-05-2025 05:56,81.35
7107,2284,08-04-2026 12:57,135.29
7108,1601,12-03-2025 19:58,530.04
7109,3232,09-11-2025 08:12,388.35
7110,3233,30-10-2025 03:43,193.07
7111,1133,05-05-2025 02:04,526.13
7112,3135,25-04-2026 05:41,1366.79
7113,445,04-01-2025 08:46,620.32
7114,1349,25-07-2026 23:12,181.36
7115,4130,31-08-2025 21:48,32.14
7116,4473,08-08-2025 19:29,427.86
7117,2814,30-10-2025 03:11,38.85
7118,3413,19-03-2025 12:09,944.2
7119,3342,12-01-2026 13:07,1018.36
7120,3307,20-05-2025 23:44,915.81
7121,1580,06-05-2026 15:03,469.98
7122,1868,27-08-2025 18:38,9.76
7123,1715,31-05-2025 22:36,637.61
7124,3093,25-09-2025 20:20,1625.12
7125,3328,14-07-2025 08:38,166.02
7126,4465,25-06-2026 12:29,906.84
7127,2527,17-05-2026 18:51,4169.22
7128,1610,01-12-2025 09:18,112.17
7129,2721,25-06-2026 02:16,1538.01
7130,3384,23-10-2025 09:14,2.43
7131,3571,06-11-2025 05:57,799.97
7132,1269,30-06-2026 18:38,137.4
7133,2152,19-04-2026 00:07,836.15
7134,1325,16-08-2026 15:17,786.32
7135,3475,22-03-2026 03:28,455.19
7136,2088,14-08-2026 11:31,95.27
7137,4029,12-03-2025 20:33,2.16
7138,1283,10-12-2025 19:51,180.2
7139,205,14-05-2025 17:29,105.18
7140,3770,18-10-2025 13:15,758.7
7141,2504,07-04-2025 23:23,57.15
7142,895,01-03-2025 18:06,78.07
7143,2774,10-01-2025 19:23,313.39
7144,843,27-09-2025 09:22,773.93
7145,3953,21-01-2025 09:23,161.08
7146,2854,06-08-2025 05:06,383.55
7147,3813,15-03-2026 16:51,97.58
7148,3824,13-06-2025 00:25,383.05
7149,223,14-04-2025 03:52,80.82
7150,4341,10-08-2026 12:22,367.67
7151,1790,02-02-2026 11:03,966.38
7152,4223,03-02-2026 13:50,28.88
7153,1166,11-01-2026 22:01,82.02
7154,3671,01-07-2026 10:33,1381.63
7155,109,13-07-2026 20:01,96.68
7156,4004,17-09-2025 00:42,378.68
7157,350,02-12-2025 20:26,585.98
7158,3795,11-09-2025 13:13,82.94
7159,1675,26-12-2025 01:15,1080.05
7160,832,25-12-2025 20:51,1020.34
7161,4407,08-04-2026 09:01,78.91
7162,115,06-11-2025 14:43,85.3
7163,3353,30-07-2025 21:08,1012.41
7164,290,07-07-2026 00:59,110.23
7165,4276,29-08-2026 22:19,146.46
7166,2262,17-05-2026 21:23,106.31
7167,934,26-06-2025 08:18,450.17
7168,4331,16-03-2025 18:24,135.09
7169,3662,28-05-2026 08:36,406.13
7170,2166,16-11-2025 12:57,894.97
7171,3821,31-01-2026 01:33,151.16
7172,3069,08-03-2025 12:46,1230.4
7173,3242,02-03-2026 20:24,658.32
7174,520,26-06-2026 23:37,63.07
7175,682,22-01-2025 12:48,167.43
7176,3455,19-12-2025 08:55,66.92
7177,3310,02-03-2025 09:53,451.29
7178,3724,27-02-2026 09:29,534.45
7179,1752,12-06-2026 23:24,50.84
7180,2416,07-09-2026 23:58,633.89
7181,1810,29-03-2025 20:52,231.02
7182,1065,22-04-2026 19:14,684.29
7183,1272,29-07-2026 02:42,305.55
7184,210,19-09-2025 15:50,594.35
7185,2831,06-12-2025 00:22,1417.69
7186,1862,22-08-2026 05:10,137.73
7187,2723,08-07-2026 13:47,20.27
7188,1759,07-09-2025 19:47,297.81
7189,3501,14-04-2026 16:56,192.06
7190,1902,28-05-2025 15:36,185.03
7191,173,23-04-2026 09:33,283.25
7192,3860,05-08-2026 05:54,3.2
7193,348,18-05-2025 22:33,20.46
7194,917,26-12-2025 18:24,41.52
7195,2039,10-01-2025 08:03,144.01
7196,1988,30-07-2026 05:54,207.57
7197,2041,01-10-2025 04:14,67.83
7198,559,18-02-2025 01:21,319.76
7199,4368,13-08-2025 16:43,701.25
7200,1845,28-03-2026 19:20,312.76
7201,3494,18-07-2025 04:38,72.68
7202,1318,27-06-2026 18:47,261.68
7203,3395,03-08-2025 06:59,21.37
7204,1942,25-04-2026 13:20,2.95
7205,2705,20-08-2025 18:17,180.7
7206,709,26-05-2026 12:05,20.36
7207,4180,19-08-2026 10:40,35.3
7208,233,18-03-2025 13:24,295.03
7209,1197,27-06-2026 02:43,897.71
7210,4276,22-09-2025 00:20,494.72
7211,3106,06-09-2026 14:36,821.73
7212,4125,13-04-2025 21:49,419.83
7213,7,01-04-2026 03:47,259.82
7214,3946,19-10-2025 17:22,318.25
7215,594,08-09-2025 02:05,635.57
7216,4520,11-08-2025 19:20,86.78
7217,3365,03-08-2025 02:39,1263.95
7218,4236,10-03-2026 03:17,64.98
7219,4341,19-07-2026 15:46,135.6
7220,3902,16-05-2025 15:45,785.07
7221,3240,18-08-2026 23:45,455.06
7222,3857,02-02-2025 21:04,714.41
7223,3953,15-10-2025 12:22,89.9
7224,4144,09-04-2025 10:14,698.3
7225,1268,19-10-2025 00:40,41.1
7226,2406,06-09-2026 07:13,1882.1
7227,4198,06-12-2025 19:59,217.44
7228,1096,09-02-2025 20:48,833.42
7229,4295,18-08-2025 10:41,773.07
7230,3758,25-05-2025 09:07,360.4
7231,1276,02-01-2025 12:45,982.57
7232,1321,14-12-2025 07:14,735.4
7233,468,27-03-2026 22:12,909.91
7234,4458,27-06-2026 18:34,422.24
7235,2017,11-11-2025 13:38,19.52
7236,1554,16-10-2025 02:34,450.34
7237,3926,17-04-2025 04:03,275.15
7238,1737,11-10-2025 03:16,87.69
7239,4244,12-07-2026 07:37,19.55
7240,2435,13-09-2026 13:17,675.02
7241,682,01-10-2025 01:50,136.09
7242,3006,15-07-2026 08:06,72.44
7243,491,14-06-2025 15:58,840.66
7244,1140,28-03-2025 18:41,195.56
7245,742,17-08-2025 16:00,1323.81
7246,4197,16-01-2026 08:24,1810.53
7247,3307,29-05-2025 13:42,520.97
7248,2927,26-03-2026 07:33,67.62
7249,816,14-02-2025 02:07,318.44
7250,1383,06-08-2025 19:21,56.37
7251,1791,02-08-2026 07:28,241.9
7252,1745,20-04-2026 10:42,147.49
7253,1929,22-12-2025 10:54,901.79
7254,1427,05-09-2026 06:45,1486.91
7255,1095,10-02-2026 10:23,104.76
7256,1952,15-02-2025 19:48,440.99
7257,1435,21-01-2025 18:00,432.88
7258,1226,13-05-2026 23:24,575.03
7259,2351,08-08-2026 12:12,201.58
7260,515,20-06-2026 02:09,3.5
7261,608,09-08-2026 18:08,344.74
7262,2961,05-09-2026 10:57,3097.56
7263,1674,07-09-2026 17:01,768.15
7264,2001,18-04-2026 19:07,793.14
7265,3200,19-08-2026 00:35,126.46
7266,1844,20-11-2025 07:27,2006.43
7267,4357,13-01-2026 01:00,938.16
7268,3128,29-10-2025 10:56,707.15
7269,2084,10-04-2025 06:16,479.18
7270,4357,20-03-2025 08:28,226.74
7271,879,14-05-2025 20:00,33.81
7272,2320,06-12-2025 04:09,144.48
7273,3310,08-12-2025 21:46,796.15
7274,1912,14-09-2026 02:35,300.69
7275,69,05-11-2025 15:40,40.89
7276,4086,19-01-2025 04:49,37.58
7277,2855,28-12-2025 10:02,106.32
7278,2280,16-05-2026 21:25,181.3
7279,3873,31-05-2025 17:53,571.8
7280,56,24-07-2025 14:37,91.16
7281,771,16-10-2025 01:23,80.35
7282,4071,31-05-2025 07:10,105.24
7283,2838,27-04-2025 22:39,1310.18
7284,2746,03-08-2025 10:19,110.55
7285,967,11-06-2026 17:30,95.59
7286,487,11-05-2026 10:33,472.04
7287,4394,22-04-2025 11:39,144.68
7288,674,14-01-2025 13:36,317.06
7289,2602,13-07-2026 11:20,925.05
7290,939,19-02-2025 22:54,37.43
7291,2490,16-11-2025 01:12,86.78
7292,16,11-03-2025 06:06,244.24
7293,51,28-03-2026 14:59,53.63
7294,4144,01-11-2025 13:01,1576.79
7295,3556,20-01-2026 05:56,171.1
7296,656,02-08-2025 13:29,39.63
7297,1676,15-03-2025 08:21,474.72
7298,2823,03-02-2025 06:19,1259.34
7299,431,14-07-2026 02:42,141.77
7300,569,13-01-2026 17:07,621.08
7301,4399,02-07-2026 23:13,39.21
7302,4241,02-05-2025 02:03,230.57
7303,2832,22-02-2026 10:20,358.64
7304,3041,15-05-2026 13:06,66.87
7305,4192,20-08-2026 19:43,266.2
7306,1710,19-07-2025 07:43,312.9
7307,2261,19-05-2025 03:51,542.6
7308,3002,20-05-2026 14:39,889.3
7309,3130,16-11-2025 07:53,52.34
7310,2546,13-02-2025 12:20,18.97
7311,4138,26-05-2025 04:03,608.01
7312,1428,28-01-2025 05:39,549.63
7313,2704,29-05-2026 11:38,196.13
7314,4197,19-10-2025 17:24,454.11
7315,2518,04-08-2025 08:41,2323.21
7316,1196,10-03-2025 08:30,89.41
7317,1805,20-01-2026 15:21,697.9
7318,4306,12-12-2025 09:18,378.36
7319,1364,15-10-2025 05:01,736.26
7320,2188,01-02-2025 09:44,734.21
7321,933,30-08-2025 12:46,497.21
7322,4167,15-09-2025 06:18,358.18
7323,4329,06-04-2025 02:54,34.53
7324,1666,18-09-2025 08:27,452.75
7325,3569,06-01-2025 06:46,298.51
7326,3278,20-12-2025 10:43,1041.83
7327,844,03-08-2025 09:28,328.11
7328,2058,18-03-2026 11:47,862.09
7329,3028,13-04-2026 14:44,87.69
7330,2986,27-05-2025 11:37,23.65
7331,2676,01-05-2025 07:43,388.35
7332,2310,05-09-2026 11:30,260.55
7333,1078,09-03-2026 11:57,21.29
7334,4414,27-05-2026 22:51,2053.18
7335,1596,20-01-2025 09:12,212.45
7336,3229,01-02-2026 18:43,227.73
7337,4089,10-03-2026 10:53,77.55
7338,2826,07-09-2025 08:53,144.86
7339,3722,10-04-2026 07:11,56.83
7340,745,09-09-2026 02:12,1293.44
7341,2278,04-07-2025 18:40,442.3
7342,4220,25-07-2025 21:08,474.54
7343,522,27-03-2026 05:27,7
7344,2349,02-02-2026 14:37,40.95
7345,4338,24-07-2026 20:01,14.86
7346,3625,23-02-2026 19:16,136.03
7347,3400,19-04-2025 23:08,41.37
7348,3580,16-07-2025 23:12,1045.49
7349,1567,18-01-2025 02:30,65.81
7350,850,06-04-2025 00:11,296.71
7351,1408,19-06-2025 18:41,190.24
7352,2296,05-02-2025 19:39,2761.02
7353,2524,28-08-2025 08:08,840.07
7354,458,24-07-2026 02:31,683.05
7355,2551,21-04-2025 03:07,2.43
7356,3988,17-04-2025 15:00,902.69
7357,3636,27-03-2026 00:54,201.76
7358,1715,02-11-2025 00:26,175.64
7359,1335,25-07-2025 11:17,1706.83
7360,356,05-05-2026 01:38,261.71
7361,2313,07-04-2025 11:09,79.66
7362,4527,30-07-2026 02:55,231.89
7363,3082,25-05-2025 22:28,59.22
7364,3256,06-05-2026 23:46,666.72
7365,3071,30-01-2026 14:06,1042.92
7366,1629,11-04-2025 20:11,444.77
7367,1678,07-05-2026 09:49,285.01
7368,979,02-08-2025 14:01,1444.56
7369,976,01-10-2025 17:52,555.36
7370,644,10-04-2025 20:55,353.27
7371,4160,31-05-2025 10:00,105.26
7372,2450,12-12-2025 16:52,165.62
7373,4410,25-04-2025 15:44,643.08
7374,3833,25-05-2026 03:27,163.46
7375,2075,27-04-2025 16:48,141.77
7376,3543,21-01-2026 03:58,547.03
7377,2522,31-08-2025 22:32,675.02
7378,1123,12-09-2026 19:41,67.84
7379,121,05-02-2026 21:34,21.85
7380,2051,07-02-2026 17:17,117.04
7381,806,08-08-2025 19:58,762.7
7382,1353,15-04-2025 01:43,636.78
7383,3140,03-08-2025 01:37,39.61
7384,1792,21-04-2026 04:39,243.4
7385,3899,23-04-2025 14:33,122.26
7386,3584,02-03-2025 23:05,12.55
7387,3034,16-06-2025 19:31,1898.77
7388,2090,13-03-2026 18:56,1008.65
7389,3869,17-06-2025 20:41,112.26
7390,4186,02-08-2025 13:11,312.86
7391,2952,22-12-2025 15:51,111.26
7392,2526,06-06-2025 03:22,612.41
7393,1736,13-09-2026 07:48,136.15
7394,733,26-04-2025 19:06,1264.45
7395,1776,13-09-2026 12:46,157.33
7396,2980,06-07-2026 10:51,1054.11
7397,2355,14-04-2026 04:03,324.05
7398,3259,11-09-2025 15:02,656.87
7399,2694,05-07-2026 09:21,194.17
7400,424,06-07-2025 16:52,58.08
7401,1442,20-06-2026 01:06,704.52
7402,1108,12-08-2025 13:09,21.29
7403,576,02-07-2026 06:36,58.08
7404,652,31-01-2026 12:29,195.2
7405,583,05-12-2025 06:54,21.85
7406,2979,11-08-2026 01:10,404.89
7407,1847,08-07-2026 22:38,983.94
7408,1963,02-09-2025 17:25,354.44
7409,2137,29-07-2026 14:25,297.27
7410,3296,18-03-2025 20:44,729.66
7411,3769,18-07-2025 11:24,354.81
7412,1598,05-06-2026 23:06,160.37
7413,401,01-06-2025 15:33,84.15
7414,748,08-06-2025 16:00,445.12
7415,2049,13-10-2025 15:10,801.34
7416,590,23-06-2025 16:17,58.98
7417,2451,29-08-2025 01:09,612.17
7418,2600,07-08-2026 13:46,33.06
7419,276,17-05-2025 10:05,417.91
7420,1231,04-11-2025 01:02,138.52
7421,1615,28-10-2025 11:15,85.24
7422,3171,24-10-2025 21:15,373.9
7423,3191,24-05-2025 07:22,841.78
7424,1054,11-09-2025 08:52,521.77
7425,2395,03-10-2025 11:56,1271.09
7426,1788,30-01-2026 18:08,59.46
7427,4056,19-06-2025 11:30,58.08
7428,1064,12-08-2025 02:09,444.68
7429,570,29-05-2025 00:44,104.22
7430,1113,04-05-2025 23:13,798.62
7431,3868,01-07-2025 02:59,65.73
7432,4398,12-07-2026 20:16,68.85
7433,4525,27-08-2025 23:41,645.75
7434,2005,13-08-2026 20:57,67.56
7435,3213,03-12-2025 18:03,431.66
7436,2291,07-06-2026 17:02,170.8
7437,2086,11-06-2025 21:05,104.79
7438,644,14-07-2025 10:31,319.17
7439,1020,11-01-2025 14:04,14.57
7440,15,09-12-2025 01:35,46.07
7441,1094,06-02-2025 18:28,119.86
7442,331,14-12-2025 06:26,1004.47
7443,3170,14-01-2026 23:34,362.28
7444,1704,08-12-2025 13:39,796.78
7445,3441,04-04-2026 22:34,255.74
7446,3380,14-11-2025 10:15,145.47
7447,2134,06-03-2025 23:12,18.79
7448,2542,04-02-2026 22:44,115.66
7449,2397,21-05-2026 15:22,11.19
7450,3980,28-04-2026 19:41,199.82
7451,3568,14-08-2025 05:05,793.96
7452,1554,13-01-2025 22:03,209.27
7453,1971,11-08-2025 07:46,660.11
7454,2985,14-05-2025 03:28,1785.55
7455,4375,21-06-2025 13:53,944.89
7456,2401,23-02-2026 09:18,260.15
7457,2990,13-04-2026 19:22,6.21
7458,181,22-12-2025 06:50,51.31
7459,1910,21-11-2025 01:14,21.85
7460,1552,30-06-2025 05:27,58.08
7461,4241,11-04-2025 02:43,84.49
7462,132,25-01-2025 01:31,129.71
7463,2376,02-05-2026 03:03,456.58
7464,1468,11-08-2025 20:08,337.23
7465,2976,05-01-2026 17:11,125.83
7466,3709,05-09-2026 03:48,713.55
7467,2529,07-03-2025 11:45,266.18
7468,4130,01-07-2026 04:43,530.49
7469,2443,12-11-2025 14:59,1019.67
7470,1376,07-06-2026 01:37,574.4
7471,2586,24-02-2025 01:20,1241.03
7472,1982,03-05-2025 13:42,44.73
7473,571,29-01-2025 23:05,115.67
7474,1379,17-09-2025 07:40,959.25
7475,3633,19-05-2026 03:22,91.74
7476,2114,30-06-2025 13:46,756.12
7477,1404,14-11-2025 06:20,572.33
7478,2932,12-01-2026 09:10,555.07
7479,2332,11-11-2025 19:56,127.31
7480,3143,08-05-2025 15:59,643.99
7481,3875,27-05-2026 03:49,1149.02
7482,3490,11-04-2025 18:47,2919.36
7483,460,21-01-2025 22:16,217.56
7484,688,12-04-2026 00:21,23.05
7485,2054,26-07-2026 20:03,568.85
7486,4065,22-10-2025 14:16,197.48
7487,756,30-10-2025 06:49,21.29
7488,1742,14-04-2026 11:57,1396.6
7489,3488,08-01-2025 05:53,1216.33
7490,374,08-06-2025 11:38,142.16
7491,2294,05-02-2025 19:24,78.8
7492,775,14-03-2026 19:30,206.11
7493,784,25-05-2025 16:54,713.65
7494,116,05-09-2025 00:24,1403.61
7495,1032,31-08-2025 05:06,1286.81
7496,508,04-08-2025 13:38,46.48
7497,480,25-04-2025 12:58,95.78
7498,1243,09-12-2025 20:20,294.58
7499,3899,02-04-2025 20:04,20.95
7500,1798,12-10-2025 13:42,1387.38
7501,1215,29-06-2025 03:17,549.75
7502,712,11-03-2026 18:39,375.45
7503,946,02-03-2026 06:48,98.04
7504,4416,25-12-2025 21:20,87.56
7505,3121,06-04-2026 20:04,85.24
7506,2812,21-02-2025 17:23,221.93
7507,2243,15-04-2026 22:56,800.15
7508,3162,06-09-2026 01:04,837.8
7509,2770,07-09-2026 10:21,73.32
7510,1271,14-09-2026 20:10,731.14
7511,1164,18-08-2026 15:01,550.44
7512,3728,06-05-2026 02:26,174.55
7513,4386,17-05-2026 19:36,143.58
7514,3790,18-07-2025 03:41,182.97
7515,2898,03-01-2026 05:43,88.01
7516,1707,26-01-2025 13:58,661.98
7517,1628,17-05-2025 07:31,268.86
7518,932,12-04-2025 09:42,117.73
7519,429,06-09-2026 21:38,116.84
7520,893,05-10-2025 02:44,365.6
7521,502,16-06-2025 19:33,870.58
7522,717,20-10-2025 03:08,28.55
7523,450,17-03-2026 03:46,290.22
7524,1717,28-07-2026 23:50,491.26
7525,1252,19-10-2025 13:25,238.71
7526,601,24-10-2025 12:48,33.86
7527,3135,19-07-2026 01:57,1417.92
7528,3385,03-01-2026 09:18,1478.33
7529,3070,02-04-2025 15:43,606.33
7530,4304,24-03-2026 18:08,578.21
7531,1714,26-03-2026 23:28,5415.07
7532,1953,16-03-2025 07:52,1062.4
7533,3669,19-07-2025 18:05,270.24
7534,3000,21-11-2025 21:39,2849.94
7535,964,19-08-2025 07:01,47.87
7536,2427,01-07-2026 11:35,718.47
7537,1914,03-03-2026 23:41,18.97
7538,2438,21-04-2026 14:48,83.82
7539,1802,10-01-2025 21:40,798.17
7540,435,22-02-2025 02:59,128.7
7541,1738,14-08-2026 21:53,101.83
7542,2084,24-04-2025 00:52,98.96
7543,4474,27-07-2026 15:48,361.07
7544,678,24-08-2025 06:11,224.1
7545,3759,28-02-2025 01:01,151.81
7546,2554,15-05-2026 00:59,85.6
7547,1760,19-08-2026 10:09,45.81
7548,3414,04-11-2025 17:32,1522.61
7549,829,15-07-2025 04:35,34.9
7550,1107,09-06-2025 12:53,132.06
7551,2335,24-03-2026 07:28,866.23
7552,2779,07-08-2025 18:01,223.83
7553,3230,17-07-2025 13:00,32
7554,889,01-08-2026 16:37,115.56
7555,49,22-04-2026 01:40,1588.45
7556,4327,20-10-2025 08:12,76.81
7557,2911,26-10-2025 17:53,386.45
7558,2278,22-06-2026 21:21,26.1
7559,3284,26-09-2025 07:26,37.96
7560,834,09-09-2025 11:29,170.31
7561,1671,13-01-2026 08:24,1369.42
7562,4247,01-11-2025 07:46,572.75
7563,1599,27-09-2025 11:42,101.68
7564,4281,20-07-2025 01:52,101.44
7565,1757,25-01-2025 01:05,207.42
7566,3821,04-04-2025 22:33,422.02
7567,2074,07-02-2025 17:44,2009.87
7568,2312,26-07-2025 13:46,196.92
7569,3265,24-04-2025 09:20,33.81
7570,918,14-12-2025 23:01,390.42
7571,1669,03-02-2026 11:05,58.65
7572,309,13-03-2026 14:31,37.58
7573,3228,03-09-2026 19:26,203.86
7574,3616,19-07-2025 11:13,392.12
7575,2405,17-07-2025 19:43,15.76
7576,3356,24-06-2026 13:24,42.58
7577,624,21-05-2025 00:41,364.11
7578,1778,20-08-2025 21:38,108.6
7579,1928,11-07-2025 15:56,114.4
7580,2368,23-01-2025 02:23,17.76
7581,2674,26-05-2025 20:40,205.3
7582,2179,31-03-2026 06:07,1604.24
7583,2657,22-02-2025 01:01,785.37
7584,2516,08-05-2025 06:41,67.56
7585,4353,10-08-2025 00:53,152.42
7586,3716,20-07-2026 03:57,476.32
7587,3023,29-10-2025 19:01,372.61
7588,135,01-07-2026 03:21,505.38
7589,1329,12-04-2025 17:08,353.64
7590,418,22-10-2025 09:07,340.46
7591,1570,20-12-2025 03:08,424.37
7592,2613,02-10-2025 16:26,465.54
7593,1718,30-05-2026 03:17,1271.26
7594,1318,04-06-2025 15:09,67.24
7595,4486,17-11-2025 14:51,32.14
7596,3816,02-06-2025 09:27,531.42
7597,3307,01-12-2025 22:54,407.23
7598,526,09-07-2025 17:41,3163.54
7599,3000,16-11-2025 21:50,2048.36
7600,538,27-06-2026 05:03,64.23
7601,2877,26-10-2025 21:35,2844.02
7602,712,31-07-2025 04:34,215.62
7603,3989,07-09-2025 07:38,199.02
7604,3322,09-02-2026 05:08,171.78
7605,1467,27-02-2026 23:55,43.45
7606,1005,07-01-2025 02:22,126.34
7607,2162,17-08-2026 09:27,280.85
7608,2168,14-02-2025 17:48,56.83
7609,3841,29-06-2026 02:14,109.11
7610,3989,31-03-2025 03:48,361.75
7611,2875,12-06-2026 09:56,75.9
7612,8,30-09-2025 22:14,224.06
7613,1760,29-09-2025 20:22,478
7614,2246,12-08-2026 13:41,92.24
7615,3012,29-03-2026 09:55,152.36
7616,384,06-05-2026 21:10,152.6
7617,1668,17-07-2025 10:19,706.84
7618,1992,06-11-2025 18:59,396.6
7619,4476,15-08-2026 07:56,187.84
7620,2938,26-09-2025 16:44,62.47
7621,1385,28-04-2025 07:26,160.37
7622,2531,29-03-2025 17:40,267.28
7623,2039,07-09-2025 20:22,131.23
7624,4417,01-09-2026 17:34,181.19
7625,3464,01-08-2025 03:37,12.26
7626,1179,09-03-2025 19:22,889.53
7627,2673,23-01-2025 06:19,45.41
7628,1066,17-01-2025 18:07,424.86
7629,1551,05-09-2025 13:16,308.04
7630,3177,09-01-2026 04:21,1416.58
7631,1317,13-01-2026 09:42,306.81
7632,2312,09-08-2026 17:17,918.66
7633,1526,18-05-2025 08:42,957.82
7634,1379,26-04-2026 02:36,990.96
7635,3307,17-06-2026 11:23,256.06
7636,1541,16-12-2025 23:10,172.58
7637,527,26-02-2026 12:21,803.66
7638,1416,15-08-2025 16:53,331.92
7639,1581,19-09-2025 07:19,279.52
7640,1064,21-05-2026 20:16,806.92
7641,889,03-04-2026 10:17,43.6
7642,3785,05-02-2025 15:50,60.78
7643,2629,01-02-2025 06:53,713.19
7644,396,16-06-2025 14:17,741.13
7645,4213,24-01-2025 19:29,201.37
7646,3171,23-01-2025 01:09,406.93
7647,3972,25-10-2025 03:03,2998.84
7648,3301,23-11-2025 06:24,829.31
7649,1373,27-10-2025 11:55,58.08
7650,2650,08-08-2026 15:08,94.65
7651,3890,18-06-2025 15:58,351.75
7652,1048,14-09-2025 09:27,9.4
7653,3518,20-06-2025 20:30,199.4
7654,1061,20-06-2025 09:12,858.31
7655,3098,22-04-2025 20:45,139.45
7656,678,12-08-2026 08:16,1222.9
7657,1090,04-09-2025 11:33,451.41
7658,2880,22-02-2025 23:42,199.6
7659,2224,25-02-2026 09:05,191.08
7660,1216,26-06-2025 12:19,651.26
7661,2705,29-03-2025 11:39,375.21
7662,486,13-10-2025 12:40,3345.47
7663,3388,29-01-2025 08:59,992.73
7664,3613,23-05-2025 02:26,740.37
7665,1108,24-05-2025 03:37,3.5
7666,1839,19-05-2025 11:52,499.06
7667,2771,28-11-2025 09:50,9.95
7668,2427,20-04-2026 14:23,548.41
7669,1531,04-10-2025 19:26,723.26
7670,274,12-08-2026 21:18,170.8
7671,500,05-04-2025 17:03,384.12
7672,2151,22-06-2026 09:57,620.06
7673,1857,26-08-2026 08:24,176.91
7674,1843,06-02-2025 19:41,245.61
7675,4365,15-08-2026 14:52,579.66
7676,2503,15-11-2025 03:53,339.81
7677,3435,16-02-2026 17:39,709.57
7678,4138,15-09-2025 07:27,1151.4
7679,4331,04-12-2025 03:46,339.94
7680,488,29-11-2025 01:04,18.79
7681,801,25-02-2026 18:43,616.67
7682,2885,09-03-2025 18:29,447.37
7683,2862,25-06-2026 02:13,1010.05
7684,3576,22-08-2025 23:48,59.31
7685,1463,07-01-2026 23:59,1399.57
7686,1098,04-07-2025 11:24,105.38
7687,2758,10-04-2025 14:34,375.66
7688,3845,05-01-2025 05:49,291.29
7689,4187,29-07-2025 13:40,702.7
7690,2906,09-01-2025 19:38,427.84
7691,783,01-08-2026 01:56,250.04
7692,209,04-04-2026 21:25,152.6
7693,3930,16-10-2025 10:03,884.07
7694,683,12-03-2025 14:58,40.68
7695,3846,29-07-2026 05:15,414.26
7696,988,03-02-2025 03:34,1475.94
7697,3360,22-06-2026 19:04,1079.96
7698,2298,13-04-2025 04:47,142.92
7699,662,11-03-2025 14:07,968.7
7700,4329,05-11-2025 07:37,29.26
7701,271,07-08-2026 20:44,937.73
7702,402,28-09-2025 10:49,193.89
7703,600,11-08-2026 05:50,13.05
7704,998,09-03-2025 06:03,582.93
7705,3486,13-12-2025 17:17,631.78
7706,246,22-09-2025 02:32,330.46
7707,3432,08-09-2025 10:27,337.6
7708,1727,27-08-2026 18:55,28.59
7709,3829,09-01-2026 04:25,383.58
7710,2515,08-05-2025 01:08,75.22
7711,364,15-03-2025 09:56,85.24
7712,3843,19-07-2026 09:17,581.62
7713,148,05-11-2025 15:50,558.06
7714,26,16-10-2025 00:17,164.38
7715,383,18-04-2025 10:34,822.48
7716,1090,08-10-2025 19:57,1412.93
7717,1010,03-02-2025 01:41,1368.99
7718,1838,15-04-2025 02:33,223.51
7719,3658,13-05-2026 04:50,2355.65
7720,2386,03-10-2025 13:35,740.11
7721,2272,25-02-2026 06:32,2669.7
7722,835,26-07-2025 13:36,213.93
7723,3191,17-04-2026 20:50,30.63
7724,2074,03-12-2025 08:08,164.65
7725,4089,26-08-2026 09:03,86.86
7726,4326,03-01-2025 19:35,209.83
7727,2586,28-05-2026 22:29,62.5
7728,1372,01-05-2026 18:21,397.85
7729,3084,14-08-2026 14:39,62.73
7730,4427,13-02-2026 07:56,311.39
7731,2412,18-02-2025 00:27,432.22
7732,4105,29-04-2026 05:04,243.41
7733,3416,20-07-2026 17:39,85.08
7734,2858,18-01-2025 07:58,521.46
7735,2667,07-01-2026 15:53,40.11
7736,3603,13-12-2025 01:04,89.46
7737,360,01-05-2025 21:26,1559.4
7738,2192,11-12-2025 20:21,330.77
7739,1064,09-12-2025 04:52,560.58
7740,4266,07-02-2026 10:45,457.22
7741,967,31-10-2025 17:58,222.44
7742,2737,14-06-2025 13:42,711.05
7743,1334,14-07-2026 17:15,60.65
7744,1406,28-12-2025 08:31,325.43
7745,4236,17-01-2026 06:51,310.22
7746,2362,08-06-2026 12:55,344.94
7747,2403,27-12-2025 07:10,1392.44
7748,1632,08-05-2025 05:25,160.37
7749,71,20-06-2025 10:37,1986.27
7750,1962,02-06-2025 14:06,210.94
7751,4412,27-01-2026 00:32,129.72
7752,300,03-04-2025 12:03,161.47
7753,315,17-03-2026 05:17,397.3
7754,1617,14-05-2026 10:56,180.67
7755,3597,02-02-2025 19:49,75.58
7756,3982,04-01-2026 05:34,140.71
7757,3324,15-09-2025 17:17,346.31
7758,3206,29-09-2025 16:50,164.69
7759,2942,10-01-2025 17:08,196.37
7760,4138,02-05-2025 17:34,201.26
7761,1159,11-06-2025 13:37,312.66
7762,2260,30-07-2025 12:22,2227.17
7763,3176,12-04-2025 14:51,152.8
7764,3260,26-07-2025 05:35,326.42
7765,617,23-01-2026 21:54,113.98
7766,2777,19-10-2025 17:12,1204.23
7767,1962,09-04-2026 16:59,282.37
7768,535,18-02-2026 00:33,49.94
7769,4181,24-01-2025 16:51,147.53
7770,4448,26-06-2026 08:59,111.5
7771,672,26-06-2026 23:10,19.58
7772,2315,06-09-2026 03:03,12.26
7773,1752,19-11-2025 19:01,88.8
7774,1589,24-11-2025 05:59,38.31
7775,557,02-11-2025 10:53,535.95
7776,2032,16-01-2026 01:21,357.49
7777,4101,28-09-2025 08:06,131.23
7778,2238,11-10-2025 01:59,146.82
7779,3212,04-07-2026 02:07,29.62
7780,4157,22-02-2026 11:23,197.27
7781,810,18-08-2026 23:44,789.74
7782,1378,31-03-2025 21:45,828.96
7783,918,07-12-2025 12:09,3.77
7784,678,26-08-2026 17:56,676.24
7785,3775,31-03-2026 00:29,683.39
7786,2806,23-01-2025 10:25,382.73
7787,2927,15-05-2025 22:23,24.05
7788,3241,31-10-2025 15:31,144.33
7789,3501,14-02-2025 02:39,778.78
7790,1184,10-09-2025 09:06,201.26
7791,4087,07-11-2025 23:16,1275.38
7792,55,07-05-2025 13:39,102.81
7793,1047,28-06-2025 15:51,190.8
7794,1033,04-05-2025 19:02,21.25
7795,487,21-08-2026 13:45,195.43
7796,1322,13-05-2025 11:16,736.86
7797,1672,22-03-2025 23:35,199.82
7798,2564,15-02-2026 16:10,470.16
7799,2611,27-06-2025 03:18,340.36
7800,117,05-05-2026 02:17,341.28
7801,3953,16-08-2025 14:37,186.91
7802,1961,29-04-2025 08:01,14.86
7803,264,04-02-2025 02:23,98.58
7804,29,26-04-2025 05:20,414.23
7805,1485,03-03-2026 09:56,902.76
7806,909,16-11-2025 13:35,249.9
7807,4188,15-07-2026 04:21,251.25
7808,2322,05-06-2025 09:23,1124.54
7809,1230,26-07-2026 14:38,779.28
7810,1953,22-02-2026 03:43,255.72
7811,2098,13-03-2026 13:15,50.96
7812,1654,29-03-2026 13:04,337.51
7813,3101,15-05-2026 09:46,66.67
7814,4481,21-07-2025 09:28,136.27
7815,2893,29-01-2026 10:12,19.36
7816,1090,23-02-2025 14:08,799.01
7817,1456,23-04-2025 01:49,204.06
7818,4019,20-08-2025 09:39,160.52
7819,2542,13-03-2025 11:19,1268.34
7820,3195,16-07-2026 17:07,341.55
7821,155,05-11-2025 13:18,954.96
7822,3299,07-12-2025 03:17,440.75
7823,2558,21-06-2026 12:05,154.67
7824,3794,03-01-2025 00:45,1638.04
7825,2758,18-05-2026 04:48,114.85
7826,4079,28-03-2025 09:44,571.11
7827,4462,02-02-2026 00:56,260.73
7828,1402,22-07-2026 20:50,85.4
7829,403,23-05-2026 19:46,367.35
7830,753,06-09-2025 20:44,2691.49
7831,3798,16-05-2026 23:26,183.1
7832,471,17-03-2026 15:59,1062.61
7833,1228,04-06-2026 01:35,511.07
7834,3179,15-12-2025 04:58,47.97
7835,1299,04-04-2025 15:26,226.53
7836,2904,04-06-2026 16:15,59.9
7837,1827,17-08-2025 01:32,597.55
7838,1180,09-04-2026 20:22,45.41
7839,2346,05-08-2025 16:30,24.92
7840,80,15-07-2025 22:10,103.95
7841,303,07-12-2025 04:16,76.87
7842,3793,25-10-2025 05:51,180.14
7843,4417,02-07-2026 04:07,265.48
7844,2038,21-08-2025 10:07,8.65
7845,2438,31-03-2025 21:13,301.75
7846,3029,14-07-2026 08:04,374.32
7847,1190,12-07-2026 12:33,291.82
7848,1817,15-03-2025 11:10,851.68
7849,1832,04-04-2026 17:40,595.01
7850,489,27-08-2025 21:19,7
7851,1432,24-06-2025 07:03,73.76
7852,3334,26-04-2025 17:50,113.49
7853,896,21-02-2025 03:52,703.8
7854,1588,22-03-2026 23:54,18.79
7855,4249,04-07-2026 18:24,808.28
7856,581,20-06-2026 15:32,33.81
7857,1562,29-10-2025 23:55,455.82
7858,531,03-02-2025 04:29,213.2
7859,2512,26-11-2025 06:00,43.39
7860,835,14-03-2025 19:20,76.04
7861,1267,28-07-2026 12:50,462.18
7862,3986,27-07-2026 16:31,242.5
7863,3834,18-03-2025 18:58,170.13
7864,3800,12-01-2025 03:45,70.38
7865,3226,19-08-2025 17:16,191.39
7866,4320,25-06-2026 15:02,459.67
7867,2583,11-06-2026 06:51,1304.98
7868,1978,01-08-2025 01:27,27.62
7869,4235,17-07-2025 20:54,139.23
7870,3857,18-05-2025 15:45,97.49
7871,2503,09-11-2025 08:06,40.98
7872,2810,05-08-2026 15:50,220.76
7873,2071,30-03-2026 15:27,197.64
7874,4031,09-03-2025 09:51,450.07
7875,3873,12-04-2026 16:39,167.04
7876,4254,28-06-2025 04:25,556.72
7877,16,10-03-2026 19:18,384.12
7878,56,28-03-2026 16:20,173.48
7879,2612,24-04-2026 13:35,902.44
7880,4344,02-12-2025 15:19,529.97
7881,2130,23-08-2026 15:35,2725.6
7882,2608,31-03-2026 12:58,11.19
7883,2830,24-08-2026 12:50,406.53
7884,4391,05-03-2026 17:52,97.73
7885,589,10-07-2026 19:05,1368
7886,2075,23-03-2026 04:46,108.92
7887,1236,09-09-2025 22:57,907.21
7888,3640,13-07-2025 11:13,749.14
7889,2157,04-09-2025 06:47,103.46
7890,3354,22-06-2026 08:26,183.48
7891,4027,04-10-2025 18:49,451.13
7892,3737,24-12-2025 02:52,1961.81
7893,4366,25-01-2025 13:36,478.29
7894,977,21-05-2025 22:39,363.54
7895,3308,11-09-2026 22:07,251.09
7896,2641,03-02-2026 19:59,714.66
7897,144,26-12-2025 20:34,549.54
7898,1823,02-05-2026 21:01,1168.2
7899,3385,08-06-2026 00:31,1730.35
7900,2762,03-03-2025 08:07,481.11
7901,1972,03-01-2026 04:41,378.3
7902,2425,08-04-2025 21:51,188.92
7903,1732,04-09-2025 06:07,216.22
7904,4157,08-06-2026 01:59,564.81
7905,2514,05-04-2025 07:55,1349.48
7906,1748,15-05-2025 00:11,677.55
7907,139,01-12-2025 19:19,106.88
7908,3425,18-04-2026 23:49,1236.8
7909,441,06-03-2026 08:32,78.19
7910,4120,15-01-2025 06:52,389.38
7911,1782,06-12-2025 07:47,46.18
7912,573,14-05-2026 00:24,5.93
7913,3903,29-06-2026 13:52,59.69
7914,3613,18-05-2026 20:16,599.75
7915,3753,15-08-2025 02:23,101.21
7916,1691,10-01-2025 05:49,870.75
7917,2711,11-11-2025 09:22,170.42
7918,866,20-01-2026 23:09,789.52
7919,124,25-01-2026 11:03,388.35
7920,2050,22-01-2025 10:05,160.37
7921,2751,28-02-2025 06:46,272.49
7922,4186,09-01-2025 20:36,45.41
7923,1238,10-09-2025 23:51,50.84
7924,1899,07-02-2026 16:49,202.5
7925,3543,15-02-2026 16:23,38.15
7926,3041,25-06-2026 03:48,699.19
7927,3240,31-07-2025 05:50,339.67
7928,707,29-03-2026 21:48,11.19
7929,2436,06-02-2026 12:38,1614.36
7930,1682,17-05-2025 08:28,323.76
7931,2204,19-04-2026 11:49,1158.61
7932,5,26-01-2026 11:51,76.98
7933,2739,19-05-2025 06:34,877.98
7934,3842,20-03-2025 20:29,65.5
7935,1230,18-04-2026 09:54,162.69
7936,4184,05-11-2025 13:34,27.99
7937,3392,22-05-2026 07:48,539.51
7938,3507,25-04-2026 02:03,1387.09
7939,208,23-06-2026 14:13,58.28
7940,586,21-05-2025 10:47,50.84
7941,990,21-06-2025 20:01,501.38
7942,747,21-11-2025 13:49,73.77
7943,3633,28-05-2026 04:09,38.31
7944,1919,21-07-2026 05:40,41.47
7945,2113,19-11-2025 19:19,867.29
7946,3619,17-03-2026 23:24,762.06
7947,1061,06-04-2026 18:00,264.51
7948,2707,21-11-2025 18:27,38.15
7949,111,03-05-2025 00:00,164.33
7950,4206,05-04-2026 07:32,3.5
7951,577,30-04-2025 18:18,245.2
7952,3016,26-11-2025 14:13,38.88
7953,175,15-03-2026 06:06,245.06
7954,4267,28-03-2025 03:52,505.64
7955,3798,07-09-2025 11:29,544.07
7956,602,23-07-2026 03:23,553.31
7957,1849,20-06-2026 07:48,451.91
7958,65,09-08-2025 08:24,1427.25
7959,2927,04-07-2026 10:49,261.47
7960,3339,30-12-2025 19:48,250.04
7961,2707,31-08-2026 04:05,707.68
7962,1316,18-12-2025 23:50,250.04
7963,529,09-03-2026 13:35,471.66
7964,627,24-06-2026 14:15,62.18
7965,259,01-08-2025 13:51,1244.6
7966,1143,17-03-2026 12:53,582.45
7967,1153,12-10-2025 07:09,337.51
7968,3078,27-06-2025 05:21,232.99
7969,1746,14-07-2025 02:44,337.51
7970,2395,10-01-2026 06:34,742.85
7971,3047,02-07-2025 12:30,205.93
7972,221,23-09-2025 07:31,236.9
7973,4099,15-04-2025 09:07,1025.93
7974,4262,15-09-2025 13:51,1236.54
7975,1481,21-04-2026 09:01,76.91
7976,3027,11-04-2026 03:25,348.7
7977,131,05-07-2025 17:31,4143.05
7978,3339,08-08-2025 13:32,40.72
7979,2196,01-03-2026 18:29,81.89
7980,3652,27-10-2025 07:07,2606.66
7981,602,12-09-2025 03:02,1822.03
7982,3408,01-07-2025 10:39,186.77
7983,4423,17-03-2026 02:13,6.45
7984,1360,08-03-2025 04:49,422.51
7985,2160,11-07-2025 09:16,32.53
7986,2521,05-11-2025 00:48,1387.37
7987,1360,18-10-2025 04:42,138.07
7988,2598,15-01-2025 11:16,43.01
7989,1234,09-04-2026 11:50,108.32
7990,3314,17-04-2025 00:43,315.69
7991,214,11-04-2025 18:56,576.18
7992,2121,09-03-2026 13:23,3.2
7993,1314,12-08-2026 16:03,984.28
7994,2031,11-04-2025 15:52,56.74
7995,4217,26-01-2025 04:49,438.33
7996,1120,13-10-2025 04:27,476.9
7997,3649,23-10-2025 18:06,72.99
7998,2775,22-08-2026 23:46,121.31
7999,2814,13-04-2025 13:31,100.16
8000,2158,14-06-2025 06:14,71.68
8001,1287,28-07-2025 16:24,4272.77
8002,200,30-11-2025 10:39,310.4
8003,1750,12-04-2026 13:45,132.43
8004,3657,06-01-2025 15:52,48.7
8005,3671,18-05-2026 00:35,1852.08
8006,2026,16-08-2025 20:13,1094.95
8007,1344,07-09-2026 19:23,19.02
8008,529,18-01-2026 18:23,94.88
8009,4081,13-03-2026 18:04,88.93
8010,3323,20-02-2025 11:51,659.8
8011,3008,29-04-2026 13:33,889.33
8012,3155,16-04-2026 21:34,445.95
8013,2391,15-06-2025 14:20,89.97
8014,943,18-08-2025 19:39,275.59
8015,384,03-09-2026 12:13,598.67
8016,809,19-12-2025 13:38,211.21
8017,1291,30-09-2025 15:23,1090.55
8018,706,17-02-2025 06:51,235.22
8019,3293,28-05-2026 04:00,124.93
8020,2175,20-04-2026 20:22,195.79
8021,3469,09-04-2025 03:53,339.3
8022,208,15-11-2025 13:57,1000.83
8023,2342,06-07-2025 20:33,798.26
8024,2262,27-01-2025 03:42,367.84
8025,3201,20-01-2026 14:19,486.93
8026,1462,29-06-2025 19:03,97.18
8027,2958,15-12-2025 00:08,279.98
8028,4136,11-08-2026 01:41,879.66
8029,273,03-06-2026 20:21,185.01
8030,1175,19-09-2025 17:09,457.07
8031,3248,25-01-2026 08:34,359.88
8032,511,04-10-2025 07:25,12.03
8033,3599,01-05-2026 20:52,111.5
8034,852,13-03-2025 03:39,438.25
8035,1418,28-01-2026 09:18,798.21
8036,1276,08-03-2026 00:07,182.54
8037,4356,10-01-2025 02:51,201.45
8038,3185,21-08-2025 18:11,50.68
8039,1045,08-02-2025 11:01,150.56
8040,1673,18-05-2025 02:32,371.69
8041,4197,11-04-2025 06:17,1564.71
8042,4074,08-03-2026 20:11,413.72
8043,3349,22-01-2026 05:32,500.29
8044,3473,21-04-2026 10:11,255.94
8045,3802,22-05-2026 13:24,455.01
8046,3729,06-05-2025 03:25,85.6
8047,1512,24-07-2025 10:29,85.6
8048,4222,20-04-2025 08:29,101.23
8049,1406,08-12-2025 21:50,868.2
8050,1650,27-06-2025 12:06,228.23
8051,244,05-07-2026 16:39,247.15
8052,1318,22-01-2025 12:18,115.54
8053,528,18-02-2025 23:40,5.9
8054,4167,16-12-2025 17:31,2806.98
8055,2640,30-05-2025 15:26,488.63
8056,3019,11-12-2025 06:36,586.4
8057,4308,12-01-2026 15:20,571.37
8058,3583,19-03-2025 01:37,1045.62
8059,2054,14-04-2025 16:22,481.31
8060,2260,20-03-2025 08:23,722.74
8061,1648,27-07-2025 12:28,355.78
8062,1160,17-03-2025 08:14,109.76
8063,4325,25-08-2025 22:27,659.27
8064,4101,14-08-2026 23:30,217.64
8065,2693,25-07-2026 09:38,546.1
8066,1021,13-04-2025 03:02,812.26
8067,126,24-09-2025 23:15,445.7
8068,1141,19-04-2025 23:02,2.43
8069,3241,16-01-2025 13:40,656.2
8070,4379,27-09-2025 15:55,257.4
8071,63,25-02-2025 15:11,927.12
8072,2252,02-09-2026 05:30,133.95
8073,1027,14-07-2025 18:17,332.8
8074,1699,03-03-2025 07:37,528.09
8075,420,21-02-2026 23:03,721.23
8076,567,17-06-2025 00:19,697.32
8077,977,22-06-2026 19:57,1832.6
8078,3257,17-04-2026 06:07,562.49
8079,4325,18-05-2026 04:24,103.15
8080,165,17-07-2026 06:54,814.59
8081,1579,30-11-2025 06:11,769.43
8082,2947,02-12-2025 23:28,274.92
8083,1324,17-02-2025 12:25,8.65
8084,1074,21-02-2026 20:52,1205.74
8085,1788,07-08-2026 01:03,142.17
8086,1733,25-05-2025 07:47,977.43
8087,387,29-03-2025 09:20,607.72
8088,645,22-11-2025 23:21,144.46
8089,3944,07-04-2026 10:51,336.14
8090,2641,15-05-2026 11:09,337.51
8091,733,23-06-2026 10:19,19.55
8092,1574,08-10-2025 10:44,400.19
8093,2997,05-06-2025 09:48,974.48
8094,2953,12-10-2025 08:28,246.78
8095,3439,29-09-2025 06:56,354.05
8096,2480,26-09-2025 16:22,156.81
8097,1970,05-11-2025 18:36,352.14
8098,8,29-03-2026 07:13,162.39
8099,2955,10-10-2025 23:29,461.55
8100,1605,12-01-2026 03:01,2199.32
8101,2923,25-01-2026 12:01,34.62
8102,1703,02-06-2026 10:37,411.29
8103,3509,17-03-2026 21:06,434.09
8104,3596,17-03-2025 07:21,215.69
8105,3452,04-01-2025 00:51,151.49
8106,3412,03-08-2026 23:33,386.56
8107,1012,31-08-2026 10:36,111.86
8108,779,03-09-2025 23:51,265.79
8109,1692,23-04-2026 16:39,119.4
8110,2088,28-09-2025 05:41,128.04
8111,1477,08-04-2026 11:00,783.54
8112,3740,15-11-2025 19:25,967.95
8113,3668,23-04-2025 20:12,792.39
8114,1869,03-12-2025 19:09,653.83
8115,1373,16-09-2025 05:36,144.97
8116,428,22-01-2025 14:13,262.66
8117,524,23-02-2026 14:19,917.07
8118,4477,01-05-2026 07:58,572.04
8119,319,15-10-2025 23:56,38.31
8120,2890,12-08-2025 07:01,175.93
8121,4086,20-04-2025 18:27,467.43
8122,1508,22-01-2026 13:42,972.62
8123,1528,12-08-2026 19:58,281.51
8124,3142,07-05-2026 07:57,145.27
8125,2220,27-05-2025 05:59,38.31
8126,179,24-10-2025 20:45,80.52
8127,1513,24-05-2026 19:05,337.51
8128,1950,08-02-2026 05:29,337.51
8129,2410,03-02-2026 20:49,97.95
8130,3410,01-06-2025 12:33,373.38
8131,313,29-03-2025 13:31,252.22
8132,1538,28-03-2026 07:29,1485.74
8133,3088,23-02-2025 20:12,323.2
8134,350,14-08-2025 20:20,94.03
8135,951,20-03-2025 18:03,829.62
8136,795,30-04-2026 08:41,115.1
8137,2177,08-08-2026 09:12,4.4
8138,4094,11-05-2025 00:43,332.01
8139,4369,15-03-2026 05:57,535.47
8140,3894,21-06-2025 22:23,16.93
8141,675,03-04-2026 20:48,602.17
8142,1572,31-03-2025 00:36,751.1
8143,352,08-02-2025 20:58,196.29
8144,1732,02-03-2025 17:41,214.51
8145,1842,07-08-2026 02:02,1121.86
8146,3156,07-05-2026 16:02,12.75
8147,2461,03-06-2025 00:05,768.58
8148,1075,09-04-2025 05:50,177.68
8149,2760,03-04-2026 08:22,343.41
8150,2329,12-02-2025 02:32,175.38
8151,3951,13-08-2026 02:05,436.7
8152,4174,20-10-2025 00:21,579.93
8153,3741,05-09-2025 16:51,1286.98
8154,4254,14-02-2025 05:58,958.92
8155,4396,26-05-2026 03:32,257.4
8156,717,20-07-2025 02:27,538.55
8157,3599,22-03-2025 21:32,729.59
8158,1040,11-04-2026 01:17,112.05
8159,4485,15-02-2025 06:24,1053.67
8160,3737,02-04-2025 15:28,2.43
8161,2388,29-12-2025 13:00,359.25
8162,406,26-01-2026 15:02,384.12
8163,1959,16-09-2025 04:08,504.2
8164,2711,12-07-2026 07:37,243.88
8165,3681,22-06-2026 09:33,337.51
8166,1223,20-08-2025 03:40,791.85
8167,3732,16-05-2026 11:10,854.99
8168,230,15-12-2025 07:34,349.45
8169,4511,03-06-2025 18:46,21.29
8170,1190,19-07-2025 16:00,63.08
8171,1222,26-10-2025 06:33,38.15
8172,4060,16-04-2026 11:24,113.67
8173,3510,06-06-2025 10:52,36.03
8174,3854,23-02-2025 03:26,121.15
8175,2666,08-03-2025 02:29,67.56
8176,271,23-01-2026 17:29,322.8
8177,3381,22-03-2026 06:57,38.73
8178,3052,26-11-2025 13:22,354.06
8179,3151,24-09-2025 12:26,87.54
8180,3454,30-06-2026 09:07,734.86
8181,2162,07-08-2025 09:09,125.46
8182,3681,10-01-2025 21:24,106.24
8183,4174,29-03-2026 05:39,87.59
8184,4439,07-07-2026 09:27,873.69
8185,1238,20-05-2025 21:40,1147.52
8186,2643,15-01-2026 20:08,172.17
8187,1180,15-03-2025 04:22,468.73
8188,3139,08-02-2025 04:08,507.31
8189,1220,20-01-2026 17:45,77.58
8190,3253,07-05-2025 00:54,125.02
8191,22,14-09-2025 23:12,235.22
8192,3445,06-08-2025 01:53,635.33
8193,1667,31-08-2025 23:20,21.02
8194,3367,30-06-2026 08:25,452.94
8195,320,02-04-2025 11:29,518.86
8196,127,08-11-2025 03:32,664.86
8197,3194,20-05-2026 12:10,24.52
8198,2641,03-11-2025 02:07,301.76
8199,1323,13-02-2025 03:57,680.85
8200,4216,17-12-2025 17:37,1411.17
8201,3259,12-08-2025 18:38,144.57
8202,2609,16-08-2026 20:26,12.75
8203,71,08-04-2025 05:53,769.44
8204,651,31-01-2026 07:55,2.16
8205,3602,13-09-2025 19:25,250.04
8206,1370,08-09-2026 21:15,913.94
8207,3247,24-04-2026 12:34,419.21
8208,1944,21-01-2025 02:27,91.56
8209,2494,23-02-2025 20:59,1217.28
8210,656,25-08-2025 08:03,1040.27
8211,755,13-08-2025 19:15,1413.1
8212,4133,25-02-2025 16:26,369.78
8213,800,19-10-2025 23:25,43.7
8214,49,01-01-2026 13:55,31.1
8215,1738,09-04-2025 21:59,240.5
8216,1031,05-06-2026 04:13,240.49
8217,2644,05-08-2025 07:36,312.14
8218,611,04-09-2026 07:54,212.97
8219,3909,01-12-2025 03:55,1585.83
8220,1772,24-02-2025 16:00,20.11
8221,1612,15-07-2026 19:16,287.24
8222,3431,07-10-2025 13:14,377.54
8223,3734,25-04-2025 02:46,347.27
8224,2662,14-03-2025 06:01,352.14
8225,3535,07-04-2026 21:56,15.95
8226,2629,06-07-2026 18:48,56.37
8227,3143,01-06-2025 09:55,122.59
8228,1902,09-03-2025 05:54,1098.47
8229,4387,29-12-2025 05:11,438.77
8230,1916,14-02-2026 07:40,785.07
8231,2140,18-03-2025 13:58,379.42
8232,2635,11-04-2026 02:12,540.25
8233,3838,29-01-2026 11:58,1564.65
8234,757,16-10-2025 11:42,441.52
8235,1291,21-05-2025 07:12,1006.52
8236,2037,16-07-2026 08:46,38.48
8237,3620,06-07-2025 21:22,564.85
8238,2005,25-09-2025 09:56,997.57
8239,3879,08-05-2025 23:55,688.72
8240,3527,07-02-2026 14:59,106.2
8241,1022,14-06-2026 16:44,105.88
8242,3957,05-08-2026 23:12,157.03
8243,3115,14-03-2026 06:55,29.92
8244,462,04-02-2025 15:14,354.09
8245,1921,04-02-2026 20:26,69.72
8246,2805,07-12-2025 04:17,424.55
8247,1619,10-02-2026 02:57,168.68
8248,829,15-10-2025 05:05,189.4
8249,54,17-04-2026 04:47,826.87
8250,4089,25-06-2025 20:27,1018.36
8251,87,12-06-2026 17:22,485.59
8252,4064,05-06-2026 00:32,490.41
8253,3965,16-01-2026 06:51,567.08
8254,2017,22-06-2026 23:49,471.06
8255,1097,02-01-2026 14:06,104.04
8256,3051,24-11-2025 08:22,13.05
8257,3636,31-07-2025 20:17,68.49
8258,1643,12-05-2026 04:25,200.63
8259,3822,12-03-2026 12:49,96.39
8260,744,29-05-2026 09:47,767.97
8261,3463,06-01-2025 17:45,105.6
8262,1627,27-06-2026 08:48,65.65
8263,3596,20-12-2025 19:23,232.18
8264,2200,07-03-2025 22:29,202.12
8265,4168,11-12-2025 13:05,29.15
8266,3388,31-08-2026 10:00,105.2
8267,2059,12-04-2026 17:40,39.14
8268,1287,11-07-2025 18:26,692.5
8269,815,22-03-2025 15:42,451.14
8270,3360,01-03-2026 21:39,619.27
8271,3237,22-08-2026 20:15,384.41
8272,1914,15-02-2025 18:19,62.51
8273,1634,02-09-2026 07:59,768.04
8274,1880,10-01-2026 08:14,267.66
8275,4059,27-10-2025 06:00,49.76
8276,1770,03-03-2025 02:58,214.46
8277,3348,27-03-2026 13:10,472.07
8278,2068,06-07-2026 02:16,378.38
8279,1992,21-05-2025 01:05,415.12
8280,1575,28-03-2026 17:02,102.92
8281,3451,26-07-2025 14:04,56.83
8282,2164,04-05-2025 19:02,1162.55
8283,100,28-01-2026 22:23,733.1
8284,8,14-10-2025 18:29,241.39
8285,2937,21-11-2025 21:25,24.29
8286,1024,28-08-2026 15:56,234.68
8287,4341,21-04-2025 12:02,744.1
8288,3148,31-08-2025 04:10,31.52
8289,1486,10-08-2025 23:20,190.91
8290,91,21-03-2026 12:45,2172.31
8291,3229,30-05-2025 12:43,3.81
8292,2950,14-07-2025 20:22,21.29
8293,1925,07-01-2025 22:30,73.86
8294,235,28-07-2025 12:28,714.11
8295,890,10-12-2025 19:33,163.46
8296,670,12-03-2026 00:13,481.22
8297,2577,18-10-2025 06:31,436.17
8298,1030,16-03-2025 07:43,1560.64
8299,3631,08-02-2025 03:58,237.31
8300,476,15-12-2025 09:23,204.81
8301,1462,25-03-2026 16:57,9.76
8302,964,27-06-2025 05:40,484.42
8303,1820,21-10-2025 01:00,182.22
8304,2951,17-02-2026 09:10,481.11
8305,3834,22-10-2025 12:37,496.32
8306,2983,06-05-2026 20:30,171.05
8307,3234,24-08-2026 12:38,348.46
8308,3418,11-05-2026 09:36,409.34
8309,3268,27-03-2026 20:10,1019.5
8310,480,27-01-2026 01:54,150.61
8311,4304,14-08-2025 20:42,833.78
8312,1324,25-06-2025 06:23,316.8
8313,578,29-08-2026 12:10,518.76
8314,4234,16-08-2025 16:34,407.23
8315,3703,25-06-2025 19:20,94.19
8316,2506,15-04-2025 23:17,178.94
8317,1240,04-07-2025 04:54,9.93
8318,1638,29-11-2025 13:42,509.35
8319,3213,04-04-2026 15:14,218.82
8320,319,18-07-2025 23:31,2039.55
8321,2975,03-04-2026 22:18,283.06
8322,1360,19-09-2025 23:54,1742.13
8323,970,23-06-2026 21:03,335.44
8324,3148,26-04-2025 00:46,2810.84
8325,3468,14-02-2026 17:50,2728.68
8326,2464,14-09-2026 02:05,395.51
8327,3569,07-06-2025 14:35,977.88
8328,3727,15-08-2025 12:49,414.86
8329,4380,22-02-2025 15:02,544.64
8330,560,17-01-2026 07:55,15.66
8331,3724,08-02-2025 02:00,201.13
8332,2708,16-08-2026 05:00,163.41
8333,4007,31-05-2025 12:04,766.09
8334,731,01-07-2026 15:46,113.03
8335,794,11-01-2026 07:28,121.24
8336,455,19-10-2025 17:30,81.64
8337,1631,11-11-2025 21:27,119.92
8338,2747,13-10-2025 14:47,908.16
8339,1922,16-03-2025 07:57,51.08
8340,2854,22-03-2026 14:27,120.68
8341,3377,27-05-2026 17:17,159.53
8342,3018,31-07-2025 09:31,1299.12
8343,3051,04-09-2025 19:42,67.56
8344,508,03-07-2026 10:40,2682.48
8345,2024,22-06-2026 03:47,28.46
8346,2648,16-04-2025 23:36,342.44
8347,240,12-09-2025 13:37,808.01
8348,3871,29-05-2025 06:41,936.55
8349,352,03-06-2025 16:43,306.81
8350,2488,29-12-2025 18:33,955.36
8351,1860,08-03-2026 08:21,186.51
8352,3022,16-02-2026 07:51,234.48
8353,1978,29-01-2026 05:57,714.91
8354,3269,18-08-2025 14:45,229.99
8355,2979,30-06-2025 15:39,318.17
8356,4309,21-10-2025 22:03,642.03
8357,3144,08-02-2026 06:41,229.64
8358,3031,07-03-2026 18:00,438.17
8359,3437,09-10-2025 18:48,292.17
8360,2827,30-06-2026 21:50,703.02
8361,2264,07-08-2025 12:39,265.01
8362,3517,17-05-2026 16:58,500.08
8363,4362,01-06-2025 03:01,965.73
8364,3340,27-02-2025 20:59,337.51
8365,2657,11-05-2025 16:04,799.07
8366,1188,24-05-2026 11:44,274.57
8367,4424,05-06-2026 00:22,293.77
8368,1998,08-06-2025 23:21,955.2
8369,1112,06-04-2025 00:43,339.72
8370,554,27-02-2026 17:36,830.97
8371,2176,28-08-2026 18:28,432.12
8372,30,05-06-2026 07:27,94.98
8373,194,17-06-2026 12:09,333.11
8374,2122,23-03-2026 07:43,602.66
8375,1312,28-07-2025 14:45,683.37
8376,4397,18-12-2025 06:24,356.3
8377,4487,27-09-2025 21:16,436.96
8378,3529,26-07-2025 21:38,868.48
8379,1626,04-06-2025 11:49,1567.02
8380,1180,19-07-2026 22:08,2.95
8381,4091,01-05-2025 09:00,8.85
8382,4313,14-09-2025 17:50,139.78
8383,1288,21-11-2025 06:26,1189.58
8384,4228,13-06-2025 14:08,301.95
8385,1893,05-06-2026 11:04,138.91
8386,4513,27-02-2025 17:58,198.92
8387,1911,18-02-2025 02:02,4.32
8388,2325,23-02-2025 16:28,195.98
8389,1047,02-01-2026 17:19,535.86
8390,1316,09-05-2026 14:45,2258.65
8391,1180,11-07-2025 03:31,308.65
8392,936,03-07-2025 16:53,638.32
8393,2379,25-06-2025 12:23,347.27
8394,1549,09-11-2025 09:48,379.11
8395,1189,31-05-2025 06:00,698.3
8396,773,24-08-2025 19:47,113.66
8397,1896,26-02-2026 22:26,509.1
8398,4313,29-07-2025 08:30,206.54
8399,2053,23-04-2026 04:57,373.76
8400,143,28-06-2025 22:40,156.72
8401,4395,05-12-2025 09:59,716.51
8402,1576,05-08-2025 02:22,94.49
8403,2849,23-04-2025 10:54,179.33
8404,4105,15-09-2025 05:20,179.27
8405,2974,09-05-2025 13:27,1578.82
8406,1657,18-05-2025 08:08,337.51
8407,406,05-03-2026 03:30,1378.79
8408,107,11-10-2025 12:41,163.17
8409,676,29-04-2026 04:39,179.92
8410,4486,09-05-2026 22:48,710.41
8411,4399,04-07-2026 15:48,441.64
8412,3714,11-06-2025 10:48,1344.64
8413,3687,15-08-2025 18:47,215.33
8414,957,09-05-2026 10:09,68.59
8415,561,29-06-2025 23:44,314.76
8416,1248,11-10-2025 00:16,1641.71
8417,2278,04-10-2025 10:51,31.57
8418,2953,08-10-2025 11:19,101.68
8419,1770,11-07-2025 15:42,338.37
8420,3411,02-12-2025 20:36,938.42
8421,2724,11-01-2026 13:51,1236.7
8422,4315,06-03-2025 11:06,42.94
8423,2774,11-07-2026 11:01,593.33
8424,517,14-03-2025 15:05,317.94
8425,3888,02-07-2026 22:28,29.92
8426,1054,15-07-2025 00:44,622.61
8427,1041,19-05-2026 15:57,95.54
8428,3782,04-02-2026 19:55,1604.27
8429,632,23-02-2026 18:19,97.52
8430,1905,06-08-2026 15:09,57.68
8431,192,21-12-2025 19:49,9.72
8432,3704,05-06-2025 12:13,1521.91
8433,1868,08-03-2026 12:56,819
8434,3767,26-06-2025 15:33,721.23
8435,455,02-06-2026 16:23,131.02
8436,241,02-09-2025 02:16,721.07
8437,643,02-07-2025 14:34,344.07
8438,2231,25-04-2026 06:45,183.45
8439,2718,19-02-2026 19:20,340.67
8440,910,30-08-2026 08:13,67.97
8441,3943,21-03-2026 02:53,18.36
8442,1395,06-07-2026 10:26,352.3
8443,1061,27-03-2026 07:39,982.94
8444,3597,02-01-2025 01:53,197.58
8445,2279,22-01-2026 07:58,216.96
8446,745,07-04-2025 11:43,114.12
8447,1031,16-06-2025 22:09,855.51
8448,1611,22-01-2025 02:59,249.42
8449,2538,13-02-2025 10:20,680.85
8450,3553,06-01-2025 09:23,6.72
8451,3315,25-05-2026 17:52,688.82
8452,1390,24-03-2026 17:23,50.84
8453,2187,05-07-2025 12:56,142.36
8454,3834,10-05-2026 01:41,239.77
8455,3189,13-10-2025 09:45,171.14
8456,3723,16-03-2026 16:01,168.37
8457,4364,30-08-2026 07:07,732.46
8458,1479,11-06-2025 06:52,913.67
8459,2314,15-02-2025 21:21,570.8
8460,738,24-06-2025 22:26,422.91
8461,2253,10-04-2025 01:23,120.21
8462,2683,09-08-2025 12:00,184.87
8463,4155,29-06-2026 21:53,322.86
8464,1962,19-10-2025 18:23,1041.64
8465,1878,02-07-2026 15:29,326.7
8466,740,03-08-2025 09:13,41.65
8467,2880,03-05-2025 03:11,185.43
8468,1938,26-05-2026 19:46,57.76
8469,2315,29-10-2025 19:49,728.21
8470,2690,28-12-2025 19:15,456.58
8471,2704,01-01-2026 21:26,39.39
8472,474,12-07-2025 22:34,967.86
8473,3757,08-09-2025 06:24,170.43
8474,4196,13-05-2026 23:43,675.02
8475,3698,18-12-2025 23:03,1575.78
8476,2127,17-02-2025 01:12,258.48
8477,3912,27-03-2026 07:57,502.14
8478,362,23-01-2025 23:53,187.11
8479,94,03-07-2025 15:28,467.69
8480,2887,28-06-2025 20:23,430.34
8481,2444,14-06-2025 15:32,378.92
8482,1898,16-12-2025 23:16,256.8
8483,307,10-07-2026 04:50,243.26
8484,883,01-01-2026 13:44,270.24
8485,3256,20-07-2026 00:04,2.95
8486,2482,25-01-2025 19:02,1103.77
8487,15,26-05-2026 15:45,304.06
8488,3187,23-12-2025 10:34,762.68
8489,2545,21-07-2026 04:41,446
8490,4099,14-04-2025 17:27,304.43
8491,4039,04-04-2025 17:24,756.14
8492,2552,31-01-2025 19:23,610.79
8493,3386,28-02-2025 13:19,81.24
8494,140,30-08-2025 00:11,210.54
8495,4221,20-12-2025 20:02,16.93
8496,3966,31-10-2025 14:47,903.6
8497,3301,04-07-2026 00:42,270.81
8498,1031,02-02-2025 14:12,28.61
8499,4156,18-05-2026 14:30,210.57
8500,3120,09-05-2025 18:45,163.84
8501,1320,02-05-2026 04:56,1092.38
8502,338,20-04-2026 07:14,377.12
8503,1519,03-09-2025 23:50,126.71
8504,2680,07-08-2025 05:53,438.57
8505,498,10-10-2025 09:47,1579.49
8506,2089,28-01-2025 01:04,462.53
8507,3882,15-11-2025 01:27,222.36
8508,531,09-02-2025 03:21,238.32
8509,140,10-03-2025 11:47,475.9
8510,3151,04-08-2026 19:43,69.63
8511,1698,03-06-2026 17:52,135.12
8512,711,27-03-2026 19:14,126.75
8513,3297,13-08-2025 10:06,11.5
8514,3179,24-02-2025 10:00,434.94
8515,123,09-06-2026 15:25,780.55
8516,340,26-01-2026 16:30,20.11
8517,3525,28-03-2025 16:52,9.76
8518,3225,09-05-2026 20:32,425.78
8519,4429,23-10-2025 11:12,1478.16
8520,1583,29-07-2025 23:37,127.23
8521,4395,02-04-2025 11:37,689.54
8522,2092,18-10-2025 16:25,440.91
8523,172,13-08-2026 12:37,180.47
8524,1871,05-06-2025 03:35,800.9
8525,3737,06-01-2025 12:19,156.38
8526,1822,03-10-2025 03:21,189.38
8527,4248,28-06-2026 10:31,95.93
8528,518,25-05-2025 01:26,82.52
8529,1246,27-03-2026 05:08,346.85
8530,7,11-04-2025 15:01,684.22
8531,2876,04-08-2025 10:48,4.27
8532,2283,06-03-2025 08:12,468.17
8533,1623,01-05-2026 04:33,116.16
8534,2062,21-06-2026 12:54,153.59
8535,1889,13-03-2026 02:51,125.02
8536,857,05-08-2025 08:25,53.9
8537,4419,26-01-2026 18:39,165.27
8538,272,05-01-2026 15:14,187.57
8539,2851,29-04-2025 04:28,241.14
8540,2939,06-05-2026 22:02,452.69
8541,2230,03-07-2025 15:09,371.12
8542,1940,13-04-2025 10:36,131.3
8543,3828,16-11-2025 06:19,162.65
8544,1862,24-05-2026 11:01,201.76
8545,1648,26-05-2025 09:48,427.45
8546,3048,10-08-2026 12:20,28.72
8547,4347,25-04-2026 16:36,293.19
8548,1243,09-02-2025 00:07,1125.86
8549,1280,23-04-2026 17:49,256.13
8550,1264,01-06-2025 06:54,2930.93
8551,3547,07-05-2025 12:25,533.34
8552,738,30-03-2026 07:18,360.45
8553,1316,24-08-2025 13:02,295.81
8554,170,06-07-2025 19:22,216.09
8555,2152,17-08-2025 07:42,1800.93
8556,4122,06-03-2026 16:09,87.69
8557,2025,01-01-2025 03:29,210.18
8558,1008,01-08-2026 04:54,283.54
8559,319,06-01-2025 21:41,502.45
8560,33,24-07-2025 16:13,70.6
8561,1430,30-01-2025 05:36,75.01
8562,3097,24-05-2025 23:52,129.86
8563,4371,03-01-2025 12:49,107.53
8564,690,10-09-2026 03:08,424.01
8565,93,21-01-2026 19:31,466.05
8566,3395,30-08-2025 20:40,104.11
8567,4171,21-11-2025 15:47,660.77
8568,1112,26-12-2025 07:34,377.12
8569,1548,28-04-2025 08:41,3.5
8570,3942,11-09-2025 22:48,281.3
8571,3400,01-04-2026 03:31,152.7
8572,2690,28-07-2026 19:59,337.56
8573,4464,25-01-2026 21:02,77
8574,343,05-06-2026 06:35,28.73
8575,2542,22-04-2025 09:27,1084.14
8576,3669,14-07-2026 00:55,65.95
8577,2959,18-01-2025 09:52,821.58
8578,3594,06-03-2025 02:23,50.84
8579,118,27-08-2025 21:25,848.46
8580,1446,18-07-2025 17:25,2514.8
8581,1891,03-07-2026 16:26,663.15
8582,3559,05-11-2025 08:38,381.3
8583,946,19-01-2026 04:55,116.16
8584,2515,24-07-2026 23:10,2.16
8585,3353,20-07-2025 13:35,167.81
8586,4301,06-09-2026 19:23,77.55
8587,1886,19-01-2026 13:00,35.3
8588,3812,24-03-2026 03:45,234
8589,1112,16-06-2025 18:22,844.38
8590,2404,19-05-2026 08:34,467.06
8591,2831,22-04-2025 00:13,225.11
8592,3348,22-02-2025 02:44,1154.1
8593,3578,04-01-2025 20:54,14.81
8594,1283,22-06-2025 10:28,182.75
8595,146,24-12-2025 02:50,177.07
8596,174,07-07-2025 12:07,296.79
8597,4518,07-06-2025 00:01,235.43
8598,2452,26-12-2025 15:28,43.41
8599,2146,01-08-2026 03:34,490.98
8600,4513,13-08-2026 14:33,603.58
8601,4429,24-10-2025 03:14,858.45
8602,3701,01-01-2025 21:23,61.33
8603,4143,24-03-2026 20:19,526.01
8604,1998,10-02-2026 03:14,116.16
8605,4193,20-05-2026 02:07,676.56
8606,4112,20-11-2025 10:34,31.5
8607,607,27-05-2025 06:58,1529.76
8608,4162,01-09-2025 07:31,594.97
8609,1219,14-04-2025 06:09,208.66
8610,3196,08-09-2026 04:02,33.23
8611,3852,28-12-2025 22:51,385.77
8612,1252,15-02-2025 05:23,561.04
8613,2063,07-02-2025 08:14,359.98
8614,1512,15-04-2025 05:54,125.4
8615,2229,02-05-2026 17:58,152.83
8616,3256,11-06-2026 10:02,5648.57
8617,1337,01-10-2025 11:17,29.91
8618,55,13-05-2025 10:35,28.72
8619,1132,07-06-2026 05:31,37.58
8620,495,30-12-2025 12:25,266.36
8621,3936,11-08-2026 02:06,3.5
8622,2509,19-11-2025 21:37,304.18
8623,1942,15-08-2025 14:19,231.82
8624,1389,05-11-2025 13:24,152.8
8625,903,13-08-2025 15:09,802.52
8626,3821,06-08-2026 23:16,314.27
8627,3975,25-09-2025 13:18,129.04
8628,1936,03-09-2025 04:51,99.61
8629,1855,11-05-2025 07:36,612.97
8630,2551,20-05-2025 03:33,19.9
8631,564,19-06-2026 01:25,11.8
8632,800,29-03-2026 11:09,58.08
8633,3403,26-08-2026 04:05,481.11
8634,3936,26-09-2025 21:07,267.34
8635,2875,27-02-2025 23:36,1239.29
8636,4349,27-04-2025 12:28,726.08
8637,4139,18-07-2025 18:27,944.66
8638,4389,26-04-2026 04:12,341.6
8639,1375,19-02-2026 23:40,660.37
8640,1600,11-03-2025 17:14,12.26
8641,3045,16-06-2026 18:49,1406.72
8642,1,11-02-2026 01:13,9.76
8643,4262,26-06-2026 06:38,89.07
8644,1542,11-05-2026 04:37,161.79
8645,4102,20-05-2025 01:24,95.2
8646,377,28-04-2025 09:28,877.08
8647,808,22-03-2026 22:06,31.05
8648,1062,31-03-2026 18:16,444.1
8649,3886,13-02-2026 10:37,315.56
8650,2650,31-03-2025 04:31,260.73
8651,2454,05-06-2026 22:46,79.6
8652,3886,16-04-2025 09:15,182.79
8653,807,01-07-2026 14:53,1859.03
8654,1949,28-12-2025 19:02,979.08
8655,642,20-10-2025 13:04,81.73
8656,320,08-01-2025 11:25,41.65
8657,4038,27-02-2025 06:48,128.07
8658,2686,25-07-2025 12:47,1067.5
8659,1957,22-10-2025 02:15,213.79
8660,3599,02-05-2026 07:56,1660.63
8661,3966,18-06-2025 04:11,858.61
8662,3201,17-12-2025 05:41,1445.56
8663,3392,28-07-2026 00:27,1044.57
8664,2304,22-02-2026 16:54,189.8
8665,2717,19-08-2025 21:52,40.42
8666,3821,03-02-2026 20:14,625.63
8667,1021,06-09-2026 17:57,820.28
8668,2637,06-07-2025 04:56,92.86
8669,459,27-09-2025 07:39,1026.11
8670,3826,17-02-2025 06:24,260.73
8671,2566,10-02-2026 15:33,477.42
8672,2241,20-07-2025 08:26,552.37
8673,3603,17-09-2025 22:05,288.42
8674,4200,03-04-2025 12:59,697.37
8675,4100,03-07-2025 11:38,1360.53
8676,3204,07-06-2025 03:57,1805.9
8677,2878,30-05-2026 12:25,1350.04
8678,3941,29-05-2025 23:53,1133.52
8679,4512,18-05-2026 20:09,421.43
8680,3610,06-04-2026 17:51,63.69
8681,1686,27-05-2025 16:18,487.24
8682,3923,14-06-2026 12:01,20.11
8683,2970,04-03-2026 12:37,200.56
8684,3717,17-12-2025 06:23,110.95
8685,2097,01-03-2025 03:33,73.89
8686,2001,25-03-2025 17:25,1124.49
8687,2856,11-05-2026 03:27,999.51
8688,4287,10-08-2026 00:04,1109.47
8689,3444,13-09-2025 11:29,33.29
8690,1837,31-03-2026 09:58,2463.83
8691,4165,15-03-2025 21:07,430.12
8692,562,16-05-2025 11:20,477.13
8693,3764,05-09-2025 23:48,444.8
8694,1377,25-02-2026 18:02,90.11
8695,1821,08-07-2026 02:39,128.18
8696,3133,22-04-2026 04:36,351.38
8697,995,02-06-2026 11:55,408.27
8698,1195,15-08-2026 16:35,1102.46
8699,1854,24-12-2025 18:37,18.79
8700,1738,28-04-2026 04:06,538.78
8701,1656,19-08-2025 12:10,183.48
8702,1134,08-01-2026 15:41,646.6
8703,4054,15-05-2025 07:33,89.8
8704,2363,22-12-2025 13:58,529.57
8705,3482,09-07-2026 18:20,310.42
8706,4421,09-05-2025 18:28,841.21
8707,3013,09-06-2025 15:23,471.16
8708,4230,04-01-2026 20:14,372.21
8709,3404,17-09-2025 19:26,317.77
8710,4217,24-06-2026 01:37,70.6
8711,4283,17-07-2025 13:01,1000.46
8712,2028,05-09-2026 17:00,545.29
8713,591,30-08-2025 01:18,256.62
8714,1,26-07-2025 19:42,33.86
8715,2276,15-02-2026 19:22,11.8
8716,1592,23-05-2025 00:08,606.64
8717,2490,14-09-2026 23:45,194.49
8718,2127,04-03-2026 16:48,152.52
8719,46,02-10-2025 15:40,770.33
8720,4,03-01-2025 02:41,429.43
8721,2405,16-03-2026 19:17,554.41
8722,1548,23-09-2025 11:48,301.2
8723,4039,20-07-2025 23:27,43.29
8724,3928,30-08-2025 17:54,160.91
8725,4126,26-08-2025 10:22,63.25
8726,1685,07-04-2025 07:07,729.2
8727,2518,24-03-2026 04:34,698.46
8728,4278,07-02-2025 01:19,352.56
8729,315,14-04-2025 10:41,147.32
8730,4177,20-09-2025 19:05,106.06
8731,1921,09-04-2025 06:59,411.54
8732,80,17-05-2025 21:45,1035.13
8733,187,19-01-2026 11:07,1745.82
8734,1370,26-02-2026 02:11,463.84
8735,3825,14-03-2026 19:00,547.28
8736,2692,12-01-2025 15:02,672.83
8737,3079,18-09-2025 12:45,1478.26
8738,551,30-07-2026 10:01,1533.08
8739,602,15-10-2025 16:11,120.4
8740,4067,28-03-2025 23:07,709.08
8741,2008,20-11-2025 02:18,471.73
8742,338,14-02-2025 00:08,62.4
8743,1250,05-11-2025 06:48,145.75
8744,581,15-01-2025 19:26,731.03
8745,639,19-06-2026 13:50,192.06
8746,1998,13-03-2025 22:44,462.41
8747,875,03-12-2025 10:27,584.63
8748,1331,02-06-2026 12:42,130.5
8749,3666,01-02-2026 08:42,1792.19
8750,690,02-01-2025 17:35,38.8
8751,2933,13-05-2025 18:48,1994.02
8752,1346,18-06-2026 16:11,278.18
8753,599,28-04-2025 06:27,40.22
8754,597,06-09-2026 03:27,49.22
8755,525,09-12-2025 11:56,447.07
8756,1261,06-06-2025 15:05,170.48
8757,1728,20-09-2025 18:38,1497.08
8758,951,18-02-2026 08:02,40.52
8759,136,13-01-2026 19:38,395.79
8760,3139,24-03-2025 21:59,882.72
8761,2876,12-12-2025 19:01,117.83
8762,3074,10-01-2026 09:40,58.08
8763,4464,01-05-2025 14:46,782.68
8764,2523,22-07-2025 00:17,35.3
8765,2531,27-01-2025 23:59,406.71
8766,788,20-11-2025 14:04,76.93
8767,4257,26-03-2025 02:16,139.53
8768,1083,29-07-2026 00:42,71.98
8769,1621,27-08-2025 05:52,59.21
8770,2190,15-08-2025 13:45,1060.81
8771,3838,20-06-2025 03:13,1391.31
8772,3092,07-05-2025 14:27,2588.16
8773,1601,30-09-2025 08:46,193.66
8774,3106,02-06-2025 12:21,387.55
8775,3862,04-01-2025 00:38,115.52
8776,3320,27-08-2025 20:27,32
8777,2466,25-01-2026 01:31,240.15
8778,4095,07-01-2026 15:17,130.68
8779,4108,08-03-2026 06:33,50.84
8780,2962,29-01-2025 12:28,559.52
8781,2626,03-06-2025 17:51,841.77
8782,1587,14-04-2025 20:01,745.55
8783,2694,19-08-2026 23:17,460.67
8784,2578,10-06-2026 07:40,162.6
8785,2195,11-09-2025 17:37,116.76
8786,637,07-09-2026 14:51,73.51
8787,2761,29-04-2026 11:53,702.89
8788,2752,11-04-2026 09:55,134.98
8789,4505,20-06-2026 17:26,239.02
8790,466,26-05-2026 08:17,242.08
8791,928,09-09-2025 21:23,544.58
8792,4376,23-06-2025 22:16,598.24
8793,3815,10-07-2026 08:36,27.75
8794,2990,24-07-2025 22:49,133.38
8795,3222,18-05-2026 00:37,23.29
8796,3305,27-12-2025 23:57,171.97
8797,4459,30-05-2025 02:03,1185.24
8798,674,10-09-2025 13:10,100.99
8799,3388,06-06-2025 16:43,368.03
8800,3678,17-07-2025 16:12,177.3
8801,263,08-05-2026 13:32,296.33
8802,77,09-06-2026 06:59,293.17
8803,2264,18-05-2026 06:34,162.7
8804,1843,05-05-2026 00:17,256.62
8805,1960,16-12-2025 13:44,646.06
8806,3165,06-08-2026 16:08,357.57
8807,1909,05-09-2025 11:54,1044.55
8808,2737,10-09-2025 13:29,104.05
8809,443,05-06-2025 06:45,33.5
8810,2168,19-07-2026 05:44,1170.58
8811,2070,30-03-2025 08:09,302.94
8812,3388,09-03-2025 15:40,183.56
8813,1579,31-08-2025 14:34,369.34
8814,3552,26-02-2025 06:12,705.4
8815,4175,15-03-2025 02:40,94.28
8816,3990,12-10-2025 04:30,505.9
8817,3889,18-04-2025 01:14,222.73
8818,4339,18-02-2025 01:06,783.86
8819,1678,11-08-2026 10:55,1653.26
8820,1412,23-12-2025 01:31,304.71
8821,3789,03-06-2026 14:43,1627.13
8822,3891,04-06-2025 02:51,530.83
8823,1610,29-03-2026 20:04,350.31
8824,2021,18-08-2026 15:06,2878.17
8825,3395,22-03-2026 23:21,1411.45
8826,365,16-01-2025 18:01,848.74
8827,3124,14-01-2025 08:37,424.37
8828,2431,27-02-2025 19:11,366.76
8829,2521,27-05-2026 15:36,868.23
8830,1895,14-02-2025 10:20,1334.79
8831,2683,01-02-2025 00:45,147.08
8832,2465,28-04-2026 13:40,153.5
8833,3599,03-03-2025 10:09,3009.41
8834,3214,13-05-2025 13:39,681.27
8835,1241,17-08-2025 13:58,551.03
8836,4374,18-06-2025 18:49,1486.65
8837,3738,27-03-2025 15:43,504.55
8838,3764,10-01-2025 05:52,47.15
8839,4308,22-05-2026 16:02,204.43
8840,1057,09-09-2025 15:37,558.53
8841,22,04-04-2025 22:20,559.08
8842,594,06-07-2025 10:44,165.01
8843,4023,29-07-2025 11:22,14.57
8844,685,07-02-2025 05:52,196.5
8845,1007,14-03-2026 12:40,187.09
8846,2697,15-02-2025 13:30,293.67
8847,1044,31-10-2025 07:20,144.52
8848,4213,09-04-2026 22:28,556.47
8849,3223,27-10-2025 17:47,333.14
8850,1133,28-04-2026 03:49,392
8851,264,17-04-2025 04:29,195.19
8852,3572,23-02-2026 05:58,91.45
8853,1649,18-08-2026 19:32,437.26
8854,3735,02-02-2026 01:22,210.06
8855,1748,26-06-2025 02:34,1498.02
8856,4364,13-05-2025 19:40,1179.52
8857,2412,06-06-2026 21:25,108.9
8858,1630,03-12-2025 01:30,443.67
8859,492,17-02-2025 05:03,64.35
8860,65,07-09-2026 08:24,162.8
8861,1875,19-05-2025 19:34,932.6
8862,1726,09-04-2026 11:24,45.06
8863,926,07-03-2026 19:08,391.21
8864,4310,03-05-2025 23:15,269.34
8865,926,01-01-2025 08:52,197.34
8866,737,31-12-2025 18:11,41.91
8867,1101,27-03-2026 01:34,51.83
8868,3768,14-11-2025 13:16,613.72
8869,4058,11-07-2025 18:06,629.81
8870,1060,23-06-2025 05:54,733.04
8871,3993,08-08-2026 07:17,54.09
8872,313,30-08-2025 01:46,731.33
8873,2981,02-06-2026 23:13,31.52
8874,1815,21-01-2026 08:18,57.44
8875,399,23-11-2025 21:02,970.36
8876,4432,04-07-2026 21:28,34.5
8877,889,28-09-2025 18:02,12.61
8878,1417,04-04-2026 15:43,78.18
8879,580,10-12-2025 00:23,234.98
8880,1287,12-06-2025 19:23,340.41
8881,1139,03-03-2025 15:33,135.12
8882,3938,09-10-2025 09:53,1488.34
8883,1914,22-03-2025 12:18,814.64
8884,4279,15-06-2026 17:12,5.9
8885,3790,25-06-2026 22:55,311.16
8886,884,25-05-2025 05:27,12.26
8887,1059,26-08-2025 00:22,1468.71
8888,1701,07-06-2025 03:57,724.94
8889,3445,28-08-2025 10:02,1551.76
8890,4120,23-02-2025 11:56,757.68
8891,1383,12-03-2025 06:20,67.56
8892,3388,21-05-2026 12:39,105.63
8893,3846,09-02-2025 20:30,34.99
8894,2986,23-03-2026 23:46,399.11
8895,1278,20-01-2025 02:27,329.3
8896,4380,26-06-2026 21:17,415.42
8897,1360,27-08-2025 19:14,35
8898,555,05-05-2025 15:53,705.63
8899,456,09-10-2025 18:32,566.52
8900,2012,26-04-2025 15:27,85.4
8901,4136,24-10-2025 14:44,654.31
8902,2672,22-04-2026 09:58,226.91
8903,1910,12-01-2025 23:45,179.58
8904,1967,04-05-2025 13:31,50.79
8905,3020,27-09-2025 03:47,43.7
8906,3772,18-09-2025 08:03,153.57
8907,2194,09-06-2025 23:47,888.89
8908,2638,16-07-2025 10:47,335.55
8909,1990,09-07-2025 05:11,642.1
8910,168,30-05-2025 14:13,1008.51
8911,1892,25-05-2026 09:32,410.48
8912,554,04-02-2025 12:46,432.17
8913,3767,03-11-2025 13:06,83.04
8914,1862,25-08-2026 18:33,32.45
8915,4,16-01-2026 12:01,18.85
8916,2711,29-07-2025 22:21,223.6
8917,4457,22-08-2025 00:13,97.75
8918,2994,28-01-2026 02:55,975.76
8919,2022,18-07-2025 08:50,252.56
8920,1811,28-07-2026 05:13,329.42
8921,2920,06-09-2025 07:54,617.21
8922,4339,08-05-2025 13:26,398.57
8923,3759,09-10-2025 21:01,64.05
8924,574,08-04-2026 08:09,294.42
8925,2675,13-01-2026 13:21,189.46
8926,4250,06-06-2026 16:12,199.85
8927,2008,19-02-2026 18:37,3.5
8928,3207,27-02-2026 17:44,217.63
8929,910,06-04-2025 19:43,349.09
8930,3231,29-06-2026 15:00,731.39
8931,4201,19-11-2025 11:12,156.2
8932,4184,05-01-2025 16:20,974.48
8933,260,23-06-2025 05:48,12.84
8934,3812,30-11-2025 17:32,50.39
8935,2213,01-07-2026 21:32,16.93
8936,3009,15-06-2025 22:47,560.52
8937,3989,13-11-2025 21:03,627.42
8938,1791,30-03-2025 11:31,170.48
8939,2681,25-06-2026 08:32,291.1
8940,2203,10-07-2026 11:59,267.69
8941,4011,30-01-2025 18:52,285.55
8942,1857,24-07-2026 10:05,144.67
8943,3013,23-08-2025 20:37,675.96
8944,2517,10-11-2025 09:22,177.32
8945,4441,29-06-2026 00:09,677.58
8946,3941,01-10-2025 01:11,160.17
8947,4334,01-08-2025 22:39,87.91
8948,4245,12-09-2026 02:27,447.42
8949,2900,24-11-2025 14:31,93.38
8950,2718,02-03-2025 11:20,331.59
8951,995,17-10-2025 12:27,889.06
8952,1407,07-02-2026 12:57,201.26
8953,3502,19-06-2025 04:41,1935.01
8954,334,08-04-2025 12:20,247.19
8955,1868,27-06-2025 07:56,584.89
8956,653,19-07-2025 01:23,1007.36
8957,2723,27-07-2025 16:02,28.88
8958,4246,14-09-2026 20:48,179.2
8959,4149,01-10-2025 21:33,136.01
8960,1911,09-08-2026 11:21,377.4
8961,1939,13-02-2025 21:41,199.08
8962,14,12-05-2025 13:37,9.72
8963,632,09-11-2025 00:16,528.25
8964,3966,23-10-2025 16:59,977.86
8965,1924,20-01-2026 08:03,309.66
8966,824,23-06-2025 07:36,801.35
8967,2157,24-07-2025 20:01,359.41
8968,2950,28-05-2026 02:21,525.84
8969,4257,13-09-2026 09:36,723.33
8970,2594,28-12-2025 11:00,199.21
8971,2531,07-10-2025 20:51,71.68
8972,751,09-03-2025 00:55,114.98
8973,2020,28-05-2025 23:02,274.7
8974,2598,11-03-2025 02:16,224.81
8975,3380,19-06-2025 16:01,194.89
8976,1125,11-10-2025 07:07,201.26
8977,2091,15-04-2025 17:03,131.62
8978,246,22-07-2026 19:29,182.47
8979,3246,22-04-2025 01:10,18.97
8980,32,08-09-2026 02:19,7.5
8981,4395,21-07-2026 05:20,1699.48
8982,2653,23-01-2026 06:16,209.43
8983,3377,19-04-2026 07:07,64
8984,1294,18-04-2026 18:12,439.62
8985,2969,24-10-2025 07:55,1578.45
8986,823,05-03-2026 03:00,337.51
8987,4453,25-01-2026 16:37,257.4
8988,3868,01-08-2026 11:35,536.24
8989,4029,15-08-2025 21:01,255.98
8990,2366,23-06-2026 11:30,805.05
8991,236,24-01-2025 13:50,160.37
8992,965,01-12-2025 11:03,1076.93
8993,3056,25-07-2026 19:19,367.4
8994,3725,25-08-2026 02:19,187.45
8995,286,09-06-2025 20:03,67.56
8996,2806,10-11-2025 03:52,1569.29
8997,2545,05-02-2026 05:45,138.59
8998,3223,19-03-2025 11:24,1773.26
8999,2380,13-05-2026 22:08,2136.99
9000,3367,21-11-2025 23:05,165.54
9001,414,28-04-2025 12:45,55.46
9002,1674,18-05-2026 11:44,178.69
9003,3525,10-06-2025 04:25,189.4
9004,1870,08-05-2026 03:57,124.7
9005,2476,09-05-2026 18:28,1060.56
9006,909,06-02-2025 20:12,379.42
9007,2210,23-08-2025 09:41,75.33
9008,2685,07-05-2025 22:49,67.41
9009,695,15-12-2025 06:50,1505.85
9010,2730,16-11-2025 03:35,70.89
9011,2652,17-07-2026 09:06,20.11
9012,3794,18-05-2025 11:22,170.13
9013,3109,01-09-2025 09:55,238.9
9014,1017,22-04-2026 17:06,227.24
9015,2023,06-06-2025 11:43,164
9016,3851,29-03-2026 03:46,1147.42
9017,831,21-02-2025 08:40,436.63
9018,84,31-03-2026 16:15,254.34
9019,1341,23-01-2025 19:58,58.18
9020,267,19-08-2025 23:57,57.45
9021,2444,13-02-2025 09:25,122.8
9022,3178,05-03-2026 18:26,125.02
9023,3900,01-06-2025 10:56,736.36
9024,4370,14-03-2026 10:29,616.86
9025,224,11-02-2026 16:23,981.16
9026,59,04-02-2026 08:32,217.13
9027,1726,20-04-2025 16:52,170.61
9028,2991,01-05-2025 18:03,314.66
9029,70,30-05-2026 13:02,818.1
9030,2254,03-05-2026 04:25,407.17
9031,2395,15-02-2025 21:50,98.66
9032,4494,18-07-2025 07:17,122.6
9033,1996,30-07-2025 14:22,655.52
9034,1766,22-07-2025 06:46,800.14
9035,2597,22-11-2025 03:30,285.36
9036,816,24-12-2025 18:45,338.47
9037,2334,28-02-2025 09:01,125.86
9038,1640,16-07-2026 05:59,1550.35
9039,4032,02-01-2025 16:57,933.92
9040,516,10-03-2026 23:08,677.22
9041,3482,06-01-2025 02:03,2658.83
9042,3192,11-07-2025 09:58,342.82
9043,3176,28-07-2025 06:40,405.07
9044,426,21-03-2026 23:30,692.3
9045,1436,06-05-2025 13:14,237.92
9046,3384,25-12-2025 17:19,183.1
9047,3767,04-12-2025 14:39,28.72
9048,3510,15-03-2025 02:09,219.11
9049,4070,13-10-2025 19:35,716.93
9050,2772,18-08-2025 03:06,975.43
9051,175,07-02-2025 03:17,625.37
9052,3374,30-08-2025 13:05,353.63
9053,3123,25-03-2026 13:57,464.72
9054,1455,08-04-2026 01:12,723.72
9055,2849,24-07-2025 04:51,125.02
9056,4109,19-05-2025 23:45,435.51
9057,994,20-05-2026 18:57,460.82
9058,3706,08-12-2025 09:30,253.54
9059,736,28-12-2025 20:38,337.51
9060,1207,25-06-2026 05:21,276
9061,728,29-12-2025 12:23,258.7
9062,2037,18-06-2025 01:22,290.78
9063,4366,24-03-2026 00:35,46.59
9064,2652,03-10-2025 01:36,265.29
9065,2560,29-04-2026 17:53,225.78
9066,1408,13-06-2026 09:48,312.41
9067,2634,31-07-2026 12:53,201.28
9068,718,28-03-2025 11:53,319.99
9069,2158,24-08-2025 18:30,249.05
9070,1064,29-01-2026 11:18,1095.58
9071,4011,23-05-2025 13:07,3.5
9072,384,27-06-2026 16:55,205.15
9073,1959,24-01-2025 13:05,18.74
9074,3858,27-11-2025 06:25,403.94
9075,1163,08-09-2026 22:11,482.64
9076,3917,15-07-2025 22:53,82.71
9077,1931,21-04-2026 12:16,205.3
9078,2142,09-04-2025 17:10,105.9
9079,3271,06-08-2025 09:37,3.77
9080,3180,27-05-2026 12:51,490.51
9081,1876,20-08-2026 11:11,257.4
9082,2877,15-07-2025 07:37,1425.11
9083,538,14-04-2025 18:34,970.21
9084,989,03-05-2026 20:56,67.56
9085,3319,07-01-2026 20:25,141.47
9086,2974,20-06-2025 10:37,52.13
9087,1833,16-03-2026 12:40,267.12
9088,3798,07-01-2026 06:29,161.53
9089,2586,22-02-2026 15:50,37.22
9090,2642,17-06-2025 08:50,1099.19
9091,151,05-01-2025 16:06,687.88
9092,3189,17-02-2026 14:08,18.85
9093,3758,18-02-2026 10:00,74.42
9094,2598,05-11-2025 12:07,945.8
9095,2859,12-03-2025 21:30,469.87
9096,642,01-03-2026 06:03,426.03
9097,2071,12-10-2025 11:07,251.73
9098,2119,28-03-2025 14:16,3.77
9099,1121,05-01-2026 13:53,380.74
9100,1594,28-12-2025 19:15,95.96
9101,1476,25-11-2025 19:03,170.57
9102,1488,24-12-2025 07:14,311.56
9103,2120,31-01-2025 21:24,337.51
9104,1737,03-05-2026 14:42,210.6
9105,189,08-08-2025 15:18,424.37
9106,3815,13-01-2025 02:38,182.96
9107,3297,06-02-2026 21:46,497.82
9108,1322,20-02-2025 13:41,430.58
9109,3013,22-05-2026 15:46,45.15
9110,1687,21-09-2025 04:57,201.26
9111,3399,08-04-2026 12:15,91.52
9112,4292,25-12-2025 14:54,412.34
9113,594,09-01-2025 06:14,83.82
9114,63,04-09-2026 10:36,954.35
9115,2835,14-09-2026 03:29,38.49
9116,2751,01-08-2025 00:56,200.67
9117,4299,29-04-2025 11:25,638.03
9118,1686,23-06-2025 21:26,229.74
9119,2694,21-04-2025 03:48,801.51
9120,180,28-10-2025 12:28,2.43
9121,2103,28-03-2025 17:04,680.85
9122,4105,02-07-2026 21:05,65.24
9123,3427,03-06-2025 21:34,327.12
9124,4364,19-08-2026 04:28,19.55
9125,133,30-04-2026 15:19,55.06
9126,1767,01-12-2025 03:07,205.72
9127,98,17-03-2026 09:15,4084.49
9128,993,20-08-2025 04:50,18.97
9129,3883,19-06-2026 06:28,819.29
9130,1604,22-01-2025 00:18,15.76
9131,21,12-05-2026 07:23,26.12
9132,484,12-08-2026 12:34,160.37
9133,1020,07-05-2025 13:25,1645.57
9134,2611,04-04-2025 02:53,1452.89
9135,221,16-08-2025 03:43,766.34
9136,3359,21-01-2025 10:00,368.11
9137,815,14-09-2026 01:34,3.77
9138,3533,13-12-2025 22:33,58.08
9139,3273,27-04-2025 20:08,139.88
9140,1886,18-02-2025 13:58,191.4
9141,1823,28-03-2026 14:45,684.97
9142,939,10-04-2025 01:35,152.52
9143,4264,19-05-2025 10:59,151
9144,2902,26-02-2025 20:07,1060.08
9145,3834,30-03-2025 05:55,142.07
9146,4127,14-12-2025 13:46,58.02
9147,351,16-05-2026 12:09,358.53
9148,2240,29-10-2025 22:03,1870.74
9149,2213,24-12-2025 17:35,46.92
9150,48,24-11-2025 20:44,48.96
9151,1655,02-07-2025 13:41,1396.78
9152,1272,28-07-2025 15:16,16.93
9153,1571,25-10-2025 10:42,35.3
9154,3573,02-01-2026 17:46,295.82
9155,2033,02-09-2026 16:53,1417.92
9156,3442,21-08-2025 00:35,96.92
9157,1719,25-08-2025 01:52,567.08
9158,229,04-03-2026 07:43,68.44
9159,2150,19-02-2025 03:27,311.02
9160,966,21-03-2025 10:12,19.02
9161,1718,16-06-2026 11:27,204.9
9162,3697,21-01-2026 07:12,75.25
9163,1956,14-08-2025 20:34,376.6
9164,2859,22-11-2025 06:24,433.74
9165,447,16-03-2025 13:09,899.81
9166,467,18-02-2026 20:39,274.95
9167,2043,31-01-2025 00:06,78.82
9168,2973,22-03-2026 21:05,145.89
9169,1058,26-06-2026 05:38,490.09
9170,3135,14-08-2026 09:09,703.9
9171,182,11-09-2026 13:04,795.41
9172,893,25-03-2025 20:53,100.72
9173,2694,01-01-2025 00:17,144.04
9174,1637,26-07-2025 05:53,114.94
9175,2212,27-07-2026 06:20,187.48
9176,3945,21-07-2026 01:08,46.82
9177,1724,06-12-2025 16:20,460.24
9178,1531,14-07-2026 19:47,260.12
9179,1462,29-08-2025 19:56,41.91
9180,2068,30-05-2026 01:58,67.56
9181,4185,01-05-2025 04:15,154.17
9182,2453,28-02-2026 04:59,286.55
9183,76,06-07-2025 16:22,539.96
9184,1319,14-06-2025 09:17,68.07
9185,1837,13-01-2026 02:36,69.27
9186,2071,07-11-2025 00:31,798.92
9187,2372,06-09-2025 05:54,2864.04
9188,557,06-05-2026 03:47,169.43
9189,4253,11-02-2025 14:19,555.52
9190,185,24-06-2025 22:06,642.84
9191,2347,09-05-2026 01:09,440.34
9192,4179,12-02-2025 18:22,10.51
9193,2121,27-05-2026 12:17,6.2
9194,3416,08-01-2026 03:14,419.12
9195,2398,13-06-2026 18:33,15.24
9196,3330,07-02-2025 20:45,612.87
9197,2686,14-09-2025 17:16,20.11
9198,534,25-07-2025 17:08,93.81
9199,171,30-06-2026 04:15,1613.76
9200,2477,25-07-2026 13:55,287.82
9201,2736,17-05-2026 10:49,219.35
9202,4177,15-08-2026 14:57,326.68
9203,4193,06-04-2026 22:07,511.71
9204,2878,16-11-2025 03:33,232.32
9205,3908,29-08-2026 08:12,2328.78
9206,1108,17-09-2025 15:16,19.55
9207,2080,19-03-2026 14:02,512.8
9208,2239,01-09-2026 09:01,531.52
9209,3625,07-01-2026 21:26,208.81
9210,4383,28-02-2026 01:24,310.52
9211,4520,09-12-2025 21:41,249.33
9212,190,28-09-2025 20:28,5.9
9213,2903,23-11-2025 00:31,56.06
9214,4169,24-02-2026 02:45,677.18
9215,2476,18-03-2025 10:20,1211.66
9216,1002,14-08-2025 01:44,93.42
9217,883,21-12-2025 10:38,29.95
9218,1205,20-03-2026 04:43,122.24
9219,3941,15-05-2026 15:13,993.01
9220,1956,11-01-2026 13:50,706.45
9221,1868,08-01-2026 21:42,218.1
9222,843,27-02-2025 13:53,667.71
9223,635,01-10-2025 14:03,355.65
9224,1018,13-07-2026 21:03,505.59
9225,2695,05-04-2026 22:40,36.34
9226,1109,06-06-2025 18:23,89.09
9227,3727,21-04-2026 08:30,427.96
9228,3691,15-01-2026 12:05,215.06
9229,4245,04-04-2025 12:10,282.67
9230,553,14-06-2026 06:16,131.14
9231,2350,04-02-2026 00:02,228.74
9232,2433,20-02-2026 09:44,25.8
9233,3420,28-05-2025 08:26,644.81
9234,4067,15-06-2025 20:54,404.23
9235,3578,20-04-2026 17:06,155.12
9236,3482,04-02-2026 01:32,112.91
9237,905,04-01-2025 03:01,84.49
9238,922,28-04-2025 09:08,44.21
9239,2300,10-08-2026 09:29,179.65
9240,2610,17-03-2025 12:15,1296.64
9241,986,10-07-2026 06:37,437.49
9242,593,08-10-2025 13:23,1190.88
9243,1165,01-09-2025 14:47,108.07
9244,2015,15-08-2026 07:40,84.43
9245,3769,04-03-2025 17:41,21.68
9246,3015,19-08-2026 03:46,594.41
9247,2862,18-09-2025 20:59,190.34
9248,567,18-03-2025 10:22,2717.95
9249,325,02-10-2025 19:43,420.83
9250,2882,25-10-2025 03:11,1562.82
9251,4461,29-04-2026 15:31,1392.16
9252,3251,22-04-2025 12:46,192.34
9253,3858,25-04-2025 06:24,642.91
9254,4500,30-04-2025 12:33,230.9
9255,3488,03-12-2025 01:23,542.76
9256,1698,25-11-2025 18:05,224.59
9257,2465,25-05-2025 21:01,415.79
9258,4501,04-04-2025 11:09,250.31
9259,1415,21-06-2026 01:40,605.24
9260,2775,11-05-2025 19:46,165.54
9261,4251,09-07-2026 06:07,310.49
9262,739,05-09-2025 12:48,731.53
9263,4335,13-09-2025 16:38,773.09
9264,2225,01-02-2025 16:04,578.67
9265,766,28-07-2025 21:02,33.42
9266,274,31-08-2025 17:01,258.96
9267,4174,25-05-2026 16:54,805.86
9268,856,01-09-2025 04:59,11.73
9269,649,24-07-2025 19:23,780.33
9270,1150,23-05-2026 13:14,129.98
9271,1689,22-08-2025 01:52,651.52
9272,2298,26-02-2025 01:37,396.33
9273,4061,03-12-2025 22:02,136.89
9274,470,28-11-2025 21:24,415.47
9275,1272,22-02-2025 09:23,35.3
9276,4335,18-02-2025 19:45,1674.94
9277,1342,05-08-2026 19:30,509.09
9278,2504,06-07-2025 03:59,101.68
9279,3859,27-11-2025 07:43,97.64
9280,2648,20-08-2026 09:53,121.97
9281,241,31-10-2025 13:35,167.36
9282,3098,09-04-2026 02:48,150.04
9283,952,30-06-2025 03:23,962.81
9284,3581,10-05-2025 16:24,38.21
9285,1709,04-04-2025 00:29,31.5
9286,1912,07-12-2025 17:24,1201.13
9287,2206,05-05-2026 01:08,80.31
9288,61,24-01-2026 07:44,202.96
9289,2195,09-04-2026 01:47,39.64
9290,2859,05-02-2026 17:04,163.97
9291,2294,27-09-2025 22:33,60.91
9292,4472,25-10-2025 23:57,136.55
9293,811,25-02-2025 03:56,1361.7
9294,1961,02-02-2026 15:46,297.68
9295,1762,25-04-2026 06:15,18.53
9296,3126,15-02-2026 00:28,2420.92
9297,131,23-08-2026 00:35,483.23
9298,52,02-05-2026 08:08,1266.44
9299,3051,06-09-2025 18:46,268.38
9300,1015,10-09-2025 01:51,607.3
9301,2177,04-01-2025 03:18,155.87
9302,2917,17-08-2025 05:51,94.2
9303,26,07-08-2026 16:19,502.72
9304,532,13-09-2026 22:28,738.93
9305,2446,20-03-2025 21:45,122.13
9306,3890,08-02-2025 05:45,445.13
9307,3963,15-10-2025 14:13,90.31
9308,1150,27-11-2025 02:28,93.58
9309,1201,14-09-2026 06:52,919.66
9310,2898,02-11-2025 11:30,535.68
9311,2802,11-09-2026 10:35,956.49
9312,1400,28-02-2026 04:11,458.85
9313,4384,23-07-2025 14:35,450.85
9314,3921,15-03-2025 18:29,949.53
9315,2600,24-05-2026 12:39,86.15
9316,1091,25-01-2025 21:44,162.03
9317,1577,15-03-2026 09:03,24.8
9318,1797,09-02-2025 10:45,337.29
9319,133,23-03-2025 16:52,48.25
9320,2788,20-11-2025 11:56,441.72
9321,1785,05-01-2026 11:04,192.67
9322,3322,29-01-2026 20:11,159.37
9323,1557,30-04-2026 20:24,20.76
9324,2065,30-11-2025 16:26,1126.17
9325,1300,30-08-2026 23:06,417.44
9326,3419,03-09-2025 14:57,333.62
9327,1705,28-06-2025 21:26,9.76
9328,903,13-03-2026 19:22,141.15
9329,2280,13-03-2026 13:48,489.62
9330,2178,02-09-2026 19:25,116.61
9331,3479,24-02-2025 01:11,190.85
9332,1271,27-03-2026 17:11,594.91
9333,2074,20-02-2025 15:13,163.46
9334,3178,17-09-2025 07:46,48.11
9335,1861,21-03-2026 04:12,748.36
9336,552,15-08-2026 16:42,84.75
9337,4182,26-08-2025 12:18,3290.33
9338,529,01-09-2025 01:49,302.59
9339,1293,13-06-2025 18:27,121.36
9340,3921,04-01-2025 19:13,643.86
9341,2908,21-01-2026 05:32,99.58
9342,387,08-08-2026 10:25,629.67
9343,264,20-06-2026 20:13,882.08
9344,3078,17-09-2025 19:02,2729.54
9345,3205,23-01-2026 05:36,143.76
9346,3920,18-09-2025 05:24,424.37
9347,4048,06-06-2026 19:55,1466.61
9348,586,20-01-2025 14:35,955.88
9349,3266,27-03-2026 12:56,728.33
9350,1256,19-01-2025 18:24,9.72
9351,4287,19-04-2025 19:32,580.84
9352,4034,15-11-2025 08:04,222.03
9353,344,07-08-2026 00:30,7.31
9354,4072,20-08-2026 18:52,302.79
9355,2932,02-03-2026 04:40,1037.91
9356,3158,11-02-2026 01:50,7.62
9357,926,06-12-2025 11:28,593.38
9358,2345,10-11-2025 00:57,536.35
9359,3836,07-05-2026 07:34,209.96
9360,3850,07-08-2026 06:21,106.78
9361,2404,15-02-2025 01:05,172.21
9362,3282,07-04-2025 17:18,180.42
9363,69,22-05-2025 23:52,2147.53
9364,653,12-07-2026 00:21,202.94
9365,2920,06-05-2026 11:24,769.95
9366,4523,06-03-2025 11:11,996.14
9367,2895,23-07-2026 20:34,755.64
9368,4082,09-04-2026 08:37,946.69
9369,4321,11-06-2026 21:38,125.87
9370,1998,19-07-2026 05:04,113.85
9371,525,05-05-2026 17:06,379.32
9372,2145,22-01-2025 14:00,58.08
9373,1404,04-11-2025 19:25,697.23
9374,4242,11-07-2026 10:01,1074.84
9375,24,03-05-2025 12:31,85.4
9376,2408,27-04-2026 01:46,401.16
9377,3413,12-10-2025 19:22,394.34
9378,453,20-08-2025 22:19,177.92
9379,2937,21-02-2026 09:41,335.38
9380,3574,06-04-2026 03:06,375.72
9381,1518,04-03-2026 23:15,871.23
9382,3398,21-09-2025 10:43,86.16
9383,4159,15-04-2026 18:21,410.88
9384,755,24-01-2025 05:30,1047
9385,2382,05-06-2025 10:24,8.84
9386,522,13-08-2025 15:16,21.56
9387,2769,09-07-2025 07:20,809.01
9388,4509,23-02-2026 23:17,51.28
9389,2181,17-06-2026 18:15,1059.35
9390,2490,29-05-2026 23:52,306.38
9391,644,25-12-2025 19:36,308.09
9392,1764,13-01-2025 15:54,629.94
9393,3238,16-05-2025 08:50,219.93
9394,511,12-12-2025 09:54,35.9
9395,3090,13-07-2025 18:09,395.59
9396,1335,20-08-2026 19:57,82
9397,2731,22-11-2025 07:00,527.99
9398,4297,30-04-2025 04:31,680.32
9399,4350,30-11-2025 16:54,113.77
9400,4502,06-02-2025 19:03,196.26
9401,3701,02-09-2026 11:31,54.55
9402,1931,01-03-2026 16:23,2.16
9403,3716,23-02-2025 02:16,83.05
9404,2290,11-04-2026 02:59,67.01
9405,1479,07-05-2025 05:28,1019.53
9406,1982,20-04-2025 05:27,195.38
9407,953,21-05-2026 06:50,638.76
9408,518,07-10-2025 03:43,584.22
9409,3666,22-07-2025 00:25,196.62
9410,3700,18-01-2025 04:05,114.37
9411,2861,05-08-2026 03:00,798.9
9412,3710,14-01-2026 18:49,76.87
9413,29,04-02-2026 03:44,1029.53
9414,3141,08-07-2025 06:38,507.64
9415,2569,11-05-2025 14:40,141.16
9416,1963,09-09-2025 09:40,202.64
9417,2851,25-01-2025 16:34,1121.82
9418,2960,01-05-2026 19:04,914.86
9419,3038,09-03-2026 21:45,188.89
9420,65,24-07-2025 08:05,3123.67
9421,1133,30-11-2025 08:40,97.81
9422,771,03-08-2025 07:26,252.2
9423,3092,21-05-2025 00:23,15.76
9424,4348,30-06-2026 09:49,914.25
9425,2454,18-05-2025 11:25,105.6
9426,2921,29-04-2026 09:22,244.7
9427,2842,02-09-2026 00:48,424.37
9428,148,12-03-2026 17:31,183.48
9429,3055,21-06-2025 14:32,161.69
9430,3117,17-10-2025 19:31,563.62
9431,1129,25-12-2025 13:17,748.16
9432,1653,16-08-2025 10:51,139.81
9433,3955,15-07-2025 03:32,370.71
9434,4233,11-02-2026 23:14,23.39
9435,906,20-06-2025 17:52,101.52
9436,3517,31-07-2026 14:38,438.68
9437,2833,08-07-2025 23:57,160.91
9438,3577,20-03-2025 12:51,1554.58
9439,2842,21-03-2025 17:58,515.62
9440,356,05-04-2025 03:23,28.72
9441,1995,15-08-2026 09:45,263.26
9442,1439,29-06-2025 19:06,251.74
9443,98,03-04-2026 06:07,768.24
9444,2234,19-06-2025 04:34,31.53
9445,1074,06-12-2025 02:12,524.05
9446,4468,02-09-2025 18:19,38.52
9447,1987,22-07-2025 23:53,1062.17
9448,1045,20-02-2025 12:21,320.8
9449,1096,26-01-2025 01:07,37.73
9450,4036,10-02-2026 12:59,143.32
9451,894,17-01-2025 18:42,1403.9
9452,442,07-04-2025 20:09,97.66
9453,888,17-11-2025 16:17,206.35
9454,2780,02-08-2026 08:33,12.75
9455,1103,24-10-2025 14:38,147.74
9456,2431,09-08-2025 23:40,98.24
9457,2168,29-01-2025 05:20,148.02
9458,4002,25-08-2025 06:31,58.76
9459,2942,09-02-2025 08:52,31.8
9460,4493,29-12-2025 13:53,22.38
9461,3712,01-10-2025 18:59,89.09
9462,3633,04-03-2025 00:27,1018.8
9463,3132,27-12-2025 05:48,76.54
9464,3200,22-12-2025 19:27,824.18
9465,3374,22-11-2025 21:57,270.86
9466,442,16-01-2026 04:27,229.68
9467,2607,27-06-2025 22:44,754.97
9468,3247,25-10-2025 20:48,865.9
9469,2145,17-05-2025 20:07,137.87
9470,1257,09-01-2026 12:02,700.82
9471,1026,24-02-2026 20:04,42.24
9472,3507,07-05-2025 06:56,196.67
9473,2653,01-09-2025 23:02,665.64
9474,1256,21-03-2025 13:22,351.27
9475,1822,30-07-2025 11:36,660.45
9476,13,24-02-2025 08:29,119.81
9477,1670,31-08-2025 06:57,722.21
9478,2112,18-04-2025 07:41,790.92
9479,4341,17-01-2026 05:16,218.29
9480,3568,12-09-2026 18:35,319.61
9481,3789,27-03-2025 01:33,260.74
9482,1082,02-04-2025 07:55,67.56
9483,3331,24-07-2025 04:22,406.78
9484,4175,15-05-2025 18:30,421.81
9485,4162,23-01-2025 10:00,177.71
9486,127,22-06-2025 07:06,765.33
9487,1108,05-01-2026 14:45,673.26
9488,2951,02-04-2026 04:07,377.12
9489,4376,16-01-2025 17:49,58.08
9490,1055,04-07-2025 18:54,56.83
9491,1044,30-06-2025 00:30,2939.38
9492,2070,13-02-2025 14:44,120.38
9493,2334,26-06-2025 14:36,713.04
9494,4203,22-01-2025 16:35,56.83
9495,4087,20-12-2025 11:19,399.54
9496,944,04-08-2026 23:23,274.06
9497,3588,24-05-2025 06:03,2263.25
9498,347,12-01-2026 20:07,467.99
9499,1158,17-09-2025 10:07,408.35
9500,3353,14-08-2025 12:18,324.98
9501,846,23-02-2025 15:19,915.04
9502,2985,22-03-2026 23:52,737.33
9503,3838,28-08-2025 07:51,552.37
9504,1075,11-07-2025 11:39,364.93
9505,952,24-03-2025 01:10,115.75
9506,256,31-01-2026 09:31,79.82
9507,4077,29-10-2025 22:48,177.94
9508,1373,31-05-2026 15:21,29.72
9509,718,26-08-2026 18:35,1074.63
9510,1483,07-06-2025 07:33,21.29
9511,1569,30-05-2025 21:43,18.97
9512,1717,30-03-2026 08:55,991.56
9513,2661,29-05-2025 15:55,501.45
9514,219,13-08-2026 15:21,43.7
9515,1296,14-03-2026 04:42,492.41
9516,3928,06-09-2026 01:46,779.79
9517,719,28-09-2025 16:57,539.56
9518,4245,27-06-2025 00:03,116.08
9519,1949,01-09-2025 01:32,149.21
9520,292,15-01-2026 11:04,369.15
9521,3043,01-01-2025 23:37,199.57
9522,342,25-09-2025 23:00,69.65
9523,2101,31-08-2026 11:41,58.08
9524,4196,28-03-2025 07:00,386.65
9525,249,09-11-2025 15:55,57.18
9526,71,15-01-2025 12:40,37.58
9527,2042,25-11-2025 23:38,302.64
9528,36,04-04-2026 09:38,1523.4
9529,968,01-08-2025 08:14,380.96
9530,1006,16-03-2026 04:38,28.88
9531,1092,20-07-2026 02:57,448.58
9532,934,28-04-2026 00:24,118.85
9533,1024,01-12-2025 19:12,157.06
9534,1403,22-05-2025 12:18,424.37
9535,3159,29-04-2025 15:25,1784.45
9536,2345,09-02-2025 05:40,552.38
9537,1652,10-08-2025 01:51,385.82
9538,91,14-04-2026 07:03,1378.33
9539,2419,26-03-2025 04:49,803.4
9540,11,30-04-2025 08:20,247.64
9541,612,06-06-2026 17:23,831.75
9542,4419,21-08-2026 23:43,492.89
9543,446,04-07-2026 03:59,503.7
9544,1928,07-02-2025 06:49,675.02
9545,3805,20-10-2025 00:47,47.76
9546,695,14-03-2026 10:58,180.85
9547,1776,04-12-2025 05:08,41.66
9548,948,20-01-2026 09:42,854.95
9549,1390,21-05-2025 04:00,233.31
9550,4351,04-04-2025 22:05,295.84
9551,881,22-01-2025 11:10,1396.31
9552,1676,29-06-2025 00:33,164.92
9553,3751,08-05-2026 18:39,12.26
9554,3611,25-03-2025 09:52,119.12
9555,977,19-11-2025 04:08,12.38
9556,2361,28-05-2025 12:53,725.56
9557,4232,14-05-2026 04:29,371.83
9558,1122,31-05-2026 11:29,61
9559,1178,30-10-2025 09:04,32
9560,1557,16-01-2026 18:30,387.54
9561,317,07-07-2025 02:48,112.12
9562,277,26-03-2025 12:58,506.67
9563,3695,20-07-2025 17:28,720.48
9564,2890,02-03-2026 13:08,891.29
9565,2154,14-04-2026 22:39,766.99
9566,4089,11-06-2026 10:52,405.84
9567,3683,20-12-2025 13:44,77.85
9568,4098,26-09-2025 03:11,81.73
9569,1630,14-02-2026 12:25,320.74
9570,443,17-09-2025 02:07,72.38
9571,2015,24-08-2026 14:58,101.68
9572,647,16-10-2025 23:55,211.03
9573,2865,12-10-2025 17:51,136.6
9574,3734,13-01-2025 23:06,179.58
9575,3193,06-12-2025 18:36,205.3
9576,3319,25-05-2026 00:31,485.63
9577,3263,06-07-2025 06:25,50.84
9578,2779,15-11-2025 18:59,378.3
9579,247,08-10-2025 17:05,841.2
9580,1368,28-06-2025 04:08,85.17
9581,4028,19-03-2025 11:02,2.2
9582,2099,18-06-2026 15:07,168.76
9583,1118,01-01-2025 17:21,392.66
9584,1735,19-08-2025 05:28,244.87
9585,845,24-05-2026 04:33,21.85
9586,1012,03-08-2025 14:54,808.15
9587,352,27-07-2025 07:38,378.62
9588,3926,08-05-2025 16:26,237.63
9589,3687,15-03-2025 23:55,32.1
9590,1873,25-03-2025 23:28,182.46
9591,3831,19-02-2026 16:48,346.36
9592,2797,11-08-2026 13:09,132.97
9593,2806,19-02-2025 20:34,58.08
9594,354,05-08-2025 08:18,16.93
9595,2300,16-01-2025 13:26,243.07
9596,3517,14-08-2026 16:48,328.04
9597,1614,19-06-2025 13:57,231.6
9598,3179,29-01-2026 22:38,2203.82
9599,555,26-02-2026 01:21,732.79
9600,875,13-01-2026 07:07,285.55
9601,783,03-06-2025 01:37,125.02
9602,3515,23-04-2025 12:39,1549.78
9603,63,04-06-2025 07:25,9.72
9604,2807,15-07-2026 09:21,35
9605,1665,16-06-2026 20:17,29.31
9606,2808,18-01-2026 01:57,2209.21
9607,1977,03-05-2026 15:34,158.07
9608,3403,05-09-2025 07:40,211.02
9609,3797,25-07-2025 05:15,576.18
9610,1439,02-11-2025 06:50,471.72
9611,2341,15-07-2026 02:24,220.61
9612,4017,01-03-2025 22:44,587.77
9613,1782,28-10-2025 07:10,290.88
9614,3279,19-02-2025 06:28,89.13
9615,2298,12-03-2025 14:01,1991.78
9616,1018,27-06-2026 08:15,342.82
9617,2917,24-05-2026 20:39,939.85
9618,2620,10-03-2025 20:33,432.18
9619,3539,19-05-2026 17:33,253.32
9620,2528,31-12-2025 09:08,114.12
9621,1460,06-08-2025 02:00,873.26
9622,1087,25-01-2025 14:01,33.13
9623,2337,14-05-2025 08:56,141.77
9624,1727,31-07-2025 16:01,89.72
9625,3249,22-01-2026 14:39,582.7
9626,848,24-01-2025 09:23,10.5
9627,4511,11-07-2025 15:52,35.04
9628,3614,16-01-2025 10:59,1464.67
9629,730,13-05-2025 08:56,128.94
9630,2819,09-01-2026 03:22,145.57
9631,4357,11-08-2025 08:26,176.91
9632,688,22-04-2026 12:50,3255.71
9633,1781,27-03-2025 23:00,76.34
9634,1064,19-05-2026 18:08,531.1
9635,1386,17-01-2026 04:57,16.55
9636,3576,31-05-2026 06:22,551.01
9637,2560,19-02-2025 21:05,43.43
9638,1219,28-08-2025 17:38,595.46
9639,2973,30-04-2026 13:57,1101.93
9640,1690,27-10-2025 08:42,2829
9641,3460,02-07-2025 11:21,450.05
9642,1254,18-02-2025 18:03,18.85
9643,4473,18-01-2025 15:35,558.1
9644,2932,25-06-2025 01:27,128.63
9645,2240,07-10-2025 06:02,165.2
9646,3439,13-09-2026 23:23,2151.14
9647,2995,21-08-2025 14:12,155.2
9648,1271,01-03-2026 14:30,118.61
9649,4057,27-04-2026 14:11,399.05
9650,4473,13-04-2025 08:43,373.88
9651,859,03-01-2026 08:45,1417.59
9652,3475,02-03-2025 13:54,290.43
9653,3216,28-08-2025 17:11,175.38
9654,2016,18-04-2025 00:34,242.18
9655,2343,19-02-2026 00:15,518.19
9656,1893,23-07-2026 21:25,317.75
9657,226,15-08-2026 12:41,146.12
9658,1366,19-04-2025 17:38,225.12
9659,893,16-12-2025 04:38,1046.72
9660,224,21-12-2025 14:11,406.93
9661,3332,06-08-2026 16:50,1083.43
9662,1834,31-07-2026 19:58,90.98
9663,1787,12-09-2025 19:15,128.77
9664,1056,07-12-2025 01:40,128.82
9665,990,19-06-2025 19:03,21.85
9666,3891,15-12-2025 05:38,9.72
9667,686,26-11-2025 14:20,459.53
9668,1568,10-07-2026 08:08,848.74
9669,2547,01-05-2025 08:47,146.86
9670,1573,07-08-2026 00:54,236.84
9671,1373,30-04-2026 11:31,194.53
9672,2145,25-10-2025 03:47,3011.72
9673,3127,09-02-2026 21:57,10.18
9674,3709,20-07-2025 16:58,41.91
9675,2207,10-08-2026 09:24,2.43
9676,2920,03-06-2026 13:12,1931.04
9677,3325,20-03-2025 19:18,444.78
9678,3498,28-12-2025 05:12,441.57
9679,1232,04-08-2026 14:05,875.17
9680,1237,16-07-2025 19:27,432.38
9681,3934,29-03-2025 20:03,422.57
9682,2167,08-03-2025 20:27,314.76
9683,1513,02-10-2025 22:54,694.21
9684,3885,09-01-2025 06:54,914
9685,1387,01-07-2026 13:16,475.56
9686,3818,30-04-2025 09:20,346.67
9687,884,08-01-2025 10:01,721.63
9688,1133,16-05-2025 12:29,408.56
9689,2967,17-02-2026 04:14,90.74
9690,2951,10-04-2026 14:16,127.18
9691,1810,08-02-2025 04:49,118.4
9692,2106,27-11-2025 18:33,34.93
9693,959,04-04-2026 18:33,136.83
9694,3876,19-11-2025 08:09,103.02
9695,2984,27-06-2026 10:30,1250.22
9696,4021,11-04-2025 15:56,255.27
9697,958,16-07-2026 20:19,403.01
9698,1090,23-01-2026 21:54,257.55
9699,1091,12-11-2025 10:27,705.89
9700,2022,09-06-2025 20:59,659.72
9701,1298,03-02-2026 08:31,88.07
9702,113,26-02-2025 08:22,740.11
9703,2067,05-09-2026 18:12,130.05
9704,1183,06-02-2026 03:18,413.23
9705,2628,21-08-2025 03:23,38.44
9706,2202,30-06-2026 05:02,2.43
9707,55,04-02-2025 10:01,684.24
9708,2476,20-04-2025 15:02,219.45
9709,2838,21-07-2025 15:35,826.26
9710,122,06-03-2026 13:51,60.88
9711,1574,04-07-2026 07:22,110.42
9712,820,07-08-2025 16:49,790
9713,642,06-12-2025 03:33,17.15
9714,882,13-04-2025 02:57,384.09
9715,4499,13-12-2025 05:25,20.36
9716,980,20-07-2026 15:33,37.64
9717,2822,18-06-2025 05:03,1366.48
9718,3948,20-11-2025 06:07,664.27
9719,853,28-05-2025 11:01,114.98
9720,1375,25-05-2026 05:45,18.97
9721,3881,06-02-2026 20:23,223.94
9722,2801,02-03-2025 09:00,450.8
9723,3208,26-11-2025 03:12,3210.97
9724,3178,08-11-2025 10:15,9.76
9725,693,29-06-2025 00:28,2063.98
9726,916,02-08-2026 04:57,416.46
9727,974,21-05-2026 02:12,153.97
9728,260,19-11-2025 10:10,1449.47
9729,219,27-07-2026 06:43,6304.49
9730,3245,24-10-2025 21:53,666.1
9731,1977,27-12-2025 11:01,112.87
9732,1952,14-07-2026 16:44,254.29
9733,1672,19-07-2025 20:46,2210.54
9734,420,22-03-2025 02:32,29.28
9735,1405,06-03-2025 09:51,164
9736,3052,24-08-2026 01:26,690.62
9737,1934,07-02-2026 17:46,224.15
9738,4463,05-04-2025 16:55,668.16
9739,3307,17-05-2025 02:31,314.53
9740,3300,14-09-2026 20:12,368.93
9741,4493,28-04-2026 09:25,134.31
9742,4498,28-07-2025 14:34,427.95
9743,7,14-06-2026 00:30,656.76
9744,3170,07-02-2025 22:04,283.92
9745,3385,21-12-2025 07:01,41.91
9746,169,30-12-2025 09:19,212.94
9747,1744,13-06-2025 07:20,675.02
9748,648,06-09-2025 14:34,349.46
9749,2534,07-07-2025 23:53,1328.4
9750,3337,09-05-2025 11:47,696.3
9751,1508,28-08-2026 12:32,176.03
9752,452,19-11-2025 18:12,1757.09
9753,2262,06-06-2026 09:06,162.8
9754,894,10-06-2025 00:19,1613.79
9755,428,27-08-2025 15:11,302.87
9756,2639,16-06-2025 06:22,131.54
9757,2910,06-08-2025 15:54,1810.16
9758,31,01-06-2026 08:46,105.2
9759,618,27-05-2025 00:08,536.12
9760,3685,29-03-2025 08:14,337.51
9761,2456,25-11-2025 09:20,18.97
9762,2281,11-04-2025 04:32,298.9
9763,3317,27-04-2026 20:16,3281.48
9764,1509,18-05-2026 14:38,432.3
9765,3578,06-10-2025 09:49,2601.21
9766,66,12-09-2025 09:03,1583.17
9767,1868,27-09-2025 10:04,79.82
9768,3709,11-06-2026 22:50,297.67
9769,2803,24-07-2026 21:42,148.31
9770,1335,15-11-2025 17:25,324.89
9771,1022,24-04-2026 22:16,7.5
9772,4269,01-08-2025 19:38,460.04
9773,188,31-01-2026 22:37,280.25
9774,1650,22-05-2025 16:46,337.51
9775,2984,18-10-2025 01:40,127.84
9776,2612,14-02-2026 16:05,893.55
9777,2214,26-10-2025 03:26,66.6
9778,1480,24-11-2025 15:32,356.42
9779,2641,15-04-2025 05:17,240.33
9780,373,16-12-2025 19:52,534.67
9781,3952,05-01-2025 15:16,49.34
9782,87,15-07-2026 19:38,586.27
9783,1228,09-09-2025 00:15,121.36
9784,2646,08-07-2026 15:11,89.65
9785,3936,15-07-2026 17:06,13.05
9786,2813,08-05-2025 23:27,184.01
9787,3954,04-10-2025 16:05,424.76
9788,196,29-05-2026 16:39,100.22
9789,3603,13-05-2026 04:53,190.23
9790,1877,14-11-2025 10:11,159.29
9791,2710,09-02-2026 00:04,725.07
9792,3298,31-03-2026 15:16,234.48
9793,1721,13-09-2025 22:02,1852.08
9794,332,11-09-2026 19:25,175.38
9795,2876,27-08-2025 04:29,100.06
9796,1160,13-07-2025 05:25,20.35
9797,2961,23-01-2026 10:49,2.11
9798,2330,10-05-2026 17:43,740.69
9799,187,07-03-2026 10:31,1252.92
9800,3770,14-07-2026 11:48,1256.27
9801,3861,29-07-2026 16:59,105.95
9802,2245,28-08-2026 21:49,4819.41
9803,1006,01-02-2026 09:57,112.05
9804,1732,26-02-2025 03:55,50.79
9805,4160,01-02-2025 21:35,24.33
9806,1093,23-02-2025 21:49,38.15
9807,1368,29-03-2025 13:01,246.78
9808,535,14-01-2026 12:48,116.9
9809,3688,06-03-2026 00:26,76.68
9810,726,21-01-2025 23:34,212.45
9811,2439,28-03-2025 06:39,443.95
9812,4218,22-12-2025 00:12,514.01
9813,2708,10-11-2025 09:43,64.02
9814,487,24-01-2026 03:06,719
9815,2367,17-02-2025 21:17,254.3
9816,2613,03-02-2026 08:24,153.48
9817,2873,10-05-2025 13:37,597.24
9818,4087,25-06-2026 03:59,13.05
9819,794,24-06-2025 23:10,774.24
9820,4097,22-07-2025 01:01,201.26
9821,288,09-10-2025 11:01,698.3
9822,1434,26-02-2025 09:13,943.61
9823,3865,17-02-2026 03:06,205.98
9824,3917,04-03-2025 16:24,286.34
9825,1465,18-07-2026 13:21,990.6
9826,285,16-11-2025 04:36,41.7
9827,2418,20-11-2025 15:28,70.6
9828,2172,16-06-2026 19:46,1178.82
9829,3904,16-03-2025 10:04,380.68
9830,839,30-12-2025 20:34,601.78
9831,4164,05-08-2026 21:59,886.82
9832,2169,08-03-2025 18:26,72.73
9833,3132,08-08-2025 12:52,61.69
9834,3960,02-04-2025 18:47,607.98
9835,3537,16-12-2025 02:15,588.6
9836,3908,20-07-2025 15:16,292.56
9837,3335,27-10-2025 04:30,50.48
9838,1051,27-12-2025 09:49,14.81
9839,3113,01-04-2026 08:38,178.09
9840,2631,04-04-2025 09:26,275.2
9841,3096,12-05-2025 17:57,23.86
9842,3801,03-09-2025 22:09,732.53
9843,2505,26-06-2025 19:21,434.09
9844,3020,29-06-2026 16:43,272.89
9845,909,11-08-2025 10:17,400.09
9846,3077,05-01-2025 09:06,58.08
9847,2430,26-07-2025 16:40,36.77
9848,4506,29-06-2026 06:33,310.92
9849,494,17-08-2026 20:47,397.36
9850,2158,15-08-2025 06:13,2.95
9851,1920,04-05-2025 10:07,410.41
9852,2521,01-03-2025 09:46,349.3
9853,4205,16-05-2025 09:11,2160.95
9854,3054,14-12-2025 22:35,307.21
9855,2704,05-02-2025 19:34,3.2
9856,473,27-12-2025 17:08,505.63
9857,2540,27-03-2025 02:09,3026.75
9858,554,05-12-2025 14:59,541.37
9859,1113,27-03-2026 03:52,158.09
9860,2063,19-11-2025 15:36,677.22
9861,583,16-04-2026 19:47,1677.09
9862,2505,26-01-2025 07:54,834
9863,3570,08-04-2026 17:26,94.03
9864,2168,16-02-2026 08:14,961.31
9865,4475,16-03-2025 00:25,295.44
9866,2562,14-10-2025 20:31,872.66
9867,910,21-06-2026 11:44,748.56
9868,1562,05-09-2026 12:25,2317.03
9869,616,12-08-2025 01:45,437.64
9870,3929,06-02-2025 10:18,165.29
9871,2505,04-11-2025 19:09,337.51
9872,3901,04-03-2026 19:04,680.85
9873,736,21-07-2026 14:19,213.74
9874,1189,25-10-2025 03:41,15.76
9875,3251,20-04-2026 06:42,164.58
9876,1175,08-11-2025 06:06,615.8
9877,3678,19-05-2025 15:45,19.44
9878,4187,19-03-2025 08:01,185.96
9879,3780,11-01-2026 03:56,232.1
9880,1668,13-09-2026 13:13,462.4
9881,3089,12-08-2026 05:31,715.89
9882,2584,29-03-2026 08:37,125.02
9883,2092,07-01-2025 22:00,666.73
9884,163,19-04-2025 23:46,2926.43
9885,482,20-10-2025 13:23,316.69
9886,2795,13-05-2025 09:48,1179.5
9887,2392,25-06-2026 00:19,202.87
9888,4375,24-02-2025 22:43,205
9889,4303,05-10-2025 09:55,20.11
9890,4014,28-07-2026 08:28,114.07
9891,1743,28-05-2025 16:33,80.1
9892,4458,09-11-2025 23:34,183.48
9893,4402,22-02-2025 02:00,586.8
9894,992,30-06-2026 10:22,116.16
9895,2428,20-05-2025 12:24,2150.49
9896,4183,12-04-2026 18:51,72.11
9897,4492,26-04-2025 13:10,14
9898,2639,31-12-2025 18:03,137.16
9899,3950,30-03-2025 00:03,209.35
9900,2460,17-07-2025 01:15,536.54
9901,1655,05-01-2025 16:03,938.84
9902,4175,19-01-2026 16:11,1048.1
9903,1696,15-08-2025 23:08,161.59
9904,160,12-03-2025 06:49,84.32
9905,1014,01-01-2026 09:34,111.29
9906,4229,17-07-2025 20:32,691.42
9907,360,28-02-2025 15:37,211.04
9908,1875,17-11-2025 06:17,32.89
9909,4349,10-02-2025 05:47,143.76
9910,2248,19-06-2026 03:20,16.55
9911,3970,04-09-2026 03:36,12.42
9912,2726,17-11-2025 03:48,430.31
9913,629,24-05-2026 14:01,259.2
9914,2881,23-11-2025 11:09,548.84
9915,645,20-11-2025 08:41,19.02
9916,2819,27-11-2025 06:44,412.37
9917,3085,04-03-2025 01:08,113.66
9918,1889,10-06-2025 01:59,1390.85
9919,2560,16-04-2026 16:17,1244.59
9920,687,23-09-2025 04:49,733.81
9921,2043,02-10-2025 05:39,682.43
9922,596,07-10-2025 23:57,24.33
9923,1351,17-01-2026 09:33,704.81
9924,3470,31-03-2026 02:26,312.15
9925,4433,08-12-2025 21:13,406.56
9926,4512,19-10-2025 22:49,393.72
9927,2616,19-08-2025 10:36,206.84
9928,4096,23-03-2025 17:18,792.1
9929,409,11-11-2025 01:14,1417.4
9930,438,02-04-2026 05:43,514.54
9931,2987,22-07-2025 03:51,160.37
9932,2417,29-01-2025 21:15,326.11
9933,885,16-05-2026 05:27,10.18
9934,1327,12-01-2026 11:40,302.14
9935,2817,09-01-2026 09:01,365.63
9936,780,18-06-2026 02:21,2119.83
9937,957,08-06-2025 16:09,3.5
9938,3760,14-02-2025 11:30,170.34
9939,3847,13-04-2026 05:50,769.59
9940,309,14-11-2025 12:57,2.43
9941,3132,13-04-2026 09:42,68.13
9942,3496,20-10-2025 09:46,663.46
9943,1559,21-06-2026 14:42,57.53
9944,1352,10-03-2026 23:54,179.48
9945,454,08-08-2026 09:49,451.9
9946,4337,06-01-2026 14:19,67.56
9947,3879,05-08-2025 10:54,323.58
9948,95,15-08-2026 19:32,519.24
9949,692,29-05-2026 20:52,125.02
9950,3096,04-07-2025 09:50,778.01
9951,3121,28-01-2026 04:24,117.97
9952,4249,30-07-2025 20:23,262.49
9953,1104,15-06-2026 06:19,824.75
9954,2462,05-06-2026 02:43,511.12
9955,1223,18-11-2025 03:08,862.93
9956,3847,23-10-2025 06:15,72.64
9957,792,11-02-2026 08:05,220.81
9958,788,07-04-2026 12:06,255.01
9959,2894,23-07-2026 01:51,2894.46
9960,2083,10-02-2025 01:24,1075.59
9961,4338,28-03-2026 02:10,2.43
9962,849,07-02-2026 16:22,22.38
9963,770,27-11-2025 05:07,551.6
9964,3420,25-01-2026 10:27,248.67
9965,4179,24-01-2025 18:18,114.75
9966,3760,07-07-2025 06:24,89.82
9967,3331,22-07-2025 01:33,8.78
9968,3948,18-03-2026 17:23,357.07
9969,4172,06-01-2026 07:46,456.56
9970,1988,27-11-2025 15:22,14.57
9971,1961,06-08-2025 04:19,101.57
9972,2158,30-10-2025 11:43,411.62
9973,825,16-04-2026 23:11,166.93
9974,2841,08-08-2026 04:47,689.57
9975,1495,01-06-2026 13:42,1015.84
9976,1713,12-08-2026 13:12,123.06
9977,3867,21-08-2025 10:47,235.98
9978,690,04-05-2025 00:42,1135.42
9979,2070,27-04-2025 17:34,163.18
9980,3843,09-04-2025 08:48,309.45
9981,576,23-01-2026 23:50,280.53
9982,1481,03-06-2026 13:15,1154.81
9983,2820,15-12-2025 11:38,435.06
9984,1467,29-04-2025 10:02,177.14
9985,1999,22-10-2025 15:33,53.52
9986,2169,03-10-2025 22:48,151.65
9987,2528,14-07-2026 20:33,1034.1
9988,7,08-11-2025 00:32,147.51
9989,1791,27-01-2026 15:54,3.77
9990,1600,31-07-2026 18:04,8.65
9991,4430,09-01-2025 02:45,646.88
9992,2212,28-08-2026 14:55,879.09
9993,3388,12-05-2025 11:15,100.95
9994,2238,13-02-2025 07:17,9.72
9995,1852,02-01-2026 06:04,122.94
9996,268,14-04-2026 18:28,12.75
9997,2342,07-09-2026 20:05,765.64
9998,59,24-02-2026 21:01,463.63
9999,2950,06-04-2026 21:29,282.09
10000,349,09-04-2026 13:45,1273.26
10001,3698,08-01-2025 18:16,225.17
10002,843,10-09-2025 12:20,33.39
10003,55,15-06-2026 18:51,352.37
10004,1722,16-06-2026 16:28,537.6
10005,3978,13-04-2026 21:50,13.05
10006,2707,13-07-2025 09:06,57.44
10007,1092,06-10-2025 19:37,1394.9
10008,218,07-09-2026 19:16,346.28
10009,2034,24-01-2026 14:29,21.85
10010,717,26-11-2025 23:12,28.72
10011,643,18-04-2025 14:26,462.2
10012,965,11-08-2026 07:06,159.45
10013,1389,07-07-2025 12:01,974.48
10014,1954,25-06-2025 03:33,54.33
10015,2950,11-07-2025 15:30,286.96
10016,4005,03-04-2025 03:03,37.43
10017,4016,02-03-2025 20:59,451.75
10018,328,04-10-2025 04:39,572.87
10019,3398,30-05-2025 23:44,653.55
10020,1279,21-06-2026 21:50,1354.37
10021,3179,08-02-2026 18:28,55.98
10022,1281,10-06-2026 20:15,1057.54
10023,1371,07-11-2025 21:40,2766.79
10024,4367,15-02-2025 18:12,65.24
10025,2994,27-07-2025 21:38,35.3
10026,480,10-03-2026 16:36,36.71
10027,2875,02-04-2025 19:49,853.69
10028,3714,25-01-2026 19:57,467.03
10029,3552,30-08-2025 12:43,856.1
10030,1112,11-04-2025 17:17,640.75
10031,992,19-09-2025 05:53,76.87
10032,2236,19-08-2025 06:25,20.36
10033,3068,02-02-2026 05:29,2033.1
10034,2275,02-04-2025 07:51,238.34
10035,2230,08-12-2025 05:31,1624.8
10036,725,26-07-2026 19:15,255.59
10037,48,19-03-2025 19:38,46.25
10038,3633,10-07-2025 23:08,149.12
10039,1552,06-12-2025 17:54,323.13
10040,1841,30-09-2025 18:29,320.74
10041,3865,01-03-2026 00:28,29.3
10042,2152,02-05-2026 20:23,152.11
10043,623,17-01-2026 22:42,260.73
10044,2740,24-05-2026 13:41,217.15
10045,625,06-09-2025 15:54,67.56
10046,3434,19-03-2026 21:31,651.44
10047,513,05-11-2025 11:28,146.86
10048,3209,21-08-2025 08:47,517.14
10049,4209,17-04-2026 15:31,174.7
10050,407,11-06-2025 00:36,129.89
10051,1896,30-04-2025 12:27,783.65
10052,1228,09-03-2026 07:41,343.57
10053,4422,26-05-2026 19:44,129
10054,1465,09-11-2025 21:18,169.37
10055,2277,26-04-2025 10:27,213.76
10056,3428,09-03-2025 00:04,282.94
10057,3897,11-01-2025 22:05,125
10058,3683,27-07-2025 16:58,167.43
10059,2312,28-06-2025 09:51,152.48
10060,2735,13-11-2025 13:21,477.24
10061,2777,25-05-2026 08:21,863.84
10062,922,22-10-2025 09:43,738.22
10063,1324,04-05-2025 15:26,1825.45
10064,1493,28-11-2025 19:37,320.8
10065,1404,05-01-2025 08:10,1448.34
10066,3249,07-04-2026 17:22,431.32
10067,2740,31-01-2025 09:35,230.38
10068,344,31-08-2025 19:24,76.3
10069,2051,10-10-2025 16:52,612.59
10070,3827,10-12-2025 07:11,271.54
10071,1159,13-06-2025 12:51,8.64
10072,2463,22-02-2025 13:41,7.35
10073,196,08-07-2025 06:38,72.36
10074,3162,18-06-2025 07:20,189.09
10075,797,19-07-2025 08:02,185.61
10076,2208,05-06-2026 16:09,116.53
10077,4238,08-01-2025 07:23,253.84
10078,601,07-08-2025 07:15,1082.88
10079,1002,15-01-2026 08:29,153.21
10080,886,11-08-2025 16:11,445.14
10081,4222,04-12-2025 13:43,336.11
10082,2847,19-03-2026 08:50,481.66
10083,3970,23-04-2026 00:42,680.85
10084,1449,17-01-2025 16:11,1185.54
10085,3160,07-05-2026 21:09,20.43
10086,376,04-05-2025 16:46,302.97
10087,2714,14-04-2025 13:57,116.16
10088,1066,08-07-2026 03:26,45.52
10089,1991,18-12-2025 22:11,799.43
10090,2883,09-02-2026 19:38,273.86
10091,656,12-03-2025 21:35,263.8
10092,2447,23-02-2026 19:44,154.09
10093,666,12-01-2025 22:58,31.79
10094,777,26-08-2026 10:09,10.18
10095,3081,26-02-2026 22:43,1259.34
10096,2786,23-01-2026 22:47,14.58
10097,368,29-01-2025 10:46,1481.2
10098,1623,16-09-2025 12:00,976.88
10099,1618,20-02-2026 03:57,716.29
10100,174,24-12-2025 13:42,2.95
10101,2030,11-03-2026 02:04,391.57
10102,2398,27-12-2025 08:20,337.51
10103,1743,09-04-2025 05:29,76.75
10104,2629,01-11-2025 09:53,268.03
10105,168,18-08-2025 22:10,485.28
10106,154,09-11-2025 19:05,389.48
10107,2655,04-12-2025 00:21,380.48
10108,3827,02-09-2025 02:08,186.41
10109,699,08-05-2026 13:02,48.07
10110,1560,23-06-2026 04:27,974.81
10111,2896,19-11-2025 23:39,72.12
10112,1789,10-05-2025 11:49,441.7
10113,2553,20-02-2025 07:05,513.79
10114,2023,22-04-2026 12:13,650.82
10115,3001,24-01-2026 16:58,28.76
10116,114,13-03-2025 05:26,300.04
10117,3729,27-03-2026 14:50,126.17
10118,1770,14-08-2025 22:11,624.3
10119,3687,17-03-2025 21:39,602.13
10120,967,07-07-2025 14:56,405.01
10121,787,28-05-2025 04:23,426.78
10122,3959,05-06-2026 23:43,184.89
10123,1394,23-04-2026 06:13,433.16
10124,282,27-08-2025 03:14,170.49
10125,3328,06-05-2026 11:59,55.09
10126,3205,09-11-2025 05:06,139.15
10127,1351,13-07-2025 20:11,313.46
10128,1632,25-11-2025 23:29,78.4
10129,3864,01-04-2026 16:08,38.15
10130,1376,26-07-2025 03:46,554.27
10131,1680,28-09-2025 12:14,1092.29
10132,2205,18-08-2026 23:25,186.95
10133,3434,22-04-2026 10:12,1050
10134,2845,10-05-2025 08:19,482.12
10135,2107,05-04-2026 06:43,1021.86
10136,2963,23-09-2025 14:10,322.91
10137,3917,03-12-2025 20:15,1888.51
10138,3591,27-10-2025 06:58,1089.59
10139,3971,13-04-2025 21:00,518.52
10140,3894,23-04-2026 22:10,160.17
10141,2149,07-02-2026 21:35,493.21
10142,2136,11-09-2026 10:44,115.92
10143,2806,27-03-2025 02:43,3.77
10144,4124,04-08-2026 23:27,113.43
10145,1258,06-01-2025 22:29,825.55
10146,2061,22-04-2025 20:35,746.68
10147,587,19-12-2025 13:38,568.89
10148,1169,23-11-2025 04:52,186.45
10149,1893,26-11-2025 10:29,137.23
10150,4235,17-07-2026 09:17,28.33
10151,2836,17-04-2026 20:27,43.29
10152,1857,10-01-2025 09:08,482.28
10153,3912,09-01-2025 19:30,80.31
10154,3426,05-01-2026 15:27,1028.4
10155,3931,23-02-2026 11:15,223.52
10156,4003,06-04-2026 10:34,210.59
10157,1622,23-05-2025 12:04,318.45
10158,975,27-04-2026 10:27,132.62
10159,2810,31-07-2026 00:27,102.41
10160,2739,25-07-2025 10:56,127.45
10161,2944,09-02-2025 17:06,350.89
10162,66,04-07-2025 20:16,73.08
10163,3330,29-01-2026 21:20,214.91
10164,1494,14-10-2025 06:30,192.06
10165,4030,25-01-2025 19:06,1419.34
10166,4445,14-07-2025 13:33,1964.52
10167,4295,01-08-2026 10:56,85.24
10168,1536,25-04-2025 21:11,80.46
10169,147,11-09-2025 09:01,67.56
10170,1899,11-03-2025 21:43,175.09
10171,160,29-03-2025 22:32,102.57
10172,2833,25-05-2025 08:42,517.78
10173,73,11-02-2025 00:38,743.79
10174,2313,21-09-2025 16:34,1289.67
10175,4252,14-02-2025 17:25,34.93
10176,1363,18-05-2025 07:23,2.16
10177,3268,06-06-2025 13:29,86.51
10178,3483,12-09-2026 16:52,2033.15
10179,183,25-12-2025 00:54,33.16
10180,2659,27-05-2026 21:54,367.2
10181,4190,09-03-2026 03:45,1092.9
10182,2899,25-05-2026 21:38,61.5
10183,3439,18-04-2026 10:25,427.32
10184,1675,06-12-2025 15:23,373.16
10185,821,03-05-2025 16:56,1622.06
10186,321,20-05-2025 14:07,113.58
10187,2974,21-04-2025 03:45,226.94
10188,2251,18-01-2026 09:33,1995.4
10189,3758,10-06-2025 01:56,108.43
10190,930,15-09-2025 04:54,215.52
10191,3159,22-05-2026 02:48,462.52
10192,4377,21-10-2025 17:52,385.49
10193,3205,27-02-2026 17:42,85.4
10194,2425,20-02-2025 23:12,399.62
10195,4067,11-05-2026 19:57,130.71
10196,2475,16-01-2026 06:33,1420.27
10197,1301,04-11-2025 05:05,485.14
10198,4402,06-06-2025 10:50,248.43
10199,3720,23-11-2025 20:19,283.73
10200,4272,08-01-2026 12:10,541.86
10201,443,19-07-2026 00:45,1111.26
10202,2278,24-02-2026 10:07,961.02
10203,696,14-12-2025 12:51,1320.02
10204,3112,11-04-2025 08:28,1055.54
10205,3784,10-04-2025 14:51,49.22
10206,1622,18-01-2026 10:23,208.81
10207,4174,05-07-2025 02:11,98.44
10208,2163,25-05-2025 11:31,285.52
10209,1378,08-02-2025 07:39,79.37
10210,4236,10-09-2025 18:02,33.68
10211,2467,21-12-2025 09:58,46.8
10212,3623,29-06-2026 15:26,41.65
10213,1373,20-01-2026 21:40,1639.54
10214,3895,04-01-2025 00:53,599.23
10215,1284,05-06-2026 05:30,362.5
10216,2724,07-04-2025 06:50,201.26
10217,1188,20-05-2026 17:20,153.26
10218,4166,27-07-2026 05:22,35.3
10219,881,13-07-2025 19:45,2764.4
10220,2557,30-01-2025 14:58,738.93
10221,1958,13-02-2026 14:00,115.55
10222,962,14-02-2026 08:18,77.52
10223,1155,22-04-2025 20:56,137.35
10224,965,10-03-2025 23:30,207.51
10225,4307,06-09-2026 05:34,798.3
10226,2229,14-01-2026 11:16,568.99
10227,2927,11-05-2025 17:45,2190.62
10228,266,23-11-2025 12:42,28.59
10229,48,13-10-2025 04:41,141.8
10230,2751,13-11-2025 09:26,159.85
10231,4230,02-07-2025 05:59,1881.33
10232,1702,28-02-2026 22:19,143.01
10233,478,09-03-2026 10:12,783.2
10234,1898,12-02-2025 01:45,138.25
10235,3420,24-12-2025 07:18,111.28
10236,4509,26-05-2026 01:34,268.81
10237,3248,20-03-2025 04:22,189.09
10238,1003,28-04-2026 16:50,43.39
10239,1249,01-06-2026 06:18,248.18
10240,2388,15-11-2025 08:46,134.83
10241,2704,14-05-2026 23:56,1145.62
10242,1115,05-09-2025 14:48,560.7
10243,2266,09-02-2026 02:57,233.41
10244,2904,24-09-2025 06:02,155.06
10245,1126,13-05-2026 18:07,217.19
10246,2177,07-08-2025 16:17,267.61
10247,3502,08-11-2025 20:56,328.6
10248,3692,11-04-2026 01:03,754.03
10249,4312,21-04-2025 14:08,1682.08
10250,2864,01-01-2025 11:51,583.75
10251,2090,21-06-2026 07:21,2033.15
10252,2617,13-03-2026 05:45,32.22
10253,693,11-05-2026 05:36,96.28
10254,2093,04-09-2025 11:45,694.28
10255,155,06-05-2026 11:17,169.3
10256,227,08-06-2026 00:00,442.27
10257,776,24-05-2025 15:56,2482.51
10258,1055,24-02-2025 18:57,655.23
10259,1623,23-04-2025 12:47,954.8
10260,1047,20-07-2026 15:07,96.33
10261,3735,17-01-2026 15:42,336.34
10262,4028,17-07-2026 12:10,46.1
10263,556,16-07-2026 19:10,21.85
10264,33,21-05-2025 03:29,106.39
10265,3357,26-03-2026 00:10,131.42
10266,2468,10-04-2026 04:19,874.1
10267,3122,18-07-2026 12:30,279.42
10268,808,21-12-2025 13:51,198.03
10269,4078,10-08-2026 22:28,440.82
10270,2672,20-03-2025 00:36,38.15
10271,2384,08-05-2025 08:40,270.75
10272,3922,15-01-2026 08:50,750.43
10273,2644,22-05-2026 23:36,180.24
10274,4153,24-08-2025 23:55,213.4
10275,2428,19-05-2026 03:25,451.68
10276,1515,22-07-2026 21:46,674.42
10277,3652,24-05-2026 16:18,549.13
10278,4348,03-01-2026 16:51,67.75
10279,3078,31-12-2025 08:27,125.41
10280,2107,15-06-2026 21:32,450.68
10281,597,13-07-2025 21:58,119.56
10282,2053,23-05-2025 21:54,1376.76
10283,710,15-03-2025 14:09,1568.68
10284,4192,09-09-2025 20:19,67.27
10285,2215,16-05-2026 13:46,113.66
10286,3867,15-04-2025 02:56,353.07
10287,4304,03-05-2026 10:51,8.06
10288,2493,08-07-2026 04:32,436.73
10289,2392,08-05-2026 21:14,721.15
10290,4060,27-03-2025 21:21,47.29
10291,3257,18-02-2025 05:23,60.6
10292,4249,12-02-2025 08:09,391.17
10293,1889,30-09-2025 07:13,385.05
10294,217,20-08-2025 04:02,348.42
10295,1406,04-12-2025 20:31,92.2
10296,4118,23-08-2025 03:44,234.02
10297,1804,21-08-2026 17:46,580.65
10298,2766,23-07-2025 11:04,139.55
10299,944,10-07-2026 04:17,286.69
10300,3058,01-04-2025 02:09,546.51
10301,3202,01-06-2026 03:39,5.63
10302,1612,11-03-2025 17:59,490.93
10303,3657,08-02-2026 02:06,500.43
10304,894,20-06-2026 15:48,41
10305,2549,16-07-2026 19:04,14.63
10306,3412,31-03-2026 02:18,31.57
10307,2353,10-11-2025 23:15,1040.24
10308,2287,14-12-2025 06:19,213.69
10309,3967,13-01-2026 20:59,21.85
10310,3456,23-02-2025 16:03,625.59
10311,2170,26-05-2026 12:18,147.6
10312,1940,21-01-2025 16:30,358.8
10313,3894,31-08-2026 09:08,15.76
10314,1623,13-09-2026 17:38,2097.42
10315,546,11-04-2025 16:16,1047.22
10316,2555,08-10-2025 05:54,323.91
10317,3735,12-10-2025 03:50,29.83
10318,3415,06-06-2025 03:14,474.66
10319,3504,16-02-2025 15:05,29.05
10320,1313,22-01-2025 06:31,107.64
10321,3166,05-11-2025 12:58,217.11
10322,1371,01-03-2026 06:54,109.64
10323,3552,02-04-2025 01:58,49.22
10324,2261,31-01-2025 14:50,824.67
10325,4252,04-08-2025 23:42,444.24
10326,469,17-01-2026 22:50,91.61
10327,2645,03-03-2025 23:37,263.18
10328,4436,25-09-2025 05:26,579.19
10329,4041,15-02-2025 16:24,2.43
10330,3821,13-05-2025 05:44,131.92
10331,3269,27-03-2025 10:31,172.03
10332,1148,17-07-2026 13:21,5.9
10333,1555,07-05-2025 14:22,170.49
10334,1440,26-07-2026 01:12,251.18
10335,1587,21-05-2026 16:48,18.36
10336,2156,04-10-2025 02:24,62.53
10337,3237,01-02-2026 05:42,114.98
10338,2746,19-03-2026 07:21,166.61
10339,3320,22-01-2026 00:42,136.39
10340,2024,27-01-2025 03:20,61.43
10341,1162,12-08-2026 09:12,85.24
10342,2743,15-03-2025 05:47,143.32
10343,4031,10-05-2025 21:56,255.05
10344,4176,14-02-2025 14:32,844.61
10345,1952,04-10-2025 05:47,418.68
10346,1226,23-11-2025 01:29,51
10347,2276,16-02-2026 12:50,257.66
10348,4148,31-07-2025 02:23,630.48
10349,3867,05-02-2026 12:29,640.47
10350,607,23-05-2026 16:45,1412.92
10351,3515,15-01-2025 00:24,470.24
10352,1393,19-08-2025 12:15,811.02
10353,4437,02-03-2025 16:41,24.52
10354,2231,26-08-2026 04:06,347.38
10355,3526,30-05-2025 15:26,1056.2
10356,3274,12-03-2026 16:49,50.84
10357,1292,10-05-2025 04:34,350.79
10358,1058,21-02-2026 18:42,1510.23
10359,2936,06-07-2026 14:17,117.24
10360,3079,28-02-2026 10:59,73.74
10361,3382,06-12-2025 02:51,770.09
10362,1689,04-02-2026 03:07,67.62
10363,2090,23-05-2026 08:13,385.83
10364,923,26-01-2026 14:07,97.57
10365,4459,29-05-2025 20:49,409.43
10366,2042,29-08-2026 17:22,613.96
10367,4101,22-07-2026 23:10,452.77
10368,2918,21-11-2025 13:02,1571.37
10369,2844,12-09-2026 06:10,247.51
10370,3530,20-08-2026 01:52,86.2
10371,2369,19-06-2025 11:37,162.8
10372,4357,02-07-2025 21:28,287.03
10373,1276,14-11-2025 07:34,206.15
10374,4340,10-09-2025 13:19,43.39
10375,2257,18-07-2025 11:10,83.32
10376,2346,31-03-2025 20:44,89.83
10377,3297,05-06-2026 18:13,1573.32
10378,2212,22-02-2026 21:01,250.04
10379,2323,28-04-2026 17:55,52.39
10380,2300,25-07-2025 17:43,29.39
10381,568,17-03-2026 20:51,27.09
10382,4499,24-08-2026 03:35,34.13
10383,392,21-03-2025 16:12,650.11
10384,2218,16-07-2025 15:16,515.81
10385,738,06-05-2026 07:14,843.75
10386,821,01-06-2025 05:14,427.34
10387,50,15-04-2026 07:52,53.1
10388,2625,28-02-2026 02:55,394.34
10389,3772,12-01-2026 21:44,636.46
10390,432,20-04-2026 02:49,859.1
10391,3046,23-07-2025 22:34,625.58
10392,258,21-03-2026 00:58,56.83
10393,950,17-02-2026 03:18,18.79
10394,943,14-06-2025 13:41,2605.94
10395,3,21-03-2025 05:58,1279.29
10396,3512,28-03-2026 06:50,1348.98
10397,4191,02-06-2025 16:22,319.28
10398,1016,30-06-2025 01:54,256
10399,2481,29-06-2025 17:19,314.4
10400,2652,03-01-2026 12:24,1266.62
10401,754,15-04-2026 17:52,11.19
10402,1857,16-01-2026 06:52,10.18
10403,4328,24-03-2026 18:41,1207.84
10404,1963,29-05-2026 04:14,405.71
10405,1549,01-09-2025 18:14,328.98
10406,1328,25-06-2026 14:48,66.94
10407,1986,25-12-2025 06:34,114.78
10408,382,21-02-2026 11:51,33.81
10409,3126,14-08-2025 10:11,371.37
10410,412,23-09-2025 22:26,1883.76
10411,1551,01-06-2025 11:40,954.77
10412,3180,01-06-2026 06:00,396.51
10413,4186,02-10-2025 16:17,40.74
10414,2606,14-09-2025 04:39,1074.71
10415,3152,29-11-2025 19:31,58.08
10416,3239,22-01-2026 13:59,32.22
10417,1216,04-05-2026 11:29,152.76
10418,4319,03-10-2025 01:57,50.4
10419,70,06-07-2025 02:28,231.44
10420,2464,17-04-2026 11:19,121.81
10421,1392,14-05-2025 14:21,1545.21
10422,3994,19-03-2026 11:51,444.91
10423,190,31-03-2026 22:21,1779.11
10424,3988,19-03-2026 19:43,56.52
10425,4166,25-08-2025 21:06,714.91
10426,491,23-10-2025 10:58,221.91
10427,4487,23-03-2025 04:40,671.33
10428,3052,21-07-2025 13:59,433.15
10429,4047,15-06-2025 11:17,41.91
10430,2433,16-06-2025 10:07,337.51
10431,1652,15-04-2025 16:34,973.91
10432,1401,21-05-2026 14:41,125.02
10433,1180,15-07-2025 03:59,49.08
10434,402,07-11-2025 03:48,697.23
10435,751,19-01-2025 17:48,857.74
10436,429,03-08-2026 03:25,86.24
10437,2432,26-11-2025 07:18,68.62
10438,634,21-05-2025 01:01,965.04
10439,1814,26-05-2026 17:28,272.14
10440,1780,12-03-2025 07:07,80.31
10441,3019,23-07-2025 17:44,295.49
10442,2514,23-01-2026 10:18,151.66
10443,3392,22-07-2026 12:05,231.46
10444,3178,12-07-2025 07:01,332.25
10445,2680,29-08-2026 05:41,44.34
10446,3765,12-05-2025 16:59,149.31
10447,2580,16-02-2025 14:04,11.7
10448,2622,21-04-2025 03:28,212.85
10449,2291,14-07-2026 17:41,50.84
10450,2374,02-07-2025 19:13,727.02
10451,684,02-07-2025 09:00,43.39
10452,376,26-06-2026 16:13,368.98
10453,1102,06-08-2025 17:04,76.46
10454,2350,23-07-2025 03:22,2.2
10455,4239,07-08-2026 12:22,122.72
10456,2856,07-08-2026 17:12,14.57
10457,2212,24-08-2026 09:36,450.89
10458,716,01-02-2025 10:51,800.07
10459,390,26-01-2026 21:06,763.44
10460,1331,19-01-2026 07:48,447
10461,2715,03-02-2025 14:52,49.47
10462,4113,19-06-2026 13:09,314.14
10463,1304,26-01-2025 20:49,71.16
10464,4252,03-02-2025 13:24,529.87
10465,3678,19-03-2025 03:49,629.46
10466,1308,27-02-2025 15:02,306.77
10467,1650,20-07-2026 00:04,680.85
10468,200,19-08-2026 21:56,28.03
10469,594,12-03-2026 23:58,91.3
10470,2054,25-08-2025 14:18,232.07
10471,1542,30-11-2025 06:32,2263.73
10472,416,17-06-2026 20:05,339.72
10473,585,04-04-2025 17:03,1430.25
10474,239,16-02-2025 02:19,337.51
10475,2012,26-10-2025 12:50,163.74
10476,2925,07-02-2026 13:01,344.19
10477,2598,23-06-2026 19:01,207.3
10478,916,13-06-2025 01:08,943.26
10479,4193,12-06-2025 01:19,435.2
10480,1582,12-05-2025 04:35,208.84
10481,2037,03-01-2026 08:20,120.77
10482,3822,15-01-2025 04:05,750.47
10483,2527,09-05-2026 21:36,101.2
10484,311,09-03-2025 04:44,2013.95
10485,985,19-08-2025 10:02,81.73
10486,918,08-06-2026 04:04,724.71
10487,1731,09-05-2026 21:42,428.36
10488,1192,11-08-2026 18:17,893.04
10489,2742,09-05-2026 02:25,2.16
10490,1395,19-02-2025 17:11,86.12
10491,4410,18-04-2026 03:38,198.5
10492,1389,08-06-2025 06:36,779.25
10493,2874,18-05-2025 08:21,448.38
10494,2299,30-07-2026 02:16,887.41
10495,1692,19-07-2026 03:34,108.62
10496,3123,07-11-2025 02:12,578.13
10497,3969,15-09-2025 00:16,345.72
10498,923,13-02-2026 01:03,357.55
10499,1715,15-07-2026 19:32,431.38
10500,3729,23-06-2025 07:29,6.21
10501,3756,10-09-2026 18:16,357.62
10502,500,02-04-2026 02:31,230.98
10503,3533,06-07-2025 15:11,682.67
10504,854,12-11-2025 20:07,1538.55
10505,872,22-07-2026 13:53,91.22
10506,23,21-01-2025 23:10,49.94
10507,656,15-03-2025 10:53,152.3
10508,745,23-10-2025 08:03,37.96
10509,3040,19-10-2025 21:12,103.15
10510,730,31-01-2026 09:49,899.32
10511,1098,16-02-2025 12:25,176.95
10512,2352,04-07-2026 16:02,60.51
10513,2983,18-02-2026 22:23,123.55
10514,498,23-08-2026 00:28,1173.26
10515,2578,13-03-2025 19:14,76.3
10516,4508,20-05-2025 03:44,242.5
10517,1483,14-01-2026 18:37,468.62
10518,2050,08-05-2026 14:52,940.3
10519,79,22-10-2025 20:37,123
10520,2827,17-03-2025 14:46,73.32
10521,2112,22-02-2026 12:49,101.22
10522,2442,15-01-2025 13:14,120.66
10523,2796,12-03-2026 20:16,22.81
10524,1147,06-02-2026 17:24,229.29
10525,1919,02-03-2026 03:03,110.03
10526,197,28-06-2025 08:46,56.83
10527,1293,01-07-2025 16:15,133.12
10528,682,22-11-2025 17:32,180.23
10529,723,12-09-2026 04:10,64.01
10530,549,13-04-2025 19:47,211.91
10531,4212,22-04-2025 14:15,70.51
10532,1747,08-05-2025 01:01,882.96
10533,253,01-04-2025 07:30,587.05
10534,3866,11-08-2026 03:59,1041.25
10535,645,06-05-2026 18:47,132.54
10536,3796,02-04-2026 12:36,1111.43
10537,1791,29-06-2026 04:13,1987.21
10538,682,28-08-2025 01:14,192.06
10539,4458,19-09-2025 02:43,384.02
10540,3379,16-06-2026 06:30,104.03
10541,1513,17-05-2025 18:18,125.79
10542,4370,04-11-2025 22:51,404.88
10543,3712,28-08-2025 17:22,56.89
10544,3797,30-07-2026 07:25,87.4
10545,3597,11-03-2025 15:59,572.42
10546,2040,29-04-2026 10:04,23.23
10547,3644,06-09-2026 04:48,422.56
10548,4334,24-08-2026 03:16,110.37
10549,4220,24-01-2026 14:48,137.69
10550,3432,09-07-2026 08:12,128.63
10551,2852,02-08-2026 09:01,791.18
10552,4303,22-06-2025 06:43,58.08
10553,115,21-09-2025 18:39,477.03
10554,3525,22-09-2025 01:40,70.43
10555,1791,14-02-2026 06:09,474.77
10556,1762,08-02-2026 11:58,37.58
10557,2239,11-06-2026 13:48,624.55
10558,377,05-07-2025 12:04,661.56
10559,1728,04-05-2026 08:10,43.46
10560,3035,08-03-2025 02:39,551.02
10561,971,08-07-2025 00:18,380.9
10562,3602,21-04-2025 09:12,554.53
10563,1033,16-03-2026 22:42,918.4
10564,1653,09-10-2025 19:55,178.66
10565,548,27-04-2026 04:01,1438.21
10566,2650,19-01-2026 20:56,4.4
10567,3912,23-02-2025 21:32,113.54
10568,586,12-06-2025 09:35,67.59
10569,1594,04-08-2026 01:12,395.83
10570,1864,01-07-2025 09:26,384.12
10571,3132,26-01-2026 10:40,258.02
10572,3108,03-04-2025 21:16,394.4
10573,549,28-05-2025 15:15,37.6
10574,3945,06-07-2025 17:15,168.4
10575,4406,16-05-2026 08:27,430.17
10576,2139,15-06-2026 18:05,156.82
10577,1302,04-07-2026 14:32,170.64
10578,3337,15-06-2025 09:33,359.36
10579,4465,18-10-2025 05:13,1399.26
10580,3549,10-06-2026 15:59,1058.25
10581,2061,01-08-2025 11:40,52.66
10582,2855,06-06-2025 11:13,562.68
10583,1929,07-11-2025 19:49,141.62
10584,606,12-02-2025 05:35,71.06
10585,1365,07-06-2025 03:54,11.19
10586,4167,10-11-2025 22:29,395.46
10587,3727,22-08-2025 05:37,193.96
10588,85,23-02-2025 11:19,147.32
10589,3105,25-12-2025 15:52,134.88
10590,3017,04-09-2025 20:54,1075.25
10591,3484,15-02-2025 12:59,2759.59
10592,1708,06-01-2025 17:31,714.54
10593,4225,12-04-2025 02:31,19.53
10594,1165,05-09-2026 15:25,47.78
10595,2068,29-12-2025 03:24,195.87
10596,30,24-06-2025 18:05,1528.23
10597,512,07-12-2025 07:14,192.85
10598,3586,19-08-2025 10:54,553.19
10599,4258,22-04-2025 14:05,61.76
10600,3909,29-08-2025 20:29,291.87
10601,4365,25-03-2025 07:00,173.67
10602,4439,19-07-2026 20:10,87.87
10603,3328,19-03-2026 11:02,19.02
10604,3722,19-02-2025 09:59,866.3
10605,3581,21-01-2026 11:03,449.57
10606,2999,17-03-2026 22:52,139.09
10607,2505,17-04-2026 03:13,803.51
10608,663,08-03-2025 16:05,251.68
10609,557,31-10-2025 21:17,65.24
10610,980,22-06-2026 04:51,2075.45
10611,1583,08-04-2026 16:43,481.03
10612,3031,25-07-2026 07:35,150.95
10613,3819,26-05-2025 06:20,2.21
10614,1587,18-03-2026 18:27,106.61
10615,3544,17-05-2026 23:28,383.14
10616,893,06-05-2026 04:01,397.58
10617,3241,03-10-2025 16:55,48.54
10618,4265,03-01-2026 11:33,637.51
10619,1758,26-12-2025 21:07,530.56
10620,1339,16-08-2026 14:07,125.64
10621,4006,21-02-2025 17:58,300.33
10622,2011,24-04-2026 19:35,155.46
10623,2967,11-01-2026 19:20,297.64
10624,3523,11-04-2026 05:55,146.11
10625,39,18-08-2025 02:05,349.46
10626,1055,02-06-2025 10:58,209.35
10627,843,01-03-2026 11:02,398.85
10628,1438,19-04-2025 12:02,397.93
10629,642,06-01-2025 12:39,546.62
10630,4505,29-01-2026 15:22,418.14
10631,2946,21-02-2026 02:43,172.86
10632,442,14-08-2025 18:24,134.87
10633,3103,11-08-2025 06:58,255.74
10634,1009,27-06-2025 06:55,225.42
10635,2676,09-08-2026 02:57,919.61
10636,223,28-11-2025 16:12,585.77
10637,3486,29-10-2025 20:51,75.68
10638,3019,07-08-2026 12:04,9.76
10639,3192,02-09-2026 10:56,9.76
10640,3413,13-05-2026 03:55,814.19
10641,4133,25-11-2025 08:06,190.36
10642,1503,17-10-2025 00:10,401.09
10643,1632,16-06-2026 01:10,385.77
10644,2601,01-12-2025 17:20,104.82
10645,384,03-09-2025 06:09,44.14
10646,2726,25-03-2026 14:45,1547.12
10647,4001,01-11-2025 20:28,55.16
10648,2578,05-02-2025 17:28,520.09
10649,1923,27-10-2025 04:45,716.02
10650,2336,27-07-2025 06:04,312.98
10651,1061,30-09-2025 12:52,986.38
10652,141,24-10-2025 17:43,214.93
10653,3529,02-08-2026 10:55,948.29
10654,499,13-11-2025 18:18,139.34
10655,2488,10-08-2026 07:46,293.88
10656,3987,11-03-2026 10:28,37.76
10657,2348,28-06-2026 09:15,455.78
10658,2267,19-08-2025 21:48,379.16
10659,2094,03-04-2025 09:15,697.11
10660,1741,27-04-2025 13:50,50.84
10661,4291,09-01-2025 08:44,47
10662,3665,15-06-2025 21:57,679.5
10663,331,24-06-2025 12:09,496.01
10664,1594,22-08-2025 05:30,268.67
10665,4185,18-08-2025 03:45,359.01
10666,3243,14-08-2026 08:05,419.51
10667,1148,14-09-2025 05:10,33.7
10668,3411,20-04-2026 23:14,8.65
10669,3810,31-03-2025 01:35,756.06
10670,1637,12-02-2026 15:37,73.8
10671,348,29-01-2026 03:50,9.72
10672,2901,14-02-2025 14:23,236.87
10673,372,04-06-2025 14:28,393.01
10674,3855,27-02-2025 04:40,109.83
10675,236,01-04-2025 15:06,171.2
10676,373,26-02-2025 12:36,197.44
10677,2091,15-03-2026 19:17,525.01
10678,3649,09-03-2025 10:10,425.14
10679,2042,01-12-2025 14:09,920.03
10680,2308,03-02-2026 13:24,270.45
10681,2781,18-12-2025 05:31,1023.07
10682,2244,08-09-2026 18:51,974.48
10683,1493,02-09-2025 07:03,737.4
10684,404,10-07-2026 01:15,1411.6
10685,1343,18-11-2025 04:20,338.48
10686,2724,24-05-2026 17:04,145.48
10687,2939,09-05-2025 04:15,477.35
10688,1259,06-09-2025 04:37,865.17
10689,3548,06-01-2026 01:01,194.17
10690,1846,13-10-2025 23:27,183.48
10691,3123,01-06-2026 08:56,42.58
10692,1978,30-01-2025 01:28,144.52
10693,2970,14-03-2026 21:27,41.26
10694,4393,19-02-2026 09:18,3.5
10695,1594,16-08-2025 20:30,788.87
10696,713,26-08-2026 22:41,198.78
10697,2566,31-07-2026 18:26,7.5
10698,4397,04-06-2026 09:16,1948.96
10699,1954,11-06-2026 07:50,557
10700,2156,19-02-2026 15:52,559.12
10701,1510,17-08-2025 11:25,408.58
10702,531,27-05-2026 13:26,259.22
10703,2954,20-07-2025 19:44,326.72
10704,190,23-08-2025 21:24,364.43
10705,3703,22-07-2025 04:37,562.26
10706,3256,04-09-2026 05:35,151.3
10707,1979,19-08-2025 15:02,365.68
10708,1472,02-12-2025 14:23,230.84
10709,2330,27-11-2025 10:22,55.61
10710,432,19-08-2026 15:06,1494.92
10711,3885,23-08-2026 09:16,25.78
10712,3298,17-04-2026 20:49,616.19
10713,4148,04-08-2025 20:26,651.28
10714,1868,07-08-2026 11:27,274.78
10715,3589,20-04-2026 05:25,171.1
10716,4251,14-04-2026 07:34,478.25
10717,1588,14-01-2025 06:54,346.56
10718,1328,01-07-2026 07:25,383.39
10719,849,21-02-2025 15:30,80.31
10720,1140,11-05-2025 23:38,138.04
10721,976,05-03-2025 19:27,926.43
10722,2656,17-01-2026 15:59,622.81
10723,4255,26-05-2026 18:04,154.79
10724,2291,07-04-2025 10:17,1901.43
10725,707,12-07-2025 09:48,50.03
10726,4111,05-09-2026 18:14,368.75
10727,4426,23-11-2025 20:00,959.48
10728,3347,15-07-2025 15:19,384.12
10729,2960,07-10-2025 10:51,250.04
10730,2888,19-05-2025 09:10,127.94
10731,2456,03-02-2026 19:40,105.24
10732,4148,06-07-2026 15:13,114.63
10733,2805,18-04-2026 20:46,329.86
10734,716,05-06-2026 13:18,13.05
10735,3308,03-01-2026 18:31,812.37
10736,2191,17-03-2026 16:52,52.42
10737,3040,30-03-2025 23:09,1508.34
10738,2195,23-03-2026 01:18,38.87
10739,1493,20-08-2026 06:41,79.07
10740,100,30-06-2025 01:17,581.24
10741,2959,14-06-2026 08:51,427.79
10742,4198,21-05-2025 19:54,201.64
10743,974,09-12-2025 11:40,170.8
10744,294,25-11-2025 13:40,411.8
10745,1690,29-03-2026 19:03,322.95
10746,1698,13-08-2026 16:02,43.33
10747,2891,13-02-2026 03:54,28.72
10748,3473,20-04-2025 17:24,76.75
10749,2701,26-11-2025 11:14,94.24
10750,4494,21-05-2026 22:20,425.04
10751,3324,29-05-2026 13:56,192.63
10752,2600,26-10-2025 13:54,492.4
10753,2954,28-04-2026 02:59,223.67
10754,3973,27-07-2025 21:03,785.68
10755,3002,20-02-2025 14:36,782.19
10756,898,09-04-2025 04:55,983.26
10757,417,13-07-2026 17:56,333.85
10758,2293,03-08-2025 16:57,339.54
10759,1960,10-06-2025 01:16,1421.39
10760,1810,18-08-2026 11:19,2075.06
10761,3558,25-05-2025 10:16,182.22
10762,1430,12-03-2026 07:27,85.84
10763,2527,10-06-2026 18:50,1396.65
10764,365,14-12-2025 02:09,123.18
10765,893,16-01-2026 16:35,106.24
10766,4312,19-09-2025 08:21,148.52
10767,1717,23-05-2026 13:47,1524.19
10768,4261,19-02-2025 13:38,1457.65
10769,498,06-09-2026 02:08,895.47
10770,1567,05-07-2025 13:22,787.33
10771,3654,29-08-2026 04:59,85.24
10772,2053,28-07-2025 00:10,2094.9
10773,1855,27-04-2026 17:35,394.34
10774,1437,22-03-2026 08:48,125.02
10775,2727,22-05-2025 16:49,212.39
10776,1967,07-03-2025 19:27,195.66
10777,355,11-02-2025 06:32,200.14
10778,1447,06-07-2026 20:22,238.74
10779,3339,23-08-2026 04:13,2807.17
10780,3248,27-04-2026 16:03,1182.02
10781,4469,14-08-2026 06:27,5.9
10782,2285,09-12-2025 17:25,1687.48
10783,1184,16-02-2026 22:14,246.68
10784,3362,21-08-2026 00:07,377.12
10785,2284,31-01-2026 09:25,76.15
10786,2884,21-01-2025 02:26,240.89
10787,3093,15-09-2025 11:53,67.72
10788,3147,08-04-2025 17:06,482.71
10789,2963,10-06-2025 07:30,39.1
10790,931,20-04-2026 05:30,177.96
10791,3815,08-06-2026 20:51,464.77
10792,3856,10-07-2026 11:24,1543.85
10793,760,01-06-2026 09:15,33.86
10794,2347,10-01-2025 07:20,1499.22
10795,3163,17-10-2025 08:39,775.7
10796,1792,22-07-2025 12:37,973.61
10797,4416,05-08-2025 05:08,304.48
10798,3099,23-02-2025 23:46,82.94
10799,2906,17-05-2026 18:59,857.59
10800,1838,25-04-2025 07:33,165.56
10801,3439,19-01-2025 19:23,61.86
10802,1893,04-10-2025 20:42,67.56
10803,1180,08-06-2026 19:01,252.92
10804,1220,26-07-2026 16:05,981.4
10805,3359,17-03-2026 22:39,480.38
10806,3260,10-05-2025 17:48,1392.5
10807,4370,11-10-2025 01:26,125.82
10808,1070,15-08-2026 15:52,18.79
10809,2947,10-10-2025 00:09,539.29
10810,299,06-07-2026 18:37,726.48
10811,3096,07-12-2025 09:27,715.5
10812,2560,25-07-2025 14:53,996.53
10813,4056,12-05-2026 09:17,698.99
10814,104,22-03-2026 22:09,221.22
10815,2044,12-01-2025 05:41,950.26
10816,2507,27-02-2025 22:08,10.18
10817,3582,29-03-2026 19:08,624.8
10818,1468,26-03-2026 08:52,413.27
10819,1185,23-08-2026 13:29,805.87
10820,766,26-11-2025 07:28,1506.52
10821,2122,10-09-2026 10:26,66.6
10822,968,03-09-2026 14:04,597.13
10823,3907,28-03-2026 12:34,14.86
10824,4194,29-06-2025 10:49,63.23
10825,1154,09-02-2025 05:08,604.42
10826,37,24-04-2026 01:48,17.77
10827,4513,28-06-2026 23:02,101.9
10828,4010,02-09-2025 12:07,1263
10829,2323,30-04-2026 16:15,193.52
10830,2944,06-08-2026 12:14,754.24
10831,4069,03-08-2026 18:42,18.79
10832,2693,06-01-2025 04:43,3265.43
10833,1984,28-09-2025 07:28,468.17
10834,4095,17-01-2026 10:07,185.41
10835,637,05-09-2025 07:19,26.1
10836,1172,13-07-2026 03:08,444.58
10837,3557,04-10-2025 19:16,2913.1
10838,1034,24-02-2026 11:44,346.58
10839,3088,10-05-2026 21:54,20.11
10840,1550,03-02-2026 18:43,34.24
10841,4483,25-03-2026 03:37,251.97
10842,2166,04-07-2026 08:08,2224.77
10843,2903,08-09-2025 02:13,301.14
10844,865,18-03-2025 06:42,237.63
10845,3474,21-10-2025 17:37,51.76
10846,1476,05-09-2026 17:12,45.37
10847,1354,06-07-2026 15:06,402.35
10848,875,23-01-2025 20:12,40.73
10849,1770,17-03-2026 12:40,1557.13
10850,1175,01-09-2026 16:42,125.31
10851,3739,25-06-2025 01:10,127
10852,758,04-08-2026 10:34,96.87
10853,2674,18-01-2025 03:05,698.3
10854,402,26-05-2025 04:43,148.63
10855,3370,13-05-2026 14:51,763.72
10856,486,13-07-2026 13:00,431.27
10857,2981,23-03-2025 14:40,438.98
10858,1396,07-07-2026 22:46,1298.62
10859,153,05-07-2026 08:34,201.26
10860,2758,15-01-2026 04:27,824.75
10861,2193,31-03-2025 16:02,58.08
10862,1285,04-06-2025 10:48,885.06
10863,1935,11-05-2026 09:48,417.07
10864,2044,21-05-2025 21:12,935.16
10865,4168,19-03-2025 22:05,84.74
10866,4421,26-12-2025 20:25,711.3
10867,1592,04-07-2025 17:41,712.08
10868,2087,20-07-2025 13:29,1039.32
10869,4425,07-03-2025 00:29,739.57
10870,1416,22-07-2025 06:49,281.48
10871,3903,31-01-2025 11:23,311.03
10872,2029,07-09-2025 16:17,813.6
10873,2432,02-03-2026 17:53,113.52
10874,3796,08-02-2025 04:34,170.48
10875,1240,06-02-2026 15:51,326.99
10876,4277,26-04-2026 17:49,235.75
10877,558,22-01-2025 05:37,333.06
10878,281,15-04-2025 15:25,287.8
10879,3275,19-04-2026 16:17,567.65
10880,248,08-08-2025 00:09,870.08
10881,2517,12-12-2025 11:49,531.67
10882,3062,13-05-2026 15:23,166.05
10883,1821,26-06-2025 08:45,67.56
10884,3168,14-01-2025 18:52,580.91
10885,1487,06-05-2025 13:33,79.61
10886,3236,10-03-2025 01:20,144.54
10887,835,20-02-2026 13:08,1392.48
10888,1654,02-02-2025 02:09,844.26
10889,2820,02-12-2025 13:43,120.91
10890,2528,31-07-2026 19:30,76.01
10891,889,11-12-2025 20:29,703.78
10892,3439,25-06-2025 12:21,231.07
10893,180,22-06-2026 21:39,264.34
10894,3912,17-02-2026 06:41,505.9
10895,314,18-01-2026 14:36,251.53
10896,4334,28-05-2025 13:09,75.78
10897,1373,07-02-2025 05:23,166.31
10898,1903,21-04-2025 20:56,405.13
10899,1428,12-12-2025 22:04,597.13
10900,3277,12-05-2026 03:48,780.19
10901,4084,21-02-2025 06:38,158.17
10902,3028,31-05-2026 11:19,707.32
10903,492,09-03-2026 21:05,232.78
10904,2264,12-07-2025 21:15,526.6
10905,3690,28-05-2026 06:48,532.9
10906,3285,15-02-2025 22:26,579.19
10907,2815,13-09-2025 11:22,1634.6
10908,921,13-08-2025 11:18,623.37
10909,4023,02-05-2026 18:57,102.86
10910,2713,28-06-2025 21:18,213.91
10911,3870,21-04-2026 04:53,545.81
10912,813,01-07-2025 15:33,483.3
10913,2852,26-05-2025 06:55,698.3
10914,2430,09-11-2025 01:38,916
10915,1156,05-06-2026 08:34,65.77
10916,2468,15-07-2026 16:58,1221.9
10917,106,28-08-2026 22:23,125.02
10918,1909,13-01-2026 10:22,360.93
10919,2205,27-08-2025 21:06,285.17
10920,1003,24-05-2026 13:39,359.38
10921,215,02-06-2026 00:54,92.26
10922,1266,22-04-2026 10:54,89.61
10923,2961,17-09-2025 17:04,1456.04
10924,4004,19-07-2026 05:15,238.04
10925,2701,21-06-2026 09:20,458.58
10926,3349,21-09-2025 15:16,2845.69
10927,3896,23-01-2025 10:32,2.95
10928,3623,24-06-2026 22:55,345.04
10929,3234,05-04-2026 11:33,301.59
10930,2394,01-06-2026 03:51,35.3
10931,3004,25-12-2025 22:30,415.36
10932,3167,19-01-2026 18:13,201.04
10933,4106,09-01-2026 22:37,1434.19
10934,3698,07-01-2026 21:41,195.34
10935,943,24-07-2025 04:31,796.16
10936,759,13-03-2026 04:01,608.43
10937,1659,11-11-2025 01:24,395.8
10938,2362,04-07-2026 19:49,60.29
10939,726,24-06-2025 02:58,156.9
10940,2692,19-08-2026 14:13,100.07
10941,591,20-08-2026 06:36,145.93
10942,1552,27-08-2026 14:27,320.59
10943,3415,11-05-2025 10:35,66.35
10944,2325,30-06-2026 22:45,1523.32
10945,2778,17-05-2025 06:39,475.21
10946,2747,11-07-2025 16:19,196.08
10947,4064,17-05-2026 04:14,127
10948,1549,21-11-2025 18:06,130.94
10949,2723,20-02-2026 09:15,99.5
10950,1285,21-03-2025 01:43,389.32
10951,1112,18-01-2026 01:22,463.46
10952,2762,31-08-2026 06:31,106.13
10953,1931,05-04-2026 23:30,601.91
10954,2888,05-02-2026 08:34,317.58
10955,1507,19-06-2026 10:07,415.36
10956,608,14-11-2025 11:22,824.06
10957,1230,26-09-2025 05:18,771.84
10958,878,25-04-2026 16:31,270.02
10959,2519,06-06-2025 14:09,1710.53
10960,1270,22-02-2025 19:54,258.03
10961,2605,18-12-2025 16:29,455.83
10962,3364,25-05-2026 19:46,202.75
10963,1595,10-12-2025 01:01,310.78
10964,3469,26-05-2026 15:09,114.2
10965,2823,09-11-2025 05:32,169.89
10966,4177,25-07-2025 12:25,201.26
10967,690,30-03-2026 22:26,151.17
10968,3764,26-04-2026 06:37,664.32
10969,3391,12-06-2025 12:50,1343.69
10970,1734,29-05-2025 00:06,263.28
10971,3944,11-07-2025 04:02,441.73
10972,474,10-08-2026 13:07,1522.27
10973,3157,28-02-2025 13:58,420.97
10974,825,07-03-2025 07:45,21.85
10975,4179,20-04-2026 12:04,1342.14
10976,1127,08-09-2025 11:58,337.51
10977,2394,18-06-2026 05:33,181.14
10978,1178,22-12-2025 06:48,280.69
10979,2560,30-05-2025 22:53,215.14
10980,978,17-08-2025 21:57,4.86
10981,4089,30-08-2026 00:07,714.63
10982,1241,02-12-2025 08:45,97.47
10983,3215,18-05-2025 07:18,1462.81
10984,1453,23-07-2026 08:58,1054.44
10985,2516,16-09-2025 20:47,433.39
10986,1899,26-02-2026 00:32,117.96
10987,3201,09-11-2025 22:59,160.62
10988,419,31-07-2026 21:13,114.98
10989,3707,02-01-2026 04:52,418.74
10990,3272,30-05-2026 10:16,358.27
10991,2834,23-07-2025 05:31,18.79
10992,2485,03-08-2025 03:35,2830.04
10993,156,22-01-2026 09:47,692.72
10994,1277,23-07-2026 22:57,153.5
10995,2914,27-02-2026 12:12,52.11
10996,438,13-07-2026 12:13,289.42
10997,171,05-05-2025 20:54,872.82
10998,213,30-04-2026 18:19,370.45
10999,1896,19-07-2026 00:27,175.86
11000,565,01-05-2026 14:10,312.42
11001,3558,17-07-2025 02:10,663.84
11002,1406,15-06-2025 05:55,433.79
11003,463,19-03-2025 19:35,1041.25
11004,3210,02-03-2025 10:31,237.92
11005,3966,22-06-2026 19:46,125.2
11006,2570,17-08-2025 20:48,95.21
11007,1609,24-10-2025 03:11,2.43
11008,2672,10-03-2025 05:55,141.75
11009,712,06-02-2026 05:31,2312.89
11010,3085,12-09-2026 23:31,14.63
11011,2169,23-03-2025 13:16,1026.56
11012,3878,10-09-2025 07:05,59.84
11013,3525,03-07-2026 16:03,100.88
11014,336,12-11-2025 15:01,273.09
11015,2440,25-06-2026 23:49,302.42
11016,132,19-11-2025 14:35,1709.35
11017,4027,17-10-2025 09:18,500.97
11018,1785,21-09-2025 02:39,335.56
11019,1337,03-12-2025 08:45,512.29
11020,3310,15-03-2025 14:55,82.31
11021,2536,01-03-2025 13:55,51.01
11022,1720,16-07-2026 18:12,131.87
11023,1643,26-03-2025 09:49,172.22
11024,2547,09-08-2025 14:55,435.76
11025,1555,15-05-2026 05:04,1964.53
11026,2680,30-08-2025 23:24,421.39
11027,4143,10-09-2025 04:38,246.43
11028,2267,25-12-2025 09:15,176.47
11029,1085,17-05-2026 11:58,429.23
11030,565,12-08-2026 09:26,281.75
11031,3679,10-09-2025 09:35,75.33
11032,2375,28-03-2026 00:49,30.19
11033,2703,17-01-2026 22:15,31.63
11034,14,11-01-2025 11:24,428.9
11035,4452,19-07-2026 20:06,181.93
11036,303,22-03-2025 06:03,43.39
11037,2664,25-02-2025 14:30,621.88
11038,3259,14-09-2026 20:15,1029.95
11039,2120,30-05-2026 21:15,9.72
11040,2539,16-07-2026 12:34,877.63
11041,2757,30-04-2026 16:23,18.36
11042,2234,19-12-2025 00:30,1190.15
11043,1047,07-08-2025 12:12,317.6
11044,1368,17-11-2025 01:47,117.24
11045,2174,04-02-2026 12:50,56.83
11046,3072,03-12-2025 04:49,267.79
11047,658,18-05-2025 21:13,249.22
11048,1984,13-01-2026 09:54,44.06
11049,1219,10-08-2025 12:18,174.69
11050,4013,13-07-2026 01:28,292.46
11051,3744,22-12-2025 07:18,776.71
11052,3582,31-05-2025 03:21,1259.05
11053,2745,16-02-2025 23:13,9.37
11054,4339,15-01-2026 08:18,1830.38
11055,1383,21-03-2026 15:04,485.85
11056,3740,03-09-2026 23:51,2171.15
11057,4526,16-07-2025 19:32,9.76
11058,750,08-11-2025 14:49,732.64
11059,1835,12-02-2026 05:07,263.86
11060,1929,07-01-2025 04:19,201.05
11061,3289,26-01-2025 10:33,331.06
11062,1572,03-03-2026 05:12,674.69
11063,4505,10-04-2026 02:48,2937.63
11064,3003,04-01-2026 07:52,1085.78
11065,416,22-02-2025 03:57,65.68
11066,3131,15-10-2025 04:10,605.82
11067,1772,25-06-2026 07:28,991.04
11068,3142,06-10-2025 07:11,427.25
11069,1858,08-08-2025 09:19,1103.04
11070,3452,12-11-2025 02:46,1400.37
11071,2233,04-09-2026 04:39,97.85
11072,1953,25-06-2025 03:44,278.21
11073,3409,07-03-2025 04:30,35.3
11074,2561,24-04-2025 17:43,177.81
11075,388,25-06-2025 05:22,684.78
11076,1884,02-05-2025 08:49,1402.7
11077,2193,10-08-2026 22:06,546.14
11078,3185,20-03-2025 21:18,742.13
11079,1773,05-04-2025 13:14,222.53
11080,4451,21-07-2026 00:25,384.88
11081,2211,05-01-2025 09:31,718.92
11082,3985,04-01-2026 14:06,170.14
11083,2519,23-07-2025 23:33,114.72
11084,2924,04-10-2025 11:21,675.91
11085,408,25-01-2026 12:50,579.92
11086,4351,19-06-2026 17:56,750.83
11087,272,23-06-2026 19:45,443.99
11088,1205,06-10-2025 00:06,95.01
11089,4328,13-06-2025 12:23,1325.02
11090,1915,08-03-2025 23:55,409.19
11091,2981,18-06-2025 22:30,1078.04
11092,337,18-02-2025 03:02,138.07
11093,2053,03-03-2025 22:07,193.2
11094,2236,05-08-2026 16:43,698.23
11095,3240,30-01-2026 07:54,764.88
11096,337,20-04-2026 15:22,124.39
11097,2704,02-07-2026 23:52,349.42
11098,2009,01-09-2025 13:47,192.06
11099,949,08-08-2025 13:01,379.49
11100,2248,30-09-2025 09:42,122.56
11101,1156,15-08-2025 10:36,260.8
11102,2889,26-10-2025 04:55,100.01
11103,3969,20-02-2025 19:51,1102.06
11104,1542,05-07-2026 23:46,45.59
11105,3711,09-12-2025 12:15,270.09
11106,1655,27-01-2025 01:52,2382.99
11107,2380,21-06-2025 09:53,629.67
11108,3127,16-06-2026 06:49,742.19
11109,1592,25-08-2025 16:42,783.19
11110,74,24-12-2025 18:28,337.51
11111,2381,21-08-2026 05:45,1059.72
11112,292,06-07-2025 20:59,578.32
11113,2325,24-01-2025 16:20,18.79
11114,3519,26-08-2026 19:05,604.44
11115,2779,09-08-2025 08:57,62.85
11116,2737,07-09-2025 01:44,56.48
11117,3726,01-11-2025 18:10,974.48
11118,587,04-07-2025 00:20,1057.97
11119,97,16-04-2026 10:37,49.29
11120,4347,22-09-2025 06:50,1494.01
11121,2831,09-09-2026 13:28,395.59
11122,4212,30-12-2025 07:01,1886.24
11123,4385,10-09-2026 15:27,34.65
11124,2403,12-11-2025 13:47,346
11125,2405,14-11-2025 07:19,294.23
11126,2583,11-05-2026 07:12,38.27
11127,2429,13-08-2025 19:55,500.06
11128,2539,24-06-2026 20:06,5.38
11129,3072,13-02-2026 08:43,1105.52
11130,3332,30-09-2025 00:28,348.43
11131,1537,30-10-2025 16:27,67.48
11132,1084,09-07-2025 07:49,338.5
11133,1738,21-06-2026 23:31,56.15
11134,4344,20-12-2025 02:44,655.95
11135,521,03-09-2026 09:23,175.86
11136,299,14-03-2026 12:43,2660.14
11137,2786,17-01-2025 17:20,214.74
11138,2446,11-04-2025 21:26,337.51
11139,2899,06-08-2025 01:36,656.74
11140,4357,16-11-2025 13:24,133.86
11141,1220,27-09-2025 08:50,198.88
11142,4146,28-01-2025 05:53,18.79
11143,2334,25-06-2026 07:32,598.24
11144,583,12-09-2025 06:18,15.76
11145,2858,15-07-2026 14:48,41.3
11146,872,25-07-2026 23:11,1425.66
11147,2803,11-04-2025 01:22,192.06
11148,34,21-11-2025 20:33,314.18
11149,740,11-11-2025 19:27,321.52
11150,262,20-08-2026 16:19,834.36
11151,4103,12-10-2025 05:39,587.55
11152,1540,03-04-2025 08:41,886.8
11153,1168,02-11-2025 00:49,9.49
11154,1161,13-02-2026 15:52,54.97
11155,1549,04-03-2026 08:36,113.46
11156,4121,17-12-2025 16:47,970.12
11157,2736,06-04-2025 05:11,203.98
11158,955,06-09-2026 07:46,24.52
11159,120,21-07-2026 18:10,2579.72
11160,2582,06-06-2026 12:00,184.52
11161,4244,11-01-2025 23:54,262.57
11162,2254,20-05-2025 18:30,538.17
11163,2082,01-06-2025 00:19,437.98
11164,1454,10-10-2025 09:17,139.93
11165,168,07-03-2025 04:50,244.63
11166,2724,09-07-2025 15:34,293.54
11167,1049,28-08-2025 12:13,546.19
11168,2133,29-01-2026 11:19,80.1
11169,4232,15-11-2025 11:30,243.61
11170,4399,23-07-2025 08:21,76.94
11171,1013,20-06-2026 00:59,100.86
11172,1232,15-06-2025 19:56,374.59
11173,2571,31-05-2025 21:16,28.59
11174,327,03-09-2026 16:50,73.74
11175,193,13-04-2026 12:56,422.96
11176,2198,28-03-2026 07:18,65.65
11177,642,17-11-2025 23:55,735.17
11178,4336,01-01-2025 17:27,35
11179,3917,23-08-2025 02:35,90.31
11180,1055,12-07-2025 15:06,340.71
11181,3491,07-11-2025 16:29,735.49
11182,3702,06-01-2026 09:57,477.62
11183,3494,11-09-2026 00:35,80.09
11184,480,03-04-2026 15:18,558.16
11185,307,08-12-2025 20:30,144.31
11186,1407,03-04-2025 21:34,1721.67
11187,2542,04-12-2025 19:59,433.02
11188,93,07-07-2025 23:40,101.71
11189,3225,22-09-2025 11:23,975.96
11190,773,17-03-2026 20:16,485.28
11191,573,01-08-2025 06:08,150.35
11192,1314,27-08-2025 03:55,179.44
11193,1006,05-01-2026 21:56,143.81
11194,242,09-04-2025 01:48,164.5
11195,1735,18-09-2025 05:36,296.79
11196,3276,27-09-2025 22:29,559.04
11197,399,02-12-2025 09:55,1276.27
11198,132,24-01-2026 15:26,481.54
11199,1911,24-08-2025 23:29,218.16
11200,3017,24-10-2025 22:17,2337.27
11201,1956,25-07-2026 02:12,2812.78
11202,4146,10-04-2025 00:26,155.35
11203,4189,14-03-2026 16:53,1403.53
11204,705,21-02-2026 17:10,713.78
11205,4033,16-12-2025 03:41,2044.59
11206,1127,21-04-2025 02:06,115
11207,919,24-04-2026 07:53,283.54
11208,2802,14-11-2025 12:05,172.03
11209,374,11-05-2026 15:47,315.31
11210,2795,18-07-2025 23:42,57.15
11211,3198,22-06-2026 16:37,108.92
11212,4146,03-03-2026 10:31,63.68
11213,4187,09-09-2025 20:26,309.1
11214,543,02-08-2025 17:48,7.31
11215,3120,13-03-2026 09:07,239.11
11216,159,03-04-2025 04:30,169.56
11217,1629,29-01-2025 10:54,10.52
11218,3335,13-11-2025 10:45,107.54
11219,2928,02-06-2026 13:05,168.84
11220,683,02-03-2026 22:34,405.75
11221,3742,26-05-2026 06:49,366.25
11222,91,22-10-2025 00:44,241.99
11223,665,13-03-2026 04:13,921.9
11224,4424,03-07-2025 03:06,3.81
11225,206,04-12-2025 00:31,89.18
11226,1327,28-07-2025 22:21,1012.53
11227,4411,16-01-2026 03:35,164.69
11228,2517,16-05-2026 23:15,337.51
11229,4045,27-08-2025 12:47,354.57
11230,3045,05-08-2025 06:50,1121.35
11231,2157,17-04-2025 04:49,415.46
11232,2144,14-07-2026 20:23,1538.13
11233,3274,26-05-2025 11:14,507.44
11234,1073,04-03-2026 04:06,141.77
11235,4099,22-05-2026 20:32,50.84
11236,3206,18-10-2025 07:05,330.4
11237,965,17-11-2025 18:09,210.26
11238,3315,29-03-2025 20:48,375.06
11239,2973,16-12-2025 16:40,170.48
11240,3756,26-05-2025 16:37,125.43
11241,1985,13-05-2026 07:28,805.78
11242,3766,23-02-2025 04:40,583.39
11243,543,15-11-2025 06:05,93.78
11244,3108,07-07-2025 03:05,407.5
11245,3142,25-11-2025 15:07,259.69
11246,4172,09-01-2025 07:02,312.77
11247,2021,06-01-2026 23:55,251.19
11248,3785,17-12-2025 11:08,180.02
11249,3589,16-02-2026 18:21,874.6
11250,3700,05-03-2026 16:50,91.74
11251,2473,03-07-2026 14:38,186.44
11252,928,03-03-2025 01:23,248.7
11253,1510,27-01-2026 20:13,850.83
11254,3504,04-11-2025 16:27,49.21
11255,1960,23-02-2025 01:59,1071.68
11256,3244,12-06-2025 20:57,64.02
11257,1340,05-05-2025 20:11,314.36
11258,1015,20-06-2026 02:35,336.23
11259,3628,07-09-2025 15:11,293.08
11260,1769,14-04-2026 15:46,404.77
11261,3693,07-01-2025 13:22,60.71
11262,2285,14-07-2025 21:09,2829.87
11263,4049,25-05-2026 01:52,1231.16
11264,3664,14-09-2026 18:49,124.93
11265,3155,31-12-2025 10:56,362.28
11266,624,09-06-2026 14:17,383
11267,3888,01-05-2025 09:16,114.98
11268,4139,05-06-2026 00:07,119.03
11269,179,12-02-2025 13:24,280.73
11270,3819,22-01-2025 22:57,144.55
11271,675,15-06-2026 09:57,2120.55
11272,1751,05-10-2025 11:13,38.99
11273,4351,07-04-2025 11:56,25.85
11274,2892,10-12-2025 21:09,297.53
11275,1667,08-08-2026 13:53,666.82
11276,3109,05-03-2025 20:37,196.8
11277,2670,30-07-2025 00:05,927.18
11278,1152,08-06-2025 00:47,834.48
11279,1610,13-05-2026 06:47,133.58
11280,106,14-02-2025 00:51,1231.07
11281,1162,30-06-2026 02:27,493.15
11282,3629,27-04-2026 06:34,50.84
11283,3228,29-11-2025 02:15,90.74
11284,2687,10-01-2026 06:42,475.28
11285,600,05-09-2026 01:34,63.76
11286,151,14-10-2025 02:52,1943.87
11287,4234,15-05-2025 14:28,2867.72
11288,55,29-01-2025 12:40,116.16
11289,710,02-01-2026 16:16,181.14
11290,3430,23-08-2025 19:13,67.56
11291,1269,07-09-2026 14:36,37.94
11292,2975,05-02-2026 03:41,1597.57
11293,2546,10-03-2025 14:53,229.37
11294,4401,03-07-2025 04:00,349.64
11295,1755,28-07-2025 00:59,1305.84
11296,3290,10-07-2025 14:05,794.3
11297,1935,17-08-2026 15:32,41.91
11298,1398,26-10-2025 07:18,287.15
11299,1613,20-05-2025 12:29,248.18
11300,2281,30-05-2025 13:05,54.15
11301,166,06-09-2025 07:37,1643.72
11302,3825,18-06-2026 07:50,394.42
11303,5,12-10-2025 16:44,12.75
11304,1374,14-01-2025 21:16,65.09
11305,2776,19-08-2025 19:36,19.03
11306,3242,19-06-2026 04:27,363.21
11307,3872,10-11-2025 02:05,85.85
11308,4482,23-07-2025 16:56,59.06
11309,841,21-03-2026 09:42,113.12
11310,3102,19-01-2025 16:19,37.86
11311,4517,14-11-2025 17:06,187.1
11312,2499,30-03-2025 17:40,397.59
11313,4362,07-01-2025 12:42,1084.41
11314,2278,05-05-2025 02:58,190.39
11315,2470,02-09-2026 00:59,343.56
11316,4009,21-12-2025 13:57,2.11
11317,3779,25-06-2025 00:33,147.46
11318,631,14-03-2026 10:42,157.23
11319,37,01-08-2025 19:27,219.57
11320,339,17-09-2025 16:01,651.16
11321,2260,19-03-2025 01:41,347.46
11322,2727,14-09-2026 17:12,228.63
11323,2978,05-01-2025 21:35,517.99
11324,2765,05-08-2026 04:09,260.81
11325,3116,23-04-2026 02:47,932.42
11326,2261,16-01-2026 08:18,487.24
11327,1380,12-05-2025 19:57,803.38
11328,1743,16-01-2025 16:40,223.12
11329,3420,11-12-2025 04:22,212.06
11330,2055,05-04-2025 19:44,350.73
11331,1103,05-07-2026 03:23,356.14
11332,4236,24-06-2025 20:18,81.73
11333,3086,11-10-2025 16:41,390.31
11334,3781,23-08-2026 16:40,212.31
11335,2137,10-07-2025 00:42,171.44
11336,2848,23-05-2025 04:48,3.77
11337,1151,29-04-2026 19:15,871.52
11338,3109,07-11-2025 03:16,220.91
11339,1587,11-05-2026 13:17,127.22
11340,372,20-08-2025 18:37,923.72
11341,1974,03-03-2025 20:09,790.78
11342,2146,30-07-2026 07:59,216.59
11343,950,11-02-2026 09:08,1492.46
11344,4126,15-05-2025 16:02,126.51
11345,427,18-12-2025 05:07,85.24
11346,2413,16-02-2025 23:23,22.38
11347,1957,17-08-2026 20:19,180.62
11348,923,19-01-2025 21:16,587.01
11349,4365,11-11-2025 18:44,66.6
11350,4108,18-02-2025 08:11,100.98
11351,1456,05-04-2026 03:28,1042.92
11352,97,21-04-2026 01:20,69.77
11353,1204,23-05-2025 19:43,1187.16
11354,564,12-11-2025 20:26,2.2
11355,3598,02-02-2025 04:36,1089.29
11356,4412,27-06-2026 05:29,2970.03
11357,2547,17-03-2026 17:11,62.47
11358,4310,10-07-2025 13:16,336.34
11359,740,19-05-2025 11:35,64.09
11360,1645,10-04-2026 09:34,273.53
11361,3805,15-09-2025 08:52,736.23
11362,2555,30-07-2026 18:01,233.14
11363,3334,13-11-2025 15:16,212.71
11364,3281,08-09-2026 05:39,376.65
11365,1954,19-08-2026 02:57,87.75
11366,3993,26-11-2025 19:33,451.68
11367,4122,17-03-2026 21:23,1276.16
11368,1591,14-07-2026 21:54,111.46
11369,1533,20-06-2026 00:00,30.59
11370,651,25-03-2026 05:57,106.79
11371,25,12-01-2025 16:02,182.96
11372,4291,30-01-2025 22:56,189.92
11373,764,09-02-2025 09:03,59.55
11374,1625,16-08-2026 21:53,198.94
11375,2333,31-10-2025 10:21,147.86
11376,938,02-08-2025 17:28,199.36
11377,595,16-01-2026 00:10,848.74
11378,2288,21-11-2025 07:04,133.95
11379,456,10-02-2025 10:08,495.98
11380,1330,07-04-2025 01:08,840.67
11381,1594,01-01-2025 02:41,1730.71
11382,2431,06-03-2025 10:26,36.78
11383,928,23-10-2025 11:49,1004.63
11384,3078,10-05-2026 22:10,368.38
11385,4312,01-04-2025 06:16,455.18
11386,1596,06-09-2026 02:53,757.16
11387,2515,11-04-2025 09:30,215.89
11388,881,11-02-2025 17:31,124.3
11389,298,24-01-2025 04:21,179.03
11390,1112,08-03-2026 19:41,317.35
11391,2219,21-03-2025 05:37,189.03
11392,4261,07-11-2025 03:04,190.79
11393,2622,21-05-2025 00:39,148.79
11394,239,02-09-2026 08:53,1915.28
11395,510,10-04-2026 17:11,218.58
11396,3593,05-02-2026 00:52,247.15
11397,585,13-03-2025 03:19,487.24
11398,1621,10-01-2025 19:26,949.91
11399,1401,02-04-2025 22:45,85.4
11400,2536,31-07-2026 22:59,554.54
11401,1922,15-11-2025 22:11,632.97
11402,2537,30-03-2025 00:20,880.99
11403,1151,23-08-2025 19:07,87.69
11404,1849,24-06-2026 23:26,126.27
11405,436,15-02-2025 09:24,632.84
11406,1432,15-01-2026 13:43,125.12
11407,3296,16-03-2026 01:20,812.3
11408,3235,18-01-2025 22:49,633.17
11409,942,08-06-2025 02:26,179.84
11410,882,17-07-2025 18:32,364.93
11411,1687,10-06-2025 09:17,104.54
11412,254,27-06-2025 22:54,1148.64
11413,2348,02-12-2025 06:26,59.71
11414,1599,22-11-2025 10:36,372.51
11415,3058,29-04-2025 09:49,548.89
11416,1391,02-12-2025 19:36,18.53
11417,3808,17-04-2025 10:26,116.68
11418,2101,21-06-2025 16:41,1301.25
11419,3001,13-05-2026 01:03,508.81
11420,200,16-09-2025 18:17,125.97
11421,3300,12-01-2025 15:35,900.65
11422,1277,29-11-2025 07:47,821.14
11423,3255,26-03-2026 00:41,278.37
11424,1268,29-05-2026 09:33,490.87
11425,1399,05-01-2026 06:29,1661.39
11426,3997,14-09-2025 14:28,1473.75
11427,3678,19-07-2026 09:55,354.85
11428,3936,03-03-2025 16:31,198.47
11429,24,07-03-2025 15:58,338.44
11430,3081,22-08-2026 14:13,1400.12
11431,4347,15-01-2026 14:42,58.99
11432,3030,13-04-2026 07:11,224.66
11433,3065,14-02-2025 13:31,773.83
11434,761,24-12-2025 14:44,1461.99
11435,1500,11-01-2025 14:34,24.79
11436,1547,23-07-2026 22:53,364.24
11437,4519,09-06-2026 19:20,719.63
11438,3220,14-03-2025 19:27,586.07
11439,941,06-07-2026 07:08,365.02
11440,400,09-03-2025 17:53,509.93
11441,746,19-03-2025 11:53,1452.43
11442,3111,01-06-2026 12:07,162.98
11443,148,14-04-2026 13:57,368.52
11444,1388,14-05-2025 11:08,490.07
11445,631,08-05-2025 07:03,92.74
11446,2389,01-11-2025 19:11,18.61
11447,332,28-03-2025 03:09,796.79
11448,865,05-03-2025 15:34,1095.3
11449,3358,30-08-2025 09:55,485.97
11450,2040,15-07-2026 22:07,69.27
11451,283,01-10-2025 03:01,344.64
11452,1814,10-08-2025 17:09,189.16
11453,874,07-01-2025 21:54,462.99
11454,1244,16-02-2026 00:12,370.08
11455,2930,02-04-2025 04:29,216.07
11456,257,29-05-2026 07:49,59.41
11457,4390,22-02-2026 23:46,98.68
11458,2422,18-03-2025 08:33,1127.17
11459,3264,24-11-2025 00:01,128.69
11460,1099,25-11-2025 21:27,51.43
11461,3238,01-02-2026 00:01,1721.42
11462,3664,08-07-2025 06:14,184.81
11463,1654,09-02-2025 08:14,2793.2
11464,4496,26-09-2025 08:19,125.49
11465,3761,29-03-2026 22:01,884.07
11466,2843,02-02-2025 00:48,1285.48
11467,3323,19-03-2025 21:20,1169.67
11468,4154,20-02-2026 11:38,158.92
11469,4292,10-04-2026 13:20,147.42
11470,4280,05-04-2025 10:55,487.44
11471,1672,29-08-2026 10:37,582.37
11472,3390,30-01-2025 16:44,107.74
11473,2295,04-07-2026 05:43,2439.23
11474,1471,18-08-2026 09:35,806.85
11475,1202,19-11-2025 14:07,208.44
11476,1632,22-03-2026 17:01,116.16
11477,1346,25-07-2026 14:00,632.62
11478,2690,29-11-2025 10:32,288.34
11479,2320,05-09-2026 23:52,164.77
11480,3163,22-07-2025 14:52,75.41
11481,4185,28-07-2025 04:24,65.41
11482,2,04-06-2026 09:06,258.91
11483,3510,19-05-2025 11:44,10.5
11484,928,28-11-2025 14:11,105.52
11485,3626,04-06-2026 22:43,5.9
11486,4405,29-05-2025 04:52,183.27
11487,3037,10-01-2026 09:51,149.68
11488,881,21-07-2025 10:54,181.14
11489,892,22-08-2026 19:34,825.7
11490,3638,31-01-2026 06:00,258.22
11491,2488,10-03-2026 15:45,452.17
11492,3185,15-04-2026 03:44,439.77
11493,3106,17-03-2026 17:30,13.7
11494,2438,07-11-2025 12:58,8.64
11495,630,07-03-2026 11:11,95.3
11496,1816,18-07-2025 08:30,70.6
11497,2525,29-01-2026 22:21,470.66
11498,20,10-02-2026 00:26,488.99
11499,1384,03-06-2026 03:39,248.96
11500,2027,23-02-2026 10:26,435.31
11501,745,28-09-2025 10:02,37.06
11502,3597,19-03-2025 02:34,28.51
11503,2723,12-01-2026 14:13,734.11
11504,276,10-02-2026 21:23,248.66
11505,1535,14-08-2026 23:12,534.51
11506,252,24-10-2025 12:35,10.51
11507,3425,23-03-2026 02:18,177.93
11508,3207,07-02-2025 14:17,216.13
11509,266,14-04-2026 16:45,51.46
11510,2334,14-07-2026 18:25,63.89
11511,402,23-09-2025 20:35,2.43
11512,1294,30-03-2025 23:45,75.01
11513,275,18-04-2025 22:56,332.35
11514,2966,02-09-2026 08:03,606.94
11515,2279,11-01-2026 02:55,351.94
11516,4134,12-07-2026 18:25,57.66
11517,3477,21-03-2026 23:21,391.96
11518,4057,15-05-2026 06:46,84.2
11519,853,02-04-2025 09:36,199.24
11520,4322,28-11-2025 06:54,404
11521,2022,24-03-2025 05:30,1222.03
11522,1566,24-03-2025 15:16,651.2
11523,853,10-03-2026 03:55,37.58
11524,792,14-03-2026 21:32,62.6
11525,1080,20-01-2025 21:43,1145.5
11526,2668,15-08-2026 02:54,4.22
11527,4210,08-06-2025 01:48,173.76
11528,1438,11-01-2026 15:37,240.24
11529,1233,18-05-2025 18:18,84.77
11530,1060,04-06-2026 23:13,1012.53
11531,3664,14-07-2026 21:00,1128.73
11532,3912,21-07-2025 04:31,261.75
11533,1436,06-09-2026 18:12,85.24
11534,105,24-05-2025 14:40,133.23
11535,3726,12-09-2026 15:46,64.09
11536,183,08-10-2025 05:32,107.5
11537,1258,21-02-2026 18:47,118.75
11538,2234,22-03-2026 09:54,1760.69
11539,3496,02-08-2026 09:22,428.66
11540,3655,08-02-2025 02:45,81.35
11541,2966,28-06-2025 16:20,43.39
11542,727,05-02-2025 09:52,104.92
11543,4182,22-10-2025 11:47,726.89
11544,3856,12-05-2026 10:30,281.61
11545,3032,03-01-2025 05:31,13.64
11546,4097,04-08-2026 15:34,111.58
11547,4063,27-07-2026 11:44,1490.4
11548,1031,23-09-2025 19:50,97.98
11549,4236,07-04-2026 01:33,1007.04
11550,4407,04-08-2025 18:59,1361.7
11551,3264,10-05-2026 07:06,90.08
11552,4050,02-06-2026 21:32,268.7
11553,3393,01-09-2025 15:20,179.19
11554,985,07-09-2025 07:49,2559.68
11555,1471,10-04-2026 23:35,377.97
11556,338,05-08-2025 06:51,20.36
11557,203,19-06-2026 17:30,818.54
11558,1448,23-07-2025 22:49,1617.93
11559,1193,17-11-2025 13:48,386.51
11560,62,10-09-2026 21:24,932.21
11561,2747,04-06-2026 04:27,149.28
11562,2648,24-03-2025 00:42,828.26
11563,1300,20-07-2025 09:32,314.21
11564,1280,07-02-2025 20:06,27.75
11565,956,02-05-2026 14:14,257.4
11566,3771,28-05-2026 22:59,277.36
11567,161,22-03-2025 03:31,751.46
11568,1907,06-02-2025 17:18,257.85
11569,4184,27-08-2025 19:13,546.73
11570,1972,09-01-2025 02:30,81.66
11571,848,20-06-2025 08:25,110.99
11572,702,17-01-2026 14:59,104.94
11573,3486,15-01-2025 21:49,181.96
11574,2594,18-06-2025 05:20,1539.28
11575,490,07-09-2025 21:57,692.15
11576,867,08-03-2026 23:37,687.99
11577,698,03-02-2025 14:46,448.4
11578,2117,10-03-2026 10:53,150.93
11579,1145,04-01-2025 05:32,174.07
11580,578,12-09-2026 02:36,318.87
11581,271,14-12-2025 07:51,169.97
11582,176,22-06-2026 01:34,82.64
11583,1776,23-10-2025 07:50,523.06
11584,1500,19-09-2025 05:56,376.26
11585,2510,21-01-2026 20:56,189.25
11586,1039,31-12-2025 08:24,32
11587,662,01-05-2025 22:30,312.26
11588,2264,08-10-2025 11:18,127.82
11589,792,10-06-2025 18:29,26.55
11590,4102,10-11-2025 17:12,781.76
11591,3488,06-11-2025 00:48,2209.84
11592,1786,15-05-2026 20:35,349.94
11593,2188,17-08-2025 23:21,89.25
11594,444,16-08-2026 11:30,716.88
11595,3609,08-09-2025 20:52,1002.52
11596,3775,13-03-2026 12:59,79.51
11597,1538,17-04-2025 07:38,49.22
11598,4202,26-09-2025 18:37,2027.13
11599,819,17-05-2026 15:38,1046.72
11600,1368,04-10-2025 09:06,287.47
11601,444,16-01-2026 08:49,172.25
11602,2416,06-08-2026 21:16,846.17
11603,2857,12-09-2026 05:05,105.95
11604,2231,13-06-2026 18:43,427.52
11605,1555,18-07-2026 01:26,1824.35
11606,4140,03-05-2026 08:25,128.71
11607,417,15-03-2025 05:12,683.22
11608,2062,02-11-2025 02:13,743.89
11609,3698,29-01-2026 08:02,719
11610,818,14-09-2025 19:29,413.09
11611,160,26-11-2025 20:52,147.35
11612,2067,07-04-2026 19:22,230.97
11613,1765,01-01-2026 01:37,128.63
11614,1031,04-06-2026 23:16,29.92
11615,3751,04-04-2026 14:14,112.44
11616,2430,03-01-2026 20:25,152.52
11617,2951,13-10-2025 11:02,177.05
11618,4015,27-01-2026 09:15,747.75
11619,2989,27-10-2025 04:05,172.02
11620,3772,08-07-2025 11:42,20.69
11621,1455,27-08-2025 20:32,232.8
11622,4283,14-08-2025 14:57,71.13
11623,808,21-08-2025 18:10,155.73
11624,3808,20-11-2025 09:25,462.72
11625,455,15-03-2025 11:51,180.48
11626,655,21-08-2025 13:25,128.7
11627,463,30-08-2025 21:14,714.37
11628,4298,06-06-2026 05:10,731.69
11629,96,28-06-2026 16:08,337.51
11630,780,07-08-2026 11:05,47.2
11631,3581,15-01-2025 15:15,173.96
11632,3250,03-09-2025 04:07,656.86
11633,290,14-07-2026 17:33,146.87
11634,1231,15-10-2025 22:41,1119.67
11635,1451,28-03-2026 11:27,158.7
11636,4376,14-12-2025 02:54,143.09
11637,2983,02-06-2026 18:08,252.28
11638,3512,18-09-2025 07:47,338.36
11639,3675,25-01-2025 21:59,181.07
11640,1780,08-08-2026 17:49,1888.83
11641,1099,16-09-2025 12:54,371.21
11642,3762,30-01-2026 18:24,1353.85
11643,3778,06-03-2025 08:45,821.75
11644,1678,19-07-2025 19:32,86.02
11645,970,18-06-2026 07:57,365.67
11646,2600,16-04-2026 03:10,80.66
11647,3700,31-12-2025 11:30,282.93
11648,73,13-07-2025 12:59,668.63
11649,2640,25-12-2025 21:45,337.79
11650,652,04-08-2025 11:56,326.77
11651,3077,21-05-2025 16:32,33.81
11652,4342,16-05-2025 14:07,2.43
11653,3193,28-11-2025 08:31,357.7
11654,1864,02-10-2025 10:49,130.92
11655,4239,04-06-2026 05:06,119.24
11656,62,11-04-2026 08:30,1385.69
11657,3414,29-08-2025 04:46,716.89
11658,2248,24-09-2025 09:50,1611.24
11659,4209,12-03-2026 17:21,2199.12
11660,3620,06-08-2025 09:29,418.22
11661,3157,14-05-2026 18:00,19.55
11662,2465,13-08-2025 01:35,139.2
11663,429,24-08-2026 00:24,218.78
11664,2100,09-05-2025 21:02,503.22
11665,3459,24-02-2025 04:56,478.48
11666,115,26-12-2025 09:33,142.49
11667,3876,02-03-2026 11:56,815.78
11668,308,02-07-2026 23:15,446.21
11669,2147,08-09-2025 16:17,60.91
11670,1558,23-01-2025 00:13,588.09
11671,1951,30-01-2025 07:02,331.91
11672,862,28-03-2025 22:15,1371.63
11673,1172,17-05-2026 19:34,78.1
11674,2452,18-10-2025 12:25,2826.81
11675,3547,12-06-2025 12:31,241.65
11676,153,03-04-2026 00:15,873.06
11677,2118,17-01-2026 21:57,249.92
11678,4246,27-11-2025 10:08,105.52
11679,2196,10-01-2025 06:26,35.11
11680,4033,28-02-2026 15:05,280.03
11681,430,06-09-2026 18:34,496.81
11682,4279,12-02-2026 22:53,830.03
11683,1267,28-08-2026 15:11,212.11
11684,4318,28-07-2025 08:25,247.31
11685,3258,02-05-2026 21:39,2671.9
11686,1208,27-02-2025 13:36,163.46
11687,505,23-05-2026 22:43,5.9
11688,102,23-02-2025 08:01,557.4
11689,4197,05-05-2026 18:08,78.66
11690,2572,27-01-2025 02:14,1084.55
11691,4239,30-05-2026 01:09,362.43
11692,3175,28-08-2025 14:14,221.12
11693,2450,12-06-2025 12:19,41.65
11694,2764,06-08-2026 22:23,671.32
11695,1117,13-02-2026 22:21,376.71
11696,846,01-08-2026 01:51,2.2
11697,2708,21-11-2025 08:37,938.34
11698,477,18-01-2025 06:37,155.5
11699,4326,07-08-2025 11:34,183.52
11700,2533,10-05-2026 21:14,25.48
11701,4197,07-06-2025 04:12,665.39
11702,4258,01-04-2026 05:18,242.15
11703,3777,28-06-2026 17:06,85.6
11704,2196,18-04-2026 03:51,4546.36
11705,2138,06-01-2025 05:44,163.17
11706,3213,07-02-2025 19:02,812.92
11707,2315,15-08-2026 11:07,403.27
11708,1851,28-01-2026 20:54,401.97
11709,4263,03-02-2025 10:50,183.85
11710,3270,03-05-2026 12:33,1908.41
11711,1229,05-01-2026 08:57,1026.11
11712,415,17-03-2025 14:51,708.34
11713,4015,15-10-2025 17:52,38.31
11714,4017,07-09-2026 09:56,405.64
11715,1993,15-12-2025 20:46,75.29
11716,3359,26-01-2026 19:12,134.34
11717,4268,01-07-2026 16:20,247.12
11718,3686,15-03-2026 14:01,1702.75
11719,1502,11-02-2026 03:53,127.45
11720,2009,27-09-2025 04:29,2122.63
11721,3510,22-04-2026 00:19,525.96
11722,3378,25-06-2026 20:30,76.87
11723,2819,07-11-2025 14:13,3489.6
11724,3241,02-05-2025 14:04,495.89
11725,1726,30-11-2025 04:59,91.5
11726,1666,29-06-2025 17:48,994.37
11727,2111,03-03-2025 15:43,388.82
11728,3255,17-03-2026 02:23,921.44
11729,3201,12-01-2025 09:58,387.73
11730,4433,16-01-2025 19:11,86.57
11731,3778,12-01-2025 23:20,132.78
11732,3629,28-05-2026 17:59,167.58
11733,1815,20-06-2025 03:51,122.1
11734,2484,15-07-2025 16:06,60.52
11735,3452,06-06-2026 14:26,225.17
11736,1884,13-01-2026 21:15,193.62
11737,4329,17-08-2026 12:49,90.31
11738,762,23-09-2025 05:11,155.2
11739,430,23-08-2025 09:13,101.91
11740,3690,02-07-2026 12:22,162.15
11741,299,06-12-2025 04:48,411.41
11742,1166,02-05-2026 12:41,131.14
11743,4503,12-06-2026 22:26,1554.95
11744,1219,11-04-2026 16:19,696.6
11745,4529,29-05-2026 14:55,1837.28
11746,151,23-06-2026 06:08,519.73
11747,3108,05-10-2025 00:03,62.64
11748,885,28-03-2025 06:42,102.86
11749,967,01-04-2026 10:12,193.2
11750,556,27-02-2025 03:55,910.42
11751,101,26-10-2025 12:25,29.3
11752,1444,07-08-2025 13:27,782.79
11753,3010,20-09-2025 17:17,113.66
11754,1162,11-08-2025 15:27,1132.41
11755,3926,07-06-2026 16:46,132.94
11756,1842,08-03-2026 12:21,227.62
11757,3471,30-09-2025 04:47,534.51
11758,609,10-01-2026 22:05,77.39
11759,2466,15-05-2026 00:08,587.55
11760,431,22-10-2025 11:27,109.18
11761,1953,24-06-2026 08:24,1202.31
11762,3420,27-03-2026 19:35,19.02
11763,2824,13-07-2026 12:46,376.09
11764,4169,25-02-2026 20:25,275.3
11765,259,30-07-2026 23:32,102
11766,3460,04-03-2025 07:49,646.83
11767,1191,29-07-2026 08:26,1637.18
11768,3041,11-03-2025 06:51,221.08
11769,493,13-02-2026 20:02,300.41
11770,2697,30-01-2026 16:17,714.55
11771,2047,15-03-2026 03:18,337.51
11772,3836,24-01-2025 10:24,1186.25
11773,3317,25-03-2026 16:16,83.04
11774,893,06-06-2025 09:28,231.46
11775,1008,24-03-2026 19:38,379.23
11776,1743,06-03-2025 23:31,67.56
11777,1590,14-01-2025 23:54,1934.93
11778,3378,24-02-2026 23:07,275.87
11779,2572,17-02-2026 13:57,37.94
11780,4366,27-03-2025 18:25,566.08
11781,3891,07-10-2025 02:54,487.24
11782,1625,08-04-2026 09:30,171.45
11783,130,12-04-2026 03:40,152.42
11784,864,09-06-2025 12:24,547.93
11785,896,19-07-2026 11:11,215.24
11786,3370,19-03-2026 21:42,260.73
11787,1456,21-02-2026 14:34,234.48
11788,2122,05-12-2025 15:35,53.97
11789,480,15-12-2025 05:45,795.04
11790,111,06-11-2025 09:45,424.37
11791,1423,19-10-2025 14:02,662.09
11792,3890,09-05-2026 17:08,142.89
11793,242,23-08-2026 07:50,183.42
11794,3974,06-05-2025 17:37,18.85
11795,2095,27-02-2026 06:52,229.46
11796,4426,21-05-2025 03:57,86.8
11797,3084,17-09-2025 18:51,87.9
11798,1549,21-06-2026 20:57,234.48
11799,2826,13-09-2026 11:17,575.43
11800,2376,13-06-2026 19:52,667.94
11801,759,30-05-2025 13:28,634.6
11802,1614,03-09-2026 21:15,125.02
11803,1096,15-02-2025 05:36,1556.38
11804,3888,08-05-2025 15:55,238.59
11805,178,05-09-2026 21:37,64.9
11806,4388,02-07-2025 02:53,66.95
11807,34,13-04-2026 09:29,46.91
11808,1743,29-09-2025 19:13,1528.35
11809,3645,31-05-2025 06:14,888.17
11810,2333,29-03-2026 15:36,1065.11
11811,478,28-11-2025 14:29,1493.52
11812,3429,06-03-2025 19:41,90.55
11813,1363,08-12-2025 17:14,896.22
11814,3798,26-04-2025 20:54,471.99
11815,3836,23-03-2026 07:22,901.36
11816,3271,23-10-2025 02:38,1234.14
11817,1218,22-08-2025 21:13,928.51
11818,155,20-07-2025 06:14,638.29
11819,3016,19-05-2026 17:16,108.26
11820,300,28-10-2025 23:14,878.53
11821,1878,11-10-2025 11:11,214.95
11822,561,27-01-2026 12:25,768.31
11823,3089,13-06-2026 19:41,466.96
11824,45,21-03-2025 12:10,278.31
11825,2708,07-02-2026 18:12,150.02
11826,4020,13-04-2026 13:37,106.22
11827,948,11-11-2025 16:56,463.92
11828,879,04-02-2026 16:08,598.24
11829,2522,22-05-2026 07:22,41
11830,3593,26-05-2025 01:34,163.17
11831,2222,17-12-2025 13:24,989.42
11832,1892,18-03-2026 16:21,500.65
11833,940,09-08-2025 08:51,93.17
11834,2565,13-10-2025 21:51,452.26
11835,320,26-11-2025 16:40,125.54
11836,1385,16-01-2025 10:51,12.75
11837,2884,13-07-2026 15:28,123.2
11838,326,29-08-2025 03:48,1177.97
11839,2020,14-09-2025 01:41,3486.05
11840,1158,08-05-2025 04:41,114.52
11841,1132,01-03-2026 06:17,1293.89
11842,3442,18-11-2025 21:17,28.72
11843,3061,01-03-2025 14:10,2002.24
11844,4321,30-03-2025 03:58,747.69
11845,1055,16-09-2025 06:17,103.26
11846,375,25-12-2025 08:29,749.44
11847,1002,26-02-2025 21:21,182.82
11848,3886,08-04-2025 19:57,136.26
11849,796,18-08-2026 12:27,488.27
11850,2378,12-05-2026 04:57,858.74
11851,2355,29-01-2026 09:30,693.4
11852,341,20-05-2026 11:15,641.48
11853,1358,09-07-2025 00:37,56.76
11854,2949,03-09-2026 18:25,1196.06
11855,4170,18-08-2025 04:18,53.15
11856,3,07-04-2026 00:32,209.86
11857,1242,19-05-2025 09:05,675.02
11858,2567,31-08-2025 06:38,28.88
11859,3847,22-01-2026 18:52,940.17
11860,2234,05-07-2025 21:36,77.85
11861,4021,29-04-2026 20:20,125.02
11862,3861,10-03-2025 08:22,406.8
11863,4279,16-06-2025 07:45,663.65
11864,929,02-03-2026 13:28,1838.12
11865,795,22-11-2025 07:10,205.75
11866,3713,07-03-2025 03:48,746.76
11867,2320,21-07-2026 20:53,261.29
11868,223,08-01-2025 00:07,614.96
11869,557,28-02-2025 04:02,1616.37
11870,3375,06-02-2026 11:51,16.93
11871,364,15-09-2025 13:42,156.98
11872,93,21-12-2025 11:25,56.83
11873,900,17-05-2025 06:15,175.39
11874,153,10-04-2025 23:04,58.99
11875,1428,30-07-2025 09:25,18.53
11876,1083,01-10-2025 09:48,981.96
11877,654,10-05-2025 12:16,403.59
11878,3775,29-11-2025 17:21,120.83
11879,2827,03-08-2026 11:11,78.82
11880,4135,04-01-2025 04:05,1154.39
11881,4321,19-07-2026 14:01,184.84
11882,2843,11-10-2025 04:47,92.57
11883,3406,21-01-2025 03:58,227.17
11884,1139,19-02-2026 01:26,493.28
11885,49,04-09-2025 06:41,1207.9
11886,1110,25-08-2025 16:49,135.7
11887,1685,22-09-2025 17:25,686.25
11888,3445,29-11-2025 15:55,1174.75
11889,2172,04-06-2026 03:18,267.92
11890,3533,01-02-2025 10:52,463.82
11891,4375,08-06-2026 17:39,28.69
11892,2263,05-03-2026 07:38,1509.18
11893,673,13-07-2025 14:34,656.96
11894,319,02-02-2025 19:02,2006
11895,1260,09-09-2025 18:54,1371.59
11896,2794,20-08-2026 13:38,66.9
11897,1787,17-07-2026 22:00,95.31
11898,749,22-09-2025 01:03,109.84
11899,1332,27-04-2025 03:03,227.47
11900,3198,18-07-2026 23:35,133.31
11901,1394,09-05-2026 10:36,209.86
11902,2439,19-12-2025 15:25,185.12
11903,2664,04-10-2025 01:15,1729.12
11904,1101,13-07-2025 07:58,257.89
11905,2290,01-12-2025 21:39,18.53
11906,3805,15-05-2025 19:39,193.99
11907,977,07-12-2025 10:07,263.81
11908,875,10-12-2025 10:28,356.11
11909,4045,29-06-2026 06:49,9.4
11910,3714,12-12-2025 16:09,533.98
11911,3276,09-04-2026 11:59,117.16
11912,230,15-07-2025 18:55,495.04
11913,4211,26-11-2025 07:39,45.89
11914,1702,16-12-2025 18:10,131.92
11915,4282,04-01-2025 13:26,1091.4
11916,2249,05-03-2026 18:19,61.58
11917,2328,17-07-2025 03:31,250.04
11918,3189,31-01-2026 10:57,65.97
11919,634,11-03-2025 11:46,165.56
11920,4381,26-10-2025 21:15,522.54
11921,1250,13-05-2026 01:40,811.84
11922,528,10-04-2025 16:20,365.28
11923,2842,10-05-2026 07:31,27.11
11924,2911,24-07-2025 23:13,350.63
11925,2503,06-03-2025 03:20,1392.09
11926,639,19-01-2026 16:44,1091.08
11927,3658,05-06-2025 17:30,452.49
11928,140,15-01-2025 16:19,56.54
11929,1808,10-05-2025 07:45,464.81
11930,1488,16-01-2026 17:42,522.58
11931,3470,06-06-2026 09:42,134.44
11932,561,04-12-2025 06:27,41
11933,3678,15-05-2025 11:31,32
11934,1142,08-02-2025 05:42,157.29
11935,3760,05-09-2025 10:43,1173.66
11936,1278,03-04-2025 13:15,740.79
11937,1110,01-08-2025 16:17,150.46
11938,2855,12-09-2026 18:18,234.89
11939,1262,15-04-2026 08:33,806.95
11940,2640,31-07-2026 10:05,826.02
11941,4179,23-07-2025 13:40,90.71
11942,824,28-08-2026 02:08,32.02
11943,4221,16-12-2025 12:04,108.92
11944,2062,01-09-2025 07:15,2.43
11945,2897,03-11-2025 04:34,107.6
11946,1216,04-02-2025 08:47,21.29
11947,2603,22-02-2026 01:53,193.71
11948,653,13-05-2025 03:09,805.16
11949,1389,29-04-2025 03:28,61.77
11950,2784,02-06-2025 09:20,61.84
11951,1108,31-12-2025 08:01,533.77
11952,2121,05-08-2026 21:49,807.59
11953,3168,15-03-2026 03:54,1426.52
11954,1213,13-10-2025 14:14,337.51
11955,3471,23-08-2025 22:02,271.92
11956,3431,07-11-2025 03:32,471.34
11957,880,15-07-2025 08:09,135.12
11958,732,02-01-2026 06:16,185.84
11959,1579,27-03-2026 17:42,245.54
11960,2718,20-05-2026 21:01,808.49
11961,745,14-07-2025 20:23,612.06
11962,1584,11-07-2025 02:31,81.24
11963,3540,27-02-2026 10:07,305.69
11964,3886,23-05-2025 11:12,124.39
11965,3831,02-02-2026 21:02,578.35
11966,2047,25-03-2026 02:11,181.14
11967,3131,04-09-2026 18:20,89.39
11968,447,02-07-2026 23:38,1060.44
11969,2692,04-07-2026 03:03,1487.34
11970,1535,06-12-2025 19:15,3.2
11971,392,15-04-2026 03:19,548.82
11972,958,30-07-2025 08:52,189.86
11973,3654,13-07-2026 19:45,449.8
11974,1598,08-02-2026 23:50,49.04
11975,4263,26-03-2026 14:13,855.63
11976,3677,09-02-2026 23:50,38.1
11977,463,23-01-2026 14:02,76.98
11978,2580,28-02-2025 11:19,138.37
11979,4071,22-09-2025 01:59,135.86
11980,3979,10-07-2025 12:57,1142.35
11981,3749,13-06-2026 20:34,467.5
11982,648,28-05-2025 05:28,87.69
11983,3845,01-12-2025 00:29,252.13
11984,349,01-08-2025 21:26,1021.02
11985,4356,08-10-2025 18:08,150.72
11986,915,25-05-2026 10:36,125.02
11987,2677,03-03-2025 15:30,57.44
11988,2518,09-10-2025 09:47,388.35
11989,3968,07-06-2026 04:00,1175.14
11990,2530,21-06-2025 22:02,1566.12
11991,2212,18-06-2026 09:50,249.88
11992,4433,13-09-2025 17:03,137.35
11993,2833,29-12-2025 23:13,9.27
11994,4085,30-04-2026 21:28,45.18
11995,3839,01-05-2026 17:12,400.74
11996,1069,18-11-2025 20:58,693.55
11997,2825,19-02-2025 11:33,134.95
11998,1257,04-03-2025 01:50,932.85
11999,1711,09-12-2025 21:32,5.9
12000,1854,08-10-2025 00:16,44.32
12001,2950,15-02-2025 05:41,118.91
12002,1256,04-02-2025 14:34,821.2
12003,2468,21-12-2025 03:09,214.48
12004,220,03-02-2025 21:23,261.84
12005,1809,13-02-2025 18:17,291.4
12006,144,30-05-2025 19:33,28.03
12007,4127,09-01-2025 21:36,230.29
12008,4453,25-06-2026 21:34,1005.76
12009,2796,18-02-2025 02:49,85.4
12010,944,10-07-2026 12:19,897.9
12011,1844,04-01-2025 16:37,981.75
12012,4154,20-10-2025 08:18,36.26
12013,1686,16-01-2025 04:44,17.16
12014,1560,25-08-2026 05:02,600.4
12015,1283,27-01-2026 17:27,1318
12016,2597,17-09-2025 07:51,41.91
12017,83,12-02-2025 23:41,539.9
12018,561,12-09-2025 23:46,199.98
12019,3080,10-08-2025 18:19,128.28
12020,2095,19-02-2026 08:37,44.05
12021,2953,31-03-2026 00:17,41
12022,2878,13-09-2025 12:28,21.22
12023,3298,30-11-2025 02:17,1213.51
12024,2669,01-03-2026 14:41,365.71
12025,3360,11-09-2026 11:19,72.59
12026,4182,13-03-2026 12:30,159.13
12027,489,07-12-2025 06:01,266.94
12028,2143,22-05-2025 03:03,482.67
12029,221,20-07-2025 08:44,279.26
12030,4508,12-08-2026 22:49,608.93
12031,920,31-01-2026 12:29,414.44
12032,1028,26-01-2026 05:53,340.68
12033,3073,10-05-2026 16:55,602.36
12034,2662,20-05-2026 15:03,985.66
12035,133,03-04-2025 06:35,443.39
12036,4043,19-06-2026 22:12,156.15
12037,1421,13-03-2026 20:44,549.71
12038,1490,28-08-2025 00:40,156.24
12039,4215,06-09-2026 17:02,496.96
12040,532,22-01-2026 06:31,277.89
12041,323,19-08-2026 18:31,139.99
12042,1941,25-08-2026 02:44,159.76
12043,3132,30-01-2026 17:46,3340.2
12044,3995,06-07-2026 23:00,322.31
12045,4112,11-02-2025 08:54,1141.4
12046,2831,23-10-2025 02:22,264.23
12047,3901,30-08-2025 22:25,1558.7
12048,1384,10-04-2026 22:12,310.33
12049,85,04-10-2025 23:45,143.96
12050,770,23-01-2026 10:50,231.02
12051,2848,15-08-2025 11:40,1141.08
12052,3445,09-08-2026 13:57,355.14
12053,544,07-06-2026 11:49,221.82
12054,3092,09-02-2026 15:28,50.84
12055,2584,28-07-2025 08:59,304.51
12056,28,21-12-2025 16:24,1075.19
12057,868,30-10-2025 10:37,112.55
12058,4060,21-12-2025 21:20,4343.7
12059,1712,23-05-2026 02:46,18.85
12060,3475,26-08-2025 02:00,220.14
12061,4081,14-06-2026 06:52,173.64
12062,126,27-11-2025 03:18,207.23
12063,545,24-08-2025 09:00,337.51
12064,1816,27-10-2025 19:18,800.48
12065,3720,01-07-2026 18:18,50.42
12066,373,07-04-2025 08:36,765.43
12067,818,14-09-2026 16:45,125.02
12068,3446,11-03-2026 17:48,218.17
12069,941,26-05-2025 02:10,1323.25
12070,939,23-04-2025 21:34,285.97
12071,3580,12-04-2025 03:45,71.13
12072,2573,12-09-2026 11:59,370.92
12073,2897,16-08-2025 03:03,31.52
12074,2238,03-04-2025 05:09,717.28
12075,1440,14-06-2025 02:28,377.9
12076,1889,28-10-2025 04:17,159.35
12077,3719,26-03-2026 15:33,80.72
12078,3134,20-09-2025 22:51,11.5
12079,1860,06-03-2025 02:52,642.21
12080,573,15-12-2025 03:44,1028.89
12081,3323,24-12-2025 10:29,166
12082,3472,11-08-2026 19:50,145.82
12083,3392,11-07-2026 22:00,571.33
12084,1960,21-08-2025 23:12,1133.27
12085,2927,18-02-2026 10:37,562.08
12086,3119,22-04-2026 23:54,1042.41
12087,102,02-09-2025 02:59,77.39
12088,3200,11-08-2025 06:50,948.86
12089,4504,17-09-2025 12:58,521.43
12090,2571,05-06-2025 20:18,375.49
12091,1340,26-07-2025 22:49,1042.92
12092,2067,22-12-2025 06:54,134.19
12093,3871,25-04-2025 09:34,1817.46
12094,2752,14-07-2026 16:58,500.67
12095,578,24-04-2026 03:31,411.83
12096,1590,13-05-2025 01:12,240.34
12097,168,09-01-2026 00:38,2689.25
12098,283,07-05-2025 20:02,87.24
12099,2943,21-10-2025 07:01,594.14
12100,1921,08-01-2025 23:18,195.98
12101,3460,27-08-2026 00:28,166.67
12102,1616,08-04-2026 11:56,41.14
12103,3366,01-06-2026 17:54,358.21
12104,1964,22-01-2025 01:44,787.99
12105,2131,03-09-2026 07:59,199.32
12106,532,07-07-2025 09:25,875.24
12107,369,21-09-2025 17:06,1434.91
12108,1059,03-05-2025 05:40,2684.7
12109,1694,01-06-2025 22:56,73.12
12110,3239,17-01-2026 06:20,772.58
12111,1995,13-12-2025 16:20,736.73
12112,3413,18-05-2025 01:49,53.24
12113,1463,02-06-2025 18:08,272.46
12114,2614,13-04-2026 18:27,57.12
12115,1231,07-09-2025 10:46,287.98
12116,4284,29-01-2026 15:26,49.23
12117,3411,29-06-2026 18:11,8.85
12118,4305,12-08-2026 12:21,250.04
12119,4417,10-11-2025 10:46,98.68
12120,2313,22-05-2025 05:47,874.31
12121,1232,16-12-2025 07:48,32.02
12122,334,08-01-2026 07:51,859.52
12123,2878,29-04-2026 08:17,12.84
12124,1900,14-07-2025 23:04,600.45
12125,1149,15-06-2025 06:19,83.82
12126,854,07-08-2025 05:24,271.96
12127,2656,08-06-2025 11:34,408.36
12128,338,21-05-2026 16:19,260.73
12129,3389,24-07-2026 04:48,226.44
12130,852,20-08-2025 19:40,75.92
12131,3839,12-08-2025 07:54,656.91
12132,3103,07-08-2025 07:59,1733.12
12133,3024,06-11-2025 22:42,444.1
12134,4267,11-03-2025 04:13,1228.81
12135,3425,02-05-2025 18:15,701.31
12136,1134,17-10-2025 03:18,26.25
12137,3778,27-12-2025 23:59,33.86
12138,2663,24-02-2026 16:36,1001.38
12139,3439,25-07-2025 14:12,154.67
12140,144,22-08-2025 10:26,522.54
12141,2609,10-05-2026 14:23,342.57
12142,2746,09-04-2025 07:12,495.52
12143,433,25-05-2026 22:10,88.85
12144,2478,28-02-2025 22:39,60.24
12145,713,13-08-2026 07:41,874.1
12146,4310,03-03-2026 07:52,198.27
12147,3275,05-02-2025 16:46,16.93
12148,2321,24-11-2025 08:04,26.1
12149,203,01-01-2025 08:53,28.06
12150,4501,03-05-2026 22:37,1409.17
12151,2553,28-10-2025 11:45,1418.58
12152,1284,08-05-2026 18:17,643.02
12153,1505,10-07-2025 10:30,3712
12154,471,08-05-2025 11:48,280.25
12155,2936,27-09-2025 14:49,90.32
12156,761,23-11-2025 03:01,1040.25
12157,2580,25-07-2026 23:42,168.17
12158,2091,24-03-2026 15:42,142.89
12159,1832,23-01-2026 12:05,1784.01
12160,3809,20-08-2025 13:11,28.59
12161,391,23-08-2026 00:20,992.29
12162,758,09-06-2025 07:22,317.03
12163,771,07-08-2026 04:05,740
12164,4039,05-05-2025 19:17,523.08
12165,1299,11-09-2025 10:19,700.84
12166,422,30-04-2026 08:20,592.17
12167,1169,07-09-2026 06:31,5.9
12168,1493,16-03-2026 13:41,260.73
12169,1070,22-11-2025 06:58,513.21
12170,282,25-07-2026 21:36,37.73
12171,3899,01-01-2025 09:07,2230.62
12172,4231,02-07-2025 14:50,859.95
12173,4250,25-08-2026 10:04,452.49
12174,4173,30-05-2025 00:30,1361.7
12175,1082,02-12-2025 06:41,334.77
12176,527,20-03-2026 00:47,107.61
12177,3372,06-06-2025 22:08,907.45
12178,2147,22-06-2025 15:58,1652.9
12179,2388,27-03-2026 02:48,160.37
12180,3138,05-10-2025 18:06,39.86
12181,747,28-08-2025 10:58,995.95
12182,1298,07-04-2025 03:14,765.2
12183,1694,04-04-2026 10:44,189.93
12184,4456,14-02-2026 09:12,21.85
12185,3957,05-08-2025 03:40,1672.36
12186,4323,13-02-2025 19:03,266.71
12187,1957,14-04-2026 12:17,1109.09
12188,114,23-05-2025 15:04,205.3
12189,2816,27-08-2026 12:51,24.97
12190,4289,30-09-2025 05:13,96.74
12191,1897,14-06-2026 00:15,307.49
12192,4113,13-07-2025 07:07,512.06
12193,3769,10-08-2025 20:10,586.71
12194,3372,27-02-2026 22:55,745.26
12195,3055,24-11-2025 09:39,1863.12
12196,2501,15-02-2025 04:54,268.74
12197,3932,24-12-2025 09:36,139.77
12198,74,25-06-2026 06:10,283.42
12199,1882,04-05-2025 18:55,1077
12200,336,17-06-2025 20:39,675.02
12201,1235,19-03-2026 00:04,533.84
12202,3382,29-08-2025 05:26,104.45
12203,215,10-04-2025 22:19,262.34
12204,4190,16-04-2025 02:33,145.41
12205,2414,14-10-2025 00:54,261.46
12206,1290,26-03-2026 12:27,122.24
12207,4266,28-08-2025 00:42,108.26
12208,2950,11-11-2025 05:47,239.81
12209,2363,18-04-2026 04:03,1474.84
12210,4117,12-11-2025 02:43,60.6
12211,2708,02-06-2025 02:52,170.51
12212,904,25-05-2025 00:42,218.27
12213,4226,18-07-2026 07:05,234.57
12214,248,28-03-2026 03:46,458.56
12215,1799,07-04-2025 10:22,9.37
12216,2652,09-04-2025 00:06,382.9
12217,2335,31-12-2025 21:09,412.67
12218,1547,05-05-2025 06:55,118.45
12219,2822,02-12-2025 07:37,152.8
12220,1046,14-11-2025 01:36,909.5
12221,2708,19-06-2026 06:01,594.72
12222,2004,06-03-2025 22:42,994.53
12223,3988,28-07-2025 21:57,782.4
12224,2999,20-03-2025 20:54,199.6
12225,3762,08-06-2025 16:35,136.43
12226,936,10-04-2026 08:55,171.56
12227,1983,03-02-2026 11:53,65.66
12228,2328,18-09-2025 01:07,208.5
12229,1072,23-05-2025 04:07,1103.53
12230,1876,01-08-2025 12:42,407.51
12231,2965,11-03-2026 23:02,18.97
12232,1216,11-09-2025 21:28,125.02
12233,1985,02-06-2026 14:01,233.67
12234,4369,13-03-2026 00:19,3.5
12235,4128,14-12-2025 10:15,30.19
12236,3940,23-04-2025 01:31,1334.85
12237,3944,15-02-2026 02:39,35.2
12238,3955,07-03-2026 02:34,799.26
12239,2480,26-02-2025 11:39,121.09
12240,1635,08-07-2025 02:57,1116.82
12241,80,16-08-2025 07:03,209.67
12242,3860,21-09-2025 11:19,1363.77
12243,4378,22-12-2025 05:42,769.98
12244,2173,04-06-2026 19:19,1704.65
12245,157,17-04-2026 05:42,4609.57
12246,2447,27-09-2025 13:10,25.8
12247,1833,20-10-2025 22:06,77.84
12248,3463,30-06-2026 19:57,85.4
12249,1908,21-09-2025 17:20,22.29
12250,2517,23-03-2025 21:09,500.2
12251,1784,03-05-2026 12:43,4.86
12252,2796,26-02-2026 01:10,86.03
12253,2003,16-08-2026 11:49,915.42
12254,3522,17-06-2025 05:51,186.03
12255,1828,12-07-2025 12:12,163.12
12256,492,07-10-2025 12:46,2.95
12257,2602,09-11-2025 09:45,708.02
12258,3019,05-02-2025 23:30,208.58
12259,22,02-12-2025 19:47,76.3
12260,3047,23-11-2025 09:46,478.63
12261,1884,13-08-2026 14:31,52.46
12262,1956,20-03-2026 20:52,88.74
12263,621,28-01-2025 22:22,425.16
12264,1368,12-11-2025 00:41,163.1
12265,1874,07-11-2025 09:52,78.69
12266,591,08-05-2026 09:48,313.19
12267,4153,27-10-2025 22:31,270.08
12268,558,12-06-2026 22:05,599.64
12269,3188,24-08-2025 03:08,475.39
12270,4164,26-10-2025 19:07,829.04
12271,2080,14-03-2026 13:32,521.18
12272,1108,03-02-2026 08:54,94.91
12273,4253,20-08-2025 03:07,50.38
12274,1728,09-06-2025 22:42,191.79
12275,2056,17-01-2026 14:54,151.97
12276,567,12-01-2025 05:38,1277.7
12277,2576,02-06-2026 05:49,1696.68
12278,3677,05-04-2025 08:11,311.91
12279,3043,10-04-2025 09:35,75.92
12280,595,04-06-2025 06:52,3414.38
12281,3188,01-07-2025 13:38,104.11
12282,4289,01-07-2026 19:11,68.12
12283,1626,09-06-2026 14:11,288.07
12284,488,03-04-2026 14:33,141.77
12285,2524,30-06-2025 21:55,76.75
12286,3090,16-08-2026 01:25,324
12287,2864,07-07-2025 14:05,1253.5
12288,4495,05-09-2026 17:46,444.76
12289,2886,21-07-2025 10:12,21.02
12290,1845,19-03-2026 21:48,304.16
12291,679,19-05-2026 18:38,48.05
12292,4042,01-08-2026 10:07,492.28
12293,1455,03-05-2026 01:52,1113.28
12294,3337,14-01-2026 12:21,2.11
12295,2256,24-06-2025 13:50,44.24
12296,2735,12-01-2025 02:31,1347.83
12297,882,27-01-2026 18:06,125.02
12298,2331,28-02-2025 18:13,817.09
12299,4236,17-09-2025 07:40,690.25
12300,1938,29-12-2025 08:25,603.24
12301,4501,06-05-2025 07:39,1340.52
12302,4477,22-11-2025 02:20,1229.29
12303,3959,26-03-2026 21:51,289.97
12304,132,27-07-2026 03:24,237.97
12305,1932,19-05-2026 19:58,24.44
12306,180,25-06-2026 23:12,795.98
12307,1167,27-03-2025 22:07,19.02
12308,2030,30-01-2025 13:18,114.09
12309,4134,18-08-2025 09:22,558.46
12310,468,19-05-2026 11:03,96.5
12311,733,27-08-2025 23:32,85.4
12312,4157,14-09-2025 19:37,128.7
12313,2553,16-10-2025 22:11,148.63
12314,280,07-08-2026 15:00,62.47
12315,2734,17-04-2025 05:51,633.27
12316,1046,24-07-2025 06:13,421.8
12317,4119,20-01-2026 14:34,232.05
12318,803,11-05-2025 12:55,191.81
12319,3484,06-04-2026 01:46,1423.15
12320,113,13-05-2025 17:12,81.11
12321,1015,14-03-2025 18:47,440.42
12322,3823,30-03-2025 13:38,906.97
12323,2970,13-07-2026 01:34,440.99
12324,765,14-07-2026 00:13,23.18
12325,60,26-02-2026 18:20,2.43
12326,768,25-10-2025 16:25,194.91
12327,4256,27-08-2026 05:05,732.95
12328,333,04-03-2026 02:05,218.52
12329,1162,05-08-2025 17:27,360.97
12330,162,02-05-2026 05:12,342.39
12331,3495,08-04-2025 05:32,127.24
12332,2482,25-08-2026 09:58,25.45
12333,1393,15-01-2026 17:03,411.02
12334,3440,06-07-2026 13:20,23.37
12335,2746,30-01-2025 14:01,38.35
12336,2627,14-06-2025 17:23,97.48
12337,2665,29-04-2025 11:33,285.55
12338,612,25-03-2025 17:25,366.23
12339,2354,06-05-2025 04:49,802.87
12340,1372,23-01-2025 17:36,43.39
12341,4007,11-08-2026 22:04,247.21
12342,1759,17-11-2025 01:30,4034.35
12343,2722,05-03-2026 10:37,14.6
12344,2189,20-05-2025 16:34,661.58
12345,3027,21-03-2026 00:32,96.28
12346,1759,23-02-2026 05:25,754.24
12347,602,08-01-2026 02:08,173.14
12348,697,19-06-2026 21:17,136
12349,4450,19-03-2025 22:56,295.29
12350,1736,17-04-2025 05:25,9.76
12351,1876,10-10-2025 19:01,142.45
12352,1439,13-09-2026 21:05,482.14
12353,3921,23-08-2025 13:05,1014.49
12354,1233,04-01-2026 08:36,417.83
12355,363,05-06-2026 19:24,181.48
12356,24,04-06-2026 04:44,569.29
12357,3242,27-10-2025 13:49,289.45
12358,2001,27-09-2025 19:11,410.78
12359,2589,28-12-2025 01:13,194.04
12360,263,30-10-2025 23:16,1157.96
12361,501,02-01-2026 20:31,96.28
12362,7,07-06-2025 19:39,331.87
12363,1804,18-11-2025 21:57,1303.57
12364,1335,29-01-2025 12:20,117.24
12365,2839,27-04-2026 19:03,379.88
12366,1741,09-05-2026 12:08,26.1
12367,2996,05-05-2025 20:12,620.5
12368,891,15-04-2025 23:11,878.28
12369,2848,15-05-2026 03:03,21.85
12370,2987,07-05-2026 11:38,71.66
12371,3282,25-01-2025 10:31,360.51
12372,3903,29-08-2025 04:28,59.15
12373,1154,17-10-2025 17:19,31.52
12374,2319,05-07-2025 06:37,1453.09
12375,4407,13-03-2025 07:43,1909.73
12376,1142,21-06-2025 07:42,680.85
12377,3739,09-09-2025 10:05,132.37
12378,2828,07-04-2025 16:16,102.95
12379,4493,22-11-2025 21:43,309.3
12380,1292,22-10-2025 23:50,41.32
12381,2142,07-09-2026 02:51,1349.48
12382,1540,03-09-2025 17:32,32
12383,1508,17-11-2025 03:49,808.64
12384,318,18-08-2026 06:35,61.03
12385,3533,23-01-2025 19:05,605.22
12386,4350,12-09-2026 05:49,985.12
12387,2223,27-01-2025 22:09,51.24
12388,3904,12-02-2026 20:47,1101.06
12389,4356,16-06-2026 14:25,1170.68
12390,4322,09-04-2025 18:54,421.99
12391,169,13-11-2025 13:43,268.88
12392,90,15-10-2025 03:36,726.5
12393,2676,09-08-2026 20:45,103.47
12394,4205,28-10-2025 16:47,117.41
12395,4365,12-02-2025 21:08,437.52
12396,950,02-04-2026 17:35,734.73
12397,1254,26-12-2025 11:45,796.22
12398,2799,04-09-2025 15:30,144.65
12399,3973,07-06-2026 03:36,222.98
12400,2763,02-03-2025 09:59,196.32
12401,2381,02-12-2025 01:05,119.77
12402,3702,13-04-2025 06:37,535.69
12403,726,13-10-2025 12:01,77.58
12404,532,08-08-2025 15:51,15.21
12405,2157,10-03-2026 00:20,211.4
12406,2078,26-08-2026 20:55,97.77
12407,4423,07-03-2026 18:02,131.05
12408,729,07-04-2025 15:34,2.43
12409,3909,27-12-2025 06:46,507.99
12410,1823,01-01-2026 00:24,930.89
12411,2765,17-04-2026 12:36,83.82
12412,2432,09-06-2026 20:18,571.2
12413,449,06-05-2026 11:07,741.75
12414,3825,13-01-2026 10:29,2461.69
12415,2727,20-06-2025 04:01,241.02
12416,3183,12-09-2025 02:32,1110.04
12417,2431,27-05-2025 11:05,330.88
12418,2570,20-07-2025 12:53,740.08
12419,2721,07-02-2025 17:22,240.12
12420,2691,06-06-2025 11:25,183.43
12421,3271,13-11-2025 11:52,1385.85
12422,3854,15-03-2026 12:52,95.14
12423,2786,01-11-2025 16:23,431.45
12424,432,25-08-2025 15:02,298.33
12425,1832,17-10-2025 05:19,28.03
12426,3061,15-08-2026 13:13,179.16
12427,3380,09-08-2026 17:21,199.75
12428,3109,21-01-2026 15:41,391.98
12429,2759,06-04-2026 15:18,761.61
12430,2257,19-01-2025 18:33,157.33
12431,37,31-05-2026 08:30,934.34
12432,3377,20-03-2025 01:54,183.61
12433,1918,19-05-2025 23:37,340.64
12434,3715,20-02-2025 11:15,63.21
12435,4060,17-05-2026 23:34,100.22
12436,4039,04-09-2025 04:12,1294.09
12437,3157,06-09-2026 14:40,96.64
12438,1772,29-06-2025 05:38,3.2
12439,413,23-08-2026 10:22,127.59
12440,3930,21-11-2025 19:16,60.57
12441,662,01-03-2026 10:54,1056.22
12442,2820,11-03-2026 03:29,50.84
12443,837,20-08-2026 05:21,9.27
12444,1787,27-03-2025 15:15,18.79
12445,3914,11-12-2025 02:45,93.86
12446,2459,25-10-2025 21:47,712.37
12447,2955,02-12-2025 08:31,341.33
12448,753,10-07-2025 22:15,338
12449,810,25-11-2025 13:59,595.75
12450,3946,02-09-2025 16:49,246.69
12451,223,03-07-2026 06:13,612.88
12452,2970,29-06-2025 01:13,883.04
12453,3185,09-05-2026 05:26,18.97
12454,391,05-09-2025 10:34,1735.4
12455,3168,31-08-2026 17:01,102.35
12456,1946,17-06-2026 15:41,296.67
12457,2548,24-09-2025 15:14,201.26
12458,1125,16-11-2025 05:05,557.67
12459,2628,06-07-2026 11:45,583.79
12460,3895,15-10-2025 08:00,95.92
12461,4430,11-04-2026 16:00,207.04
12462,894,24-03-2026 19:24,2208.82
12463,3149,23-04-2026 17:11,267.97
12464,3024,26-06-2026 10:02,49.42
12465,4452,27-12-2025 11:47,541.4
12466,51,11-06-2025 02:06,1465.58
12467,1306,01-09-2026 04:50,739.04
12468,3521,03-03-2025 09:52,108.92
12469,1608,01-09-2025 18:36,370.35
12470,1894,20-10-2025 15:05,76.84
12471,4417,07-09-2025 23:36,1361.7
12472,2282,01-05-2025 09:57,72.45
12473,3879,07-01-2025 17:04,239.5
12474,1276,08-11-2025 09:44,180.66
12475,919,07-06-2025 11:00,667.1
12476,2719,10-10-2025 04:27,1071.68
12477,781,25-06-2026 01:08,264.35
12478,3274,29-12-2025 01:19,271.65
12479,3245,08-02-2025 08:21,150.9
12480,2324,05-05-2025 08:47,400.04
12481,521,02-06-2025 11:41,445.36
12482,3033,07-11-2025 16:08,714.82
12483,554,18-10-2025 23:36,125.02
12484,1351,17-01-2025 21:58,159.56
12485,4175,25-09-2025 13:17,224.06
12486,3692,20-02-2025 06:34,137.54
12487,3365,02-03-2025 11:53,13.53
12488,570,31-07-2026 00:41,266.43
12489,3078,01-02-2025 04:43,214.31
12490,2412,27-07-2026 16:27,431.99
12491,2152,25-01-2026 03:38,1921.71
12492,11,24-09-2025 19:33,425.14
12493,3061,03-02-2026 07:54,90.25
12494,2539,27-06-2026 02:55,85.5
12495,1930,21-06-2025 15:16,1051.07
12496,1806,26-01-2025 01:30,344.65
12497,2258,25-08-2026 02:00,201.11
12498,2900,03-05-2025 03:31,708.06
12499,4350,15-02-2025 10:25,830.08
12500,1484,02-07-2026 18:40,629.67
12501,3043,12-08-2026 14:12,1486.77
12502,2317,29-10-2025 10:23,82.95
12503,2587,11-11-2025 08:55,35.3
12504,2989,13-06-2025 06:11,245.17
12505,3907,06-08-2025 06:13,21.74
12506,3411,30-03-2025 18:18,22.47
12507,901,16-09-2025 02:40,75.84
12508,603,01-12-2025 12:23,18.97
12509,211,20-01-2025 17:53,970.8
12510,219,20-03-2026 18:19,70.6
12511,4471,25-01-2025 05:13,3517.52
12512,2405,27-01-2026 15:05,342.37
12513,913,26-01-2025 03:51,1416.05
12514,1009,11-12-2025 07:57,1121.39
12515,496,08-05-2025 03:51,671.58
12516,3295,12-12-2025 07:47,1042.49
12517,3108,20-08-2025 11:26,123.53
12518,4315,25-10-2025 00:42,1832.94
12519,281,27-03-2026 11:45,152.54
12520,2742,29-06-2025 06:16,70.82
12521,4379,25-03-2026 02:14,30.19
12522,3897,20-11-2025 18:58,571.99
12523,3586,17-05-2025 13:18,1012.32
12524,1584,18-06-2026 19:27,226.21
12525,3619,02-01-2025 23:47,89.83
12526,2249,11-05-2025 08:58,252.89
12527,3714,24-09-2025 15:31,195.01
12528,2851,28-03-2026 03:47,343.9
12529,2565,10-07-2025 14:59,245.24
12530,250,07-05-2025 01:50,74.58
12531,1598,21-08-2026 05:09,47.95
12532,4036,29-08-2025 13:53,853.65
12533,1877,06-06-2026 11:53,368.57
12534,3661,20-10-2025 10:22,552.78
12535,3663,13-04-2026 23:24,963.49
12536,2524,05-09-2026 02:09,97.56
12537,3030,19-07-2026 02:57,66.82
12538,4387,22-02-2025 02:48,580.61
12539,1501,03-11-2025 21:57,823.83
12540,673,13-05-2026 12:35,532.16
12541,3198,06-06-2025 15:27,658.17
12542,2809,13-01-2025 21:59,705.84
12543,2387,02-04-2026 15:33,75.88
12544,3579,04-01-2026 21:43,12.26
12545,3441,07-08-2026 03:41,337.51
12546,4163,02-11-2025 20:08,1200.44
12547,4274,20-02-2025 00:14,35.3
12548,3390,08-07-2026 06:03,1830.46
12549,90,07-11-2025 23:43,584.74
12550,4278,04-03-2025 16:37,689.02
12551,3743,10-06-2026 07:17,505.42
12552,177,24-01-2025 03:37,12.19
12553,871,20-10-2025 12:39,698.3
12554,2987,20-02-2025 17:47,120.35
12555,1177,04-07-2025 15:20,984.87
12556,2928,12-08-2025 03:56,426.32
12557,3434,24-05-2026 18:16,358.94
12558,2771,21-07-2026 15:10,73.91
12559,4521,23-03-2025 22:46,965.99
12560,2930,17-01-2025 12:28,599.92
12561,2727,01-09-2026 02:03,110.73
12562,1968,12-05-2025 16:53,1041.78
12563,4308,05-09-2025 01:12,2.95
12564,1513,17-02-2025 14:05,589.17
12565,3026,22-07-2026 01:11,1036.11
12566,3694,27-08-2026 05:37,215.77
12567,4358,06-08-2025 20:10,75.36
12568,1381,24-11-2025 19:07,170.02
12569,301,29-09-2025 07:48,286.96
12570,951,22-05-2026 17:54,783.26
12571,3601,24-10-2025 08:04,123.75
12572,1238,26-03-2026 04:31,109.11
12573,3516,10-07-2026 14:36,61.34
12574,2357,15-10-2025 12:52,46.61
12575,2131,07-05-2026 13:49,17.3
12576,4323,04-02-2026 02:23,694.07
12577,3236,11-07-2026 09:22,159.56
12578,1019,25-11-2025 04:25,181.36
12579,980,19-06-2026 02:02,535.94
12580,2188,12-03-2025 06:40,162.73
12581,1268,12-05-2025 08:31,1296.61
12582,2865,11-01-2026 18:26,90.31
12583,401,06-03-2026 10:27,21.29
12584,4018,25-05-2026 03:02,23.02
12585,3382,24-03-2026 23:43,540.71
12586,4176,23-02-2026 05:24,234.48
12587,2384,21-07-2025 19:00,945.23
12588,4363,09-05-2026 12:17,680.85
12589,3687,03-09-2026 18:46,635.39
12590,3552,01-05-2026 14:54,1311.03
12591,2791,09-11-2025 14:48,518.65
12592,2599,19-06-2025 09:03,53.46
12593,2006,14-04-2026 15:32,199.44
12594,2839,16-01-2026 21:22,537.13
12595,401,30-03-2026 01:37,17.18
12596,2648,16-08-2026 15:02,404.43
12597,779,01-06-2025 23:24,162.75
12598,899,18-05-2026 09:41,495.16
12599,1480,18-07-2026 17:14,73.45
12600,2566,30-06-2026 14:50,509.56
12601,2477,03-01-2025 02:26,88.83
12602,4342,01-12-2025 20:03,342.4
12603,3902,09-07-2026 07:51,124.96
12604,4488,27-05-2025 02:01,125.32
12605,1539,09-07-2026 12:12,377.12
12606,4243,23-09-2025 15:05,943.26
12607,4108,13-05-2025 05:52,91.36
12608,23,11-03-2026 09:34,542.7
12609,2432,22-04-2025 17:00,169.76
12610,3417,13-11-2025 06:19,283.99
12611,3170,15-04-2025 18:19,76.4
12612,3850,03-07-2025 20:03,480.55
12613,2436,02-01-2025 06:20,1352.47
12614,252,29-01-2026 15:57,9.76
12615,4219,10-09-2026 12:20,45.55
12616,2051,14-05-2026 10:43,67.56
12617,622,12-04-2026 08:59,48.34
12618,461,28-07-2025 19:14,152.73
12619,793,17-04-2026 09:35,1174.72
12620,1202,20-11-2025 01:48,4.86
12621,1336,24-04-2026 04:26,735.59
12622,3915,02-01-2026 04:49,840.43
12623,841,12-02-2025 12:14,95.4
12624,1303,03-02-2026 04:53,444.23
12625,385,14-11-2025 22:41,140.78
12626,4482,31-05-2025 02:11,124.38
12627,468,26-03-2026 12:07,186.22
12628,2401,26-08-2026 00:28,135.12
12629,625,29-12-2025 10:11,728.9
12630,188,21-12-2025 10:50,293.63
12631,4339,24-01-2026 13:51,43.86
12632,936,25-03-2025 09:39,359.75
12633,2364,07-02-2026 22:59,153.05
12634,3175,22-08-2026 01:03,540.48
12635,348,20-09-2025 19:00,219.21
12636,3153,05-02-2025 14:51,119.58
12637,2806,29-06-2026 22:46,23
12638,68,06-09-2026 04:15,462.52
12639,2432,15-06-2026 23:06,259.62
12640,3745,08-05-2026 07:32,135.12
12641,4000,03-12-2025 11:08,53.49
12642,2918,31-08-2026 16:40,34.06
12643,1981,01-05-2025 08:21,34.32
12644,3802,14-11-2025 15:24,50.84
12645,1600,11-01-2026 20:43,457.43
12646,422,08-01-2026 21:25,307.34
12647,4269,14-03-2025 15:18,189.47
12648,3440,28-07-2025 10:06,1128.57
12649,4526,07-09-2025 21:36,183.64
12650,2053,25-06-2025 14:50,628.96
12651,3197,25-01-2025 13:15,328.41
12652,2203,30-03-2026 18:02,496.97
12653,4482,17-05-2025 18:12,28.59
12654,4393,29-07-2025 10:39,18.79
12655,677,06-08-2026 02:35,73.32
12656,557,08-04-2025 17:42,733.44
12657,2756,01-07-2025 20:29,61.01
12658,1548,15-01-2025 10:49,69.09
12659,3371,25-06-2025 21:52,470.61
12660,1852,02-11-2025 06:58,778.32
12661,3509,15-05-2026 04:46,314.58
12662,603,05-06-2026 11:02,647.51
12663,3789,04-09-2025 03:48,12.26
12664,212,19-04-2026 21:05,705.3
12665,1533,12-01-2025 00:23,234.76
12666,1415,19-07-2026 10:27,85.65
12667,461,23-05-2026 19:48,259.71
12668,117,28-05-2025 19:39,25.88
12669,2893,16-08-2026 16:57,419.38
12670,541,06-01-2025 08:38,116.16
12671,3031,28-02-2025 16:56,41.91
12672,3899,01-05-2025 08:42,564.29
12673,114,24-09-2025 17:54,163.08
12674,1620,22-07-2026 13:42,347.27
12675,2413,31-01-2026 04:11,466.68
12676,2345,18-04-2025 23:58,637.38
12677,3497,25-04-2026 11:16,137.99
12678,1472,26-02-2026 14:30,114.81
12679,2347,25-08-2025 20:18,2113.46
12680,901,27-06-2025 13:47,367.08
12681,2259,16-04-2025 01:42,173.71
12682,1267,11-02-2026 09:28,144.24
12683,1125,04-01-2025 11:22,17.96
12684,466,02-05-2025 00:12,24.52
12685,2290,11-02-2026 07:38,15.85
12686,2938,23-02-2025 03:57,261.71
12687,1104,06-11-2025 18:54,96.28
12688,3435,18-05-2026 14:14,715.23
12689,2848,26-12-2025 16:21,130.57
12690,4401,04-03-2026 10:01,259.7
12691,129,05-06-2026 13:21,362.28
12692,3617,13-05-2025 01:40,157.5
12693,2176,30-06-2025 22:21,453.09
12694,2861,17-06-2026 05:13,217.76
12695,1091,02-05-2026 12:44,713.38
12696,3476,14-01-2025 21:08,12.75
12697,1616,14-07-2025 01:46,358.63
12698,376,05-01-2026 04:10,180.9
12699,605,01-08-2025 01:44,290.79
12700,1323,08-12-2025 11:48,135.93
12701,2214,16-02-2026 14:26,215.31
12702,1571,22-03-2026 07:18,413.81
12703,444,12-07-2025 11:37,457.15
12704,3302,28-02-2025 02:40,76.3
12705,2290,19-05-2025 12:10,28.88
12706,3932,28-08-2026 11:22,1450.39
12707,1104,05-02-2026 12:51,351.04
12708,3070,03-05-2026 08:53,192.06
12709,4366,06-04-2026 14:18,926.54
12710,1490,23-05-2026 14:20,158.34
12711,2292,12-10-2025 11:09,738.18
12712,4385,09-10-2025 01:49,924.18
12713,1737,06-02-2026 21:27,1358.8
12714,3830,08-06-2026 04:36,1339.66
12715,4020,18-09-2025 10:02,712.32
12716,4519,14-12-2025 12:45,83.68
12717,2232,21-07-2025 13:56,97.75
12718,3110,08-11-2025 21:41,714.73
12719,3769,05-09-2026 02:09,1382.2
12720,3992,07-01-2026 11:22,384.54
12721,1644,03-02-2026 20:41,21.85
12722,752,03-02-2026 13:54,52.56
12723,2269,19-03-2026 23:48,13.05
12724,4272,11-08-2025 09:46,352.62
12725,2124,28-04-2026 10:17,251.35
12726,417,09-04-2026 14:28,416.06
12727,4289,28-12-2025 15:45,147.4
12728,3646,24-03-2025 05:08,316.79
12729,3903,15-11-2025 09:24,2741.72
12730,3793,25-11-2025 03:09,553.45
12731,1833,11-01-2026 23:57,16.93
12732,2502,29-05-2025 13:27,1802.44
12733,912,12-12-2025 09:21,196.9
12734,2142,24-06-2025 15:22,173.02
12735,1773,30-03-2025 22:46,950.24
12736,1541,22-02-2025 10:51,43.39
12737,2986,01-08-2026 20:56,611.08
12738,2610,24-01-2026 14:14,489.17
12739,1268,03-02-2026 18:26,585.94
12740,296,10-02-2025 21:20,132.52
12741,3763,25-09-2025 00:36,79.93
12742,784,23-05-2025 01:49,385.7
12743,3564,12-11-2025 14:22,467.61
12744,2461,22-01-2025 14:38,509.68
12745,1849,25-06-2025 10:08,19.55
12746,1321,13-12-2025 04:21,920.09
12747,2109,11-06-2026 01:24,357.53
12748,1201,22-02-2025 11:49,136.83
12749,3163,01-04-2025 16:55,1198.65
12750,2836,10-09-2026 07:09,69.45
12751,3149,20-01-2025 03:18,130.12
12752,514,03-01-2026 00:53,374.73
12753,829,05-03-2025 04:08,956.29
12754,2320,23-10-2025 19:21,440.66
12755,460,03-04-2026 02:11,46.09
12756,3008,01-05-2026 08:28,79.76
12757,1747,08-03-2026 01:17,119.93
12758,3625,27-10-2025 02:58,257.95
12759,4454,21-06-2025 15:38,182.74
12760,2111,05-06-2026 11:53,333.12
12761,1973,30-07-2025 15:08,40.22
12762,3474,23-03-2026 20:42,24.44
12763,2446,04-07-2025 08:14,104.22
12764,593,06-05-2025 23:45,123.1
12765,2498,25-09-2025 16:22,190.86
12766,56,08-12-2025 04:04,229.79
12767,1862,29-03-2025 19:06,85.4
12768,2366,26-02-2026 11:36,223.93
12769,4153,09-04-2025 17:43,344.85
12770,136,11-03-2026 19:00,762.26
12771,1146,14-07-2025 19:49,254.29
12772,4280,16-04-2026 05:59,58.35
12773,3459,19-01-2025 02:33,37.31
12774,2338,04-02-2025 21:22,80.16
12775,2173,28-04-2025 15:32,59.78
12776,596,23-09-2025 04:03,782.74
12777,584,27-06-2025 16:54,163.23
12778,52,08-01-2025 12:06,176.89
12779,1967,13-09-2025 05:13,121.56
12780,1755,04-01-2026 23:48,213.25
12781,800,02-09-2026 13:53,110.76
12782,1854,16-07-2026 09:12,708.71
12783,2809,05-09-2025 22:21,337.51
12784,728,29-01-2025 07:05,183.1
12785,837,03-05-2025 23:02,484.86
12786,1621,01-01-2026 04:12,309.21
12787,1289,12-05-2025 05:14,28.72
12788,2072,24-08-2026 02:18,391.44
12789,3926,16-08-2025 16:53,472.44
12790,4078,14-09-2026 21:33,50.84
12791,1851,27-08-2026 10:27,447.83
12792,2317,02-10-2025 09:31,71.95
12793,4012,03-02-2025 20:04,431.84
12794,3774,29-01-2026 19:08,1444.19
12795,34,14-04-2026 12:20,358.53
12796,4121,29-08-2025 01:59,248.86
12797,3889,06-02-2026 08:42,56.83
12798,3380,01-09-2026 21:33,978.46
12799,1756,23-03-2026 19:40,37.06
12800,302,02-04-2025 06:04,192.76
12801,1560,09-11-2025 02:18,99.17
12802,789,04-11-2025 05:19,3.81
12803,180,05-04-2025 00:25,556.5
12804,419,14-07-2025 04:08,5.15
12805,1553,06-01-2025 07:13,95.12
12806,3847,22-06-2025 11:50,116.97
12807,2137,26-01-2025 04:20,238.04
12808,1804,29-10-2025 18:50,2.43
12809,523,27-04-2026 02:45,338.54
12810,1519,08-02-2025 05:08,238.92
12811,409,05-05-2026 12:14,12.6
12812,3968,08-05-2026 08:35,717.36
12813,1754,23-09-2025 10:08,201.26
12814,1888,18-02-2025 17:23,1366.99
12815,1054,18-02-2025 05:34,174.24
12816,625,06-07-2025 09:07,69.75
12817,3670,14-10-2025 04:45,258.41
12818,3882,24-11-2025 11:28,266.17
12819,3173,05-01-2026 14:15,206.45
12820,3,12-10-2025 21:41,32.45
12821,1236,17-04-2025 15:02,102.17
12822,2601,12-02-2025 01:04,29.26
12823,1185,15-08-2025 09:37,130.52
12824,3238,22-08-2025 04:48,137.35
12825,719,17-05-2025 00:26,202.46
12826,2666,07-06-2025 04:01,679.92
12827,2015,29-06-2026 10:22,55.33
12828,2910,29-09-2025 09:26,29.68
12829,2730,31-12-2025 16:34,201.91
12830,424,01-02-2026 16:07,424.37
12831,2525,04-06-2026 20:07,2116.22
12832,2872,12-08-2025 08:38,135.53
12833,4184,11-12-2025 07:16,434.73
12834,164,20-05-2026 20:36,32.22
12835,2953,23-06-2026 00:32,22.38
12836,4294,29-03-2026 13:42,629.46
12837,662,10-09-2025 00:07,337.51
12838,3638,17-01-2026 22:54,165.47
12839,602,28-03-2025 14:34,329.8
12840,3344,04-09-2025 09:23,291.42
12841,2171,19-01-2026 20:45,110.33
12842,4065,04-11-2025 08:42,611.9
12843,4228,26-11-2025 00:19,576.76
12844,4529,11-03-2026 01:44,28.72
12845,4119,10-07-2026 03:29,118.37
12846,2604,12-04-2026 13:09,175.34
12847,529,31-03-2026 20:16,235.28
12848,3842,06-03-2026 23:28,274.48
12849,423,09-03-2026 05:05,37.01
12850,3424,09-06-2026 14:27,55.09
12851,2851,19-07-2025 04:00,30.79
12852,4184,23-10-2025 21:48,745.9
12853,4006,29-08-2025 21:16,127.8
12854,4343,11-04-2025 01:11,433.1
12855,2209,28-12-2025 00:10,163.46
12856,3042,09-05-2026 22:29,43.57
12857,1362,07-09-2026 11:54,268.35
12858,2894,08-06-2025 23:19,346.35
12859,1290,16-01-2025 05:40,494.43
12860,1422,08-01-2025 18:37,119.31
12861,538,06-02-2025 02:13,1142.03
12862,3077,19-02-2026 12:53,151.93
12863,2127,10-01-2025 15:03,87.26
12864,4230,03-09-2025 20:55,67.56
12865,2616,23-02-2026 01:16,95.75
12866,1320,25-05-2025 16:52,1223.53
12867,3842,11-02-2026 03:52,12.75
12868,1160,07-07-2026 17:13,1448.73
12869,3227,06-03-2025 14:49,2833.63
12870,2455,17-02-2025 20:41,579.84
12871,112,21-04-2026 21:08,394.34
12872,1983,16-03-2025 11:01,1513.84
12873,4107,12-01-2026 14:41,125.02
12874,528,02-07-2026 07:20,569.15
12875,61,18-05-2025 13:31,384.74
12876,3,18-01-2025 21:01,297.55
12877,297,19-01-2026 09:11,13.05
12878,1053,17-02-2025 15:29,68.59
12879,528,01-08-2026 20:18,247.38
12880,1705,01-01-2026 14:42,310.07
12881,1571,14-03-2026 10:27,272.31
12882,2983,21-08-2026 18:10,181.43
12883,1513,14-06-2026 21:01,238.52
12884,2579,14-03-2025 08:48,529.57
12885,2548,05-02-2026 21:11,447.74
12886,4392,06-07-2026 22:07,698.58
12887,145,17-09-2025 15:37,180.11
12888,3458,16-12-2025 04:22,337.51
12889,3897,21-03-2025 03:37,67.72
12890,3656,16-11-2025 06:03,459.62
12891,4303,05-08-2026 12:06,48.25
12892,3461,08-06-2026 01:13,51.57
12893,3231,17-04-2025 09:39,1056.57
12894,4037,07-10-2025 20:09,125.39
12895,646,29-03-2025 23:03,337.51
12896,2030,21-03-2026 02:11,559.13
12897,1383,27-04-2025 22:28,255.12
12898,2742,28-11-2025 13:38,1540.22
12899,1797,03-05-2025 06:17,50.84
12900,4210,09-07-2025 10:50,427.66
12901,4120,06-03-2025 20:34,160.84
12902,2936,04-07-2026 18:12,163.31
12903,479,11-11-2025 17:29,511.27
12904,3329,04-03-2026 08:17,172.92
12905,1528,05-07-2026 01:49,191.91
12906,4120,27-03-2025 21:58,132.76
12907,2658,07-12-2025 09:46,639.86
12908,3880,06-07-2026 16:19,2777.57
12909,272,01-12-2025 11:55,2.2
12910,2510,20-06-2026 23:57,56.74
12911,366,29-01-2025 21:12,856.86
12912,2254,24-10-2025 00:54,746.91
12913,2769,03-10-2025 06:54,555.59
12914,1659,26-06-2026 13:37,939.83
12915,710,07-12-2025 02:49,513.28
12916,986,23-04-2026 16:08,12.75
12917,1196,09-03-2026 19:14,87.13
12918,3550,27-03-2026 13:20,80.61
12919,1284,26-02-2026 18:33,165.85
12920,3772,29-04-2026 00:31,1175.43
12921,4496,10-04-2025 22:40,95.58
12922,3415,11-07-2026 10:01,451.05
12923,2719,22-04-2026 17:08,628.89
12924,2081,27-02-2025 10:06,144.63
12925,3790,16-02-2026 12:51,342.77
12926,2394,08-11-2025 08:23,23.05
12927,2210,02-03-2026 20:37,886.57
12928,1248,05-01-2025 02:41,497
12929,1748,16-02-2025 14:46,883.87
12930,1422,10-04-2026 13:07,721.37
12931,3687,05-05-2026 18:54,180.43
12932,3930,02-02-2026 12:54,9.76
12933,628,20-08-2025 09:50,143.65
12934,2482,11-03-2026 08:09,225.89
12935,4085,18-04-2026 04:06,680.85
12936,1865,15-02-2026 18:10,80.8
12937,2537,03-05-2026 10:57,275.42
12938,1778,09-06-2026 13:09,283.25
12939,4390,02-05-2025 19:40,338.44
12940,1543,06-01-2026 21:00,1013.99
12941,1118,20-10-2025 11:52,519.95
12942,3811,22-01-2026 07:13,419.82
12943,3906,29-01-2025 14:21,111.36
12944,1782,17-06-2025 19:12,1078.6
12945,189,03-10-2025 07:20,389.25
12946,4042,30-01-2026 23:58,3.5
12947,2108,21-03-2025 22:38,651.71
12948,4415,29-01-2025 03:47,413.82
12949,1309,08-02-2025 00:27,907.66
12950,3401,12-10-2025 19:59,16.93
12951,2026,03-08-2026 05:30,224.56
12952,1972,27-04-2025 21:17,50.84
12953,2420,08-07-2026 13:30,550.7
12954,4409,01-03-2026 21:03,305.13
12955,747,13-06-2026 09:04,783.99
12956,3832,22-10-2025 13:42,119.95
12957,942,17-04-2026 03:08,118.53
12958,2854,30-01-2026 19:49,629.67
12959,1112,06-06-2026 16:00,106.86
12960,1483,05-03-2025 10:41,780.43
12961,2238,07-11-2025 01:05,1135.14
12962,495,24-04-2026 20:44,796.84
12963,3745,01-03-2026 21:06,2668.77
12964,2039,21-07-2025 02:41,51.93
12965,4275,08-03-2025 19:41,85.35
12966,261,17-06-2026 18:29,658.29
12967,5,05-08-2026 22:46,790.68
12968,3023,22-01-2025 22:32,905.46
12969,4196,14-01-2025 12:57,150.56
12970,3726,31-07-2025 04:56,41.91
12971,3339,31-07-2025 08:17,37.43
12972,2726,16-04-2026 13:45,67.62
12973,2124,20-05-2025 08:40,704.18
12974,191,12-10-2025 19:17,700.16
12975,1541,13-04-2025 19:52,295.95
12976,675,08-06-2025 12:49,459.43
12977,669,04-06-2025 23:37,122.08
12978,1252,16-04-2026 10:58,156.42
12979,4016,15-05-2025 00:57,144.59
12980,2372,16-09-2025 12:55,825.12
12981,3126,29-01-2026 15:48,1541.79
12982,2238,17-03-2025 23:01,338.91
12983,1343,25-03-2025 00:36,149.06
12984,2180,16-06-2026 08:14,152.6
12985,1001,27-01-2025 09:11,200.46
12986,3715,26-01-2025 13:53,1465.77
12987,1503,16-02-2026 12:53,86.78
12988,2353,03-04-2025 10:40,492.55
12989,972,13-01-2026 15:54,788.41
12990,86,10-01-2025 04:44,33.58
12991,4032,18-03-2025 07:30,269.94
12992,2300,06-03-2025 06:21,867.18
12993,3279,15-01-2025 01:23,693.59
12994,3125,19-07-2026 15:54,37.44
12995,124,04-03-2026 10:44,707.97
12996,3828,07-01-2026 06:25,432.59
12997,1625,17-05-2025 05:12,727.69
12998,3313,08-10-2025 14:28,558.54
12999,1229,18-06-2025 08:37,519.11
13000,4199,30-01-2025 15:37,310.4
13001,3307,10-08-2025 15:25,216.73
13002,3175,23-09-2025 03:09,837.01
13003,1352,25-01-2025 14:52,172.09
13004,3567,12-05-2025 03:54,639.59
13005,2713,21-12-2025 16:09,503.14
13006,3026,14-01-2025 04:59,207.32
13007,2307,10-01-2026 09:20,33.81
13008,2250,28-05-2026 00:49,282.51
13009,933,05-08-2025 04:44,162.46
13010,4379,18-12-2025 17:43,201.59
13011,3547,24-10-2025 22:06,162.98
13012,3822,18-07-2025 23:06,517.9
13013,4419,28-02-2025 16:34,356.82
13014,4100,01-09-2026 21:12,1250.84
13015,3743,14-03-2025 07:39,402.41
13016,2904,03-01-2025 01:55,39.84
13017,4328,02-09-2025 06:20,505.92
13018,4357,07-06-2026 04:14,383.1
13019,1138,28-02-2026 05:49,200.91
13020,3294,10-08-2026 22:54,760.42
13021,4306,26-05-2026 06:05,777.01
13022,1255,06-03-2026 16:13,770.77
13023,1087,02-05-2026 20:53,516.28
13024,3800,05-12-2025 04:44,141.82
13025,1306,05-02-2025 17:35,76.3
13026,3428,07-03-2026 17:29,91.1
13027,1473,04-12-2025 02:29,28.06
13028,4139,20-01-2026 01:24,652.49
13029,1807,15-11-2025 20:55,535.79
13030,1555,15-12-2025 16:08,93.66
13031,4201,21-02-2026 19:50,175.67
13032,1927,04-07-2026 09:12,135.02
13033,566,09-03-2025 14:27,287.14
13034,3880,25-11-2025 17:32,234.61
13035,2805,22-09-2025 20:47,309.19
13036,921,30-07-2026 20:46,116.75
13037,2152,19-07-2026 23:13,85.24
13038,2702,04-05-2026 12:13,181.11
13039,1015,16-10-2025 00:46,504.42
13040,2706,06-06-2026 15:36,245.49
13041,2206,04-07-2026 08:39,236.9
13042,4320,09-04-2025 17:43,270.52
13043,3976,31-01-2025 20:14,147.34
13044,1689,24-10-2025 07:11,273.77
13045,2611,02-07-2025 19:01,316.27
13046,2767,11-07-2026 17:09,135.7
13047,3368,19-07-2025 02:49,62.63
13048,2091,04-03-2025 00:36,426.96
13049,4201,19-03-2026 08:50,248.24
13050,216,15-12-2025 13:42,393.88
13051,2270,17-04-2026 09:06,121.62
13052,703,16-04-2025 10:49,137.1
13053,1381,28-02-2026 11:35,232.76
13054,2140,10-06-2025 20:52,26.71
13055,2793,04-10-2025 16:47,242.74
13056,3393,10-02-2025 09:45,244.42
13057,2990,15-04-2026 23:47,802.96
13058,3929,23-03-2026 21:24,934.13
13059,2377,01-09-2025 23:06,286.9
13060,4302,15-09-2025 11:28,652.19
13061,1477,13-06-2026 07:31,61.17
13062,1440,16-02-2026 17:00,683.39
13063,2658,28-12-2025 06:36,50.42
13064,222,31-03-2026 12:40,292.7
13065,114,15-11-2025 11:14,180.82
13066,2772,27-09-2025 11:12,268.57
13067,430,25-05-2026 03:30,1425.88
13068,1753,29-08-2025 13:22,342.53
13069,1970,26-07-2025 04:52,95.56
13070,4034,30-08-2025 16:42,329.59
13071,4401,20-05-2025 21:39,102.38
13072,3962,08-08-2026 23:30,2807.49
13073,2009,12-05-2025 00:57,2082.02
13074,1511,30-11-2025 06:49,131.69
13075,441,03-04-2026 19:39,714.91
13076,3954,14-07-2025 03:43,382.61
13077,3450,03-03-2025 13:14,768.93
13078,3948,12-11-2025 21:54,99.56
13079,3584,04-02-2026 17:37,1017.77
13080,3933,22-12-2025 17:47,510.31
13081,4519,23-05-2025 06:43,266.71
13082,1958,12-07-2025 19:15,2356.31
13083,827,06-07-2026 19:13,680.85
13084,1075,26-01-2025 11:34,194.82
13085,1359,13-08-2026 13:43,622.82
13086,1520,05-01-2025 10:46,1035.81
13087,2267,07-01-2026 03:41,38.15
13088,1644,06-01-2026 23:08,28.72
13089,912,05-11-2025 23:47,483.01
13090,921,20-12-2025 11:29,352.92
13091,2264,01-07-2025 12:57,45.86
13092,4287,04-02-2025 06:23,215.54
13093,1131,11-01-2026 02:52,789.89
13094,1186,10-04-2025 16:57,67.81
13095,2029,22-08-2025 09:50,2.2
13096,1361,01-04-2025 06:13,199.41
13097,958,18-02-2026 08:23,245.99
13098,878,09-05-2025 10:33,162.13
13099,1483,19-08-2026 19:22,1023.09
13100,82,20-10-2025 23:16,24.43
13101,604,23-05-2025 21:33,270.13
13102,3158,15-07-2025 03:54,1278.39
13103,2959,20-12-2025 13:48,358.3
13104,2247,30-08-2026 20:01,220.57
13105,518,27-08-2026 00:40,3202.46
13106,851,20-11-2025 22:11,135.74
13107,2084,03-05-2026 07:25,21.56
13108,2582,05-03-2026 15:11,169.17
13109,1669,08-09-2026 20:20,787.63
13110,4465,08-03-2025 14:50,137.73
13111,3326,12-09-2025 17:16,141.77
13112,1517,18-06-2026 18:31,1250.39
13113,3163,24-05-2025 03:21,16.93
13114,3347,28-03-2026 17:58,222.57
13115,1143,05-11-2025 21:35,384.12
13116,3415,26-02-2025 00:28,62.6
13117,3734,25-08-2025 23:49,500.15
13118,3852,02-04-2026 04:54,1609.87
13119,396,18-07-2025 04:49,1396.6
13120,2323,04-12-2025 09:27,182.74
13121,835,19-11-2025 02:30,871.15
13122,4026,29-11-2025 23:02,505.09
13123,643,26-02-2025 09:39,150.86
13124,3536,17-01-2025 09:02,65.55
13125,1660,20-05-2025 05:36,1013.99
13126,2768,22-02-2025 11:34,758.61
13127,547,09-07-2026 06:06,2.16
13128,650,15-02-2026 16:51,163.26
13129,2543,13-01-2025 16:10,313.94
13130,2665,13-06-2025 13:11,208.31
13131,2834,04-05-2025 06:12,211.5
13132,3035,06-05-2026 04:56,143.32
13133,1226,12-09-2025 07:34,360.66
13134,759,27-04-2026 01:16,601.63
13135,3393,10-04-2025 14:48,3.5
13136,551,02-11-2025 03:27,2.43
13137,1118,15-06-2025 04:45,245.45
13138,3450,13-01-2025 18:39,786.83
13139,2071,02-07-2025 13:10,163.34
13140,1155,14-07-2026 18:52,34.45
13141,2232,19-02-2025 05:35,32.37
13142,3715,05-03-2026 14:22,63.76
13143,1144,09-04-2025 02:20,243.02
13144,2568,08-03-2025 17:53,43.39
13145,207,31-03-2026 22:11,35.3
13146,2382,23-09-2025 05:06,749.9
13147,3698,26-04-2025 04:52,585.97
13148,2802,14-09-2025 09:53,778.79
13149,735,09-04-2025 14:04,665.77
13150,1003,15-01-2025 07:22,846.42
13151,1929,29-08-2026 19:10,280.96
13152,3361,27-01-2025 08:54,114.45
13153,962,06-03-2025 20:45,225.35
13154,2999,22-10-2025 14:34,177.16
13155,1553,08-10-2025 21:33,1643.89
13156,1258,17-03-2025 02:38,71.4
13157,3276,24-05-2025 03:32,493.13
13158,2117,16-06-2025 02:05,403.52
13159,171,20-08-2025 11:02,68.23
13160,1495,26-01-2025 01:16,436.61
13161,61,20-02-2026 19:24,442.1
13162,2121,26-04-2026 19:07,186.63
13163,4471,22-05-2025 23:34,114
13164,3862,22-08-2025 02:40,270.04
13165,2610,01-09-2026 23:00,9.76
13166,2931,03-06-2025 09:04,295.71
13167,2657,04-05-2025 13:28,552.84
13168,2121,16-06-2025 06:46,345.68
13169,59,02-05-2025 03:13,43.39
13170,3206,28-03-2026 19:44,317.33
13171,968,26-08-2025 13:17,138.63
13172,1185,07-08-2026 22:53,201.91
13173,1128,28-04-2026 22:51,267.07
13174,1677,15-09-2025 03:07,434.83
13175,3248,24-04-2025 15:29,436.74
13176,4522,05-05-2026 20:28,240.38
13177,4257,25-07-2025 18:30,412.33
13178,1860,10-02-2026 23:30,113.18
13179,1799,10-09-2026 04:25,5.9
13180,1464,17-06-2025 12:57,532.97
13181,2684,26-06-2026 22:56,134.11
13182,770,03-04-2026 03:03,1336.17
13183,4320,21-08-2026 18:44,100.16
13184,460,17-03-2025 18:53,587.55
13185,567,19-07-2025 07:59,339.94
13186,3984,26-01-2026 13:28,583.21
13187,2074,10-07-2025 13:24,2030.17
13188,719,06-07-2025 14:40,221.37
13189,4487,12-03-2025 09:51,74.87
13190,321,28-08-2025 12:31,142.03
13191,3096,06-11-2025 06:20,60.28
13192,2126,01-02-2026 18:18,217.95
13193,3228,07-04-2026 08:00,226.76
13194,2670,22-02-2026 18:12,127.48
13195,2982,15-05-2026 17:41,85.6
13196,3722,03-03-2026 06:59,9.72
13197,535,06-11-2025 09:59,218.35
13198,4086,29-06-2025 03:10,14.81
13199,3903,24-05-2026 07:12,95.54
13200,903,23-07-2026 03:08,92.1
13201,3519,20-05-2025 10:14,158.24
13202,2044,22-11-2025 05:05,196.33
13203,333,17-11-2025 22:11,180.7
13204,3956,16-10-2025 17:51,421.13
13205,1780,12-01-2026 10:23,396.85
13206,3508,30-11-2025 06:19,153.67
13207,1538,11-08-2026 13:33,238.6
13208,2043,30-07-2025 20:11,220.76
13209,278,18-04-2025 18:24,147.14
13210,41,15-01-2026 23:38,15.76
13211,1134,02-09-2025 01:42,381.87
13212,2279,09-05-2025 22:13,99.06
13213,877,17-06-2026 13:48,33.93
13214,3997,28-11-2025 15:20,1115.25
13215,1603,05-09-2026 13:44,1146.53
13216,1568,18-03-2025 10:20,1169.3
13217,3363,08-09-2026 05:53,1313.64
13218,1489,27-09-2025 18:29,86.99
13219,1052,22-04-2026 16:06,484.49
13220,2637,25-01-2025 18:45,37.06
13221,2643,27-04-2026 17:58,4113.56
13222,4227,04-06-2026 13:26,741.05
13223,1747,20-09-2025 06:17,801.49
13224,1673,27-11-2025 07:06,128.96
13225,644,21-01-2025 12:54,242.82
13226,1391,03-01-2025 00:43,47.2
13227,192,22-04-2026 00:09,192.58
13228,2698,10-07-2026 21:57,5.9
13229,3999,01-04-2026 00:56,1295.22
13230,1070,25-03-2025 21:52,40.64
13231,1319,23-09-2025 16:16,333.79
13232,1650,01-01-2026 21:39,127.93
13233,3395,14-05-2025 05:50,70.6
13234,3426,14-03-2025 23:57,151.23
13235,710,27-12-2025 04:09,113.91
13236,876,05-01-2025 20:24,147.75
13237,690,31-08-2025 12:41,183.1
13238,615,03-04-2025 19:15,339.98
13239,2919,30-09-2025 23:10,464.56
13240,2199,24-04-2026 11:08,708.56
13241,448,14-06-2025 02:10,325.82
13242,3817,18-07-2025 06:37,2375.92
13243,854,18-03-2025 10:35,17.7
13244,3328,23-03-2025 15:49,373.74
13245,313,22-01-2026 23:16,1024.28
13246,2432,31-05-2026 04:53,1006.57
13247,117,08-01-2025 08:00,606.86
13248,4054,30-04-2026 11:36,42.87
13249,3292,26-03-2026 19:16,490.37
13250,2718,24-04-2025 09:17,299.23
13251,927,23-03-2025 11:52,1683.71
13252,843,26-03-2025 03:13,1877.91
13253,218,22-04-2025 22:12,14.85
13254,4415,19-04-2026 10:30,525.52
13255,313,04-10-2025 15:51,422.02
13256,1666,11-04-2026 14:15,182.6
13257,2423,16-11-2025 01:57,10.18
13258,1589,22-06-2026 13:15,1259.34
13259,49,07-05-2025 19:22,257.03
13260,1765,18-01-2025 02:15,1739.92
13261,4446,23-01-2025 03:53,507.19
13262,3180,27-10-2025 10:08,2858.95
13263,1704,09-02-2025 19:05,349.67
13264,3210,29-11-2025 05:52,2.95
13265,1701,13-05-2025 06:58,551.42
13266,4162,14-07-2026 06:19,356.89
13267,3348,15-02-2026 00:02,368.05
13268,367,28-07-2025 10:27,2137.64
13269,628,17-08-2026 20:58,673.93
13270,828,21-10-2025 12:22,120.74
13271,1194,12-04-2025 13:47,30.98
13272,1195,05-11-2025 15:05,613.37
13273,745,24-06-2026 08:50,43.23
13274,2755,03-01-2025 11:18,71.18
13275,4325,13-12-2025 02:08,1375.85
13276,3590,31-10-2025 17:20,328.78
13277,2138,13-05-2026 14:12,80.25
13278,3657,21-06-2026 03:01,291.91
13279,398,05-01-2025 11:19,81.73
13280,3565,20-08-2025 05:13,312.66
13281,3248,03-01-2026 03:06,205.43
13282,1585,10-05-2026 02:22,178.09
13283,3868,31-07-2025 12:18,688.34
13284,2228,22-01-2026 09:14,690.78
13285,2088,16-01-2025 10:26,56.45
13286,4041,10-07-2026 23:44,114.75
13287,3226,16-12-2025 06:13,8.06
13288,3015,21-03-2025 03:14,88.35
13289,3266,20-07-2026 08:13,1191.47
13290,4160,16-01-2026 10:59,205.35
13291,4429,20-06-2025 02:10,951.92
13292,1663,07-01-2026 02:11,5.9
13293,787,17-11-2025 11:04,117.88
13294,1366,03-09-2026 01:40,593.76
13295,2880,22-07-2025 19:26,716.05
13296,3362,09-02-2025 16:04,478.84
13297,713,12-07-2025 04:44,666.74
13298,3758,22-03-2025 03:51,195.65
13299,2245,12-12-2025 15:44,27.09
13300,689,25-04-2026 23:23,1160.99
13301,4048,25-03-2026 05:40,608.06
13302,2950,07-04-2026 17:08,125.02
13303,779,09-03-2025 00:26,7
13304,3387,19-10-2025 18:06,107.69
13305,2231,05-03-2025 10:55,327.05
13306,213,04-08-2025 20:17,58.08
13307,856,11-05-2025 10:58,66.39
13308,1905,31-08-2026 08:25,75.65
13309,4479,10-08-2025 07:07,82.86
13310,3053,21-04-2025 18:49,1540.43
13311,941,24-04-2026 19:56,832.47
13312,32,12-06-2026 12:05,867.79
13313,2296,25-03-2026 10:52,31.67
13314,2849,23-02-2025 06:26,345.93
13315,1252,06-01-2026 11:33,156.71
13316,995,23-01-2026 08:07,57.75
13317,2954,04-07-2025 06:54,919.81
13318,3069,16-12-2025 06:17,337.51
13319,3595,18-04-2026 21:14,94.67
13320,4164,20-08-2026 22:42,1384.76
13321,2856,09-06-2026 03:43,7.3
13322,3833,21-10-2025 02:43,285.16
13323,1356,04-03-2025 20:24,356.89
13324,1693,22-01-2025 01:23,632.23
13325,1461,01-10-2025 13:02,64.09
13326,3726,20-05-2026 16:54,80.79
13327,4000,06-03-2025 07:22,611.69
13328,4018,02-07-2025 20:39,83.9
13329,2233,18-04-2025 12:10,541.99
13330,558,29-10-2025 21:18,82.65
13331,3315,07-01-2026 05:46,545.19
13332,1046,21-08-2025 00:52,895.92
13333,783,18-07-2025 22:33,2541.21
13334,1995,11-02-2026 19:54,584.86
13335,3547,23-01-2026 10:21,172.74
13336,3658,23-09-2025 16:34,395.43
13337,2294,12-02-2026 09:07,568.27
13338,1013,20-09-2025 05:04,29.14
13339,1687,08-06-2025 02:36,1178.24
13340,2599,17-01-2026 18:31,161.75
13341,1487,23-07-2026 15:32,381.65
13342,1976,25-03-2025 01:19,283.49
13343,1790,15-04-2026 17:18,316.53
13344,2871,11-11-2025 11:50,227.58
13345,2510,30-03-2025 04:15,98.66
13346,25,07-11-2025 10:53,1064.97
13347,3176,31-05-2025 02:24,201.77
13348,322,04-11-2025 08:39,238.29
13349,2715,05-07-2025 18:19,176.44
13350,3864,14-12-2025 05:56,492.04
13351,3263,07-07-2026 19:23,102.01
13352,2982,03-01-2025 06:50,478.48
13353,1185,18-06-2025 17:48,352.5
13354,2013,01-06-2025 07:18,383.7
13355,3649,26-11-2025 09:03,86.18
13356,373,29-04-2026 06:18,29.62
13357,3675,24-05-2026 14:16,109.84
13358,658,30-01-2026 21:15,698.3
13359,2336,21-04-2025 00:13,42.27
13360,2309,11-09-2026 13:26,700.37
13361,434,20-11-2025 11:37,396.85
13362,32,08-09-2025 18:21,979.29
13363,4269,20-04-2025 23:19,35.72
13364,266,07-02-2026 08:51,48.88
13365,2141,03-08-2026 22:07,30.37
13366,2596,01-10-2025 23:24,116.16
13367,3337,03-06-2026 02:42,74.11
13368,445,11-09-2025 19:38,127.14
13369,3836,18-11-2025 13:13,408.87
13370,363,10-06-2025 02:58,29.82
13371,685,01-05-2025 23:37,337.51
13372,337,30-04-2026 07:12,939.87
13373,3195,14-01-2026 01:02,69.16
13374,3289,08-03-2025 10:28,150.52
13375,4252,23-04-2025 17:45,397.23
13376,3291,12-03-2026 18:14,1859.34
13377,2511,06-07-2025 09:54,249.16
13378,2005,10-09-2026 08:56,40.21
13379,1737,08-08-2026 17:52,1269.43
13380,1636,24-01-2025 17:13,487.24
13381,1068,20-11-2025 11:37,675.02
13382,1397,13-02-2026 05:02,1974.25
13383,4410,05-06-2025 02:20,274.56
13384,901,14-03-2025 06:35,1683.99
13385,2853,26-01-2025 04:52,112.98
13386,226,02-10-2025 07:55,131.34
13387,4124,31-08-2026 02:51,189.27
13388,1303,17-10-2025 19:50,298.1
13389,336,09-09-2026 23:20,238.31
13390,2933,05-02-2025 10:36,100.48
13391,2288,15-06-2026 12:54,388.35
13392,953,09-05-2025 08:58,864.65
13393,898,22-07-2025 14:26,1147.84
13394,1290,06-03-2025 21:26,1054.07
13395,2427,10-10-2025 09:08,3.2
13396,3921,12-02-2025 13:19,186.49
13397,43,05-03-2025 16:29,521.05
13398,3246,18-10-2025 05:45,276.4
13399,1947,08-09-2025 15:09,535.89
13400,2349,10-12-2025 10:10,867.88
13401,399,15-02-2026 19:12,929.66
13402,4148,05-09-2026 15:13,404.85
13403,993,06-02-2026 04:28,85.08
13404,1339,10-05-2026 22:29,47.28
13405,1937,22-05-2025 10:52,40.53
13406,1891,29-04-2025 14:26,32.02
13407,3569,19-02-2025 00:25,1054.4
13408,1704,28-02-2026 18:52,69.37
13409,214,08-04-2026 12:50,165.75
13410,1392,26-06-2025 11:31,271.81
13411,2946,09-09-2026 07:55,627.01
13412,2183,30-11-2025 20:59,86.8
13413,2356,02-03-2026 18:16,142.15
13414,3416,06-10-2025 06:17,18.97
13415,1643,19-08-2025 19:15,54.99
13416,4462,18-02-2025 04:33,1397.43
13417,4449,05-07-2025 04:45,974.48
13418,1003,14-01-2026 15:46,198.7
13419,4309,11-09-2026 23:54,680.51
13420,3353,27-01-2025 22:03,74.86
13421,2379,02-05-2025 14:12,83.82
13422,2288,01-02-2025 21:00,833.82
13423,2926,17-04-2025 17:06,628.61
13424,1919,18-08-2026 20:21,192.13
13425,2027,10-12-2025 09:31,101.42
13426,3806,07-01-2026 15:57,358.46
13427,3721,28-08-2026 09:53,345.73
13428,2620,29-06-2026 14:13,610.37
13429,1869,26-07-2026 08:32,370.2
13430,1699,27-10-2025 22:28,222.89
13431,409,19-02-2025 09:08,30.06
13432,3782,16-02-2026 05:11,276.53
13433,2499,09-07-2026 21:39,1396.51
13434,2132,03-10-2025 18:12,875.13
13435,4252,19-08-2025 11:50,158.16
13436,3100,27-02-2025 19:43,76.21
13437,1709,29-07-2025 23:20,821.13
13438,2187,10-01-2025 18:21,150.84
13439,612,28-05-2026 10:58,655.55
13440,3743,22-08-2026 21:00,539.99
13441,3079,24-02-2026 19:37,12.71
13442,4230,03-07-2026 04:33,21.29
13443,2347,06-04-2026 04:35,494.64
13444,2058,27-05-2025 09:26,56.83
13445,3037,09-12-2025 17:14,337.42
13446,438,13-04-2025 10:44,151.49
13447,1092,01-09-2025 21:02,123.45
13448,208,08-08-2026 01:06,393.39
13449,774,01-09-2026 23:51,114.99
13450,2046,27-05-2025 06:13,473.44
13451,3980,17-08-2026 22:21,140.23
13452,2026,13-05-2025 09:47,77.6
13453,2221,03-01-2025 23:03,232.98
13454,2247,19-04-2025 17:29,52.99
13455,1668,25-06-2025 11:58,274.82
13456,1596,16-03-2026 00:49,96.99
13457,3728,07-09-2026 04:14,1710.99
13458,1359,04-07-2025 07:32,308.74
13459,1651,30-03-2025 21:23,40.22
13460,1685,20-02-2025 18:58,92.3
13461,708,02-08-2026 04:33,85.23
13462,4219,01-09-2026 01:13,62.6
13463,1585,22-01-2026 15:03,113.19
13464,2185,20-04-2026 14:30,662.29
13465,1076,04-06-2026 19:44,785.99
13466,1115,01-07-2026 14:16,204.85
13467,498,26-11-2025 19:42,811.69
13468,4393,07-03-2026 05:33,428
13469,1968,04-01-2025 23:08,1467.73
13470,3940,06-05-2026 11:54,57.44
13471,1305,29-01-2025 13:11,125.02
13472,1255,23-08-2026 23:05,373.38
13473,4260,09-05-2025 20:08,69.7
13474,393,17-10-2025 01:41,83.82
13475,3893,04-01-2026 00:55,301.49
13476,1559,26-04-2026 01:35,264.72
13477,2798,26-01-2026 13:35,9.76
13478,4117,16-04-2026 21:25,67.01
13479,126,09-05-2025 09:11,955.79
13480,2296,13-01-2026 07:38,41.51
13481,2793,08-10-2025 19:52,63.84
13482,254,23-02-2026 08:14,37.27
13483,3753,16-06-2026 19:31,2.43
13484,2663,13-05-2026 02:40,3.5
13485,2298,03-09-2026 08:24,88.99
13486,2791,19-05-2026 22:31,727.07
13487,1809,02-02-2026 21:41,18.19
13488,4366,10-10-2025 19:42,39.38
13489,3996,08-02-2026 00:06,34.33
13490,3958,17-02-2026 08:36,354.04
13491,2933,24-09-2025 10:12,138.65
13492,670,28-02-2025 08:33,15.25
13493,1428,20-05-2025 06:26,58.52
13494,1988,04-02-2025 18:30,22.83
13495,1679,27-03-2025 00:22,483.53
13496,3538,20-10-2025 19:41,165.26
13497,3336,10-06-2026 13:00,34.5
13498,796,12-09-2026 23:20,1416.14
13499,3166,10-03-2025 10:49,18.53
13500,663,11-03-2025 20:16,164.28
13501,426,16-02-2025 09:08,22.38
13502,3416,24-02-2026 20:57,517.52
13503,977,17-12-2025 23:41,271.55
13504,3802,24-09-2025 03:22,1853.19
13505,4319,20-03-2025 18:06,35.05
13506,1590,12-06-2025 03:54,50.84
13507,3336,12-06-2025 04:52,50.07
13508,544,22-01-2026 20:35,41
13509,2544,20-08-2026 02:56,309.32
13510,655,25-07-2026 08:05,1517.95
13511,9,22-04-2025 19:55,141.93
13512,3111,01-02-2026 23:12,578.02
13513,3313,26-01-2026 12:07,206.62
13514,1173,03-05-2025 16:13,115.57
13515,458,15-03-2026 03:21,179.16
13516,3066,12-12-2025 13:05,42.5
13517,2005,28-09-2025 14:02,32.92
13518,567,31-05-2026 23:44,1656.05
13519,4042,09-07-2025 04:10,487.24
13520,1725,29-04-2025 13:14,38.15
13521,3088,06-04-2026 01:22,24.46
13522,1174,21-05-2026 09:18,292.67
13523,2655,15-03-2025 18:12,38.76
13524,3286,15-09-2025 10:18,209.93
13525,787,13-03-2026 18:45,337.51
13526,507,01-02-2026 22:52,195.99
13527,2910,15-10-2025 14:14,257.49
13528,849,08-10-2025 18:39,1130.45
13529,3370,08-06-2025 04:39,119.55
13530,3018,01-01-2026 17:11,38.15
13531,498,23-10-2025 12:53,367.23
13532,774,01-02-2026 18:36,59.05
13533,2619,19-03-2025 15:26,223.84
13534,1363,25-06-2025 03:17,37.75
13535,1356,27-11-2025 00:41,99.99
13536,2900,21-01-2026 23:28,185.01
13537,3998,25-12-2025 16:30,25.68
13538,2251,02-09-2025 02:52,1120.41
13539,1626,05-12-2025 19:01,37.58
13540,2174,13-01-2025 15:44,708.5
13541,1305,10-03-2026 07:22,341.01
13542,213,06-08-2025 08:24,20.11
13543,3759,05-03-2025 11:12,12.26
13544,634,08-12-2025 11:09,402.52
13545,2921,14-09-2025 16:57,1079.21
13546,2788,08-11-2025 20:43,332.54
13547,2585,03-08-2025 04:53,226.7
13548,3752,29-07-2026 13:59,56.06
13549,4384,25-04-2025 22:35,2436.63
13550,3041,21-07-2026 01:56,222.29
13551,228,15-07-2025 00:32,161.74
13552,3457,04-07-2026 07:05,356.89
13553,2700,09-02-2026 19:55,654.6
13554,3332,09-08-2025 03:40,51.07
13555,4392,04-05-2026 09:00,342.4
13556,3640,30-09-2025 11:29,85.3
13557,1551,26-04-2025 18:50,455.28
13558,450,11-01-2026 10:22,111.79
13559,3186,03-06-2025 06:22,1592.46
13560,2177,20-04-2026 03:38,170.49
13561,2586,20-06-2026 14:32,701.31
13562,3498,25-07-2026 14:38,339.94
13563,2669,08-03-2026 17:59,281.1
13564,1630,04-07-2025 05:14,86.83
13565,2544,26-12-2025 05:45,89.62
13566,3598,28-08-2025 23:00,373.94
13567,2597,02-09-2026 08:37,160.37
13568,3267,01-06-2025 07:10,7.29
13569,2862,14-12-2025 15:50,424.37
13570,633,30-05-2026 03:44,125.02
13571,4171,04-04-2026 04:33,122.99
13572,3928,17-09-2025 11:21,698.3
13573,3531,20-04-2026 09:23,232.32
13574,1158,12-05-2025 21:29,157
13575,1584,15-06-2025 00:42,89.54
13576,4105,06-01-2026 15:19,391.42
13577,1928,29-10-2025 04:19,558.36
13578,862,03-11-2025 15:58,98.05
13579,4170,05-06-2025 14:16,1175.4
13580,251,27-06-2025 17:58,395.34
13581,1128,22-05-2026 04:19,151.99
13582,3318,05-11-2025 11:16,405.07
13583,2668,05-08-2025 13:23,210.66
13584,4027,16-05-2025 04:23,30.49
13585,867,04-01-2025 00:55,98.89
13586,739,11-03-2026 05:24,307.17
13587,1882,27-05-2026 19:21,60.03
13588,4072,22-08-2026 08:37,172.55
13589,1847,19-10-2025 11:00,858.68
13590,1183,14-04-2025 08:06,10.51
13591,4133,04-06-2025 02:03,422.54
13592,4244,08-09-2025 05:07,420.36
13593,338,27-07-2025 19:42,144.33
13594,577,22-04-2026 15:10,173.38
13595,4095,01-03-2026 08:13,440.53
13596,3707,18-08-2025 13:39,60.38
13597,2191,23-06-2026 14:47,704.49
13598,3101,14-08-2025 16:14,76.46
13599,3315,20-01-2026 16:19,1329.7
13600,3630,07-06-2025 05:17,106.44
13601,1504,22-11-2025 11:01,129.2
13602,1687,17-12-2025 15:58,25.68
13603,678,20-06-2025 06:37,167.07
13604,2312,16-03-2026 16:35,81
13605,2110,14-06-2025 19:48,125.02
13606,1388,07-05-2026 17:34,2133.25
13607,3298,07-07-2025 11:52,9.72
13608,581,03-07-2026 02:14,997.47
13609,381,13-04-2026 15:48,60
13610,2236,11-03-2026 19:34,77.83
13611,4518,27-04-2025 00:56,16.93
13612,2443,24-08-2026 14:48,14.86
13613,3860,29-03-2025 06:17,235.14
13614,906,06-06-2025 23:37,526.93
13615,125,03-07-2025 17:16,1350.87
13616,2935,03-08-2026 22:20,172.59
13617,1108,08-07-2026 20:58,56.83
13618,351,19-11-2025 06:35,308.66
13619,1934,16-06-2026 02:52,919.19
13620,598,17-11-2025 21:56,129.72
13621,4197,11-07-2025 02:49,821.79
13622,2704,01-06-2026 23:11,356.96
13623,4215,10-05-2026 07:27,92.13
13624,2556,16-08-2025 12:39,163.67
13625,416,03-05-2025 04:04,85.4
13626,2582,28-08-2026 10:33,208.18
13627,1092,22-05-2025 14:30,1635.68
13628,2881,09-04-2025 09:05,457.17
13629,3195,02-05-2025 05:42,347.18
13630,1387,18-07-2026 20:40,409.72
13631,778,08-09-2025 04:49,179.43
13632,1042,02-05-2025 01:12,879.45
13633,1769,06-07-2026 21:46,81.25
13634,1513,28-03-2025 10:16,755.15
13635,1141,12-03-2026 09:51,336.82
13636,1343,25-05-2026 20:10,152.96
13637,703,10-04-2025 14:45,305.44
13638,3990,06-01-2025 09:30,663.89
13639,2611,09-12-2025 01:48,159.1
13640,1474,11-02-2025 15:23,232.32
13641,3014,05-12-2025 21:26,65.56
13642,665,15-01-2025 07:54,158.7
13643,3702,31-03-2026 01:04,137.08
13644,3057,03-05-2026 01:55,260.73
13645,996,09-04-2026 03:55,117.24
13646,4271,29-11-2025 21:13,268.23
13647,1804,31-01-2026 00:52,690.61
13648,2852,19-01-2026 07:07,208.84
13649,1609,12-01-2025 06:51,463.38
13650,1166,30-08-2025 21:11,19.55
13651,299,16-03-2025 23:55,217.72
13652,10,09-02-2025 22:19,442.13
13653,596,06-01-2025 23:30,43.39
13654,2884,14-07-2025 17:09,185.43
13655,2366,28-08-2026 11:36,53.04
13656,3635,14-02-2025 12:57,134.97
13657,2886,13-10-2025 05:59,41.14
13658,3084,24-01-2025 15:42,1571.83
13659,2404,13-02-2026 11:58,1374.61
13660,3883,16-07-2025 14:24,160.37
13661,623,01-03-2026 00:28,1624.77
13662,1864,10-02-2026 00:59,100.71
13663,2174,16-01-2026 22:10,82.42
13664,360,25-03-2025 02:04,258.9
13665,1071,30-07-2025 14:25,1977.19
13666,1986,06-07-2025 17:44,833.37
13667,2282,29-04-2025 23:30,226.2
13668,2345,07-07-2025 03:21,2.16
13669,3574,24-12-2025 08:08,185.67
13670,2680,12-05-2025 20:44,381.44
13671,632,12-04-2026 02:14,167.1
13672,1356,21-09-2025 05:22,900.25
13673,4453,30-03-2026 16:44,245.81
13674,2871,14-02-2026 15:51,647.07
13675,2285,13-05-2025 19:05,38.15
13676,3843,26-06-2026 05:36,1570.18
13677,1832,16-02-2025 04:43,93.18
13678,1490,22-08-2026 04:57,109.99
13679,3089,21-02-2026 01:44,50.17
13680,2535,18-10-2025 13:08,306.98
13681,481,03-03-2026 09:44,12.75
13682,1285,30-08-2025 04:07,3.77
13683,4456,22-03-2026 02:52,104.22
13684,2129,18-01-2025 03:57,75.16
13685,593,16-06-2025 08:15,9.72
13686,3974,24-09-2025 23:44,2720.6
13687,2718,24-01-2026 14:35,653.9
13688,3019,16-01-2026 06:55,1578.18
13689,2740,31-05-2025 09:35,107.12
13690,1309,11-10-2025 15:13,1415.61
13691,3097,20-08-2025 12:13,9.76
13692,2762,24-02-2025 07:53,641.99
13693,3459,11-07-2026 16:41,160.37
13694,1892,17-06-2026 19:01,1485.48
13695,599,04-11-2025 17:00,534.51
13696,4016,24-07-2026 00:05,77.13
13697,2239,28-04-2026 11:17,874.15
13698,2018,14-05-2026 21:12,764.07
13699,3565,13-09-2026 19:59,424.47
13700,1851,17-09-2025 03:48,905.46
13701,317,16-08-2025 08:58,446.17
13702,3167,24-02-2026 19:16,679.88
13703,2056,13-02-2026 19:07,74.43
13704,2138,20-06-2026 20:00,28.03
13705,3988,27-01-2026 03:22,57.44
13706,668,08-04-2026 20:32,153.9
13707,1255,26-02-2026 08:51,449.93
13708,1629,20-12-2025 21:29,878.52
13709,4270,12-10-2025 14:23,117.24
13710,1318,01-04-2026 16:48,377.12
13711,4313,07-03-2025 03:05,87.69
13712,2740,22-04-2026 20:50,211.8
13713,713,04-08-2026 02:48,551.61
13714,4215,05-07-2025 04:32,3222.71
13715,1525,25-01-2026 21:14,337.51
13716,2779,03-11-2025 17:10,21.85
13717,3287,04-02-2025 03:33,2413.25
13718,2177,20-07-2025 14:55,189.45
13719,3711,28-06-2026 22:54,201.61
13720,4132,04-01-2025 02:47,106.46
13721,179,30-03-2025 12:25,187.59
13722,2828,15-03-2026 08:28,23.05
13723,4172,03-08-2025 21:00,15.76
13724,3939,16-02-2025 05:48,56.69
13725,2532,23-12-2025 20:57,211.87
13726,4036,16-01-2026 22:05,50.84
13727,3813,06-05-2026 10:28,41.84
13728,1024,13-04-2026 22:29,288.07
13729,3795,29-04-2025 14:30,3026
13730,1805,13-03-2026 09:21,98.12
13731,4112,19-08-2025 22:19,203.47
13732,4256,27-07-2025 22:32,1060.43
13733,3653,10-06-2025 18:00,1038.79
13734,357,16-05-2025 13:16,113.74
13735,4384,13-08-2025 21:35,474.86
13736,1067,14-02-2025 22:34,355.21
13737,3374,14-01-2025 16:48,236.87
13738,444,17-05-2026 16:08,57.27
13739,3226,23-07-2025 01:25,1655.1
13740,3619,13-07-2026 05:05,188.83
13741,668,16-07-2026 07:11,50.84
13742,1261,05-04-2025 09:13,185.5
13743,595,02-08-2026 19:51,216.36
13744,4464,13-02-2026 18:39,299.31
13745,2629,21-03-2025 05:18,734.36
13746,3293,22-07-2026 00:09,205.68
13747,1445,20-05-2026 23:58,1497.05
13748,168,03-03-2026 15:49,468.74
13749,2627,16-01-2025 02:29,59.82
13750,1023,15-11-2025 15:24,1914.46
13751,4004,13-04-2026 13:29,2.43
13752,629,07-06-2025 21:11,735.62
13753,1700,11-08-2026 15:07,81.55
13754,3532,22-10-2025 12:23,2030.89
13755,248,15-08-2025 15:14,1387.52
13756,3211,04-07-2025 02:41,274.69
13757,1703,02-08-2026 07:59,383.73
13758,1597,10-09-2026 05:07,1087.13
13759,1308,14-11-2025 03:11,1179.46
13760,2358,12-01-2026 22:35,132.73
13761,2806,24-06-2026 01:08,151.74
13762,1113,31-07-2025 20:45,500.72
13763,1020,12-09-2026 04:58,248.89
13764,3951,26-03-2025 00:36,46.89
13765,1070,21-03-2026 16:00,849.31
13766,2576,14-07-2025 16:35,375.77
13767,3230,10-03-2025 05:12,325.51
13768,725,10-10-2025 04:13,17.7
13769,2654,19-05-2025 12:40,31.53
13770,1237,06-01-2026 14:30,150.25
13771,950,20-04-2025 22:37,701.8
13772,4232,19-11-2025 05:27,125.02
13773,4190,29-04-2026 00:02,234.48
13774,362,13-05-2025 02:25,90.29
13775,528,09-08-2026 22:21,50.84
13776,460,26-11-2025 04:29,359.17
13777,2584,17-07-2026 13:40,203.86
13778,98,05-10-2025 12:45,341.82
13779,668,28-05-2025 07:44,140.2
13780,903,04-03-2025 13:39,506.23
13781,2358,26-08-2026 04:39,50.46
13782,2891,20-05-2025 23:39,13.05
13783,603,15-04-2025 22:25,823.34
13784,1358,30-06-2025 19:42,572.48
13785,3777,10-06-2026 18:44,133.06
13786,797,09-09-2026 21:08,144.75
13787,1231,11-12-2025 04:08,214.29
13788,3381,24-04-2026 21:15,229.45
13789,1039,04-09-2025 06:38,708.02
13790,2114,20-01-2026 23:53,666.8
13791,3036,29-05-2026 20:12,781.09
13792,2739,20-04-2025 15:16,534.3
13793,3743,06-01-2025 17:06,358.76
13794,832,02-03-2026 09:33,374.34
13795,107,12-09-2026 09:21,305.98
13796,2073,06-07-2026 02:15,12.84
13797,4172,04-03-2025 17:50,45.7
13798,770,08-01-2026 17:35,29.14
13799,1156,15-07-2025 17:40,343.53
13800,1115,13-06-2026 09:00,603.52
13801,3024,05-08-2026 15:57,632.85
13802,677,21-04-2025 10:54,375.42
13803,1765,14-10-2025 14:18,389.14
13804,2785,08-09-2026 14:43,451.8
13805,4197,29-10-2025 17:30,305.53
13806,2249,15-11-2025 23:51,75.18
13807,364,31-01-2026 01:27,6.6
13808,1671,06-09-2026 07:48,945.93
13809,1438,20-01-2026 15:06,337.51
13810,1553,13-12-2025 02:00,19.52
13811,2103,03-02-2026 00:14,246.87
13812,854,10-09-2026 01:12,706.27
13813,2034,04-03-2025 07:36,300.93
13814,1258,23-07-2026 03:23,258.09
13815,2259,30-09-2025 07:29,148.2
13816,1685,24-07-2025 02:49,79.69
13817,1839,30-08-2025 08:15,31.69
13818,4500,07-06-2025 22:56,412.93
13819,3534,25-11-2025 06:46,961.73
13820,297,11-03-2025 15:52,60.26
13821,3272,16-01-2026 07:45,94.51
13822,2473,09-04-2026 06:48,191.26
13823,3819,04-10-2025 05:01,142.29
13824,4300,05-01-2025 17:45,107.11
13825,2466,14-03-2026 03:08,766.94
13826,4298,23-04-2025 09:26,1533.65
13827,1821,20-05-2026 09:28,81.05
13828,1141,29-05-2025 21:53,333.27
13829,2309,28-12-2025 17:08,1133.5
13830,1440,18-06-2025 20:44,82.33
13831,2257,05-02-2026 03:59,56.29
13832,500,20-03-2026 10:34,213.01
13833,1510,06-07-2025 05:03,96.08
13834,169,17-02-2025 04:45,148.4
13835,2155,31-08-2025 04:02,124.73
13836,3531,24-02-2025 10:31,576.69
13837,1893,25-01-2025 05:20,698.3
13838,3665,08-10-2025 01:25,1433.51
13839,3721,31-05-2026 14:51,213.51
13840,3371,30-07-2025 02:47,125.65
13841,1521,15-02-2026 09:02,74.79
13842,1275,18-06-2026 05:19,412.92
13843,4415,14-02-2026 02:38,904.72
13844,3088,10-05-2025 18:38,354.85
13845,636,10-09-2025 04:40,752.22
13846,659,06-05-2026 11:40,2.95
13847,3042,23-04-2026 09:12,297.2
13848,3999,22-04-2026 19:22,785.99
13849,3186,12-07-2025 04:23,1711.97
13850,1692,08-08-2026 13:45,255.72
13851,354,23-03-2025 19:37,158.12
13852,4054,02-10-2025 11:51,60.51
13853,2265,05-07-2026 06:57,32.57
13854,3376,22-06-2025 13:43,1102.1
13855,2305,21-09-2025 17:42,955.25
13856,2201,16-06-2025 07:38,1606.94
13857,1874,05-04-2025 04:15,214.15
13858,3811,01-06-2025 01:21,12.84
13859,3760,02-05-2026 22:11,799.17
13860,4180,02-08-2026 19:32,1881.58
13861,1933,23-01-2026 13:39,567.28
13862,279,16-11-2025 10:08,30.19
13863,3575,27-09-2025 15:05,218.71
13864,1816,23-02-2025 05:17,168.17
13865,2052,20-03-2026 01:12,365.03
13866,2815,30-07-2025 10:08,2140.12
13867,999,02-04-2026 15:29,386.93
13868,4483,16-06-2026 09:45,200.88
13869,2897,04-11-2025 10:40,85.6
13870,3422,17-08-2025 20:47,2033.15
13871,616,16-10-2025 03:14,38.15
13872,2477,29-04-2026 11:51,237.45
13873,4382,07-09-2026 20:01,130.51
13874,3468,15-12-2025 08:29,464.03
13875,1268,06-07-2026 21:29,248.84
13876,2519,09-05-2025 08:57,63.53
13877,3787,27-01-2026 06:01,613.01
13878,853,11-11-2025 16:55,394.47
13879,1582,11-06-2025 11:12,138.08
13880,242,24-09-2025 08:57,483.05
13881,2068,17-01-2025 14:34,585.62
13882,3753,11-05-2025 17:18,5.93
13883,695,06-12-2025 22:39,1523.72
13884,3159,10-09-2026 04:50,3.5
13885,1088,18-08-2026 22:55,40.22
13886,4047,11-01-2025 03:30,427.25
13887,3163,05-06-2025 09:23,1672.36
13888,3834,11-04-2025 12:27,170.48
13889,1914,04-05-2025 10:57,1593.31
13890,721,17-09-2025 23:00,1354.98
13891,4095,08-05-2026 23:57,2928.74
13892,180,28-03-2026 09:06,2.43
13893,2522,29-09-2025 21:02,718.07
13894,485,01-06-2026 10:04,470.92
13895,537,16-12-2025 12:23,225.17
13896,1682,02-11-2025 01:11,338.66
13897,1708,26-05-2026 10:55,247.27
13898,3150,03-10-2025 00:46,462.34
13899,892,16-09-2025 16:18,337.51
13900,1139,04-05-2026 07:38,33.65
13901,4012,02-07-2025 21:45,1645.87
13902,1017,21-08-2025 13:19,445.18
13903,2392,08-03-2025 23:17,398.81
13904,2205,14-10-2025 07:57,723.42
13905,3490,22-11-2025 14:56,1853.06
13906,1053,27-02-2025 01:56,406.29
13907,4390,01-05-2026 03:07,265.88
13908,3903,02-07-2025 12:57,1062.62
13909,3134,03-01-2025 13:21,136.94
13910,3016,27-03-2025 23:55,237.54
13911,3550,03-06-2025 08:45,243.17
13912,4353,10-04-2026 06:09,998.48
13913,1682,24-08-2026 20:57,104.22
13914,2088,07-07-2025 04:05,25.79
13915,1541,08-07-2026 06:15,1297.45
13916,926,13-07-2026 07:55,2850.17
13917,369,06-09-2025 15:50,493.24
13918,5,13-11-2025 14:09,274.99
13919,3415,03-06-2025 07:37,1494.33
13920,4380,15-06-2025 09:37,345.57
13921,634,15-06-2026 11:07,254.56
13922,41,28-02-2026 04:48,765.8
13923,4197,26-04-2025 11:46,43.39
13924,3358,30-08-2025 11:23,1989.69
13925,3013,13-09-2026 23:50,3.5
13926,4157,07-04-2025 18:34,1350.04
13927,4263,03-03-2025 21:25,1180.1
13928,3236,07-08-2026 15:50,86.54
13929,312,21-02-2025 06:34,154.21
13930,3571,25-03-2026 08:00,177.6
13931,3225,21-06-2026 11:41,232.24
13932,191,01-07-2025 09:10,117.24
13933,3101,10-04-2025 08:39,176.97
13934,4128,16-05-2025 23:23,115.66
13935,1430,14-11-2025 13:16,2568.84
13936,3441,12-07-2026 21:22,78.61
13937,4000,05-05-2026 22:27,1332.78
13938,1473,23-04-2025 08:22,1014.69
13939,2160,16-08-2026 20:27,549.47
13940,3225,07-09-2026 05:02,605.65
13941,3989,22-02-2026 23:47,53.15
13942,427,30-05-2025 07:30,46.37
13943,4310,21-07-2025 08:32,31.61
13944,3756,27-08-2026 06:52,28.03
13945,946,21-02-2026 06:22,313.18
13946,3799,09-09-2025 02:30,104.08
13947,3262,02-05-2026 20:32,160.37
13948,2093,15-07-2025 16:26,66.6
13949,1092,29-01-2026 15:48,47.31
13950,2437,21-08-2025 00:05,85.24
13951,4002,27-06-2025 16:27,31.4
13952,3254,13-07-2025 23:11,2155.41
13953,3362,21-07-2025 07:59,210.89
13954,220,20-05-2026 04:56,758.78
13955,850,26-04-2025 00:11,406.19
13956,1004,28-04-2026 03:54,718.57
13957,4245,09-09-2026 08:37,3195.72
13958,414,13-07-2026 10:22,164.54
13959,2889,16-02-2026 12:57,272.66
13960,690,19-04-2025 22:07,533.97
13961,1507,25-03-2026 11:06,894.14
13962,1228,07-11-2025 22:56,1134.11
13963,863,04-05-2025 01:05,38.96
13964,1732,04-09-2025 14:34,1731.63
13965,2591,19-01-2026 01:36,79.81
13966,3058,10-02-2025 04:44,95
13967,3622,23-06-2026 05:19,18.79
13968,4180,15-03-2025 21:53,19.02
13969,3678,08-07-2026 17:35,1076.67
13970,839,16-02-2025 00:25,118.02
13971,2120,21-07-2025 08:18,225.17
13972,3292,09-03-2025 15:47,1653.89
13973,1521,15-01-2025 17:21,719
13974,2001,22-05-2025 12:02,175.32
13975,1471,13-07-2025 20:14,1263.57
13976,4214,22-05-2025 11:04,596.85
13977,1192,28-08-2025 21:28,81.15
13978,705,28-02-2025 03:34,107.68
13979,4009,05-06-2025 12:55,301.49
13980,2736,22-06-2026 12:03,439.19
13981,1978,09-03-2026 09:53,117.59
13982,3601,18-03-2026 08:47,202.56
13983,1135,06-03-2025 23:18,593.79
13984,2444,19-01-2026 20:47,57.96
13985,556,24-06-2025 13:12,34.61
13986,3404,13-07-2025 07:15,260.73
13987,2508,08-12-2025 22:47,667.41
13988,2539,07-08-2026 04:23,178.37
13989,2625,11-10-2025 14:27,6.56
13990,3374,13-03-2026 14:37,28.72
13991,1403,10-06-2025 11:34,852.44
13992,2245,12-11-2025 17:26,157.47
13993,2977,04-02-2025 17:46,1758.11
13994,1507,21-05-2025 12:28,508.83
13995,2356,23-08-2026 14:56,141.43
13996,3794,29-08-2026 08:18,2808.69
13997,3637,04-06-2026 21:13,3.5
13998,3508,20-12-2025 08:00,456.52
13999,4519,28-07-2025 21:51,542.74
14000,1027,28-08-2025 10:02,273.95
14001,1826,10-01-2026 06:23,238.21
14002,2069,08-12-2025 07:12,1329.99
14003,1726,27-07-2025 12:16,578.84
14004,2535,10-10-2025 13:50,357
14005,1496,13-01-2025 12:52,65.97
14006,1810,10-03-2025 09:47,210.42
14007,2759,24-06-2026 08:34,265.88
14008,399,06-03-2025 19:57,310.09
14009,780,22-02-2025 17:38,40.22
14010,592,22-02-2025 23:13,250.89
14011,170,15-07-2026 05:03,85.24
14012,2265,22-06-2026 23:16,311.05
14013,1919,11-04-2025 14:32,37.58
14014,3394,03-10-2025 09:57,2162.46
14015,1055,07-05-2025 16:15,1124.07
14016,602,06-08-2026 09:19,532.52
14017,2532,31-10-2025 06:03,52.3
14018,2394,11-11-2025 23:29,73.45
14019,1032,02-01-2026 02:02,149.91
14020,878,09-03-2025 07:50,88.05
14021,7,21-08-2026 01:22,172.35
14022,1982,29-05-2026 07:52,112.24
14023,584,30-08-2026 23:31,729.41
14024,3640,25-07-2025 12:05,65.77
14025,1309,16-08-2026 16:16,332.7
14026,4032,04-02-2026 07:11,70.6
14027,3125,26-04-2026 19:19,84.68
14028,1692,05-01-2026 01:40,251.97
14029,3811,17-10-2025 03:05,966.09
14030,1272,25-09-2025 03:39,173.27
14031,2330,13-09-2026 03:42,345.77
14032,2794,17-08-2026 12:48,106.81
14033,589,19-04-2026 22:17,518.77
14034,2856,22-01-2025 09:09,800.15
14035,150,31-03-2025 15:03,549.97
14036,204,19-02-2026 21:17,407.51
14037,838,24-08-2026 11:04,192.28
14038,2460,19-07-2025 10:31,70.74
14039,3077,02-12-2025 14:15,81.73
14040,3228,27-04-2025 09:32,202.79
14041,1519,30-09-2025 19:27,122.12
14042,3147,31-08-2025 01:48,60.38
14043,651,25-07-2025 09:02,130.17
14044,3790,21-07-2025 18:03,97.73
14045,1244,28-09-2025 20:17,36.09
14046,3347,05-09-2026 16:17,3.81
14047,3739,02-10-2025 20:42,212.86
14048,1956,13-11-2025 16:32,526.06
14049,2992,20-02-2025 18:41,442.27
14050,3658,30-09-2025 17:22,251.54
14051,3136,01-05-2025 16:37,975.1
14052,4416,26-06-2025 18:49,277.42
14053,1627,15-02-2025 07:51,105.25
14054,336,03-01-2025 10:15,29.38
14055,1320,19-03-2025 04:42,763.1
14056,2611,02-03-2025 14:33,821.89
14057,4110,21-05-2025 22:20,305.27
14058,1685,23-09-2025 01:38,116.16
14059,521,26-08-2026 13:44,880.34
14060,2332,05-05-2026 03:31,1374.37
14061,3092,15-05-2025 07:58,825.36
14062,1221,26-07-2025 16:27,95.86
14063,3218,01-12-2025 02:45,1874.24
14064,366,28-06-2026 18:42,94.02
14065,4290,22-08-2025 10:15,1272.44
14066,2501,09-12-2025 20:17,402.8
14067,1220,21-07-2026 05:31,265.94
14068,394,08-07-2025 05:13,1002.51
14069,4077,04-10-2025 05:08,158.32
14070,3015,01-04-2025 06:41,70.98
14071,2887,25-08-2026 04:46,1383.39
14072,965,22-02-2026 15:51,136.3
14073,2322,16-05-2025 01:59,250.11
14074,2826,07-08-2026 02:04,1539.67
14075,1092,21-06-2026 02:38,186.87
14076,653,21-04-2025 09:26,352.12
14077,3680,06-04-2026 22:42,104.66
14078,1161,20-02-2026 00:19,1209.2
14079,3446,06-04-2025 17:50,406.04
14080,2728,28-06-2025 16:19,272.89
14081,20,03-06-2025 22:23,132.97
14082,3201,02-09-2025 04:18,127.16
14083,2881,18-12-2025 15:44,98.12
14084,136,21-04-2025 08:35,1532.83
14085,1053,26-05-2025 10:44,94.17
14086,3325,02-12-2025 02:36,1612.08
14087,2439,01-04-2025 22:46,62.27
14088,3024,12-01-2026 16:05,17.16
14089,3612,14-07-2025 14:16,107.95
14090,2369,02-04-2025 15:15,643.74
14091,3607,20-12-2025 04:05,258.98
14092,288,10-06-2026 08:04,652.18
14093,1135,21-12-2025 18:10,890.36
14094,2325,05-04-2026 20:53,35.3
14095,848,18-01-2026 21:13,62.41
14096,1696,18-01-2025 14:40,935.37
14097,2190,08-08-2025 10:36,761.87
14098,653,21-01-2025 15:52,1110.22
14099,1567,31-03-2026 06:58,212.55
14100,3772,09-05-2026 19:06,970.82
14101,1126,22-08-2025 13:38,226.47
14102,2508,17-09-2025 14:46,155.27
14103,4424,16-06-2025 21:20,547.92
14104,404,19-07-2025 09:43,37.94
14105,37,11-08-2025 22:28,768.24
14106,64,07-09-2026 21:22,24.41
14107,2733,03-04-2026 19:43,2703.7
14108,541,06-06-2025 06:37,24.44
14109,1702,01-01-2025 10:45,838.03
14110,649,17-06-2025 00:03,593.66
14111,373,26-03-2025 15:04,284.56
14112,3753,30-07-2026 08:32,403.28
14113,4143,04-10-2025 18:06,98.79
14114,4405,24-06-2026 03:24,641.6
14115,2443,01-02-2026 10:02,115.93
14116,2621,03-07-2026 01:56,308.27
14117,2970,08-03-2025 03:35,3097.4
14118,3444,09-05-2026 11:15,53.57
14119,1831,07-03-2025 01:33,842.38
14120,3964,10-05-2025 10:35,109.14
14121,4296,16-09-2025 19:45,1391.95
14122,3934,22-11-2025 13:43,530.09
14123,1852,01-07-2026 08:54,233.46
14124,497,04-11-2025 00:52,96.23
14125,2235,08-07-2026 17:28,773.16
14126,1273,08-03-2026 22:41,328.94
14127,231,01-07-2026 18:11,1436.8
14128,2210,12-11-2025 11:40,56.37
14129,4348,27-06-2026 21:50,63.59
14130,3498,22-08-2025 02:09,18.71
14131,350,02-03-2026 23:46,297.04
14132,4222,28-04-2025 23:59,219.19
14133,3728,06-06-2026 02:49,228.21
14134,3578,01-10-2025 15:06,152.92
14135,1178,07-05-2026 22:27,142.08
14136,1701,15-05-2026 05:19,732.08
14137,653,05-05-2026 03:08,106.64
14138,543,01-01-2025 09:44,82.71
14139,1523,28-07-2025 09:37,3233.86
14140,816,08-04-2025 04:26,62.49
14141,1924,15-03-2026 15:41,1315.57
14142,2421,27-08-2026 00:07,1021.08
14143,107,21-04-2026 03:18,87.83
14144,3052,03-05-2025 20:06,227.46
14145,4499,14-01-2025 02:10,205.3
14146,22,11-02-2025 11:49,340.98
14147,3116,11-01-2026 04:01,488.41
14148,2580,28-08-2026 22:23,1996.33
14149,4077,05-05-2026 12:28,58.08
14150,519,09-09-2026 18:32,1489.2
14151,1730,03-05-2026 10:07,93.47
14152,2726,06-07-2026 11:16,64.36
14153,1913,15-09-2025 18:22,14.86
14154,3020,12-09-2026 05:06,46.8
14155,2179,20-06-2026 13:00,434.08
14156,862,10-02-2025 01:04,198.42
14157,214,26-08-2026 17:42,399.69
14158,2651,02-02-2025 04:18,838.59
14159,1513,28-12-2025 23:17,346.33
14160,1111,02-10-2025 01:48,434.99
14161,149,27-08-2025 04:05,374.12
14162,3056,18-03-2025 01:13,383.47
14163,1722,02-01-2025 18:40,634.01
14164,4266,22-07-2025 03:08,418.82
14165,2434,09-01-2025 22:26,744.05
14166,2172,21-07-2025 22:53,45.06
14167,3654,11-11-2025 17:07,950.43
14168,2769,24-08-2025 22:11,1199.81
14169,3725,12-06-2025 04:59,729.54
14170,4074,30-04-2026 02:41,566.2
14171,2883,11-06-2026 23:51,273.72
14172,352,12-07-2025 09:26,81.68
14173,3154,29-03-2026 11:55,698.3
14174,771,19-05-2026 23:49,20.36
14175,1496,05-08-2025 14:43,1107.19
14176,1795,12-08-2026 05:12,770.99
14177,2984,14-07-2026 13:05,126.05
14178,1430,12-03-2026 02:13,2.43
14179,3380,19-07-2026 09:20,1032.53
14180,3185,10-02-2025 06:37,58.08
14181,980,02-11-2025 01:38,11.5
14182,1785,19-04-2026 05:24,28.72
14183,2808,12-02-2025 00:24,24.97
14184,519,12-01-2026 14:33,794.49
14185,3571,10-05-2026 05:59,185.36
14186,4058,04-08-2025 15:44,160.84
14187,1167,20-05-2026 00:00,14.63
14188,3541,12-03-2025 21:55,401.86
14189,1082,10-04-2026 16:40,187.12
14190,2754,02-05-2025 14:37,40.22
14191,1050,28-05-2026 07:06,1219.76
14192,2451,18-08-2025 06:00,176.51
14193,3904,07-04-2026 17:57,226.02
14194,206,15-03-2026 22:06,53.44
14195,276,24-08-2025 11:14,633.79
14196,219,09-02-2026 11:50,629.67
14197,4509,20-08-2025 21:16,19.52
14198,3381,05-09-2026 17:36,64.1
14199,4151,01-05-2025 20:19,644.57
14200,4103,08-04-2026 23:56,738.35
14201,3733,22-05-2025 08:19,62.47
14202,2529,13-07-2025 15:59,1370.55
14203,3284,03-09-2026 07:14,14.57
14204,1385,31-08-2026 05:09,839.55
14205,1783,31-03-2026 11:53,9.7
14206,3824,24-08-2025 14:22,85.4
14207,2750,30-05-2025 07:59,564.83
14208,4283,29-06-2025 11:53,4.32
14209,3566,21-03-2025 07:45,528.61
14210,2795,12-12-2025 08:40,447.42
14211,1562,27-12-2025 04:05,18.53
14212,70,07-02-2025 20:05,67.56
14213,1545,09-03-2025 05:03,18.79
14214,3388,08-01-2026 16:03,158.67
14215,2363,11-09-2025 10:11,1154.91
14216,732,04-05-2026 22:48,911.18
14217,29,08-05-2026 07:18,1500.93
14218,1433,21-02-2026 04:13,705.25
14219,3776,26-03-2025 19:49,69.76
14220,3774,24-03-2025 10:45,80.07
14221,695,19-10-2025 02:31,384.02
14222,4315,25-08-2026 20:09,847.82
14223,655,03-08-2026 06:37,470.62
14224,86,09-02-2026 21:49,18.79
14225,1951,06-09-2025 04:14,15.76
14226,1723,27-02-2026 20:57,49.22
14227,3881,10-05-2025 16:16,144.98
14228,124,23-02-2025 23:14,1260.15
14229,3606,10-08-2025 03:33,224.95
14230,3869,18-11-2025 16:47,142.24
14231,2578,17-08-2025 10:24,713.54
14232,2155,25-04-2025 12:19,35.35
14233,3597,28-06-2026 12:16,406.21
14234,3089,19-01-2025 08:36,1074.58
14235,4289,04-05-2026 02:40,8.65
14236,2594,27-03-2026 17:44,161.28
14237,1951,24-04-2026 19:39,428.8
14238,3856,02-07-2026 06:30,1063.89
14239,2497,14-05-2025 05:58,966.09
14240,3359,13-06-2026 18:57,1120.67
14241,520,07-09-2025 12:40,170.8
14242,190,26-02-2026 09:42,1570.41
14243,1887,15-05-2025 12:54,69.94
14244,4117,26-01-2026 23:38,257.22
14245,1705,25-09-2025 05:58,46.84
14246,157,13-03-2026 05:27,759.64
14247,167,20-04-2025 20:58,78.55
14248,1436,22-02-2025 17:06,213.65
14249,4203,27-05-2026 05:52,231.49
14250,3408,11-10-2025 15:42,273.37
14251,4000,11-03-2025 03:53,76.3
14252,1594,08-04-2025 07:19,301.1
14253,3370,12-05-2025 09:53,49.64
14254,3597,18-11-2025 19:53,1297.1
14255,122,01-07-2025 10:09,245.87
14256,3645,06-11-2025 12:13,287.08
14257,3081,28-05-2025 19:28,399.79
14258,2878,26-06-2026 13:10,252.24
14259,1422,17-01-2025 13:15,244.58
14260,161,09-02-2026 01:22,652.18
14261,7,27-11-2025 03:39,57.44
14262,404,10-02-2025 21:19,518.38
14263,2661,06-09-2025 15:34,8.8
14264,4479,18-02-2025 18:41,44.07
14265,1391,16-12-2025 00:46,354.45
14266,4283,12-01-2025 11:46,761.18
14267,4409,14-06-2025 15:47,246.24
14268,907,31-05-2025 20:33,83.47
14269,1529,25-02-2025 16:36,128.91
14270,3685,07-11-2025 13:33,697.23
14271,4149,25-01-2025 22:43,184.68
14272,1193,04-08-2025 08:22,38.04
14273,3725,01-02-2025 03:10,1144.72
14274,1513,23-06-2026 20:30,48.03
14275,4305,04-04-2025 01:49,59.39
14276,2555,12-02-2026 02:49,97.73
14277,3751,26-02-2025 04:06,209.11
14278,1783,07-08-2025 04:55,97.29
14279,1584,09-11-2025 06:34,330.02
14280,410,04-11-2025 09:24,2186.82
14281,163,23-05-2026 05:12,1295.12
14282,1075,27-12-2025 08:19,289.63
14283,3220,02-11-2025 21:00,225.91
14284,1992,11-01-2025 13:34,392.19
14285,4074,13-09-2026 22:40,632.69
14286,273,29-07-2026 14:50,340.96
14287,2269,22-12-2025 09:41,68.44
14288,2737,28-01-2025 14:54,63.98
14289,2280,10-11-2025 17:38,76.3
14290,1428,09-07-2025 14:27,332.15
14291,653,15-07-2025 04:23,103.23
14292,2994,21-03-2026 11:47,415.89
14293,3234,06-11-2025 09:56,626.88
14294,361,20-03-2025 16:17,721
14295,452,05-10-2025 06:30,854.04
14296,329,18-01-2026 14:23,195.15
14297,1514,08-07-2025 01:51,79.93
14298,211,04-12-2025 20:56,43.39
14299,1773,03-03-2025 15:40,143.33
14300,263,17-09-2025 15:01,740.39
14301,826,29-12-2025 09:44,54.61
14302,755,17-12-2025 21:49,720.61
14303,758,23-02-2025 01:36,68.58
14304,1881,11-06-2025 19:45,398.25
14305,4087,27-03-2025 02:38,37.07
14306,4249,08-02-2025 08:53,4.22
14307,3193,14-09-2026 11:43,2218.82
14308,4165,05-03-2026 23:02,50.84
14309,3955,22-02-2025 02:53,29.62
14310,3785,17-09-2025 14:55,37.43
14311,3284,14-04-2026 10:02,158.93
14312,1905,02-05-2025 22:51,257.4
14313,3134,29-07-2026 04:05,76.3
14314,2083,11-04-2025 06:36,596.56
14315,581,20-01-2026 09:12,96.04
14316,4314,14-07-2026 20:51,804.8
14317,4377,21-11-2025 07:34,483.53
14318,1426,05-04-2025 00:22,232.42
14319,2838,20-06-2026 11:41,2277.33
14320,4269,31-12-2025 18:12,153.53
14321,313,23-04-2025 20:05,289.58
14322,1076,07-05-2025 13:14,530.06
14323,4277,18-02-2025 12:18,220.75
14324,4206,28-12-2025 07:38,258.72
14325,2140,29-06-2025 16:36,25.24
14326,1101,08-02-2026 11:19,1153.53
14327,1349,19-06-2026 02:06,248.23
14328,1209,22-08-2025 05:06,459.87
14329,1087,05-01-2026 03:53,736.26
14330,3836,19-09-2025 19:03,265.8
14331,1601,12-11-2025 01:01,76.75
14332,2966,25-11-2025 11:15,442.15
14333,1604,03-06-2025 03:31,93.38
14334,3349,22-09-2025 02:32,641.65
14335,4368,15-05-2026 14:48,109.46
14336,2500,28-10-2025 05:29,1260.87
14337,2884,07-02-2025 18:38,289.24
14338,4399,24-07-2026 03:19,49.57
14339,1582,17-10-2025 10:09,705.36
14340,1414,24-06-2026 01:38,392.6
14341,1537,12-04-2026 02:14,252.39
14342,1467,20-05-2025 06:44,119.11
14343,3659,05-06-2026 08:56,505.67
14344,1594,04-09-2026 23:17,936.6
14345,828,12-12-2025 11:54,282.58
14346,3903,16-08-2026 00:17,222.81
14347,2880,15-06-2026 01:18,225.17
14348,756,03-04-2025 17:11,749.88
14349,1769,23-09-2025 11:19,92.22
14350,3221,05-12-2025 16:45,725.69
14351,3690,08-05-2025 01:57,43.39
14352,3865,19-08-2026 19:06,31.67
14353,4088,27-04-2026 05:11,326.37
14354,775,26-06-2025 16:51,13.05
14355,3092,23-07-2026 06:10,164.96
14356,221,05-04-2026 02:17,446.22
14357,917,25-09-2025 19:54,840.25
14358,667,24-08-2025 19:19,650.93
14359,3253,30-07-2025 13:55,1423.56
14360,281,18-05-2025 22:22,60.51
14361,1857,14-06-2026 14:24,455.18
14362,4108,14-01-2026 01:12,99.63
14363,4026,16-06-2026 14:21,198.72
14364,4090,22-06-2025 11:24,154.96
14365,2330,11-08-2026 03:06,205.63
14366,1379,25-07-2026 17:19,512.54
14367,3498,04-05-2026 05:31,109.66
14368,2975,01-06-2025 07:41,329.79
14369,4387,10-10-2025 17:00,94.38
14370,1024,04-09-2026 17:29,8.33
14371,3326,25-04-2025 05:52,50.84
14372,3726,25-04-2025 10:09,87.44
14373,1948,18-07-2026 19:42,579.82
14374,4164,14-07-2025 18:32,65.1
14375,1877,11-07-2025 10:14,38.28
14376,188,12-10-2025 19:39,21.85
14377,798,01-06-2025 09:40,2001.03
14378,4347,22-10-2025 21:28,170.57
14379,524,04-03-2025 16:55,295.5
14380,4471,22-01-2026 02:25,58.08
14381,1475,30-05-2025 09:00,341.03
14382,2837,14-02-2026 17:13,95.37
14383,2228,03-04-2025 16:16,1553.86
14384,2394,22-11-2025 15:25,1448.51
14385,3520,30-04-2025 08:42,457.97
14386,4467,06-01-2025 15:23,91.01
14387,3505,14-07-2025 02:10,838.55
14388,3013,15-03-2026 04:50,715.17
14389,3085,19-01-2025 11:51,629.67
14390,514,29-11-2025 21:31,574.98
14391,1405,10-08-2026 00:35,136.76
14392,325,05-08-2026 14:15,588.95
14393,826,06-09-2025 12:49,110.18
14394,3855,29-11-2025 13:21,2882.1
14395,217,13-12-2025 11:59,1353.64
14396,1776,24-12-2025 07:38,213.59
14397,4491,21-08-2025 00:08,240.66
14398,851,04-04-2025 18:39,134.68
14399,1537,08-05-2025 23:36,1435.34
14400,4178,17-04-2026 10:44,257.4
14401,865,02-03-2026 21:53,337.51
14402,1500,04-07-2026 01:06,94.03
14403,9,20-10-2025 05:36,64.41
14404,2625,03-02-2026 08:10,61.99
14405,3773,08-08-2025 19:10,185.12
14406,1546,04-02-2026 09:10,623.42
14407,3605,03-05-2025 09:42,71.25
14408,2036,23-01-2025 20:08,85.84
14409,2742,12-06-2025 14:07,754.24
14410,2650,11-04-2025 05:41,171.38
14411,682,26-11-2025 18:52,77.85
14412,3945,21-07-2025 15:18,86.77
14413,3731,07-03-2025 05:49,635.95
14414,3903,27-11-2025 03:32,134.99
14415,1969,04-05-2026 20:25,99.19
14416,1268,11-02-2025 07:17,144.2
14417,2703,13-04-2025 03:54,50.76
14418,780,09-08-2026 10:18,376.88
14419,1965,28-07-2026 17:14,272.24
14420,1410,26-02-2025 23:04,374.38
14421,3134,12-04-2025 12:21,158.8
14422,2764,21-01-2026 03:47,433.89
14423,1366,01-06-2025 00:16,451.27
14424,3418,30-05-2026 10:06,512.36
14425,3965,17-04-2025 15:50,174.31
14426,382,19-03-2025 15:22,1500.68
14427,2948,30-01-2025 20:58,15.76
14428,677,15-01-2026 05:21,28.72
14429,1277,25-06-2025 11:08,97.96
14430,490,11-03-2025 06:20,403.54
14431,2849,07-06-2026 19:28,347.75
14432,1693,05-02-2026 10:04,445.91
14433,3619,14-02-2025 09:51,641.73
14434,1922,11-02-2026 17:20,430.37
14435,242,19-07-2025 03:06,420.68
14436,177,09-09-2026 12:38,10.18
14437,4074,16-03-2026 08:17,210.8
14438,3559,24-03-2025 05:00,946.6
14439,2374,18-08-2026 03:51,9.76
14440,1481,23-04-2025 15:00,65.48
14441,3131,13-10-2025 14:50,92.3
14442,2764,23-11-2025 09:04,216.96
14443,4188,23-09-2025 01:27,112.76
14444,3776,22-03-2026 21:46,68.52
14445,4354,27-08-2026 22:33,793.72
14446,512,30-12-2025 00:36,206.97
14447,4295,08-02-2025 23:16,1352.88
14448,1941,13-04-2026 12:47,52.17
14449,1051,29-06-2026 14:50,995.29
14450,2106,12-05-2026 10:43,724.04
14451,3693,03-09-2025 10:33,893.78
14452,3098,21-10-2025 14:59,234.48
14453,243,22-05-2026 13:35,212.06
14454,260,13-10-2025 06:59,665.7
14455,1543,26-04-2025 13:48,76
14456,3971,30-09-2025 14:08,432.07
14457,1330,20-11-2025 08:08,529.93
14458,1051,03-02-2026 21:03,9.95
14459,2929,05-11-2025 22:30,275.06
14460,263,24-11-2025 05:17,12.75
14461,1268,16-09-2025 17:44,320.75
14462,1746,17-02-2026 07:23,469.83
14463,1909,07-04-2026 23:04,30.2
14464,4124,16-03-2025 02:30,934.75
14465,1975,15-02-2026 20:23,1362.79
14466,1979,10-08-2025 02:42,506.74
14467,2264,11-03-2026 10:35,195.78
14468,2073,17-08-2025 05:02,754.24
14469,2107,07-11-2025 06:15,175.4
14470,266,31-05-2026 04:28,105.5
14471,1896,01-02-2026 23:50,136.98
14472,4357,29-06-2025 08:19,836.14
14473,3521,14-06-2026 09:22,244.85
14474,3223,21-10-2025 18:20,120.32
14475,721,20-07-2025 15:55,176.89
14476,2071,29-09-2025 08:27,1545.5
14477,3250,04-12-2025 10:50,23.45
14478,992,10-02-2025 21:23,451.97
14479,1722,05-07-2025 23:06,196.1
14480,597,26-03-2026 11:19,78.19
14481,1936,09-09-2026 03:24,1356.92
14482,1090,19-10-2025 00:18,273.51
14483,121,09-02-2026 05:38,77.74
14484,1821,15-06-2025 06:58,95
14485,3260,19-02-2025 23:33,470.95
14486,2785,12-09-2025 06:29,121.95
14487,3794,19-08-2026 06:54,41.46
14488,1719,01-06-2026 05:48,1294.64
14489,2540,19-04-2026 02:29,1502.77
14490,2533,19-12-2025 14:15,258.44
14491,4030,18-08-2026 09:52,109.92
14492,2126,17-10-2025 15:05,521.97
14493,3608,01-10-2025 03:53,1377.95
14494,3954,28-08-2026 04:04,138.03
14495,2490,22-06-2026 06:31,57.44
14496,522,03-12-2025 19:54,356.04
14497,1776,28-09-2025 23:10,581.93
14498,735,18-03-2026 07:32,18.97
14499,199,29-03-2025 11:56,84.1
14500,3735,04-01-2025 18:41,18.85
14501,2310,28-01-2025 12:52,1709.92
14502,1313,23-06-2025 15:39,365.73
14503,1845,13-07-2025 08:46,70.6
14504,3390,25-05-2026 06:08,63.58
14505,2479,03-02-2026 19:04,156.92
14506,3886,22-09-2025 12:12,649.17
14507,2351,23-07-2026 22:02,355.3
14508,2416,28-05-2026 20:16,275.65
14509,3457,13-01-2025 20:28,123.9
14510,552,30-05-2025 11:33,58.08
14511,57,07-07-2025 09:40,1682.97
14512,2892,21-06-2025 23:54,66.24
14513,3125,26-04-2026 13:58,375.76
14514,943,23-03-2025 15:45,457.97
14515,4147,11-03-2025 21:09,98.29
14516,3135,17-01-2026 15:10,19.88
14517,1823,05-01-2025 18:19,224.47
14518,2539,29-07-2026 13:51,281.58
14519,64,30-05-2026 12:28,133.11
14520,500,30-05-2026 09:27,81.81
14521,820,28-09-2025 17:11,1683.53
14522,4414,13-04-2025 23:48,136.74
14523,3247,09-04-2026 10:17,240.41
14524,1453,23-03-2025 06:03,376.08
14525,4061,19-07-2026 00:13,193.65
14526,82,14-09-2026 14:32,543.61
14527,1227,30-06-2026 21:52,47.44
14528,2178,12-08-2025 13:29,41.91
14529,1917,30-01-2025 12:26,1218.06
14530,2684,13-04-2026 12:55,273.4
14531,2293,14-03-2025 06:41,201.26
14532,3477,09-08-2025 13:11,4091.95
14533,3743,12-06-2025 10:22,10.18
14534,4150,15-02-2026 09:15,396.86
14535,3255,24-03-2026 18:04,785.95
14536,74,01-10-2025 01:36,3929.04
14537,570,01-07-2025 10:45,136.38
14538,4276,09-02-2025 16:28,135.73
14539,1798,25-07-2026 13:58,38.04
14540,941,19-01-2026 04:25,212.98
14541,947,11-07-2026 14:41,760.86
14542,129,30-09-2025 10:22,463.39
14543,2938,14-06-2025 03:37,59.87
14544,175,08-01-2026 23:25,948.23
14545,4049,20-08-2025 19:48,125.02
14546,677,09-07-2025 20:46,1362.6
14547,2555,20-01-2026 23:16,280.02
14548,4209,06-09-2025 00:47,122.02
14549,2974,07-05-2025 14:48,448.78
14550,4518,25-07-2026 07:43,318.04
14551,2106,22-09-2025 12:58,114.54
14552,581,24-03-2026 19:59,106.78
14553,383,02-08-2026 12:33,317.74
14554,862,10-08-2026 15:53,109.09
14555,1051,04-11-2025 11:41,1719.87
14556,184,07-03-2026 22:58,6152.04
14557,2358,28-02-2026 10:43,1334.85
14558,3629,04-09-2025 06:54,41.91
14559,2437,13-06-2026 06:18,32
14560,759,02-07-2025 07:03,196.6
14561,1512,26-01-2025 17:59,400.53
14562,525,30-12-2025 17:41,153.95
14563,4055,22-09-2025 22:14,390.17
14564,3233,03-10-2025 02:34,179.34
14565,1650,22-06-2026 06:13,669.51
14566,2694,09-10-2025 08:20,546.99
14567,3060,26-01-2025 00:52,69.58
14568,1739,29-01-2026 01:26,457.09
14569,4501,24-06-2026 14:07,760.08
14570,3496,13-01-2026 16:33,194.17
14571,2176,10-01-2025 23:28,523.37
14572,1350,27-11-2025 23:02,2679.37
14573,786,29-07-2025 03:37,25.22
14574,3458,03-02-2025 10:08,491.68
14575,334,21-07-2026 04:31,826.65
14576,411,18-07-2025 09:26,357.03
14577,3329,06-08-2025 18:43,566.76
14578,1660,13-03-2026 18:35,131.11
14579,3277,13-02-2026 10:40,166.55
14580,579,29-07-2026 06:33,964.32
14581,3286,24-06-2026 22:50,2.2
14582,376,10-09-2025 13:23,406.46
14583,2415,05-06-2026 21:42,73.34
14584,1207,13-03-2025 11:47,114.91
14585,3659,12-03-2026 04:16,67.56
14586,4254,04-02-2026 10:00,192.96
14587,3646,28-08-2025 15:38,629.64
14588,2315,09-09-2025 09:24,611.9
14589,3163,06-06-2025 12:38,32
14590,1109,10-08-2026 20:42,387.09
14591,2223,15-07-2026 12:27,194.89
14592,2083,04-04-2026 19:19,776.62
14593,1288,27-02-2025 20:13,1109.23
14594,3439,23-06-2025 11:44,405.31
14595,290,27-07-2026 08:54,120.17
14596,458,14-02-2025 15:37,428.42
14597,3315,27-07-2026 16:39,478.73
14598,650,09-01-2026 15:12,67.56
14599,2718,15-02-2025 06:33,469.69
14600,1243,18-08-2026 08:15,651.31
14601,3329,24-07-2026 09:27,1611.58
14602,165,05-12-2025 00:54,566.74
14603,2242,28-11-2025 14:33,1866.04
14604,4480,20-02-2026 04:50,139.43
14605,1746,07-06-2025 19:50,1562.26
14606,1875,12-06-2025 16:31,248.82
14607,2240,11-11-2025 16:27,1861.27
14608,208,28-04-2026 18:25,426.87
14609,3923,16-11-2025 03:50,200.59
14610,3333,06-05-2025 15:55,1526.91
14611,4032,14-08-2025 06:08,25.01
14612,4312,19-07-2026 08:25,673.79
14613,1098,23-03-2025 20:35,177.54
14614,3274,29-04-2025 13:37,305.76
14615,1923,27-02-2025 06:01,881.66
14616,3601,24-04-2025 10:17,104.22
14617,405,28-06-2026 04:48,188.71
14618,110,12-09-2026 20:03,38.9
14619,1271,11-01-2026 21:49,1554.9
14620,1626,31-01-2026 03:45,224.38
14621,2393,19-03-2025 05:11,136.57
14622,107,18-12-2025 16:44,335.28
14623,3402,28-02-2025 17:15,137.33
14624,889,13-06-2026 11:57,11.8
14625,2420,17-01-2025 00:58,718.85
14626,4250,01-07-2025 22:41,74.91
14627,230,11-06-2026 07:32,127.14
14628,578,21-07-2025 09:36,377.12
14629,4279,06-02-2026 16:07,1087.25
14630,3277,10-02-2026 02:50,28.46
14631,3502,09-11-2025 15:09,57.2
14632,1185,05-07-2025 15:14,307.34
14633,3550,21-06-2025 12:48,90.31
14634,1248,12-06-2025 18:01,2627.53
14635,949,10-02-2025 14:25,142.34
14636,4331,29-07-2025 19:55,508.86
14637,2382,08-02-2026 23:20,405.6
14638,4303,12-03-2026 02:53,81.76
14639,743,09-01-2026 06:33,19.44
14640,2055,12-04-2025 22:03,207.03
14641,4494,31-08-2025 04:47,39.71
14642,2604,15-09-2025 20:33,527.36
14643,4100,11-04-2026 05:27,2.2
14644,4082,09-05-2026 16:58,347.27
14645,2932,13-11-2025 05:36,1081.56
14646,432,23-08-2025 04:24,132.18
14647,2419,16-12-2025 02:34,923.27
14648,1826,28-07-2026 16:25,384.12
14649,68,03-10-2025 05:09,134.94
14650,3338,15-11-2025 05:11,1418.98
14651,1640,25-12-2025 15:12,11.8
14652,905,17-07-2025 06:19,111.32
14653,1152,22-05-2025 19:14,38.15
14654,2148,15-11-2025 11:20,713.54
14655,1546,23-09-2025 15:07,83.74
14656,4082,18-02-2025 11:11,424.37
14657,2164,13-05-2026 10:52,499.06
14658,3104,06-08-2026 20:03,213.13
14659,234,11-01-2026 15:40,80.06
14660,1844,30-09-2025 14:40,18.53
14661,3335,25-06-2025 03:29,340.46
14662,3713,10-12-2025 05:43,128.17
14663,1498,30-08-2025 22:39,1087.39
14664,2864,01-03-2025 09:21,850.25
14665,2187,20-11-2025 10:43,2.43
14666,4502,21-09-2025 12:25,105.25
14667,2144,14-01-2025 23:49,906.16
14668,448,25-02-2025 22:16,453.61
14669,3373,23-06-2026 01:39,210.37
14670,2762,23-11-2025 03:57,3081.24
14671,457,30-06-2025 19:11,18.85
14672,943,25-02-2026 20:45,327.25
14673,3187,07-02-2026 16:04,209.33
14674,2508,11-05-2025 22:46,1371.33
14675,3532,20-08-2025 08:08,159.56
14676,112,12-11-2025 23:11,235.39
14677,745,27-01-2026 15:07,97.87
14678,4135,04-03-2025 02:30,850.61
14679,1035,27-03-2025 08:39,510.82
14680,3032,28-06-2026 23:37,259.19
14681,1397,16-10-2025 09:18,362.19
14682,1246,09-01-2026 00:23,1194.53
14683,1065,08-11-2025 11:25,136.76
14684,2601,19-06-2025 19:41,1196.18
14685,2229,18-03-2025 13:32,137.39
14686,1684,15-04-2026 08:46,428.59
14687,976,22-05-2025 09:55,640.86
14688,846,11-08-2025 10:40,255.71
14689,2706,14-05-2025 23:59,17.15
14690,2888,05-12-2025 17:45,115.42
14691,3641,27-05-2026 11:18,211.17
14692,315,31-10-2025 11:21,512.81
14693,402,17-01-2026 08:34,3542.54
14694,2068,20-06-2025 16:42,95.03
14695,1020,28-11-2025 18:41,35.59
14696,99,08-08-2026 18:36,37.06
14697,2272,04-04-2026 16:29,2.95
14698,164,02-04-2025 06:33,190.45
14699,3262,22-12-2025 08:48,19.53
14700,4447,02-04-2025 15:44,336.77
14701,1515,11-07-2026 11:05,38.15
14702,1584,24-06-2025 10:02,355.33
14703,2131,16-07-2026 15:53,409.34
14704,1560,13-11-2025 17:13,421.05
14705,1309,29-08-2025 19:43,74.86
14706,467,05-09-2025 11:20,1032.79
14707,1647,18-08-2026 21:32,191.75
14708,2091,22-10-2025 16:24,104.22
14709,602,06-07-2025 09:01,87.69
14710,4187,18-08-2025 03:25,75.28
14711,1810,09-03-2026 16:11,376.88
14712,1056,09-03-2025 17:52,129.28
14713,4499,02-11-2025 06:32,1064.21
14714,3265,14-03-2025 05:47,317.7
14715,3452,24-06-2025 22:06,93.46
14716,1291,17-11-2025 23:20,1477.32
14717,2644,23-05-2025 07:01,328.23
14718,918,26-04-2026 09:12,113.86
14719,2079,03-09-2025 21:02,2978.84
14720,2304,24-01-2026 08:09,56.83
14721,2212,01-08-2025 16:30,694.56
14722,1832,15-09-2025 02:06,74.12
14723,809,13-02-2026 23:31,223.19
14724,2155,01-05-2026 09:19,299.04
14725,2725,24-09-2025 02:27,726.33
14726,523,23-09-2025 19:27,617.64
14727,1319,14-05-2025 22:49,44.42
14728,3908,07-01-2025 06:34,402.52
14729,3790,22-03-2025 01:31,274.41
14730,4053,25-08-2025 09:01,171.91
14731,291,30-03-2025 14:58,377.12
14732,1849,11-05-2026 21:46,460.3
14733,4132,04-08-2026 11:02,553.27
14734,3361,01-03-2026 06:44,302.05
14735,1676,16-07-2025 18:22,333.68
14736,3309,09-08-2026 06:03,595.9
14737,3614,19-07-2026 16:53,308.86
14738,1174,05-12-2025 10:00,283.8
14739,3477,25-01-2025 06:45,603.48
14740,2776,12-12-2025 13:48,34.85
14741,2605,09-01-2025 04:10,132.02
14742,2901,25-01-2026 18:49,395.59
14743,2731,14-10-2025 03:55,515.4
14744,714,17-07-2025 12:58,225.99
14745,4012,27-04-2026 04:46,4169.01
14746,1448,20-05-2025 18:55,389.08
14747,264,26-01-2026 13:20,117.98
14748,3233,10-04-2025 12:05,423.18
14749,1234,24-01-2026 01:46,156.94
14750,3025,17-04-2026 17:04,21.02
14751,3776,20-04-2025 14:37,243.76
14752,362,09-05-2025 18:49,612.37
14753,1364,24-08-2026 20:56,150.64
14754,2197,25-08-2025 20:48,30.5
14755,393,12-06-2025 08:35,85.4
14756,3168,01-03-2025 08:51,528.29
14757,4468,16-06-2026 17:25,798
14758,1872,04-02-2025 14:55,2100.46
14759,744,17-05-2026 09:31,513.14
14760,2299,25-03-2026 04:12,283.57
14761,3169,04-04-2025 00:27,91.6
14762,432,19-03-2025 21:00,1354.21
14763,3541,02-04-2026 00:26,284.14
14764,3946,31-01-2025 01:54,523.7
14765,2559,08-11-2025 17:51,32.82
14766,2763,14-10-2025 21:49,325.28
14767,4146,19-06-2026 19:14,33.16
14768,3240,15-09-2025 00:05,114.98
14769,357,07-01-2025 11:59,882.47
14770,2465,25-06-2025 06:35,48.37
14771,1186,29-07-2025 05:47,211.02
14772,1837,24-04-2025 06:36,497.22
14773,176,02-05-2026 21:14,163.56
14774,2718,20-11-2025 07:12,8.36
14775,3309,14-02-2026 05:41,223.46
14776,4170,04-01-2026 03:56,70
14777,1040,30-03-2025 05:39,1389.08
14778,3036,30-11-2025 21:05,577.19
14779,3231,18-10-2025 14:21,752.46
14780,3349,30-12-2025 05:15,337.51
14781,1786,09-07-2026 04:53,84.78
14782,2898,17-05-2025 10:42,427.9
14783,207,17-03-2026 20:50,990.39
14784,1743,02-01-2026 22:15,1465.52
14785,4063,01-04-2025 07:24,85.4
14786,3375,08-04-2026 21:25,402.94
14787,2050,16-03-2026 22:32,103.36
14788,1870,09-09-2025 22:40,791.27
14789,3791,24-02-2026 19:37,328.26
14790,3970,09-07-2026 04:12,456.23
14791,4179,22-01-2026 11:34,793.79
14792,3527,03-05-2026 15:26,56.23
14793,3584,04-08-2025 10:54,8.65
14794,2894,04-01-2025 23:22,383.12
14795,90,01-12-2025 18:08,21.66
14796,307,21-08-2025 12:42,754.35
14797,2058,02-11-2025 09:49,127.16
14798,3874,02-10-2025 15:50,948.72
14799,261,14-03-2025 13:16,859.84
14800,1788,25-10-2025 00:33,176.12
14801,1973,01-06-2026 12:18,78.19
14802,4095,19-03-2025 20:04,2.16
14803,2384,19-08-2026 23:41,67.8
14804,1371,28-07-2025 04:55,91.33
14805,2742,08-06-2025 21:11,3.2
14806,447,28-05-2026 01:50,1623.54
14807,2757,01-05-2026 01:01,41.91
14808,4424,30-01-2026 15:50,285.28
14809,3469,24-10-2025 16:21,222.51
14810,202,21-05-2026 15:38,237.97
14811,758,08-09-2025 05:41,92.04
14812,2384,25-02-2026 22:19,194.47
14813,4100,19-06-2025 14:24,424.55
14814,159,22-02-2025 01:49,272.23
14815,2332,13-10-2025 21:41,1060.27
14816,656,27-01-2026 02:45,287.46
14817,221,15-04-2025 20:35,222.28
14818,1764,05-12-2025 01:16,316.36
14819,1564,25-10-2025 00:00,599.2
14820,4207,30-07-2025 01:54,313.34
14821,4152,14-03-2026 02:10,283.97
14822,1232,08-12-2025 06:55,150.5
14823,3058,24-03-2026 03:52,712.52
14824,3024,30-01-2026 05:01,731.85
14825,344,16-03-2025 11:22,229.78
14826,185,17-08-2025 20:38,80.42
14827,2068,08-02-2025 17:13,56.83
14828,1477,25-12-2025 01:50,284.33
14829,1675,07-12-2025 17:58,380.28
14830,1181,31-10-2025 20:58,1789.16
14831,3994,26-08-2025 02:57,1442.52
14832,3285,22-10-2025 22:52,172.42
14833,3407,06-06-2025 02:34,858.18
14834,1090,14-08-2025 05:05,150.15
14835,1626,02-07-2026 23:50,311.54
14836,2381,12-08-2026 06:12,39.07
14837,337,25-03-2025 21:53,327.38
14838,2321,03-05-2026 06:23,176.27
14839,1419,29-09-2025 08:23,91.71
14840,2408,05-09-2025 18:25,319.43
14841,3310,20-10-2025 05:33,20.36
14842,237,18-01-2026 21:07,165.81
14843,111,20-04-2025 21:31,46.37
14844,443,16-08-2025 07:45,348.92
14845,930,26-09-2025 08:20,58.01
14846,1742,22-06-2025 20:53,60.92
14847,2780,03-09-2026 07:42,127.31
14848,3432,19-06-2025 10:22,739.59
14849,2233,28-09-2025 13:25,18.85
14850,3122,20-02-2025 09:46,238.7
14851,3880,12-09-2026 05:01,317.27
14852,3517,16-07-2025 18:24,1148.05
14853,1128,15-05-2026 06:02,580.3
14854,2052,23-11-2025 06:51,958.45
14855,1919,11-08-2026 18:01,896.25
14856,1571,21-09-2025 20:18,757.09
14857,4285,08-09-2025 07:53,501.71
14858,548,04-01-2025 02:04,1443.15
14859,5,19-08-2026 08:13,365.37
14860,2471,26-12-2025 21:20,3675.85
14861,4438,18-02-2026 17:24,215.8
14862,2349,24-11-2025 13:29,848.17
14863,2188,28-03-2025 01:37,327.14
14864,4302,30-08-2025 21:28,2127.12
14865,3114,13-12-2025 23:43,571.07
14866,3404,03-02-2025 14:07,151.17
14867,193,08-02-2025 00:22,113.66
14868,879,07-09-2026 05:25,79.07
14869,3781,12-03-2025 06:10,69.42
14870,3098,26-06-2025 18:27,644.22
14871,765,20-05-2026 23:26,217.6
14872,1644,13-08-2026 14:12,67.56
14873,2710,30-04-2026 23:10,233.4
14874,2683,02-07-2025 00:53,71.93
14875,3912,08-09-2026 07:51,6.48
14876,675,01-05-2025 06:00,48.16
14877,259,01-09-2025 08:06,40.87
14878,3114,06-02-2026 20:55,1980.48
14879,3249,24-09-2025 03:04,2195.03
14880,4326,26-09-2025 10:46,521.46
14881,4142,14-01-2026 23:02,18.13
14882,971,04-08-2025 19:19,38.15
14883,564,26-06-2026 10:37,589.85
14884,1797,01-08-2025 15:49,205.76
14885,263,28-02-2025 07:07,407.11
14886,981,30-03-2026 02:17,918.4
14887,2700,07-04-2025 04:16,123.26
14888,2756,23-05-2026 14:47,875.3
14889,2366,25-06-2025 22:23,1575.21
14890,2447,12-04-2026 23:15,929.91
14891,423,29-03-2025 02:31,1049.23
14892,955,27-05-2026 18:27,695.48
14893,54,04-06-2025 09:00,157.87
14894,855,26-06-2026 17:37,625.52
14895,3531,27-02-2025 23:10,606.07
14896,2947,21-02-2026 04:00,267.48
14897,1640,04-09-2026 06:24,464.93
14898,1155,06-05-2026 13:21,112.29
14899,1555,05-03-2025 12:50,149.35
14900,3222,03-03-2025 20:17,27.35
14901,2698,04-04-2026 09:30,982.91
14902,760,12-06-2025 08:57,1177.93
14903,3641,26-06-2025 04:45,18.16
14904,732,23-05-2025 02:39,263.91
14905,3690,20-08-2026 06:32,104.46
14906,2786,29-01-2025 02:23,371.31
14907,1942,20-12-2025 00:36,262.43
14908,2356,23-05-2026 16:06,870.81
14909,96,14-04-2026 19:54,494.54
14910,2828,25-11-2025 15:48,9.76
14911,3129,10-09-2025 05:10,467.22
14912,391,15-05-2025 00:08,2744.86
14913,3159,14-06-2026 14:53,569.73
14914,1519,17-07-2025 03:31,108.62
14915,2989,02-02-2026 03:16,31.55
14916,4349,03-01-2026 13:41,761.92
14917,2936,31-03-2025 16:22,1936.58
14918,3560,28-02-2025 08:33,492.04
14919,3033,22-01-2026 21:22,730.54
14920,3363,12-09-2025 07:28,697.05
14921,348,21-07-2026 00:03,208.37
14922,3963,31-01-2026 01:59,238.66
14923,2083,30-07-2026 12:27,634.65
14924,3363,18-02-2026 15:24,714.73
14925,795,22-01-2026 09:10,2.95
14926,2011,24-03-2026 18:14,560.29
14927,995,21-04-2026 19:37,281.05
14928,3894,17-10-2025 08:52,524.65
14929,2754,01-01-2025 03:24,584.14
14930,470,19-02-2025 16:00,350.19
14931,1642,10-09-2025 10:46,799.96
14932,4267,18-04-2025 14:19,148.94
14933,500,01-06-2026 14:54,76.56
14934,292,21-09-2025 22:08,1191.55
14935,831,05-05-2025 22:50,1029.83
14936,1450,18-10-2025 07:48,74.5
14937,2644,18-03-2025 19:05,103.96
14938,722,03-03-2026 20:02,58.08
14939,342,19-09-2025 20:03,103.82
14940,980,23-08-2026 13:44,1621.91
14941,3628,16-11-2025 18:20,171.62
14942,4373,12-05-2025 12:45,41.91
14943,1261,30-05-2025 17:20,266.25
14944,444,13-10-2025 00:32,501.95
14945,48,19-02-2026 11:05,2.95
14946,1572,08-08-2025 22:20,100.85
14947,3551,20-02-2025 01:49,650.4
14948,803,08-01-2026 03:08,287.57
14949,4096,03-02-2025 10:33,679.34
14950,4222,16-03-2026 19:21,619.74
14951,251,27-12-2025 09:14,430.89
14952,4472,16-09-2025 05:04,27.09
14953,3767,15-05-2025 14:07,213.09
14954,731,23-07-2026 15:18,1386.78
14955,2656,08-03-2025 16:51,47.52
14956,3824,06-11-2025 05:54,1077.54
14957,3731,30-04-2025 07:50,226.61
14958,3738,17-02-2025 01:37,202.38
14959,1131,29-07-2026 14:08,24.44
14960,3938,06-05-2025 03:55,291.63
14961,3405,12-02-2026 11:46,1217.71
14962,2690,21-07-2026 21:00,55.14
14963,3823,04-06-2026 02:27,147.72
14964,1951,10-01-2026 07:43,351.68
14965,2335,01-06-2026 16:37,1067.31
14966,964,10-07-2026 06:04,83.37
14967,4498,03-05-2025 14:36,205.12
14968,756,15-05-2026 16:28,172.8
14969,3453,18-04-2026 12:32,1193.39
14970,424,08-01-2025 09:36,729.43
14971,2719,12-05-2025 08:08,157.36
14972,2352,09-04-2026 15:17,462.03
14973,857,08-11-2025 10:18,206.69
14974,3784,26-11-2025 17:06,138.42
14975,4437,23-12-2025 03:14,201.2
14976,2493,03-06-2026 11:45,537.41
14977,3932,14-07-2025 06:41,117.24
14978,1433,16-06-2025 01:49,202.09
14979,849,13-02-2025 05:46,170.71
14980,533,04-02-2025 01:31,1599.89
14981,2883,05-04-2026 15:06,1358.37
14982,2542,17-05-2025 05:54,9.72
14983,494,02-09-2026 21:52,81.61
14984,3478,01-01-2025 09:50,940.51
14985,1167,09-04-2026 22:14,119.41
14986,1854,13-06-2026 22:41,660.98
14987,2520,24-07-2025 14:30,5.9
14988,1201,17-11-2025 09:02,581.97
14989,1769,08-12-2025 10:53,1697
14990,3808,27-06-2025 11:54,251.53
14991,2480,04-07-2026 19:31,655.48
14992,1581,25-05-2025 07:59,213.57
14993,4381,19-03-2025 12:39,142.19
14994,2756,24-08-2026 05:55,828.78
14995,1750,15-07-2025 05:10,350.73
14996,2857,29-04-2025 12:20,887.09
14997,4032,07-12-2025 12:24,64.94
14998,4463,03-04-2026 12:39,1083.79
14999,4458,31-08-2026 02:17,141.09
15000,1703,30-04-2026 23:36,734.06
15001,3229,02-06-2025 06:11,194.36
15002,3397,09-09-2025 23:27,496.28
15003,1216,30-08-2025 00:00,50.84
15004,2699,16-05-2025 20:41,820.84
15005,4273,05-08-2026 06:23,2021.23
15006,4090,07-08-2025 12:32,192.13
15007,4188,03-04-2026 09:51,783.1
15008,3685,08-07-2026 14:59,1386.94
15009,1229,17-01-2025 12:17,721.34
15010,3967,02-07-2025 07:34,235.83
15011,832,16-10-2025 13:00,381.98
15012,3513,15-11-2025 18:40,1620.05
15013,2377,23-09-2025 18:15,1186.78
15014,3964,01-03-2026 18:44,337.51
15015,3262,31-01-2025 13:50,63.79
15016,2537,03-06-2026 13:49,980.79
15017,1246,16-12-2025 16:17,80.31
15018,132,22-04-2026 00:45,152.33
15019,1209,27-02-2025 23:39,940.27
15020,2699,14-03-2025 06:22,757.13
15021,2745,19-03-2026 10:02,97.66
15022,966,18-08-2025 04:23,85.4
15023,4201,20-03-2025 18:51,715.19
15024,104,25-10-2025 19:25,290.72
15025,155,31-03-2025 16:10,100.39
15026,891,20-04-2026 07:22,479.7
15027,267,23-04-2025 23:28,139.59
15028,4374,05-07-2025 16:24,157.14
15029,2145,07-09-2026 20:05,175.32
15030,4300,29-04-2025 10:32,1126.97
15031,384,03-01-2025 07:38,302.64
15032,470,03-06-2025 16:45,106.09
15033,3488,08-02-2025 19:48,104.07
15034,4029,12-02-2026 14:56,573.01
15035,118,30-03-2026 11:31,429.46
15036,1501,06-05-2026 15:57,250.04
15037,3637,31-03-2025 22:04,167.18
15038,4283,13-02-2025 13:01,107.82
15039,296,07-03-2026 06:40,68.41
15040,2002,14-01-2025 00:46,125.02
15041,3359,18-02-2025 17:25,220.6
15042,4140,09-07-2026 09:11,1400.09
15043,3181,09-02-2025 15:14,610.63
15044,3026,15-07-2025 06:10,18.97
15045,2034,20-03-2025 01:37,607.35
15046,1693,10-02-2025 01:39,777.71
15047,4375,02-06-2025 19:12,1275.34
15048,4150,23-01-2026 08:48,865.68
15049,1957,27-01-2026 23:37,66.75
15050,2271,25-01-2025 06:19,604.61
15051,1070,02-11-2025 17:30,2512.96
15052,3689,14-09-2026 01:13,327.42
15053,1125,13-08-2026 17:21,67.67
15054,2010,18-05-2025 08:38,468.56
15055,3554,04-08-2025 03:44,567.15
15056,2123,20-11-2025 11:11,252.77
15057,4006,11-12-2025 09:39,277.19
15058,1768,01-07-2026 19:46,115.52
15059,3670,21-08-2026 06:49,35.3
15060,2740,09-06-2025 08:16,15.66
15061,1401,02-08-2026 07:30,75.33
15062,3012,23-02-2026 22:26,609.81
15063,4355,03-11-2025 08:14,1425.48
15064,3739,26-05-2025 09:27,346.14
15065,3469,31-08-2025 14:26,1280.36
15066,1050,02-10-2025 03:07,69.49
15067,1595,05-04-2025 13:45,35.3
15068,2102,21-08-2026 18:35,566.49
15069,733,22-05-2025 11:55,587.55
15070,3853,08-04-2026 23:06,312.69
15071,100,03-01-2025 20:10,273.82
15072,3131,30-03-2026 18:22,1078.8
15073,1763,06-02-2026 14:08,196.73
15074,4129,22-08-2026 15:25,138.07
15075,3591,11-10-2025 10:42,872.19
15076,3248,18-08-2025 05:14,195.56
15077,783,16-08-2026 08:38,251.28
15078,3131,27-01-2026 06:26,115.31
15079,2406,04-02-2025 13:14,41.66
15080,1549,21-02-2025 23:59,177.94
15081,1571,13-09-2026 13:22,266.56
15082,4314,15-06-2025 07:33,207.25
15083,3302,17-02-2026 06:40,220.16
15084,1116,17-07-2026 05:55,487.24
15085,698,23-07-2025 10:32,21.85
15086,1377,14-03-2026 13:56,233.89
15087,4527,18-06-2025 17:01,20.11
15088,3980,01-09-2026 00:22,141.77
15089,1005,09-03-2025 01:45,188.4
15090,223,03-05-2026 00:00,162.48
15091,3192,10-01-2026 12:44,265.29
15092,1734,24-09-2025 15:01,789.92
15093,2281,10-04-2026 06:23,765.86
15094,1392,08-06-2026 09:45,5367.51
15095,3538,29-09-2025 22:58,92.91
15096,2305,24-01-2025 17:33,356.3
15097,2869,21-08-2026 07:50,325.69
15098,4242,04-07-2025 23:07,69.11
15099,2676,06-01-2026 07:34,221.45
15100,2810,09-06-2025 14:50,1380.94
15101,220,01-02-2026 22:30,87.4
15102,3727,24-06-2025 07:38,181.14
15103,3598,27-08-2026 08:24,1449.73
15104,4311,01-03-2025 20:35,384.12
15105,3166,29-09-2025 20:21,924.26
15106,165,06-02-2026 14:46,1340.97
15107,3558,12-08-2025 00:56,969.48
15108,4294,04-09-2026 17:43,208.8
15109,4430,13-02-2026 15:48,211.03
15110,3971,11-03-2026 04:53,761.86
15111,1583,01-07-2026 03:04,324.58
15112,4113,02-03-2026 09:30,36.71
15113,61,01-11-2025 11:03,89.06
15114,2970,30-06-2025 12:57,543.83
15115,145,21-06-2025 01:16,93.52
15116,163,30-10-2025 11:14,263.54
15117,998,11-03-2026 16:25,1138.42
15118,4292,09-05-2025 06:34,9.76
15119,2118,28-08-2025 19:09,117.24
15120,1151,14-05-2026 15:59,11.19
15121,3762,06-10-2025 12:18,1336.96
15122,2489,21-08-2026 07:03,151.45
15123,2910,22-08-2025 05:26,1040.78
15124,3914,25-02-2025 21:24,360.89
15125,795,22-01-2025 10:42,107.21
15126,759,16-08-2026 15:45,453.23
15127,2262,02-07-2026 04:44,297.55
15128,1109,24-04-2025 01:50,1386.45
15129,511,23-03-2026 17:00,796.56
15130,3933,22-02-2026 03:54,768.11
15131,1547,26-11-2025 09:47,297.66
15132,2298,01-03-2025 17:26,337.51
15133,2484,09-11-2025 23:07,25.35
15134,2713,10-06-2026 23:33,598.24
15135,1327,14-05-2025 16:20,518.4
15136,150,31-12-2025 03:45,207.31
15137,4168,19-04-2026 04:53,348.7
15138,3662,26-09-2025 17:30,945.52
15139,3922,05-12-2025 00:14,447.95
15140,86,11-01-2026 09:58,11.5
15141,3394,08-02-2025 13:58,222.31
15142,257,07-01-2026 21:34,133.9
15143,2339,07-05-2026 11:40,117.24
15144,4426,02-05-2026 22:59,165.23
15145,1660,13-04-2026 02:22,1857.46
15146,2609,28-01-2026 05:36,24.75
15147,4270,28-07-2026 05:34,49.58
15148,1707,07-08-2025 22:04,197.48
15149,173,18-02-2026 07:21,151.77
15150,1730,08-09-2026 21:11,374.85
15151,582,05-01-2025 16:44,61.08
15152,2370,15-01-2026 05:45,65.95
15153,4306,27-05-2025 06:50,30.19
15154,1814,24-06-2025 10:00,143
15155,2126,09-01-2025 11:02,193.98
15156,4009,10-05-2025 03:25,1035.4
15157,2343,08-05-2025 14:39,1340.75
15158,3715,28-01-2025 11:17,219.94
15159,3548,24-08-2025 09:29,872.35
15160,325,07-04-2026 09:17,240.94
15161,4287,02-02-2025 08:04,241
15162,2115,22-05-2026 06:49,610.92
15163,2615,06-03-2026 16:06,271.11
15164,3785,15-07-2026 12:53,324.58
15165,2427,10-03-2025 20:00,320.81
15166,418,11-05-2026 04:20,198.61
15167,476,25-04-2025 11:23,202.65
15168,2274,22-07-2026 23:37,60.28
15169,3535,14-01-2026 20:03,263.5
15170,971,04-09-2025 16:24,1210.01
15171,3430,27-03-2025 06:13,101.68
15172,2540,04-11-2025 19:27,1045.99
15173,3485,26-03-2026 09:14,942.79
15174,332,10-08-2025 13:03,470.78
15175,4514,23-11-2025 10:25,80.43
15176,3156,25-03-2026 17:35,106.42
15177,2731,25-02-2025 18:01,120.95
15178,2045,19-10-2025 21:00,758.43
15179,2022,07-11-2025 23:08,792.2
15180,1238,20-06-2026 12:04,451.26
15181,2373,29-04-2025 21:19,360.56
15182,998,13-10-2025 07:17,133.92
15183,3211,04-02-2025 04:54,116.16
15184,1367,06-01-2025 15:44,144.46
15185,3554,26-02-2026 19:51,470.03
15186,2141,12-06-2026 22:02,28.72
15187,3006,30-11-2025 02:14,361.85
15188,4050,14-03-2025 14:10,987.66
15189,3253,08-09-2025 21:03,215.02
15190,1339,07-06-2026 09:16,483.03
15191,3150,05-02-2026 19:14,286.5
15192,1034,04-02-2025 04:54,550.02
15193,2951,22-06-2026 07:20,432.93
15194,579,08-11-2025 01:45,800.59
15195,3871,01-01-2026 11:51,356.89
15196,1207,22-02-2025 17:04,11.19
15197,3913,13-04-2025 15:57,830.24
15198,3009,02-09-2026 00:22,108.34
15199,2396,28-04-2026 10:50,290.48
15200,1631,25-03-2026 23:38,461.52
15201,4313,08-08-2026 14:34,608.97
15202,2919,08-12-2025 04:37,1685.11
15203,3914,11-08-2026 08:02,941.96
15204,3917,05-02-2025 06:56,72.69
15205,1182,06-05-2026 02:03,183.33
15206,4414,04-10-2025 04:24,46.28
15207,195,26-03-2025 17:34,5.9
15208,3487,23-02-2025 04:35,587.83
15209,2523,23-02-2026 03:08,157.52
15210,466,14-09-2025 02:56,100.46
15211,2505,12-03-2026 05:20,153.13
15212,956,12-09-2025 15:21,38.48
15213,2586,26-12-2025 21:50,78.75
15214,2098,10-10-2025 08:34,2833.49
15215,752,06-12-2025 13:38,1029.44
15216,711,22-02-2025 04:32,133.09
15217,4281,04-05-2026 08:49,533.34
15218,1425,12-07-2025 00:15,160.5
15219,1166,24-03-2026 07:13,808.98
15220,2640,17-01-2025 01:24,414.69
15221,4484,01-10-2025 01:23,399.75
15222,2543,29-01-2026 04:50,576.85
15223,3793,21-07-2025 01:08,1471.56
15224,1716,30-05-2025 13:19,1880.61
15225,1067,09-06-2025 11:17,158.45
15226,3992,18-04-2025 08:46,1873.63
15227,1560,01-01-2025 08:09,582.91
15228,1953,28-06-2025 18:11,338.58
15229,2983,31-08-2025 22:49,475.25
15230,2932,06-08-2025 20:22,114.36
15231,4430,20-06-2025 18:59,94.78
15232,2935,20-05-2025 15:05,1889.01
15233,2161,01-04-2026 03:31,1437.37
15234,2427,19-08-2026 13:13,250.69
15235,268,24-03-2025 00:06,34.62
15236,1097,17-03-2025 16:28,1463.18
15237,305,24-02-2026 06:46,30.92
15238,563,12-02-2025 07:51,1707.34
15239,4365,10-02-2025 10:09,732.62
15240,392,05-12-2025 05:31,795.2
15241,2681,11-10-2025 15:16,1622.09
15242,3781,18-08-2026 04:48,73.27
15243,1040,29-10-2025 22:51,193.54
15244,3926,23-06-2025 14:18,1399.55
15245,1838,13-06-2026 12:28,176.73
15246,496,04-07-2025 14:59,104.45
15247,4522,02-03-2026 11:13,120.12
15248,684,28-01-2025 00:06,71.46
15249,3156,31-03-2026 09:26,510.86
15250,2905,19-04-2025 07:38,175.39
15251,4097,18-01-2025 22:14,942.16
15252,4441,03-09-2026 01:27,912.37
15253,4202,12-04-2025 15:07,1066.14
15254,2455,13-05-2025 14:13,275.1
15255,799,15-04-2026 05:11,43.39
15256,2736,20-10-2025 19:31,320.92
15257,1023,01-03-2025 13:21,469.22
15258,2581,19-06-2025 01:03,480.72
15259,2795,14-06-2025 05:11,68.34
15260,4092,09-03-2026 21:51,127.05
15261,2380,31-01-2025 09:16,2202.52
15262,3430,21-07-2025 21:59,80.8
15263,2395,30-05-2026 16:51,422.33
15264,2399,15-02-2026 16:15,37.96
15265,2146,20-11-2025 15:22,232.7
15266,2409,19-01-2025 19:00,430.19
15267,3282,21-03-2025 15:19,929.39
15268,1173,20-02-2025 13:35,259.34
15269,3675,16-12-2025 01:08,323.03
15270,1746,05-05-2026 11:10,350.56
15271,3032,06-06-2025 06:41,18.97
15272,2105,10-12-2025 01:28,49.98
15273,3569,20-04-2025 15:45,296.25
15274,4189,20-08-2026 10:33,453.67
15275,954,09-06-2025 03:55,250.04
15276,566,17-01-2025 20:03,1037.1
15277,4328,03-05-2025 00:47,110.21
15278,1989,14-06-2025 00:40,228.88
15279,4323,13-07-2025 13:25,388.57
15280,1858,20-11-2025 20:00,221.26
15281,521,30-07-2025 22:02,101.81
15282,2533,22-05-2026 00:07,58.08
15283,3774,11-07-2025 06:15,114.01
15284,3820,01-04-2026 11:49,101.43
15285,1936,06-09-2025 06:13,649.19
15286,4113,18-01-2025 20:55,122.94
15287,4265,07-09-2025 14:46,36.35
15288,2653,12-04-2026 01:08,494.53
15289,3643,29-12-2025 07:30,143.81
15290,1613,17-05-2026 10:14,308.34
15291,3954,08-07-2026 07:31,704.07
15292,2338,25-11-2025 18:53,72.8
15293,2416,03-08-2025 17:23,30.19
15294,1296,25-06-2026 00:14,722.5
15295,3953,04-05-2026 21:23,2305
15296,1734,03-01-2026 11:03,267.59
15297,3610,16-01-2025 20:41,192.06
15298,2449,18-05-2026 11:12,136.67
15299,1209,21-09-2025 13:23,879.18
15300,160,06-04-2026 20:26,71.68
15301,4458,06-08-2026 10:54,377.12
15302,1828,16-08-2025 10:58,31.71
15303,4082,12-09-2026 04:59,58.08
15304,2394,03-07-2025 06:24,716.83
15305,4058,07-02-2025 15:52,108.98
15306,2054,22-01-2026 22:44,591.89
15307,132,31-03-2026 08:57,848.74
15308,1076,09-02-2026 09:06,462.74
15309,2679,06-11-2025 23:39,86.1
15310,1523,23-04-2025 15:55,16.93
15311,3135,16-05-2026 16:19,699.46
15312,2707,01-08-2025 06:25,11.8
15313,90,13-04-2025 21:48,835.07
15314,239,03-03-2025 02:35,1042.72
15315,936,22-01-2025 12:30,2219.54
15316,4000,03-04-2025 04:29,273.76
15317,2766,06-01-2026 22:08,241.18
15318,3198,19-08-2026 11:12,175.16
15319,992,25-05-2026 17:36,1662.66
15320,3366,28-10-2025 12:45,208.65
15321,3167,15-01-2025 04:05,281.19
15322,3516,04-12-2025 04:25,206.69
15323,1114,24-05-2025 11:49,526.29
15324,921,28-06-2026 05:35,17.16
15325,560,14-06-2025 08:07,1478.69
15326,345,06-01-2025 07:25,87.61
15327,3686,11-01-2026 04:53,143.48
15328,2135,01-09-2025 06:30,396.25
15329,1661,05-01-2026 22:33,789.26
15330,806,14-09-2026 01:35,518.74
15331,2640,09-04-2025 00:23,491.94
15332,4464,27-06-2025 13:48,351.29
15333,625,09-09-2026 03:42,789.93
15334,2485,21-01-2026 05:23,307.14
15335,4240,21-07-2025 04:56,416.03
15336,2810,08-07-2025 16:31,454.16
15337,316,19-04-2025 13:20,86.48
15338,3120,14-05-2026 00:25,585.92
15339,3497,10-07-2025 07:48,552.43
15340,1620,23-07-2025 05:43,250.04
15341,4395,27-01-2026 14:28,1098.93
15342,3709,16-01-2026 11:49,60.24
15343,721,22-06-2025 16:52,85.24
15344,1196,23-09-2025 06:41,191.36
15345,4451,14-12-2025 18:30,100.82
15346,4307,20-06-2026 02:31,1391.18
15347,462,25-12-2025 15:18,430.91
15348,2402,17-11-2025 14:52,141.77
15349,2516,19-11-2025 22:25,91.19
15350,512,07-10-2025 21:09,120.03
15351,1617,07-05-2026 15:15,2723.4
15352,1479,12-05-2025 21:16,370.51
15353,3525,06-11-2025 03:31,72.44
15354,2814,21-10-2025 10:03,1344.15
15355,1961,10-02-2025 21:20,109.92
15356,3467,09-01-2025 05:51,18.53
15357,4492,16-05-2025 22:10,959.03
15358,2730,29-05-2026 17:31,151.66
15359,481,23-10-2025 08:29,9.72
15360,3347,20-05-2026 06:27,319.29
15361,1912,16-06-2026 14:40,971.85
15362,3760,28-09-2025 05:23,2449.47
15363,3658,11-07-2026 15:29,871.88
15364,1075,26-03-2026 01:23,1173.93
15365,754,13-09-2026 08:00,779.12
15366,4187,29-07-2026 09:41,105.9
15367,1132,11-12-2025 04:17,648.7
15368,504,13-01-2026 01:33,250.16
15369,2467,30-04-2026 02:19,151.01
15370,4528,09-09-2026 16:44,717.45
15371,3464,23-11-2025 20:24,43.53
15372,348,04-10-2025 19:22,325.43
15373,1759,26-11-2025 16:24,55.91
15374,4038,30-10-2025 23:21,137.85
15375,1606,30-05-2025 10:02,795.83
15376,2519,22-03-2025 02:16,693.05
15377,3494,12-05-2025 17:51,402.24
15378,2432,07-10-2025 20:49,51.61
15379,1393,02-01-2026 12:21,96.38
15380,4047,13-01-2026 18:33,22.35
15381,1858,20-07-2026 21:47,109.77
15382,2131,25-01-2026 02:19,1147.94
15383,1813,02-01-2025 06:10,575.16
15384,2376,17-04-2026 10:24,2524.8
15385,2808,31-12-2025 14:35,150.39
15386,1525,02-03-2026 21:37,587.02
15387,3656,27-06-2025 19:32,75.49
15388,1483,10-11-2025 23:15,76.75
15389,996,12-08-2026 06:10,245.77
15390,2,06-07-2025 10:24,273.29
15391,2874,12-06-2025 20:20,435.45
15392,4037,04-10-2025 19:45,721.85
15393,11,25-07-2026 22:54,1425.48
15394,4244,10-05-2025 22:33,1288.41
15395,443,19-09-2025 11:15,110.5
15396,1279,02-11-2025 09:51,379.28
15397,3936,18-07-2025 05:10,53.45
15398,1603,15-08-2026 17:21,443.84
15399,2159,23-10-2025 03:41,117.1
15400,2043,09-03-2026 22:02,694.01
15401,159,10-07-2025 13:33,193.94
15402,1616,28-01-2025 19:23,378.6
15403,2717,19-07-2025 11:46,418.68
15404,2068,31-01-2025 23:41,14.23
15405,3511,03-02-2026 20:01,1513.14
15406,3074,19-07-2026 00:02,760.62
15407,4001,14-04-2026 13:40,769.02
15408,1509,06-09-2025 23:06,156.71
15409,4309,19-03-2026 00:09,842.1
15410,2728,09-09-2025 17:37,2878.33
15411,143,24-06-2026 05:26,157.56
15412,3492,19-05-2026 00:07,921.96
15413,1497,19-08-2025 13:27,221.65
15414,2365,16-05-2026 17:45,413.13
15415,1114,10-06-2026 21:46,793.44
15416,4516,05-04-2026 19:52,1667.82
15417,401,25-05-2025 21:53,160.79
15418,2428,03-10-2025 09:20,53.29
15419,4468,23-08-2025 14:51,864.78
15420,3369,27-07-2025 21:18,337.51
15421,2961,23-11-2025 09:03,739.92
15422,1723,27-05-2026 16:42,435.2
15423,3331,29-04-2026 05:51,422.91
15424,4219,16-07-2026 22:14,71.68
15425,2392,27-04-2025 06:55,170.49
15426,3011,01-06-2025 16:07,259.22
15427,3617,02-05-2026 19:13,89.74
15428,4497,12-05-2026 16:39,343.39
15429,940,19-01-2026 02:03,164.63
15430,1717,01-08-2025 22:22,953.1
15431,508,11-05-2025 13:47,3.5
15432,3040,24-04-2025 21:47,3041.02
15433,2534,13-05-2026 08:45,463.81
15434,305,18-01-2026 17:22,465.8
15435,2734,06-07-2026 01:33,420.83
15436,1822,05-11-2025 22:50,151.1
15437,485,06-06-2026 22:46,356.41
15438,1056,19-05-2025 16:30,719.71
15439,3210,19-02-2025 05:52,215.04
15440,1773,03-02-2026 04:33,974.42
15441,735,05-01-2026 22:45,92
15442,1637,27-10-2025 07:11,14.69
15443,3279,27-06-2026 00:23,225.24
15444,3733,19-02-2025 01:06,617.57
15445,2755,06-01-2026 21:32,162.56
15446,2287,06-05-2026 07:35,675.02
15447,4163,29-01-2025 16:54,408.6
15448,4436,15-07-2026 10:31,401.73
15449,2204,05-04-2025 06:35,2.95
15450,3063,02-04-2025 12:43,92.24
15451,2785,21-04-2025 07:23,373.38
15452,2317,04-08-2025 21:51,1443.72
15453,2215,10-07-2026 07:52,1947.11
15454,1526,15-01-2026 01:32,463.45
15455,2854,14-05-2025 19:05,142.7
15456,370,01-04-2026 19:10,24.44
15457,497,19-06-2026 09:51,696.33
15458,4026,08-05-2026 03:47,567.79
15459,2391,09-05-2026 20:49,844.8
15460,1470,25-06-2025 03:02,69.66
15461,4095,30-03-2025 10:31,60.51
15462,3340,03-02-2026 18:20,2.43
15463,665,06-02-2025 02:15,260.73
15464,2371,23-01-2025 16:51,85.4
15465,2204,27-01-2026 16:50,433.94
15466,3233,05-03-2025 12:48,467.47
15467,3528,23-04-2025 00:55,59.7
15468,3076,20-04-2026 18:39,155.98
15469,2411,31-07-2025 09:36,80.67
15470,1270,31-01-2025 10:43,239.59
15471,171,03-11-2025 18:44,704.8
15472,3649,26-06-2026 04:49,110.46
15473,709,24-04-2026 09:10,10.18
15474,3281,07-06-2026 00:16,1186.81
15475,4214,11-05-2026 13:22,680.85
15476,242,11-08-2025 09:15,1416.58
15477,1818,23-01-2026 20:17,606.81
15478,4331,22-11-2025 19:43,97.13
15479,479,26-11-2025 16:48,472.46
15480,2081,11-07-2025 01:58,10.5
15481,3289,19-07-2025 11:33,1864
15482,3646,21-01-2025 15:31,720.43
15483,1954,11-02-2026 15:48,867.88
15484,3736,15-06-2025 20:32,740.26
15485,777,18-06-2025 04:40,24.28
15486,4124,11-05-2026 18:37,359.84
15487,1779,15-01-2025 15:06,371.71
15488,1076,03-05-2025 12:45,170.96
15489,3852,01-01-2026 08:47,391.68
15490,3399,15-03-2025 08:34,790.96
15491,146,11-09-2025 06:52,196.52
15492,1736,11-01-2025 03:14,188.47
15493,4052,14-07-2026 10:50,686.21
15494,1384,24-07-2026 03:05,114.98
15495,3366,11-02-2025 06:20,379.92
15496,2760,10-12-2025 09:29,218.61
15497,2119,06-08-2026 23:01,157.33
15498,755,07-08-2025 04:12,1208.31
15499,1560,22-04-2026 20:43,92.89
15500,355,04-12-2025 07:47,172.92
15501,435,07-04-2025 19:06,75.1
15502,28,02-05-2025 04:01,440.66
15503,1739,14-02-2026 00:50,673.67
15504,3936,28-01-2025 23:41,772.99
15505,4415,30-08-2026 07:57,675.02
15506,2207,29-10-2025 00:00,85.24
15507,253,13-02-2025 21:15,95.6
15508,1074,12-01-2025 16:06,818.09
15509,2564,04-04-2025 18:08,627.98
15510,4297,24-06-2026 14:43,458.47
15511,3468,15-06-2026 16:19,12.84
15512,444,23-01-2026 13:05,179.2
15513,310,09-06-2026 12:47,155.7
15514,4312,26-07-2025 21:04,345.53
15515,4130,08-04-2026 02:17,909.14
15516,2747,02-03-2026 12:19,347.69
15517,1527,06-03-2026 04:11,893.33
15518,1844,02-02-2025 10:28,166.85
15519,3856,28-08-2026 15:18,494.98
15520,3710,04-01-2026 05:13,212.1
15521,245,06-02-2025 16:51,1504.84
15522,3865,16-01-2025 11:06,164.43
15523,667,25-04-2025 00:36,308.11
15524,3762,28-10-2025 18:44,225.31
15525,2797,31-07-2025 01:42,63.46
15526,177,15-08-2026 13:15,718.94
15527,1361,02-07-2026 09:53,99.57
15528,4334,29-06-2025 07:00,38.88
15529,2139,19-06-2026 05:23,248.35
15530,1113,07-05-2026 21:37,32
15531,1705,09-07-2025 20:17,10.18
15532,1831,05-02-2026 02:10,481.11
15533,4442,29-04-2025 03:43,629.67
15534,3405,31-07-2026 08:13,244.26
15535,2474,07-09-2026 15:40,265.95
15536,2024,14-06-2025 23:16,308.98
15537,1442,18-02-2026 05:04,207.95
15538,1368,10-10-2025 03:37,1025.8
15539,322,02-03-2026 11:16,349.12
15540,2003,28-11-2025 08:34,368.43
15541,198,01-01-2025 03:34,47.08
15542,1340,13-03-2026 04:48,459.16
15543,2572,02-01-2025 16:16,1823.4
15544,3412,17-05-2026 22:26,45.34
15545,3401,14-04-2025 07:55,160.37
15546,836,18-02-2026 07:26,69.36
15547,2358,17-02-2025 03:06,694.4
15548,2762,28-07-2026 05:12,849
15549,1217,11-03-2025 12:56,27.44
15550,1890,20-09-2025 10:52,313.26
15551,2867,05-05-2026 04:35,1004.69
15552,1368,30-05-2026 01:26,380.26
15553,2407,04-09-2025 14:45,208.64
15554,4296,08-01-2026 01:48,72.99
15555,2999,09-10-2025 19:19,28.12
15556,1601,21-08-2025 14:14,179.39
15557,924,18-01-2026 00:26,135.29
15558,4525,25-02-2026 18:14,761.89
15559,905,25-08-2025 06:17,103.52
15560,3726,20-09-2025 18:41,261.89
15561,164,17-11-2025 17:36,573.6
15562,1290,05-02-2026 00:58,1261.54
15563,2616,15-08-2025 05:06,227.36
15564,3978,26-07-2025 18:28,117.3
15565,179,15-03-2025 09:53,192.73
15566,1655,19-10-2025 16:32,1083.09
15567,2084,24-02-2026 16:52,1226.05
15568,4198,31-07-2025 13:44,403.07
15569,1236,22-01-2025 13:24,351.01
15570,417,11-12-2025 05:29,343.41
15571,2054,08-04-2025 12:01,88.27
15572,2628,31-07-2026 17:32,850.92
15573,1521,26-09-2025 21:51,1085.25
15574,2060,10-09-2026 21:56,383.33
15575,565,30-11-2025 22:13,398.36
15576,748,10-12-2025 05:53,777.46
15577,2249,18-07-2025 09:45,203.8
15578,1018,06-04-2025 15:17,426.33
15579,2365,24-01-2025 23:11,1439.91
15580,4184,10-08-2026 13:32,344.72
15581,667,27-08-2026 09:39,1565.88
15582,751,14-06-2025 01:26,50.84
15583,653,25-09-2025 19:27,1035.81
15584,2695,14-06-2025 14:43,197.85
15585,2635,02-04-2025 00:38,26.65
15586,1048,28-05-2025 09:51,14.63
15587,950,13-11-2025 06:55,791.94
15588,1152,01-06-2026 06:13,131.63
15589,3360,13-01-2026 18:59,160.37
15590,2110,12-03-2026 13:31,144.86
15591,4142,10-05-2025 15:50,89.52
15592,1413,19-08-2025 22:30,3.5
15593,2113,17-07-2026 15:30,890.72
15594,3581,02-06-2025 08:34,788.52
15595,2625,16-06-2026 22:42,181.98
15596,198,19-03-2025 16:29,90.31
15597,1310,13-02-2025 21:14,601.43
15598,664,09-09-2025 22:05,392.25
15599,4384,10-07-2026 13:44,332.11
15600,1802,15-08-2026 00:28,9.76
15601,557,29-08-2026 09:50,37.94
15602,589,24-11-2025 10:24,2.2
15603,68,12-09-2025 20:56,206.19
15604,1972,25-04-2025 01:06,512.89
15605,397,03-08-2026 08:43,287.57
15606,15,16-06-2026 19:36,688.86
15607,4007,03-07-2026 11:47,447.76
15608,1952,04-01-2025 05:22,601.79
15609,1320,21-03-2026 09:04,487.76
15610,375,22-10-2025 01:07,258.09
15611,2676,30-04-2025 23:13,420.2
15612,4305,05-10-2025 16:00,947
15613,3652,15-11-2025 23:44,278.26
15614,3762,26-04-2026 08:59,53.13
15615,1578,25-12-2025 20:10,298.55
15616,966,06-09-2025 09:52,303.96
15617,1244,09-02-2025 02:48,296.69
15618,1867,24-02-2025 10:22,881.79
15619,26,05-12-2025 21:44,322.13
15620,3928,30-04-2026 09:33,878.51
15621,1655,10-09-2026 22:33,79.14
15622,3692,10-09-2026 00:41,458.69
15623,314,12-05-2025 09:48,133.8
15624,4253,23-07-2025 12:20,12.75
15625,2297,05-05-2026 01:42,18.79
15626,1436,06-12-2025 19:11,195.46
15627,2271,09-06-2026 03:26,684.02
15628,3488,22-09-2025 05:00,2271.84
15629,3221,17-02-2026 11:00,176.99
15630,701,11-05-2025 17:53,98.49
15631,1741,04-06-2025 23:31,86.11
15632,2976,25-05-2026 22:55,67.56
15633,1157,12-06-2025 04:56,1320.68
15634,1907,07-06-2025 17:41,656.55
15635,1547,25-02-2026 04:42,58.08
15636,4369,16-01-2025 23:20,12.75
15637,1080,11-04-2025 03:25,95.52
15638,4287,04-12-2025 13:52,1696.4
15639,766,29-08-2026 09:53,315.38
15640,4353,24-12-2025 18:05,1225.56
15641,3320,17-03-2025 16:16,553.69
15642,3329,23-11-2025 22:15,83.12
15643,893,03-12-2025 05:58,11.21
15644,3923,06-04-2026 04:10,136.39
15645,926,27-08-2025 15:49,380.62
15646,3902,09-07-2026 23:38,926.28
15647,1229,30-08-2025 22:42,677.22
15648,646,08-06-2025 23:28,1038.06
15649,1897,20-02-2025 22:30,396.19
15650,3556,22-01-2026 08:42,319.5
15651,1260,12-05-2026 12:49,163.06
15652,2816,07-11-2025 15:11,434.3
15653,526,08-05-2025 01:08,141.95
15654,2829,23-09-2025 17:55,87.07
15655,2746,18-07-2026 12:34,57.44
15656,2960,18-01-2025 14:50,196.85
15657,3270,05-05-2026 01:02,2.43
15658,2976,01-06-2025 18:29,284.34
15659,143,08-07-2026 17:15,250.04
15660,2609,26-05-2025 21:00,234.48
15661,828,11-04-2026 16:51,249.64
15662,2713,10-07-2026 12:30,242.83
15663,227,12-07-2026 15:11,113.37
15664,2538,27-05-2026 07:38,87.9
15665,3705,06-04-2025 23:43,847.11
15666,2206,18-06-2026 17:30,495.29
15667,2374,05-03-2026 23:47,599.65
15668,2156,26-09-2025 04:14,644.53
15669,18,06-04-2026 00:04,306.98
15670,2628,03-07-2025 09:40,1481.87
15671,3360,06-06-2026 04:08,32.33
15672,4263,13-07-2026 19:34,701.08
15673,3362,04-05-2026 20:06,114.91
15674,4323,19-03-2025 08:32,903.73
15675,3028,21-01-2026 10:08,155
15676,1106,21-02-2025 17:36,1612.11
15677,1021,16-11-2025 22:42,2.95
15678,285,19-07-2025 07:22,319.84
15679,3296,15-04-2026 10:56,707.43
15680,1834,07-01-2026 08:03,939.25
15681,3154,04-01-2026 23:21,347.27
15682,4102,04-03-2025 18:26,162.09
15683,3243,19-07-2026 11:10,211.62
15684,2734,01-05-2026 11:50,12.71
15685,2310,24-12-2025 13:32,284.17
15686,104,07-07-2026 05:38,881.97
15687,3390,29-04-2025 10:33,1304.45
15688,1231,12-11-2025 02:17,1109.24
15689,3956,27-05-2025 09:33,463.63
15690,964,26-10-2025 03:45,110.95
15691,2275,16-09-2025 13:50,1022.84
15692,4137,23-08-2026 01:22,158.24
15693,2022,05-03-2026 09:15,185.05
15694,881,25-04-2026 08:25,275.52
15695,1966,24-06-2026 14:52,648.84
15696,440,31-07-2026 11:40,134.67
15697,3827,13-11-2025 05:57,494.61
15698,3097,02-05-2026 18:17,278.29
15699,4084,04-01-2025 14:07,67.56
15700,3517,23-01-2025 04:43,132.38
15701,2735,21-08-2025 20:48,741.92
15702,2946,03-01-2025 18:33,67.41
15703,3103,13-07-2025 14:18,898.58
15704,1090,16-02-2026 13:37,570.78
15705,146,05-06-2026 02:49,261.73
15706,3674,24-05-2025 10:42,1683.42
15707,1084,21-11-2025 19:51,248.01
15708,1283,04-06-2026 04:32,59.46
15709,4420,17-03-2026 17:01,109.97
15710,1164,16-01-2025 04:46,1040.67
15711,273,15-05-2025 14:34,366.72
15712,2103,31-10-2025 20:36,94.78
15713,628,28-03-2025 07:23,109.06
15714,3707,29-05-2026 23:00,85.84
15715,1474,11-07-2025 06:49,10.51
15716,3216,18-08-2026 19:46,46.84
15717,3992,17-10-2025 09:34,72.49
15718,514,05-10-2025 11:39,96.57
15719,2890,05-05-2026 04:59,465.25
15720,1619,10-08-2025 17:12,608.15
15721,1630,14-05-2026 17:27,327.94
15722,1610,07-05-2026 13:16,378.59
15723,1806,04-01-2025 15:13,26.1
15724,2281,04-02-2025 22:30,1267.34
15725,3366,10-08-2026 00:04,62.82
15726,2121,02-06-2025 09:02,1483.98
15727,1949,09-01-2025 03:18,18.79
15728,898,28-08-2025 06:52,435.2
15729,514,25-06-2025 16:45,533.24
15730,1890,01-04-2025 03:55,193.89
15731,884,08-08-2026 18:49,451.12
15732,1670,04-03-2025 21:57,665.18
15733,2689,27-04-2025 05:54,128.07
15734,1817,28-05-2025 00:28,76.34
15735,2602,31-08-2025 21:58,1103.18
15736,1881,03-05-2026 12:14,94.03
15737,840,28-03-2026 03:50,268.83
15738,1301,09-09-2026 04:03,43.39
15739,289,21-09-2025 04:26,334.91
15740,2907,10-12-2025 00:27,81.49
15741,56,05-08-2025 17:47,53.33
15742,3646,16-03-2025 01:42,35.9
15743,4172,29-03-2025 07:36,2.95
15744,1065,01-06-2026 11:23,17.2
15745,2086,08-07-2025 03:58,74.13
15746,3663,27-04-2026 13:19,1955.6
15747,3306,31-01-2025 20:21,45.06
15748,3434,16-11-2025 22:34,1188.5
15749,3093,27-06-2025 18:30,801.9
15750,2042,18-08-2026 22:44,680.85
15751,3040,19-02-2025 15:19,111.57
15752,3554,14-11-2025 11:28,486.23
15753,4212,18-08-2025 04:02,281.74
15754,1484,20-02-2026 00:37,158.42
15755,1952,30-03-2025 13:54,1897.66
15756,5,27-02-2026 18:23,416.06
15757,2419,16-07-2025 14:32,108.24
15758,130,12-12-2025 12:11,222.98
15759,1657,20-07-2026 03:19,192.01
15760,2295,28-03-2025 19:22,197.04
15761,228,12-09-2025 22:35,423.89
15762,2695,11-10-2025 19:10,85.61
15763,2882,25-03-2026 23:35,4.86
15764,3590,07-04-2025 03:45,36.41
15765,4096,03-03-2025 00:55,159.94
15766,4219,05-02-2026 15:09,153.5
15767,2066,23-04-2025 05:18,796.53
15768,2002,30-06-2026 08:35,775.55
15769,2428,22-02-2025 10:42,409.08
15770,3234,13-10-2025 04:07,1399.62
15771,2001,04-02-2025 10:32,714.45
15772,2938,12-03-2026 05:23,252.44
15773,27,23-08-2026 14:21,4.4
15774,1850,07-07-2026 22:14,43.39
15775,3271,12-06-2026 17:25,408.01
15776,2010,12-02-2025 01:53,2.21
15777,1446,04-11-2025 17:34,192.96
15778,895,03-02-2026 21:05,73.64
15779,1737,14-02-2025 03:08,1564.79
15780,1226,20-06-2025 22:57,255.07
15781,824,03-04-2026 10:13,1012.34
15782,4308,22-04-2026 01:00,44.05
15783,646,12-06-2025 04:36,254.23
15784,1345,28-10-2025 00:02,127.17
15785,692,24-04-2026 23:21,355.6
15786,3637,20-03-2025 14:12,162.87
15787,367,27-03-2026 18:39,308.33
15788,2759,03-05-2026 23:35,143.48
15789,3268,31-01-2026 15:36,2.43
15790,48,03-01-2025 03:28,75.28
15791,986,06-03-2025 04:36,395.85
15792,4177,20-11-2025 00:25,759.47
15793,2080,17-04-2025 10:42,208.99
15794,3218,07-05-2025 16:51,75.18
15795,3710,28-09-2025 05:00,406.6
15796,833,11-03-2026 12:39,53.11
15797,288,17-08-2025 00:30,337.51
15798,3127,24-08-2026 13:58,695.11
15799,4036,28-09-2025 16:49,681.84
15800,3786,23-05-2025 15:24,55.57
15801,3632,23-08-2026 14:57,176.81
15802,4246,28-02-2026 19:34,85.14
15803,3913,07-11-2025 01:16,45.02
15804,1878,02-08-2026 15:37,246.9
15805,3454,02-07-2026 06:00,366.23
15806,2223,05-05-2025 09:46,70.75
15807,3172,14-06-2026 18:00,350.26
15808,2537,12-05-2026 06:29,1190.67
15809,1631,18-07-2025 17:15,263.38
15810,3928,29-03-2025 18:57,1529.31
15811,635,12-02-2025 18:37,132.97
15812,1754,11-01-2025 07:42,50.84
15813,1076,12-12-2025 23:32,339.67
15814,3907,29-03-2026 04:36,260.82
15815,102,16-02-2026 07:14,789.78
15816,1721,25-07-2026 05:26,616.21
15817,3501,11-05-2025 01:10,8.84
15818,1170,15-05-2026 07:25,133.76
15819,1470,18-06-2025 11:48,696.72
15820,2863,21-06-2025 00:43,113.27
15821,3015,12-03-2025 10:09,341.01
15822,861,15-06-2026 03:40,16.93
15823,1341,05-03-2026 04:30,422.91
15824,1974,20-03-2025 11:28,217.03
15825,3066,20-08-2026 16:44,34.88
15826,3625,03-02-2026 03:42,75.58
15827,43,01-11-2025 22:24,77.85
15828,1087,10-09-2026 20:19,117.24
15829,4069,19-08-2026 04:12,538.13
15830,2012,28-08-2026 17:52,706.87
15831,3407,05-04-2026 22:44,1822.55
15832,2273,23-10-2025 19:21,1008.2
15833,2544,23-04-2026 20:19,416.34
15834,3470,01-04-2025 20:07,33.29
15835,2707,02-01-2025 10:42,188.58
15836,2334,31-05-2025 19:35,1251.3
15837,4261,08-06-2025 08:53,602.37
15838,1095,16-04-2026 11:02,708.85
15839,1900,11-06-2026 02:51,22.29
15840,4360,25-11-2025 13:41,149.57
15841,3924,26-08-2026 16:19,50.84
15842,590,03-10-2025 20:47,307.48
15843,1720,26-07-2025 19:03,41.9
15844,4414,15-05-2025 00:02,1917.73
15845,346,10-10-2025 21:59,67.56
15846,3100,09-01-2025 09:55,642.02
15847,932,13-06-2025 02:26,595.85
15848,655,23-03-2026 23:24,763.67
15849,140,04-01-2025 01:29,325.06
15850,1522,27-01-2026 08:12,41
15851,2701,17-02-2025 19:13,87.69
15852,1072,24-01-2025 03:20,739.06
15853,2037,19-04-2026 04:47,235.33
15854,1042,01-07-2025 14:25,41.66
15855,1867,24-04-2025 03:34,191
15856,2864,15-01-2025 15:03,116.16
15857,2402,20-10-2025 05:17,251.12
15858,3161,09-01-2026 14:10,87.67
15859,604,15-05-2025 13:52,1025.55
15860,3374,04-06-2026 04:39,139.03
15861,2617,12-04-2026 18:03,259.47
15862,2910,26-09-2025 14:26,1033.5
15863,4175,19-09-2025 09:18,26.71
15864,2547,22-10-2025 14:07,40.63
15865,2313,13-08-2026 04:23,143.44
15866,3260,05-01-2026 08:51,247.61
15867,4424,05-08-2026 12:44,3523.9
15868,680,06-03-2025 10:38,341.83
15869,694,06-02-2026 19:33,259.07
15870,1299,23-04-2025 11:22,274.23
15871,2777,08-05-2025 00:35,330.85
15872,3569,25-06-2026 14:48,1568.42
15873,1410,24-05-2026 03:20,192.06
15874,1095,13-08-2025 15:16,7.3
15875,2073,08-08-2026 01:08,118.86
15876,1105,04-05-2025 21:28,714.33
15877,4519,30-09-2025 12:27,64
15878,3962,30-09-2025 14:06,3.5
15879,2544,07-08-2025 14:51,2650.96
15880,3219,07-05-2025 23:21,362.63
15881,598,28-05-2026 06:40,731.61
15882,2065,08-01-2025 22:02,130.81
15883,3802,27-11-2025 03:42,160.37
15884,1248,05-09-2026 07:06,337.51
15885,2156,18-01-2026 08:47,61.58
15886,1248,12-05-2025 13:14,338.92
15887,3298,08-01-2026 05:06,309.12
15888,1337,20-02-2025 12:59,97.48
15889,100,15-01-2026 01:56,693.87
15890,239,23-05-2025 20:11,601.38
15891,4516,15-06-2025 01:24,684.35
15892,2463,02-01-2025 03:31,111.47
15893,1138,26-03-2025 16:56,230.94
15894,2914,29-07-2025 04:28,1678.25
15895,3423,18-02-2026 02:53,1027.5
15896,2179,01-06-2026 17:35,42.35
15897,4161,08-02-2025 16:17,298.62
15898,1319,17-05-2026 20:25,2015.96
15899,3832,29-03-2025 20:23,505.59
15900,801,28-12-2025 21:13,226.89
15901,1141,26-06-2026 23:45,1350.04
15902,1645,17-11-2025 00:18,84.52
15903,3254,23-03-2025 15:05,461.6
15904,3470,01-07-2026 10:04,101.68
15905,2072,28-06-2026 20:03,1036.21
15906,474,21-03-2025 17:17,505.76
15907,1317,10-04-2026 09:23,33.81
15908,21,19-02-2026 23:32,98.42
15909,709,07-08-2025 18:08,687.11
15910,2137,02-10-2025 00:40,208.21
15911,3380,11-06-2026 16:41,179.75
15912,1118,04-12-2025 16:29,166.8
15913,3286,13-10-2025 13:42,14.57
15914,1328,19-02-2026 13:26,2.95
15915,1361,24-09-2025 10:17,678.14
15916,3413,02-06-2026 00:04,892.95
15917,1100,12-08-2026 08:53,732.11
15918,3517,23-04-2026 01:38,116.13
15919,241,16-08-2025 11:34,519.12
15920,3570,17-02-2026 18:22,764.06
15921,3295,14-07-2026 14:26,843.24
15922,671,20-09-2025 22:34,37.58
15923,2869,02-01-2026 16:13,263.13
15924,807,16-07-2026 04:06,81.07
15925,2572,13-12-2025 05:00,160.63
15926,295,10-05-2026 03:47,11.96
15927,1097,13-08-2025 10:09,158.3
15928,3646,28-07-2025 13:16,58.08
15929,2331,03-03-2025 11:02,51.18
15930,1153,30-04-2025 09:42,155.34
15931,4316,24-05-2026 06:20,125.02
15932,2559,31-12-2025 14:35,22.56
15933,2958,23-04-2025 16:23,444.75
15934,1893,17-06-2025 22:29,1394.54
15935,3258,07-01-2025 17:43,37.43
15936,3421,05-08-2025 02:42,58.08
15937,635,10-07-2025 10:06,217.75
15938,625,25-01-2025 03:37,275.52
15939,1343,03-06-2025 06:56,487.93
15940,2045,17-06-2025 08:17,500.08
15941,835,02-04-2026 04:43,433.95
15942,4525,15-12-2025 06:44,864.72
15943,1539,13-06-2026 16:16,75.33
15944,4069,07-10-2025 17:16,8.85
15945,3148,24-12-2025 21:30,769.23
15946,2840,10-08-2025 00:19,440.13
15947,3360,07-03-2026 18:06,571.95
15948,3246,12-03-2026 20:14,289.12
15949,3120,15-12-2025 20:03,240.95
15950,1866,11-08-2025 16:50,13.05
15951,1230,03-04-2026 18:32,63.33
15952,3503,27-12-2025 19:05,813.75
15953,1709,06-06-2026 22:36,606.05
15954,3107,06-09-2026 02:50,619.68
15955,2385,27-11-2025 05:03,619.85
15956,156,06-10-2025 14:48,1943.38
15957,86,10-03-2025 12:02,54.09
15958,3765,10-08-2025 19:54,309.04
15959,262,08-02-2026 09:56,762.94
15960,48,11-08-2025 00:19,910.16
15961,1681,03-11-2025 17:44,825.77
15962,2003,01-09-2025 23:31,125.02
15963,3091,22-11-2025 11:23,678.52
15964,2313,01-07-2026 07:34,36.78
15965,99,22-07-2025 18:54,500.84
15966,1003,18-01-2025 20:15,1479.57
15967,1422,27-07-2025 23:33,32.14
15968,3176,15-09-2025 02:33,62.94
15969,3062,07-09-2026 16:42,307.59
15970,3094,11-08-2026 13:37,58.41
15971,3115,03-01-2026 13:13,368.74
15972,265,02-10-2025 12:44,999.24
15973,116,16-11-2025 15:35,18.79
15974,403,09-04-2026 18:51,811.96
15975,3956,10-07-2025 12:14,58.08
15976,1944,26-01-2026 12:35,465.55
15977,272,31-01-2025 01:28,50.33
15978,1741,03-05-2025 13:49,278.4
15979,2413,21-01-2026 14:32,428.45
15980,2420,24-11-2025 07:24,395.13
15981,3634,26-07-2025 17:08,487.24
15982,3388,28-08-2026 20:32,534.18
15983,1270,10-01-2026 16:45,68.35
15984,4478,10-02-2026 03:18,243.09
15985,1315,25-01-2025 16:30,364.74
15986,4262,06-10-2025 00:53,988.86
15987,457,23-03-2026 03:16,423.99
15988,558,09-01-2025 12:24,177.38
15989,1653,12-09-2025 16:50,296.81
15990,2957,05-07-2025 06:07,583.81
15991,3921,05-03-2026 02:46,244.57
15992,503,14-03-2026 10:37,128.33
15993,4120,11-09-2025 20:59,246.69
15994,14,18-01-2026 10:32,40.59
15995,3362,16-08-2026 04:25,447.13
15996,325,31-10-2025 06:07,709.57
15997,2823,21-07-2025 03:29,138.16
15998,1326,13-04-2025 08:26,379.28
15999,4007,13-11-2025 17:31,64.02
16000,435,02-03-2026 22:24,166.5
16001,1173,21-10-2025 14:12,67.56
16002,442,18-04-2026 14:29,906.28
16003,1201,28-06-2026 23:58,14.01
16004,373,03-07-2025 14:46,365.42
16005,897,20-07-2025 20:18,91.12
16006,180,05-07-2026 17:38,71.36
16007,3628,03-06-2026 03:46,138.46
16008,3040,05-03-2025 22:19,411.66
16009,4091,15-10-2025 22:55,192.61
16010,283,11-05-2025 15:17,890.4
16011,4055,03-07-2025 19:11,12.92
16012,2535,29-06-2026 01:04,238.99
16013,2238,05-04-2025 00:17,1587.03
16014,3486,05-02-2026 08:31,729.59
16015,766,28-07-2025 15:57,201.26
16016,1036,08-01-2025 19:35,167.51
16017,3451,28-12-2025 13:12,613.59
16018,2737,18-12-2025 22:26,1486.85
16019,1393,20-04-2026 01:00,448.32
16020,3912,09-02-2025 07:56,132.39
16021,3834,20-08-2025 17:30,26.83
16022,2981,18-02-2026 18:32,200.76
16023,786,27-08-2026 12:48,2821.82
16024,610,26-02-2025 02:32,831.08
16025,808,12-09-2026 07:37,25.21
16026,2425,20-02-2025 00:59,457.93
16027,2096,08-07-2026 15:50,9.72
16028,2460,06-09-2025 01:58,143.77
16029,1142,03-09-2026 04:32,8.78
16030,4415,22-05-2025 19:32,271.58
16031,4206,16-07-2025 23:00,496.43
16032,1210,08-08-2025 03:51,424.37
16033,4414,13-04-2026 18:29,81.7
16034,844,16-05-2025 07:59,503.38
16035,951,18-11-2025 22:11,137.34
16036,1901,26-09-2025 09:56,124.92
16037,2923,07-12-2025 12:18,103.59
16038,4469,25-06-2026 21:12,651.47
16039,2524,23-08-2025 19:15,869.88
16040,2468,15-06-2026 19:48,230.25
16041,1205,11-05-2026 23:43,620.42
16042,262,25-07-2026 11:46,890.36
16043,3842,09-02-2025 06:23,100.85
16044,3054,02-01-2026 14:16,479.59
16045,1624,22-05-2026 16:00,295.62
16046,735,22-04-2026 01:12,1619.77
16047,2416,27-05-2025 02:26,1479.9
16048,3381,01-05-2025 15:37,56.83
16049,3354,04-09-2026 06:15,210.12
16050,1511,01-06-2025 04:54,422.26
16051,1355,29-12-2025 09:23,31.84
16052,3523,13-07-2026 14:36,439.2
16053,1149,27-07-2026 04:25,455.04
16054,2594,01-04-2026 00:11,125.73
16055,812,06-05-2025 05:31,1018.36
16056,3819,20-04-2026 08:23,264.71
16057,718,06-09-2026 07:11,312.41
16058,547,27-04-2026 03:35,1500.82
16059,4231,09-02-2025 09:18,576.25
16060,1872,13-07-2025 17:12,190.43
16061,2620,29-03-2025 06:56,204.32
16062,1638,30-05-2025 08:09,85.6
16063,2895,23-05-2026 15:11,8.65
16064,1349,10-03-2025 12:17,63.83
16065,4527,06-07-2025 04:57,212.25
16066,3426,11-08-2026 13:51,423.14
16067,3664,18-04-2026 17:12,62.23
16068,633,08-03-2025 18:52,698.3
16069,1360,27-08-2026 10:30,18.79
16070,4494,16-02-2025 23:09,460.99
16071,3596,21-11-2025 18:03,94.8
16072,1977,14-05-2026 03:08,214.65
16073,2345,30-08-2025 11:16,1728.81
16074,828,11-12-2025 08:15,727.5
16075,3569,31-07-2026 11:43,81.73
16076,4206,13-09-2025 05:46,441.67
16077,1685,13-05-2025 07:22,286.17
16078,1099,13-09-2026 19:17,195.86
16079,2189,09-03-2026 16:21,733.27
16080,2095,08-06-2026 00:10,125.02
16081,2388,16-01-2026 20:21,33.57
16082,2140,31-07-2025 22:03,540.26
16083,4333,21-04-2025 10:55,130.82
16084,2564,12-01-2026 08:07,985.76
16085,4195,12-04-2025 01:50,667.93
16086,3311,28-09-2025 17:24,523.25
16087,3532,25-07-2025 11:21,488.69
16088,1636,06-06-2026 19:59,133.7
16089,3840,01-09-2026 15:48,170.36
16090,2733,17-04-2025 07:28,140.63
16091,2808,19-01-2025 23:09,203.66
16092,1904,23-05-2025 08:53,474.34
16093,2931,12-04-2025 02:22,383.16
16094,423,11-10-2025 19:42,190.95
16095,1062,19-08-2025 19:27,81.7
16096,2619,25-08-2026 03:52,897.95
16097,3687,22-07-2026 12:29,1130.57
16098,2267,17-03-2025 14:53,660.94
16099,2511,03-07-2025 08:39,594.14
16100,2566,20-11-2025 07:27,683.19
16101,2372,05-08-2026 08:32,207.9
16102,2068,07-12-2025 19:11,431.35
16103,343,19-07-2026 11:38,1764.3
16104,2248,27-11-2025 21:12,469.75
16105,4183,21-08-2026 09:43,62.85
16106,2356,24-11-2025 00:57,343.72
16107,2263,10-04-2026 09:31,920.41
16108,3042,14-09-2026 06:30,172.27
16109,3602,03-06-2026 22:28,771.96
16110,3467,11-02-2025 11:22,386.16
16111,4391,24-12-2025 13:55,1572.46
16112,624,05-06-2025 17:21,772.72
16113,2839,09-02-2026 04:33,66.59
16114,1633,01-03-2025 08:39,63.65
16115,4233,26-10-2025 02:02,1297.38
16116,2695,29-04-2025 03:30,840.67
16117,4265,13-06-2025 06:23,2.16
16118,713,07-05-2026 11:42,265.09
16119,2614,31-07-2026 15:35,167.25
16120,2721,12-10-2025 09:59,497.02
16121,357,25-07-2025 17:44,549.3
16122,1189,22-01-2025 00:27,174.83
16123,3881,15-05-2026 15:09,1184.25
16124,1792,24-10-2025 07:10,240.52
16125,1564,12-07-2025 18:06,1128.86
16126,96,26-04-2025 09:25,180.88
16127,1618,29-05-2026 07:00,844.44
16128,2872,02-01-2025 12:58,339.57
16129,3981,27-02-2025 23:50,573.43
16130,1658,20-01-2025 03:24,468.97
16131,1793,16-04-2026 23:24,400.11
16132,2026,27-09-2025 10:48,910.26
16133,1786,19-08-2025 12:43,1159.19
16134,2348,15-05-2026 13:56,768.21
16135,4082,01-08-2025 21:12,824.7
16136,2269,18-02-2025 04:35,811.8
16137,1109,26-04-2025 07:52,48.88
16138,4374,04-07-2025 19:54,377.12
16139,1294,06-04-2026 23:55,777.05
16140,3051,08-12-2025 19:11,73.68
16141,1711,06-08-2026 16:41,438.83
16142,102,07-02-2026 22:45,1101.75
16143,2194,04-04-2025 10:34,233.01
16144,3594,12-01-2026 02:09,87.69
16145,1779,14-03-2025 13:48,637.89
16146,2548,03-11-2025 01:54,22.83
16147,2921,22-06-2025 17:59,56.68
16148,2876,12-04-2026 10:03,210.42
16149,1176,09-02-2026 17:19,7.54
16150,4043,13-09-2026 12:53,135.37
16151,4104,21-06-2025 01:27,217.52
16152,3806,08-01-2026 18:23,128.5
16153,3618,19-07-2025 07:08,537.06
16154,2700,03-08-2025 18:30,1595.19
16155,246,03-04-2026 13:11,602.81
16156,3831,12-09-2025 04:47,173.6
16157,4349,26-09-2025 19:46,648.78
16158,2907,02-08-2026 06:07,683.44
16159,1172,26-02-2025 15:09,125.56
16160,938,26-09-2025 21:53,96.31
16161,4414,21-06-2025 20:01,1212.65
16162,4322,01-04-2025 10:23,116.77
16163,2045,02-07-2025 04:38,143.36
16164,2251,29-01-2025 21:31,337.51
16165,1486,22-08-2025 17:08,62.48
16166,1597,09-08-2026 15:40,79.97
16167,2309,08-01-2025 08:49,58.08
16168,913,29-12-2025 19:06,475.49
16169,3304,18-02-2025 20:40,15.76
16170,935,16-08-2026 05:54,135.65
16171,192,30-01-2026 12:15,440.56
16172,1850,06-12-2025 21:46,89.55
16173,3876,09-09-2025 03:14,180.42
16174,2081,01-06-2025 23:36,246.47
16175,2720,23-02-2025 02:41,159.8
16176,931,04-03-2025 04:32,728.93
16177,1521,26-01-2025 23:31,124.22
16178,3144,07-02-2025 01:49,1571.49
16179,4231,29-01-2025 11:20,454.93
16180,4491,24-05-2025 11:05,508.25
16181,3760,17-03-2025 23:36,250.41
16182,4033,07-08-2026 21:47,528.74
16183,2119,05-07-2026 22:56,364.03
16184,348,04-11-2025 21:08,95.21
16185,3266,18-03-2026 08:40,28.72
16186,2797,09-05-2026 06:24,45.21
16187,2391,27-07-2025 01:57,604.61
16188,1232,07-06-2026 05:44,264.72
16189,1744,14-02-2026 07:05,82.84
16190,4368,15-06-2026 04:30,368.23
16191,4308,23-05-2025 07:02,375.14
16192,1885,13-07-2025 02:36,218.14
16193,572,23-11-2025 23:39,125.03
16194,3490,09-01-2026 05:05,335.35
16195,3857,12-08-2025 06:27,54.09
16196,3317,24-12-2025 16:12,867.32
16197,4268,24-02-2026 00:35,1006.25
16198,1043,02-06-2026 10:39,281.14
16199,789,13-05-2025 06:53,290.23
16200,2343,05-09-2026 18:02,552.47
16201,4410,19-01-2025 11:48,387.78
16202,2055,03-03-2026 22:04,100.5
16203,217,05-04-2025 06:15,205.07
16204,4459,21-06-2026 23:27,179.54
16205,805,06-12-2025 02:59,146.62
16206,522,07-09-2025 14:09,104.58
16207,1909,13-02-2026 01:43,85.64
16208,1655,10-04-2026 08:49,423.35
16209,2020,26-03-2026 05:38,189.31
16210,392,07-08-2025 13:17,4.32
16211,2625,20-08-2026 19:15,93.12
16212,2655,26-07-2025 22:47,1122.97
16213,1165,22-04-2026 11:13,11.5
16214,3179,17-02-2026 14:39,634.05
16215,3534,16-05-2026 14:27,128.7
16216,2563,15-01-2025 21:46,85.4
16217,3122,05-09-2026 03:44,583.69
16218,1667,17-08-2025 07:37,499.66
16219,3227,05-02-2025 07:46,292.75
16220,2632,19-05-2025 03:13,60.5
16221,442,09-12-2025 17:29,408.11
16222,451,06-03-2026 15:17,97.42
16223,3314,11-03-2025 17:27,1378.59
16224,2992,24-02-2025 00:01,533.77
16225,4021,28-08-2026 12:32,830.85
16226,849,25-07-2026 19:26,1403.48
16227,451,09-12-2025 01:08,280.42
16228,2025,24-08-2025 06:01,141.4
16229,137,11-01-2026 13:12,337.51
16230,3215,06-04-2025 01:41,413.36
16231,3408,12-12-2025 14:30,1512.76
16232,2844,28-08-2026 12:10,32.38
16233,2553,03-02-2025 16:22,1490.42
16234,1648,28-02-2025 02:00,211.65
16235,2370,14-02-2025 16:16,2215.66
16236,4416,19-05-2025 22:08,201.37
16237,2634,24-08-2026 03:40,754.24
16238,3886,22-07-2025 08:07,1384.36
16239,2243,03-06-2025 19:56,669.21
16240,4071,09-03-2026 16:42,483.43
16241,1104,17-01-2025 10:39,1937.74
16242,378,12-06-2025 10:30,779.24
16243,4323,27-03-2025 20:27,48.99
16244,2423,30-04-2026 07:40,434.8
16245,4195,13-04-2025 05:30,179.55
16246,4237,17-01-2025 03:01,364.63
16247,2167,08-01-2025 18:28,505.68
16248,2856,09-03-2025 05:55,128.7
16249,4528,28-06-2025 19:37,1308.46
16250,3158,13-01-2025 12:23,211.74
16251,4095,07-04-2026 10:28,181.24
16252,4231,04-07-2026 15:08,41.08
16253,285,03-10-2025 19:23,120.73
16254,901,27-04-2025 16:35,43.39
16255,3477,13-09-2026 00:54,24.52
16256,976,28-10-2025 21:07,242.28
16257,3746,28-02-2025 13:46,10.51
16258,1468,06-11-2025 22:13,91.74
16259,282,09-07-2025 17:09,110.21
16260,3292,07-05-2025 01:29,1059.36
16261,1651,11-01-2026 21:40,68.8
16262,2514,10-12-2025 03:27,184.5
16263,2620,15-05-2025 08:01,10.18
16264,424,01-06-2026 14:04,381.96
16265,1078,24-03-2026 10:03,2052.67
16266,1243,22-02-2025 01:25,185.19
16267,3217,14-08-2025 01:49,1519.3
16268,2038,06-01-2026 04:27,173.76
16269,2586,30-07-2025 08:09,94.23
16270,1271,12-02-2025 22:55,533.12
16271,4200,03-01-2025 10:15,430.93
16272,442,23-02-2026 10:29,196.18
16273,2499,02-01-2025 04:55,21.85
16274,528,12-01-2026 01:12,1217.34
16275,3074,01-10-2025 22:47,963.5
16276,2792,28-07-2025 19:21,102.78
16277,1552,25-07-2026 11:07,865.75
16278,2345,20-07-2025 21:22,225.23
16279,2888,24-07-2025 16:50,57.95
16280,259,17-03-2025 10:00,1260.27
16281,3896,09-08-2026 06:49,1508.47
16282,512,28-07-2026 22:36,736.6
16283,562,02-10-2025 11:53,766.45
16284,1341,27-08-2025 11:52,153.54
16285,601,25-05-2026 04:57,2280.27
16286,3109,22-08-2025 22:15,140.52
16287,216,06-06-2025 05:13,245.84
16288,3013,30-10-2025 01:08,660.28
16289,4099,09-12-2025 12:51,108.19
16290,1819,13-10-2025 18:37,1880.33
16291,3181,14-12-2025 06:09,119.37
16292,2493,28-05-2025 06:15,109.47
16293,276,26-03-2026 20:25,116.16
16294,3427,24-10-2025 06:05,153.5
16295,2867,01-01-2025 03:39,744.83
16296,1275,02-07-2026 14:17,1078.77
16297,2401,27-02-2026 16:48,650.83
16298,2183,04-06-2025 00:29,70.79
16299,2735,08-09-2026 17:15,54.66
16300,4179,04-06-2026 09:49,153.9
16301,1197,17-03-2026 11:50,1590.23
16302,2121,06-09-2026 01:53,642.99
16303,406,10-03-2026 19:04,664.97
16304,2474,26-04-2025 14:31,322.36
16305,4135,19-02-2025 03:14,2447.53
16306,570,28-04-2026 14:50,163.66
16307,1654,11-06-2026 04:14,40.22
16308,1099,04-08-2026 05:09,301.93
16309,2073,17-08-2026 09:33,19.02
16310,1914,09-10-2025 07:31,450.82
16311,3696,11-09-2025 10:37,287.64
16312,316,19-04-2025 06:38,496.96
16313,4073,03-03-2025 00:02,145.92
16314,4262,04-02-2025 02:16,484.38
16315,630,12-02-2025 17:01,117.85
16316,3593,23-05-2025 07:07,20.36
16317,650,18-04-2025 03:49,305.33
16318,3038,21-08-2026 10:16,768.04
16319,3401,25-03-2025 17:07,509.09
16320,939,31-08-2025 13:52,698.1
16321,3774,19-04-2025 06:26,522.07
16322,1471,20-11-2025 22:00,686.65
16323,2602,22-06-2026 09:23,148.37
16324,4221,14-07-2025 19:04,319.43
16325,2123,30-08-2025 19:03,1316.14
16326,867,18-03-2026 18:30,202.28
16327,3333,03-04-2026 09:24,103.63
16328,318,01-04-2025 18:24,173.56
16329,2544,09-05-2025 02:46,393.81
16330,2897,24-06-2026 03:06,683.91
16331,452,01-12-2025 07:52,60.33
16332,3966,29-01-2025 19:14,756.42
16333,3098,12-09-2025 12:13,399.95
16334,2660,05-04-2025 05:30,1373.1
16335,3936,03-09-2026 21:02,971.51
16336,4023,27-10-2025 09:56,601
16337,2036,14-02-2025 01:34,1099.33
16338,3513,23-03-2026 16:47,39.44
16339,3958,27-03-2026 20:33,949.15
16340,3422,28-01-2026 23:03,527.36
16341,352,04-06-2026 20:13,1101.8
16342,1094,07-04-2025 18:40,214.44
16343,4504,20-04-2026 00:11,66.87
16344,4346,17-01-2025 06:39,71.43
16345,1189,11-11-2025 03:58,205.72
16346,3544,27-01-2026 08:19,528.11
16347,1245,08-08-2025 12:42,48.88
16348,1378,16-05-2026 21:52,33.12
16349,3533,14-02-2026 07:09,854.18
16350,504,04-05-2025 15:53,591.56
16351,1340,12-04-2025 09:29,545.13
16352,474,25-03-2025 13:40,337.51
16353,3760,09-05-2025 03:00,354.21
16354,3856,13-08-2025 01:29,1391.68
16355,1625,02-07-2025 04:59,936.24
16356,2397,19-04-2026 23:27,56.06
16357,4487,08-01-2025 07:41,265.81
16358,3692,17-02-2026 20:20,1806.36
16359,300,07-06-2026 01:18,430.33
16360,1405,15-04-2026 00:07,1330.72
16361,1528,09-05-2025 16:00,1615.11
16362,4219,04-07-2025 09:31,458.36
16363,2538,29-08-2026 04:03,751.91
16364,3532,24-04-2026 14:50,337.81
16365,4173,30-05-2026 05:10,173.31
16366,3826,05-04-2025 03:38,42.66
16367,311,06-02-2026 01:09,108.78
16368,2209,09-01-2026 18:39,190
16369,4372,06-09-2025 15:39,1339.94
16370,46,12-02-2026 00:30,187.77
16371,48,11-03-2025 16:15,242.53
16372,3691,29-12-2025 03:01,262.5
16373,3468,29-04-2026 04:52,49.34
16374,2029,25-04-2025 13:23,167.98
16375,124,25-01-2026 00:50,287.52
16376,2072,09-11-2025 05:36,1887.86
16377,2959,22-06-2025 22:46,3708.12
16378,2416,03-03-2025 07:17,136.71
16379,3560,02-03-2026 18:21,192.21
16380,2920,13-09-2026 01:10,727.85
16381,2396,23-03-2025 18:23,62.53
16382,745,10-02-2025 06:31,376.65
16383,213,13-11-2025 10:08,877.46
16384,2656,11-04-2025 22:13,179.21
16385,23,23-12-2025 21:42,716.15
16386,725,20-02-2025 01:30,236.58
16387,34,04-05-2026 10:05,616.1
16388,2173,08-10-2025 17:00,166
16389,3957,07-09-2025 15:32,834.61
16390,2342,11-04-2026 10:59,1380.28
16391,859,26-05-2025 21:53,594.26
16392,1691,30-03-2026 03:08,699.64
16393,313,04-07-2025 10:08,35.3
16394,1133,10-09-2025 19:45,329.3
16395,2675,20-06-2025 15:06,2019.57
16396,1281,25-01-2026 14:06,146.16
16397,1262,16-02-2026 11:09,68.58
16398,3619,04-06-2025 08:50,28.1
16399,2716,10-08-2025 10:21,709.57
16400,2728,04-06-2025 05:25,2710.43
16401,3181,17-03-2026 10:34,1176.23
16402,4349,07-04-2026 13:45,885.6
16403,3410,12-06-2025 05:52,746.5
16404,4467,22-05-2025 21:43,356.89
16405,1855,11-01-2025 19:57,546.69
16406,2111,24-04-2025 11:23,1738.71
16407,283,06-09-2025 02:39,454.75
16408,829,20-06-2026 05:51,53.04
16409,2773,01-06-2025 11:54,154.55
16410,1424,19-01-2025 03:48,453.79
16411,337,06-03-2026 05:17,979.77
16412,1527,29-12-2025 07:49,135.12
16413,327,02-09-2025 13:34,28.88
16414,2298,08-09-2025 04:26,677
16415,92,16-11-2025 02:13,276.95
16416,834,16-08-2026 19:10,15.76
16417,2074,22-06-2026 07:10,1418.26
16418,3320,02-01-2025 02:19,75.01
16419,3024,09-03-2026 13:03,562.4
16420,1509,21-05-2025 23:23,1336.77
16421,1904,16-02-2025 00:04,366.53
16422,2904,04-10-2025 08:47,11
16423,1818,11-10-2025 12:00,1160.86
16424,2769,07-01-2025 07:04,392.17
16425,2842,28-02-2025 20:03,151.76
16426,4004,03-02-2025 23:35,1224.65
16427,1924,18-05-2026 06:13,14.86
16428,4471,28-02-2025 07:40,170.29
16429,4363,18-11-2025 03:55,240.88
16430,4360,05-09-2026 16:54,316.96
16431,3960,14-02-2025 22:21,149.55
16432,3775,27-06-2025 06:32,13.05
16433,3202,17-09-2025 13:59,109.87
16434,1911,21-05-2026 09:15,2.43
16435,2173,20-06-2025 18:37,435.81
16436,1994,18-06-2026 07:26,274.11
16437,3259,16-10-2025 21:41,127.75
16438,85,09-01-2025 20:02,911.58
16439,1528,17-04-2026 00:53,652.71
16440,2426,22-11-2025 21:08,397.17
16441,2521,06-07-2025 16:58,1329.1
16442,680,19-05-2025 04:50,91.03
16443,1779,28-04-2025 23:39,435.9
16444,2754,30-06-2026 03:15,235.36
16445,1123,25-02-2026 17:38,117.04
16446,4428,24-10-2025 17:35,316.54
16447,225,13-10-2025 17:09,51.39
16448,1296,06-08-2025 22:38,1447.3
16449,1735,20-05-2025 23:45,278.85
16450,2704,01-01-2025 19:05,263.44
16451,3070,31-10-2025 10:17,19.02
16452,1521,13-02-2026 00:57,79.35
16453,1276,29-10-2025 07:06,12.26
16454,2186,12-06-2026 03:18,465.24
16455,3545,10-07-2026 11:07,2.95
16456,389,04-01-2025 11:20,367.12
16457,3240,19-08-2026 18:15,250.9
16458,3287,31-07-2026 20:09,99.12
16459,2948,12-12-2025 11:57,452.2
16460,1801,02-02-2026 16:32,719.45
16461,2524,10-03-2026 08:44,313.38
16462,2898,21-01-2025 19:00,999.9
16463,4415,22-06-2025 03:07,633.62
16464,3384,13-01-2025 14:30,5.4
16465,1405,31-05-2026 08:28,130.59
16466,805,25-06-2025 18:40,228.55
16467,1783,17-03-2026 17:00,139.02
16468,2231,04-01-2025 02:52,396.8
16469,3418,29-07-2025 03:42,1697.48
16470,4343,16-03-2026 17:13,671.54
16471,2591,20-01-2025 17:54,105.1
16472,1732,12-07-2025 13:44,768.51
16473,775,17-05-2025 21:03,126.08
16474,3598,25-07-2025 17:36,151.49
16475,1463,21-03-2025 02:54,215.81
16476,940,13-09-2026 07:16,85.24
16477,2350,06-07-2026 05:04,337.51
16478,3454,07-11-2025 01:48,183.01
16479,29,21-08-2026 11:29,497.77
16480,1187,07-09-2025 19:14,243.13
16481,4208,09-08-2025 02:11,26.1
16482,2284,11-07-2025 14:48,644.03
16483,2799,10-09-2025 10:48,318.93
16484,3011,02-08-2026 18:18,101.67
16485,4300,02-04-2026 23:14,78.02
16486,2261,31-05-2025 02:42,340.96
16487,3979,20-06-2025 14:18,101.68
16488,63,31-07-2026 08:31,1420.13
16489,2522,06-04-2025 20:56,334.78
16490,3809,10-03-2026 04:54,67.56
16491,2371,19-11-2025 12:28,14.86
16492,4096,18-02-2025 03:02,62.03
16493,3842,20-03-2025 05:40,290.76
16494,1261,31-03-2025 23:20,1370.67
16495,1770,08-10-2025 00:51,358.16
16496,3166,30-06-2026 18:31,233.43
16497,3636,20-05-2025 06:16,964.57
16498,2624,22-05-2026 10:04,101.86
16499,1711,20-03-2026 06:57,568.41
16500,3168,11-02-2025 19:36,87.63
16501,1564,05-12-2025 17:14,437.33
16502,648,05-11-2025 10:54,491.64
16503,2777,15-07-2026 20:43,171.38
16504,1845,23-09-2025 15:03,334.58
16505,1232,04-01-2025 14:54,225.86
16506,3316,06-01-2026 22:37,95.15
16507,1189,03-01-2026 15:53,369.99
16508,1295,25-09-2025 12:26,1097.93
16509,218,12-03-2026 00:46,730.07
16510,2927,17-03-2025 09:23,20.11
16511,3987,07-01-2026 18:44,21.05
16512,4248,25-04-2025 19:30,550.18
16513,4207,11-04-2026 23:00,102.2
16514,985,03-02-2026 16:22,1346.08
16515,4281,25-03-2025 20:59,9.72
16516,4296,11-10-2025 13:38,34.72
16517,1678,10-02-2026 16:12,691.03
16518,3225,06-08-2026 00:15,225.22
16519,2285,28-09-2025 00:26,488.12
16520,63,16-02-2026 16:00,1259.34
16521,591,09-02-2026 10:10,294.62
16522,3766,30-04-2026 19:02,340.96
16523,626,23-01-2026 04:51,1538.87
16524,781,21-02-2026 11:05,3.5
16525,2016,26-08-2026 06:15,291.36
16526,2442,21-08-2026 09:38,50.71
16527,3024,12-10-2025 06:11,343.14
16528,3507,29-07-2026 03:21,77.85
16529,668,27-11-2025 20:14,1770.82
16530,2677,29-12-2025 03:19,315.48
16531,2989,03-03-2026 03:26,67.56
16532,2709,27-02-2026 17:04,686.62
16533,587,09-08-2026 04:25,83.88
16534,4317,01-04-2025 03:06,514.71
16535,2402,27-07-2025 18:05,129.78
16536,3993,17-10-2025 14:15,390.28
16537,2120,07-05-2025 16:53,11.92
16538,2252,25-10-2025 16:27,14.81
16539,1844,21-02-2026 08:15,755.24
16540,1650,08-11-2025 20:23,146.8
16541,1062,09-02-2026 03:52,5328.85
16542,3610,11-01-2025 21:54,1336.94
16543,197,31-05-2026 13:37,185.76
16544,3799,24-03-2025 02:20,133.8
16545,1156,29-03-2026 12:05,128.38
16546,4459,09-01-2026 03:19,646.72
16547,4006,06-08-2026 09:12,515.04
16548,3136,26-12-2025 19:28,1084.97
16549,1828,29-10-2025 18:26,698.99
16550,1918,20-01-2025 22:23,386.37
16551,1693,28-02-2025 01:34,384.4
16552,476,13-04-2026 22:24,236.22
16553,3957,07-08-2025 10:43,178.52
16554,1273,02-01-2025 01:58,512.88
16555,3278,06-12-2025 23:11,1094.3
16556,4142,08-09-2026 12:25,60.38
16557,2763,10-04-2026 09:12,3.5
16558,4319,25-10-2025 04:18,675.63
16559,1032,16-07-2025 18:43,733.3
16560,1116,24-08-2025 10:32,158.69
16561,2878,28-05-2026 21:49,9.72
16562,4116,07-04-2026 04:33,355.15
16563,3136,18-04-2025 11:06,168.17
16564,3789,03-02-2026 15:26,461.5
16565,1347,10-08-2026 16:21,1938.65
16566,4114,21-07-2026 01:31,398.17
16567,797,02-03-2026 17:39,352.99
16568,1288,29-09-2025 13:37,51.78
16569,2973,23-04-2026 02:49,124.72
16570,3613,24-05-2026 04:39,4396.4
16571,3140,20-06-2025 22:22,210.58
16572,512,21-02-2026 08:42,24.44
16573,1056,03-05-2026 04:12,33.86
16574,3810,16-04-2025 00:58,204.84
16575,4044,26-02-2025 02:25,78.23
16576,836,18-02-2026 03:05,56.83
16577,2356,12-02-2026 09:57,304.38
16578,672,04-09-2025 14:08,160.32
16579,216,15-03-2026 05:26,261.59
16580,697,19-07-2026 11:42,430.27
16581,892,18-06-2026 09:28,91.3
16582,435,08-02-2025 04:10,783.7
16583,648,12-08-2026 01:39,78.19
16584,1108,05-04-2025 22:11,501.49
16585,2378,28-09-2025 04:16,144.31
16586,916,26-08-2025 03:14,30.98
16587,529,04-02-2025 20:11,425.37
16588,4069,09-07-2025 09:14,102.11
16589,1070,13-07-2025 22:39,341.02
16590,2901,22-06-2026 05:12,1294.7
16591,2469,26-12-2025 23:29,27.09
16592,2563,02-07-2025 01:29,9.95
16593,693,20-07-2025 10:04,152.96
16594,605,27-08-2026 18:48,37.96
16595,710,22-01-2025 16:56,195.2
16596,4516,07-04-2025 05:31,698.3
16597,352,02-03-2026 17:22,224.33
16598,4014,23-01-2025 15:45,943.33
16599,1357,07-03-2026 11:51,1750.25
16600,3011,10-09-2026 13:15,53.06
16601,2745,05-07-2025 06:35,75.16
16602,3232,01-02-2025 12:38,300.47
16603,948,08-04-2026 16:31,290.3
16604,2782,08-01-2025 23:23,578.38
16605,2882,05-04-2025 16:54,480.04
16606,1851,14-01-2026 07:40,225.37
16607,2776,19-06-2026 15:26,868.74
16608,1360,05-04-2025 07:52,572.74
16609,1984,22-12-2025 03:17,7
16610,71,27-04-2026 05:46,2151.72
16611,1707,01-09-2025 19:42,90.9
16612,2306,07-03-2025 21:33,684.84
16613,3265,16-02-2025 20:25,304.01
16614,1602,18-05-2025 01:31,293.47
16615,3068,13-07-2025 12:11,463.43
16616,4150,01-02-2025 14:58,245.24
16617,1158,21-11-2025 17:31,85.4
16618,3220,09-08-2025 23:46,373.38
16619,2017,15-02-2026 09:20,141.7
16620,2469,14-05-2026 17:46,334.87
16621,2357,05-08-2025 12:30,261.23
16622,3493,18-05-2026 17:10,848.22
16623,2212,19-10-2025 18:11,153.82
16624,742,30-10-2025 13:48,425.47
16625,1007,21-01-2026 11:34,361.76
16626,1522,21-03-2025 04:08,493.08
16627,892,27-02-2026 13:36,181.85
16628,4301,09-01-2026 18:56,78.55
16629,231,06-11-2025 14:18,55.15
16630,4352,03-06-2026 04:15,318.25
16631,4247,05-03-2026 01:33,117.24
16632,1486,04-08-2025 21:12,460.86
16633,3652,25-03-2025 15:53,37.76
16634,3150,27-03-2025 11:57,112.29
16635,2176,30-10-2025 11:32,11.5
16636,112,10-04-2025 23:31,181.14
16637,2428,30-05-2025 03:58,772.83
16638,1536,25-01-2026 23:43,238.36
16639,2798,14-01-2025 11:06,10.51
16640,3490,26-07-2026 11:33,15.76
16641,3853,11-06-2025 04:10,8.84
16642,2651,29-05-2025 16:15,424.31
16643,188,28-04-2025 09:27,107.37
16644,3194,20-08-2025 07:28,53.25
16645,1152,20-06-2026 23:28,17.06
16646,4162,19-03-2026 20:09,957.04
16647,4378,01-11-2025 19:06,545.3
16648,3988,19-02-2025 05:41,269.47
16649,3836,01-08-2025 21:58,792.44
16650,2250,05-04-2026 03:23,2042.55
16651,2345,06-09-2026 15:24,151.95
16652,716,09-04-2026 07:40,30.01
16653,1467,26-03-2026 16:23,32.88
16654,518,19-06-2025 07:32,784.98
16655,3640,26-01-2025 00:45,81.85
16656,3603,19-11-2025 02:19,35.26
16657,3621,14-08-2026 22:37,187.19
16658,55,06-09-2025 17:01,178.23
16659,2139,11-07-2026 09:31,539.99
16660,2287,09-07-2025 13:14,1481.84
16661,1405,13-03-2025 11:25,36.76
16662,1103,23-10-2025 18:52,39.8
16663,3666,30-07-2025 03:09,818.41
16664,4308,08-08-2026 01:16,840.78
16665,1442,25-03-2026 20:05,87.69
16666,1355,23-04-2025 06:21,107.57
16667,2266,02-07-2025 07:13,3807.43
16668,1615,13-08-2026 03:35,1919.55
16669,1586,20-03-2026 20:08,78.28
16670,68,24-12-2025 13:43,135.86
16671,172,08-02-2026 22:57,356.04
16672,1463,13-01-2025 10:36,237.68
16673,2658,15-02-2025 06:58,98.69
16674,2692,27-01-2026 00:46,486.9
16675,2846,11-02-2025 07:02,277.8
16676,4239,13-11-2025 17:24,70.17
16677,2828,02-01-2025 14:20,168.56
16678,489,21-03-2026 14:18,2726.73
16679,4355,05-07-2025 00:13,177.33
16680,4232,31-03-2025 02:11,221.22
16681,3217,28-08-2025 21:14,386.85
16682,2855,13-05-2026 00:15,992.87
16683,3607,02-09-2025 22:25,640.16
16684,1704,10-05-2025 19:24,365.83
16685,3446,07-09-2025 23:24,2923.77
16686,13,20-01-2025 09:02,59.49
16687,1144,20-02-2025 07:07,1802.82
16688,4489,23-08-2026 08:12,305.03
16689,340,24-07-2026 05:37,452.24
16690,3440,04-04-2025 02:52,623.66
16691,1813,27-05-2025 14:08,870.46
16692,1556,06-04-2026 06:50,463.92
16693,1052,30-08-2026 05:51,544.51
16694,181,24-05-2025 01:49,760.77
16695,1076,06-03-2026 21:15,18.85
16696,2535,27-11-2025 22:31,175.62
16697,1908,19-06-2025 08:29,292.21
16698,2659,23-09-2025 15:53,449.01
16699,3327,19-02-2025 04:18,82.15
16700,1254,19-03-2026 21:59,125.02
16701,2024,14-02-2025 15:17,144.05
16702,2494,04-07-2026 03:05,902.88
16703,4106,28-06-2025 16:59,235.12
16704,2978,23-05-2025 00:15,295.03
16705,1254,25-01-2026 11:46,754.24
16706,3913,03-09-2026 09:56,303.27
16707,4424,15-07-2025 06:45,292.79
16708,668,21-08-2025 15:28,121.38
16709,3041,07-09-2026 09:52,170.48
16710,1362,31-05-2026 14:38,2691.46
16711,4286,14-05-2025 22:38,437.42
16712,4512,06-03-2026 13:27,572.37
16713,682,09-01-2025 08:32,2158.96
16714,298,13-03-2026 08:40,156.97
16715,1033,20-05-2025 02:47,496.75
16716,2270,31-03-2025 21:34,87.35
16717,901,27-10-2025 18:54,1161.89
16718,2001,06-01-2025 06:36,87.52
16719,3968,02-08-2026 09:12,124.31
16720,342,03-01-2025 14:08,675.02
16721,389,12-06-2025 17:52,708.81
16722,3689,21-06-2026 00:44,369.88
16723,3461,03-10-2025 16:53,141.57
16724,2712,17-10-2025 14:59,257.4
16725,2649,01-08-2026 22:01,175.65
16726,2857,06-06-2026 06:04,118.01
16727,789,13-04-2026 02:36,1498.76
16728,3671,13-03-2026 16:33,275.3
16729,937,08-07-2026 23:48,334.34
16730,461,14-04-2026 13:07,119.44
16731,1786,02-11-2025 12:20,104.66
16732,1851,07-06-2026 02:43,350.18
16733,742,20-01-2026 07:18,48.88
16734,1180,20-02-2025 17:29,698.3
16735,508,29-01-2025 07:10,485.01
16736,4364,09-07-2025 21:33,1163.88
16737,2199,27-06-2026 01:08,8.78
16738,1362,29-04-2026 19:23,416.75
16739,863,22-03-2026 18:36,380.62
16740,1844,02-12-2025 08:12,36.55
16741,628,24-11-2025 09:33,510.08
16742,3665,27-03-2025 01:20,57.44
16743,4303,14-01-2026 23:43,107.58
16744,590,22-05-2026 21:51,2013.21
16745,566,11-06-2026 17:36,842.32
16746,2037,22-08-2026 11:36,84.16
16747,522,14-06-2025 01:33,39.84
16748,2918,17-12-2025 03:32,1143.26
16749,2740,18-07-2025 10:34,171.05
16750,954,09-09-2026 10:03,369.45
16751,1359,12-02-2026 19:15,3228.09
16752,4154,17-10-2025 19:25,214.09
16753,3675,23-09-2025 17:49,143.48
16754,3668,13-05-2025 07:09,57.42
16755,2595,13-09-2026 02:07,350.26
16756,1623,04-02-2026 20:52,221.46
16757,3213,19-10-2025 19:20,156.82
16758,4497,06-01-2026 09:04,141.99
16759,2461,24-03-2026 13:53,126.46
16760,1358,04-07-2025 12:19,337.51
16761,411,31-07-2025 06:57,407.28
16762,363,18-06-2025 06:29,718.69
16763,985,26-03-2025 04:18,51.52
16764,1238,03-01-2025 00:33,996.43
16765,1754,27-03-2025 12:24,220.78
16766,3240,16-03-2026 01:18,127.62
16767,4226,26-01-2026 02:34,18.69
16768,285,26-09-2025 01:49,705.06
16769,3276,04-06-2025 17:25,378.14
16770,4068,07-06-2026 02:20,126.5
16771,2038,03-05-2026 19:33,91.03
16772,3706,18-09-2025 18:26,443.49
16773,360,25-02-2025 01:27,1588.43
16774,3363,09-01-2026 12:46,456.02
16775,1081,01-11-2025 20:13,1119.72
16776,1398,19-02-2026 03:21,278.57
16777,253,31-03-2025 20:08,345.81
16778,2728,09-05-2026 23:16,935.56
16779,1030,14-08-2025 10:55,741.65
16780,3196,22-08-2025 21:27,192.06
16781,258,16-03-2026 02:46,1605.55
16782,3902,05-02-2026 12:51,413.04
16783,2659,30-07-2025 06:31,157.27
16784,695,14-01-2025 18:27,132.89
16785,1704,22-08-2026 21:15,104.24
16786,1110,19-01-2025 01:27,90.39
16787,3664,05-06-2025 03:17,44.64
16788,410,20-03-2025 16:22,340.04
16789,3884,15-08-2025 04:07,1144.46
16790,2711,12-11-2025 07:14,446.3
16791,3784,30-01-2026 08:31,286.68
16792,1465,19-07-2025 15:24,47.57
16793,4170,09-04-2025 12:37,226.65
16794,385,24-07-2025 19:55,102.05
16795,1024,08-08-2025 00:52,20.95
16796,1219,17-07-2025 11:20,543.32
16797,990,30-04-2026 23:35,414.97
16798,631,30-08-2026 15:21,565.51
16799,1724,08-01-2025 23:28,245.12
16800,4059,09-06-2025 05:39,330.42
16801,1330,23-04-2026 09:34,249.05
16802,2777,31-08-2025 23:44,727.01
16803,558,05-01-2025 21:36,286.12
16804,3140,14-04-2025 02:24,619.53
16805,2302,06-01-2026 02:57,482.71
16806,1549,24-09-2025 16:10,85.02
16807,2582,24-06-2026 08:18,787.51
16808,2731,03-11-2025 16:33,123.11
16809,34,29-10-2025 06:04,1383.14
16810,3308,21-11-2025 06:45,1010.44
16811,2387,11-02-2026 09:43,197.59
16812,2480,06-05-2025 10:21,408.96
16813,1027,10-10-2025 00:13,519.99
16814,2537,01-05-2026 13:06,428.12
16815,3129,10-05-2025 18:33,1658.14
16816,186,15-03-2025 21:06,267.22
16817,1781,07-07-2025 18:31,114.96
16818,342,03-06-2025 23:21,244.14
16819,3538,13-05-2026 14:39,370.2
16820,1663,20-08-2026 21:33,666.6
16821,2878,26-01-2026 11:41,596.69
16822,4080,23-06-2026 14:29,175.23
16823,1799,21-09-2025 22:14,437.64
16824,2887,23-08-2025 23:52,498.36
16825,2523,07-01-2025 06:31,159.46
16826,487,19-07-2025 01:18,11.85
16827,176,17-05-2025 23:26,169.82
16828,4158,05-01-2025 06:37,298.92
16829,3464,23-02-2026 22:34,217.76
16830,305,21-01-2026 22:39,19.52
16831,2774,01-01-2026 16:14,1339.71
16832,1852,16-08-2025 00:34,227.6
16833,3746,09-10-2025 14:52,258.31
16834,1798,28-03-2025 20:23,1154.3
16835,2955,07-06-2026 22:40,48.56
16836,3813,23-01-2026 04:28,85.4
16837,537,05-09-2026 03:18,308.51
16838,3674,21-05-2025 12:20,945.26
16839,2068,14-01-2026 14:40,119.69
16840,596,08-06-2025 17:59,290.8
16841,2431,12-05-2026 06:18,7
16842,889,17-06-2026 10:31,98.68
16843,3068,30-08-2026 17:57,2292.37
16844,2573,25-10-2025 19:56,220.38
16845,625,22-04-2025 12:58,423.58
16846,1534,15-03-2026 08:22,541.92
16847,381,05-02-2025 22:51,527.31
16848,2208,15-05-2026 18:43,177.72
16849,2748,16-01-2025 08:25,829.19
16850,3698,27-11-2025 14:37,1407.96
16851,3133,20-02-2025 23:48,466.93
16852,1806,16-10-2025 09:36,172.26
16853,1356,19-10-2025 11:24,680.85
16854,2583,10-04-2026 12:05,54.61
16855,2237,01-05-2026 03:23,38.15
16856,478,02-10-2025 06:16,751.89
16857,3056,18-07-2026 17:57,291.95
16858,2238,16-04-2026 00:30,1325.62
16859,1817,04-01-2026 02:56,449.38
16860,1661,15-03-2025 00:25,63.58
16861,1858,06-06-2026 07:23,677.11
16862,3202,29-03-2026 01:07,273.49
16863,4367,26-11-2025 20:02,37.73
16864,2093,09-09-2026 02:18,986.14
16865,4098,27-04-2026 20:14,507.49
16866,4174,19-12-2025 14:31,40.37
16867,2395,31-07-2025 18:25,21.85
16868,163,21-05-2026 09:41,298.75
16869,3563,07-05-2026 04:59,46.1
16870,3155,14-05-2026 21:17,563.77
16871,785,14-09-2026 10:53,207.76
16872,22,19-04-2026 06:10,337.51
16873,2071,02-03-2026 10:49,3.2
16874,230,13-01-2026 22:38,173.07
16875,630,03-02-2026 10:16,402.19
16876,2290,28-09-2025 23:48,784.88
16877,2662,11-05-2025 19:23,230.97
16878,453,03-02-2025 09:57,167.58
16879,1303,25-03-2026 06:09,523.34
16880,2189,02-11-2025 06:43,98.08
16881,3796,12-12-2025 14:05,1102.92
16882,4511,13-08-2025 11:38,615.49
16883,1525,13-01-2026 11:14,1366.4
16884,209,25-11-2025 03:34,252.38
16885,3794,12-01-2025 11:18,159.76
16886,1777,08-03-2025 01:22,708.3
16887,1430,29-08-2025 03:36,24.93
16888,1136,19-09-2025 18:27,485.32
16889,1935,28-01-2026 19:53,64.6
16890,3360,15-08-2025 10:07,26.1
16891,2068,21-02-2026 15:42,170.84
16892,3774,02-05-2025 21:53,566.55
16893,2213,04-09-2026 11:14,53.03
16894,449,26-04-2025 20:55,28.72
16895,1037,03-12-2025 10:09,589.59
16896,4082,21-06-2026 14:00,252.51
16897,4188,12-07-2025 01:08,35.3
16898,2849,14-06-2026 20:17,179.22
16899,2350,27-10-2025 10:58,881.2
16900,4236,07-07-2025 15:27,711.35
16901,3186,05-07-2025 08:16,386.37
16902,233,01-07-2026 07:35,320.35
16903,392,08-02-2026 13:44,18.74
16904,1127,25-06-2026 08:02,676
16905,3442,10-04-2025 03:41,588.09
16906,2076,31-07-2026 14:43,579.88
16907,4457,16-04-2026 14:24,92.09
16908,640,14-03-2025 02:05,12.84
16909,4498,24-11-2025 15:48,5.9
16910,4011,13-01-2025 21:35,196.64
16911,3440,02-09-2026 19:48,1091.75
16912,3047,15-07-2026 18:14,519.94
16913,871,12-07-2025 17:39,139.1
16914,2404,27-01-2026 09:30,21.29
16915,670,18-06-2026 07:59,903.16
16916,3987,19-05-2026 16:10,761.88
16917,3830,17-08-2025 17:41,541.65
16918,1520,11-07-2026 19:12,1848.43
16919,1993,03-11-2025 12:00,546.55
16920,2606,31-03-2026 18:43,380.07
16921,2093,20-04-2025 20:22,651.93
16922,2600,21-04-2025 04:03,866.17
16923,369,01-08-2025 19:56,243.77
16924,1090,14-05-2025 13:14,238.74
16925,280,23-12-2025 05:21,127.16
16926,1847,29-08-2026 15:45,50.84
16927,1487,31-07-2025 12:53,94.34
16928,4203,18-04-2026 13:20,24.84
16929,1441,22-01-2026 14:42,158.75
16930,780,17-01-2025 00:02,125.02
16931,4260,21-04-2025 16:44,487.24
16932,1388,07-02-2025 08:38,385.38
16933,2353,15-05-2026 08:31,205.87
16934,3965,11-04-2026 21:52,240.89
16935,419,27-12-2025 20:20,679.63
16936,2279,03-08-2026 08:45,556.97
16937,3,05-04-2025 14:44,60.96
16938,1627,09-06-2025 21:24,521.13
16939,459,26-03-2025 21:15,1077.68
16940,1143,30-03-2026 05:36,123.75
16941,3710,09-07-2026 15:56,40.08
16942,2488,26-07-2026 07:57,26.87
16943,2803,08-01-2025 10:49,1813.71
16944,358,17-05-2025 08:51,72.07
16945,211,12-01-2026 01:53,22.38
16946,3041,05-02-2026 01:18,290.31
16947,2250,31-08-2026 02:27,123.17
16948,434,28-09-2025 01:56,820.34
16949,2363,05-10-2025 18:47,1748.58
16950,2730,25-02-2026 23:19,764.07
16951,3730,03-06-2025 09:38,494.43
16952,864,17-08-2026 06:00,1282.79
16953,2759,07-07-2026 07:48,87.83
16954,3770,17-05-2025 11:29,531.68
16955,4157,06-04-2025 20:50,853.83
16956,3893,04-06-2026 07:10,164.17
16957,623,07-07-2025 08:35,48.27
16958,56,13-06-2026 04:35,579.53
16959,939,11-08-2026 03:16,140.68
16960,2858,04-02-2026 01:06,331.35
16961,898,03-02-2026 17:12,74.6
16962,3271,19-06-2026 22:24,312.67
16963,2418,13-05-2026 01:51,54.35
16964,400,16-06-2025 21:15,149.71
16965,563,21-03-2026 15:34,76.23
16966,2196,01-08-2025 10:40,82.37
16967,3712,16-05-2026 17:31,100.69
16968,282,07-08-2025 18:17,213.91
16969,3227,20-01-2026 02:41,518.71
16970,1127,02-06-2026 06:18,986.65
16971,2410,10-04-2025 01:06,688.28
16972,103,05-09-2025 13:29,19.52
16973,3424,06-09-2025 17:20,76.58
16974,493,30-06-2025 01:35,205.43
16975,455,01-03-2026 07:14,149.81
16976,3293,02-07-2026 11:30,23.45
16977,701,25-11-2025 11:09,24.52
16978,1749,18-11-2025 13:27,598.74
16979,581,23-01-2026 19:47,290.42
16980,3056,21-03-2025 12:06,23.74
16981,609,20-10-2025 02:39,240
16982,1437,05-07-2025 19:25,22.94
16983,3843,03-11-2025 20:04,974.48
16984,948,30-06-2026 17:16,399.98
16985,3469,07-08-2026 02:38,485.43
16986,3486,29-06-2025 10:02,2735.92
16987,2382,02-10-2025 13:04,786.05
16988,754,27-03-2026 19:30,97.36
16989,4122,01-03-2025 21:07,396.12
16990,1715,26-03-2025 00:13,523.87
16991,3092,01-01-2026 04:29,234.48
16992,3114,27-04-2026 20:42,18.95
16993,1677,14-12-2025 03:12,726.22
16994,3001,09-10-2025 09:05,785.16
16995,1378,09-04-2026 01:41,886.99
16996,324,19-07-2025 19:02,24.44
16997,311,23-02-2025 05:53,695.42
16998,1130,07-10-2025 17:24,1280.5
16999,1678,31-01-2025 11:45,98.58
17000,459,21-05-2026 00:56,811.85
17001,2551,26-08-2025 14:38,190.32
17002,1479,07-09-2025 06:57,393.83
17003,2752,21-03-2025 10:48,62.6
17004,1715,04-07-2026 22:05,579.07
17005,390,02-02-2025 22:24,801.42
17006,100,24-01-2026 10:34,134.46
17007,3145,09-07-2025 12:42,1043.76
17008,2363,17-02-2025 16:39,124.07
17009,1549,23-08-2026 13:16,203.57
17010,2950,18-02-2025 19:09,33.81
17011,440,12-01-2025 10:42,25.85
17012,879,31-12-2025 16:18,424.37
17013,2163,18-09-2025 05:35,1043.51
17014,3665,29-03-2025 05:46,1644.01
17015,3288,26-01-2026 06:39,67.56
17016,3724,19-07-2025 06:48,116.16
17017,494,02-07-2025 04:14,142.07
17018,2787,19-04-2026 18:53,106.86
17019,3061,10-03-2026 03:24,197
17020,3422,01-02-2026 23:04,78.24
17021,4445,03-04-2025 23:07,569.67
17022,3208,14-05-2025 04:27,14.86
17023,2034,02-11-2025 05:09,340.66
17024,447,03-06-2025 01:08,361.3
17025,3663,15-08-2026 15:33,56.83
17026,3290,18-06-2025 14:37,377.12
17027,4125,04-05-2025 20:48,987.8
17028,2480,30-09-2025 12:12,731.52
17029,1399,12-10-2025 09:11,118.48
17030,4433,10-03-2025 06:41,245.06
17031,1571,09-05-2026 03:22,45.12
17032,3125,08-03-2026 15:28,419.33
17033,1570,28-08-2026 02:24,351.64
17034,1490,25-03-2026 16:31,865.67
17035,1398,21-03-2025 01:14,368.87
17036,3303,02-09-2025 11:24,350.56
17037,1988,04-02-2025 10:25,289.67
17038,4416,14-06-2026 17:45,1036.97
17039,273,26-07-2026 19:23,19.86
17040,1695,25-04-2025 11:14,303.37
17041,2040,18-08-2026 06:53,108.08
17042,4073,10-09-2026 09:08,1843.41
17043,1630,04-07-2025 14:51,106.95
17044,1562,09-05-2026 04:11,9.76
17045,1285,06-01-2025 23:07,232.32
17046,253,03-03-2026 14:56,191.16
17047,2017,19-04-2026 12:02,1101.97
17048,3496,27-04-2026 17:29,109.16
17049,4285,15-01-2025 01:32,70.41
17050,3564,20-01-2025 08:35,2114.2
17051,3334,24-02-2026 12:16,60.7
17052,1247,29-09-2025 21:49,310.2
17053,3952,10-06-2026 01:56,203.56
17054,635,16-04-2025 02:45,160.93
17055,3489,27-03-2025 09:26,126.24
17056,1678,08-09-2026 17:14,1550.57
17057,4264,04-09-2026 00:51,285.68
17058,2560,10-04-2026 16:09,8.84
17059,3995,26-06-2026 16:12,159.07
17060,4052,25-04-2026 23:21,220.65
17061,832,09-05-2025 00:36,288.07
17062,4011,17-07-2025 13:54,303.72
17063,3446,16-01-2026 05:48,55.2
17064,2329,08-11-2025 21:39,5.7
17065,1644,28-06-2025 03:55,149.45
17066,215,06-02-2025 17:36,169.36
17067,3561,18-08-2025 01:29,209.74
17068,1188,11-04-2025 06:12,162.52
17069,120,07-07-2026 13:56,1124.52
17070,3156,29-07-2026 09:42,136.4
17071,3945,26-04-2025 00:23,275.17
17072,993,16-11-2025 01:55,396.91
17073,2599,25-05-2025 05:57,512.12
17074,3090,10-09-2025 18:27,504.4
17075,1082,25-06-2025 07:52,470.43
17076,3078,25-02-2025 02:52,173.39
17077,1049,30-01-2026 12:57,286.03
17078,3250,09-03-2025 23:41,125.35
17079,2595,04-04-2026 01:50,629.67
17080,3638,11-08-2025 12:40,563.1
17081,4165,14-07-2026 20:01,145.58
17082,3102,01-08-2026 16:23,768.84
17083,3975,08-08-2025 03:30,897.33
17084,3612,23-05-2025 23:44,870.5
17085,3151,27-11-2025 13:09,183.15
17086,3587,16-03-2025 12:07,337.51
17087,4071,09-03-2025 16:35,76.75
17088,1038,20-11-2025 11:43,616.35
17089,490,11-01-2025 19:59,675.02
17090,1311,31-05-2025 19:17,1255.94
17091,1764,11-08-2025 13:29,1075.61
17092,2464,23-05-2025 18:32,12.26
17093,1700,19-05-2025 22:39,740.21
17094,2202,06-07-2025 01:19,29.98
17095,2639,03-11-2025 20:38,83.82
17096,537,10-09-2026 17:37,136.64
17097,2401,10-08-2025 19:32,1272.89
17098,826,07-07-2026 03:33,358.32
17099,3527,14-01-2025 00:01,347.16
17100,3311,30-06-2025 21:35,764.04
17101,3304,03-03-2026 00:48,359.22
17102,4258,19-03-2026 05:32,725.86
17103,4369,28-07-2026 18:11,259.16
17104,914,30-10-2025 22:39,726
17105,2766,20-01-2026 06:12,84.93
17106,2794,24-03-2025 19:24,438.31
17107,1614,09-08-2025 05:55,20.11
17108,44,10-06-2026 04:00,684.74
17109,635,19-12-2025 20:47,37.58
17110,2722,06-03-2026 22:34,238.31
17111,407,18-01-2026 06:15,315.98
17112,3012,12-05-2026 10:50,89.65
17113,2586,18-08-2025 10:26,1507.88
17114,2844,15-03-2025 14:57,35.3
17115,4109,14-05-2025 00:58,201.57
17116,4087,27-02-2026 22:27,1049.09
17117,2557,01-07-2025 18:38,675.02
17118,1893,01-09-2026 13:53,290.59
17119,2317,02-01-2026 16:12,113.27
17120,2810,19-01-2026 20:27,445.78
17121,1924,07-02-2026 03:00,854.77
17122,2389,03-03-2025 22:53,37.58
17123,684,22-02-2025 01:28,333.09
17124,1452,14-06-2026 19:21,1314.61
17125,400,20-06-2025 18:33,298.42
17126,2195,21-07-2026 08:29,164.41
17127,282,02-05-2026 04:34,1493.4
17128,3328,24-08-2026 14:32,4109.48
17129,1859,23-04-2026 23:53,298.65
17130,3543,05-04-2025 11:40,43.14
17131,1126,02-03-2026 16:32,1070.48
17132,3947,02-12-2025 21:13,54.75
17133,1644,29-04-2025 03:03,239.86
17134,606,11-04-2025 06:39,144.86
17135,941,20-05-2025 19:04,270.33
17136,4179,07-01-2026 06:35,129.37
17137,4229,03-07-2025 19:59,56.83
17138,3056,04-06-2025 04:40,430.3
17139,4453,16-06-2026 15:20,171.21
17140,3796,01-07-2026 10:45,85.4
17141,2514,25-08-2026 21:01,240.78
17142,4466,05-11-2025 05:05,144.88
17143,4182,16-07-2025 01:46,239.97
17144,1283,08-12-2025 18:46,104.22
17145,1265,14-02-2025 21:35,668.93
17146,2489,06-06-2025 13:22,208.06
17147,3734,02-04-2025 14:21,125.02
17148,4246,05-01-2026 22:46,36.29
17149,3087,24-12-2025 01:26,89.42
17150,4423,24-04-2026 20:04,312.15
17151,2403,21-08-2025 01:33,484.73
17152,412,08-03-2025 11:12,183.33
17153,3237,17-02-2025 05:57,201.26
17154,2462,25-06-2026 14:30,221.12
17155,3210,07-12-2025 08:47,185.83
17156,3872,12-06-2026 19:14,444.52
17157,2958,24-04-2025 03:06,59.23
17158,497,10-01-2026 01:48,55.08
17159,1458,02-10-2025 06:54,678.52
17160,287,16-09-2025 06:54,133.35
17161,2889,11-05-2025 08:06,316.82
17162,2168,01-07-2025 07:37,56.83
17163,4114,19-07-2026 18:54,120.09
17164,2951,15-07-2025 11:32,287.7
17165,75,30-03-2025 06:33,51.2
17166,888,13-03-2026 21:10,640.02
17167,3537,21-01-2025 11:41,418.23
17168,2594,21-04-2025 04:54,577.25
17169,428,24-05-2025 13:37,1403.59
17170,287,24-05-2026 07:02,71.96
17171,29,05-10-2025 07:43,102.31
17172,3996,16-08-2026 14:38,893.38
17173,3066,11-07-2026 06:43,241.26
17174,3759,07-04-2026 06:37,123.03
17175,3563,23-11-2025 10:44,250.04
17176,2855,27-01-2025 07:07,561.46
17177,1184,02-04-2025 21:38,144.35
17178,2738,03-08-2025 13:25,49.84
17179,2104,04-09-2025 13:22,321.01
17180,793,20-08-2026 06:16,190.94
17181,19,06-01-2026 22:05,208.86
17182,2136,26-05-2025 04:19,125.21
17183,3765,12-01-2026 00:53,513.46
17184,438,10-02-2026 22:10,232.32
17185,4033,12-02-2026 09:22,144.86
17186,3078,14-02-2025 08:50,667.05
17187,1826,07-06-2026 08:33,246.44
17188,1895,03-04-2025 06:56,334.91
17189,129,20-05-2026 01:52,126.9
17190,2566,25-03-2026 07:28,86.14
17191,4058,06-04-2025 02:38,192.22
17192,2698,09-09-2026 18:08,392.27
17193,4397,01-12-2025 14:00,12.75
17194,944,26-02-2026 09:08,130.24
17195,3759,05-07-2025 01:11,198.01
17196,4424,04-12-2025 00:59,1523.11
17197,778,05-05-2026 20:38,680.92
17198,4342,25-10-2025 22:12,111.22
17199,3408,24-03-2026 23:12,242.06
17200,3775,17-06-2025 21:44,231.71
17201,3670,06-01-2025 22:22,420.51
17202,2684,22-02-2025 17:45,11.31
17203,3872,10-09-2026 18:16,415.61
17204,3419,14-03-2026 22:38,617.12
17205,880,11-09-2025 00:36,250.74
17206,1090,18-09-2025 02:19,828.54
17207,3287,26-05-2026 17:33,144.57
17208,1598,01-12-2025 09:04,302.94
17209,893,30-07-2025 16:45,224.8
17210,82,29-10-2025 07:16,192.22
17211,2894,18-01-2026 20:21,130.81
17212,593,22-06-2025 21:13,46.98
17213,1405,22-08-2025 13:57,705.29
17214,2496,27-03-2026 08:43,422.23
17215,499,19-05-2026 15:09,553.7
17216,2576,05-12-2025 04:30,37.93
17217,3461,03-08-2026 07:28,184.88
17218,1290,14-03-2026 04:54,83.75
17219,422,02-03-2026 11:22,102.54
17220,858,31-03-2025 07:18,276.81
17221,554,02-04-2025 05:02,333.68
17222,1383,04-06-2026 00:43,230.55
17223,1040,24-06-2026 08:20,459.22
17224,3662,01-07-2025 18:51,418.33
17225,3341,01-12-2025 21:11,525.03
17226,4115,22-08-2026 20:01,2.43
17227,1488,15-02-2025 01:26,41.91
17228,4138,07-07-2025 13:56,1799.93
17229,2099,02-04-2026 17:18,170.8
17230,2758,16-12-2025 13:21,462.77
17231,1583,10-05-2026 11:22,360.39
17232,3738,17-04-2025 22:40,326.06
17233,3352,04-04-2025 21:01,744.43
17234,3383,20-06-2025 22:12,113.79
17235,1639,29-08-2025 04:37,1524.61
17236,1233,09-12-2025 17:58,67.56
17237,537,26-10-2025 14:47,18.79
17238,3611,28-05-2025 05:38,264.99
17239,2799,09-04-2026 16:04,89.36
17240,1139,19-04-2026 19:10,698.3
17241,4046,07-08-2025 14:40,117.24
17242,3024,16-08-2026 09:30,307.14
17243,4354,31-12-2025 19:05,195.46
17244,373,28-01-2026 22:09,101.68
17245,2952,25-04-2025 23:59,39.53
17246,1988,18-07-2025 17:44,400.48
17247,3943,29-05-2026 05:42,678.32
17248,3735,12-08-2026 08:24,3254.68
17249,364,12-07-2025 08:54,33.81
17250,3122,19-05-2025 04:58,363.46
17251,190,27-05-2026 22:52,248.15
17252,4344,08-03-2026 16:49,315.73
17253,2993,11-03-2026 10:20,43.7
17254,1890,29-11-2025 01:01,284
17255,2106,29-01-2025 11:34,838.11
17256,3532,27-09-2025 19:45,67.56
17257,4437,02-10-2025 07:16,684.35
17258,609,23-11-2025 06:31,77.85
17259,122,06-04-2025 11:15,247.29
17260,1885,03-10-2025 16:27,19.26
17261,3116,25-06-2025 10:31,1108.41
17262,503,20-03-2025 19:23,138.45
17263,3700,23-05-2025 20:51,820.06
17264,3682,26-03-2026 05:14,428.41
17265,833,04-08-2025 19:56,139.22
17266,1538,20-05-2025 16:30,176.14
17267,2289,26-11-2025 15:53,462.53
17268,3785,04-05-2025 21:11,113.99
17269,3095,22-04-2026 22:14,145.86
17270,1611,29-07-2025 17:54,183.1
17271,4132,17-08-2025 06:23,588.38
17272,4299,31-07-2025 22:38,174.15
17273,971,02-04-2025 00:47,352.14
17274,2485,31-08-2026 02:34,1067.1
17275,3611,02-05-2025 16:48,380.36
17276,4168,10-04-2025 20:10,592.95
17277,1716,22-02-2025 20:57,175.19
17278,4160,16-07-2025 15:18,511.77
17279,1724,20-10-2025 15:07,324.12
17280,1547,30-04-2025 18:27,104.61
17281,1913,24-04-2026 06:15,14
17282,2397,02-08-2025 03:08,113.73
17283,251,05-08-2025 20:22,421.33
17284,3052,23-03-2025 07:22,180.2
17285,4246,31-01-2026 01:43,2.16
17286,3999,05-02-2026 09:43,21.85
17287,4023,20-03-2025 01:11,239.47
17288,2387,29-07-2026 17:17,58.08
17289,4100,09-02-2025 21:30,152.08
17290,2793,09-06-2026 09:25,442
17291,483,13-03-2025 06:39,1437.99
17292,2699,17-05-2026 04:17,242.24
17293,3478,01-02-2026 10:28,207.08
17294,3587,08-05-2025 15:27,188.15
17295,2886,01-08-2025 17:13,1490.08
17296,3952,29-04-2025 01:38,208.2
17297,764,02-09-2025 15:19,481.63
17298,4125,30-10-2025 11:35,1302.73
17299,4497,05-06-2025 20:32,834.32
17300,1244,28-04-2025 09:33,499.34
17301,3697,10-08-2025 04:02,26.83
17302,3966,11-08-2025 21:58,189.92
17303,3499,25-01-2025 06:40,242.28
17304,3936,07-07-2026 23:54,44.49
17305,266,15-11-2025 07:49,188.3
17306,2043,16-02-2026 15:24,2025.09
17307,1266,09-07-2026 17:56,558.94
17308,3773,26-07-2026 14:31,1052.53
17309,1675,08-11-2025 12:47,974.48
17310,818,07-02-2025 13:04,60.51
17311,4115,04-09-2026 17:44,805.87
17312,2106,08-08-2026 12:18,215.48
17313,2642,12-05-2026 02:04,1416.33
17314,1103,04-01-2025 17:38,1773.71
17315,3940,08-06-2025 03:39,523.96
17316,2667,11-09-2026 17:42,145.87
17317,1796,19-12-2025 21:01,19.52
17318,2766,16-11-2025 15:09,802.5
17319,4137,05-10-2025 05:37,118.13
17320,4006,16-01-2026 00:07,18.97
17321,4160,20-02-2026 15:27,337.73
17322,617,13-05-2026 17:55,682.06
17323,2709,16-04-2026 05:00,2993.76
17324,444,23-12-2025 12:05,947.94
17325,575,18-02-2026 03:48,269.02
17326,314,02-08-2026 11:08,272.54
17327,1882,13-11-2025 18:43,72.16
17328,2218,26-10-2025 05:07,847.16
17329,262,11-02-2026 18:09,386.45
17330,3365,31-05-2025 08:02,876.48
17331,2072,12-02-2026 23:13,237.68
17332,1652,09-02-2025 13:11,85
17333,4356,27-03-2025 01:53,313.98
17334,81,20-10-2025 10:06,508.08
17335,2175,29-04-2025 10:42,261.07
17336,1047,04-08-2025 03:48,303.69
17337,766,15-04-2025 07:24,1084.23
17338,2948,19-09-2025 15:23,153.5
17339,2273,13-04-2026 07:37,4.86
17340,1051,26-01-2025 14:34,773.6
17341,159,25-06-2025 11:52,581.43
17342,2890,27-11-2025 18:40,553.15
17343,3262,06-04-2025 18:14,1169.73
17344,2425,01-03-2026 15:26,698.46
17345,4032,10-06-2026 13:29,737.53
17346,2624,15-12-2025 04:56,208.98
17347,3005,05-05-2025 07:26,554.18
17348,3888,06-10-2025 04:52,108.3
17349,4179,04-03-2025 04:40,386.32
17350,3978,28-06-2026 20:36,51.06
17351,1316,11-06-2025 06:48,1138.84
17352,610,21-10-2025 00:13,104.11
17353,3041,28-02-2025 09:43,285.55
17354,1792,09-10-2025 00:07,288.62
17355,1716,06-07-2026 17:01,539.26
17356,3198,27-04-2026 09:16,279.16
17357,1178,14-06-2025 09:46,118.47
17358,94,03-05-2025 09:02,173.06
17359,1247,23-05-2025 10:36,281.78
17360,4386,11-06-2026 20:51,87.12
17361,3114,13-08-2026 09:00,306.84
17362,1044,29-04-2025 07:56,309.15
17363,1961,04-08-2026 01:20,400.15
17364,4082,04-08-2026 07:05,253.79
17365,3197,18-07-2026 16:10,14.63
17366,4043,08-08-2026 17:36,848.74
17367,2852,11-09-2025 20:28,62.27
17368,1962,25-03-2026 07:06,157.83
17369,3877,28-06-2026 23:23,116.16
17370,3896,04-11-2025 07:22,220.53
17371,4401,28-08-2026 19:28,67.06
17372,302,04-06-2025 08:53,110.3
17373,3922,06-10-2025 07:12,2392.84
17374,1575,23-06-2025 12:04,169.72
17375,4078,19-05-2025 07:46,67.22
17376,2743,31-01-2026 22:14,600.36
17377,4376,08-09-2025 07:32,198.94
17378,3616,06-05-2025 05:15,131.94
17379,4421,12-09-2026 01:42,139.65
17380,2333,29-03-2025 09:24,87.4
17381,2310,12-07-2026 17:00,157.33
17382,1733,17-09-2025 02:16,282.35
17383,1884,23-06-2025 02:12,41.66
17384,4397,15-03-2026 04:01,31.44
17385,3543,04-02-2026 16:24,381.66
17386,2062,17-09-2025 13:23,795.53
17387,2425,01-12-2025 07:57,216.28
17388,64,14-05-2026 12:38,236.91
17389,782,31-07-2026 17:26,106.25
17390,3615,10-06-2025 10:06,1071.32
17391,4430,16-08-2026 23:28,783.68
17392,1920,04-08-2026 09:47,194.43
17393,2725,22-10-2025 15:52,319.47
17394,3358,05-07-2026 17:51,583.48
17395,2730,18-04-2026 18:04,41.43
17396,2421,14-08-2026 09:07,20.36
17397,2865,22-08-2026 22:55,100.16
17398,861,09-06-2025 01:34,1016.63
17399,2400,12-03-2025 17:51,4189.09
17400,4072,18-06-2025 17:43,1025.23
17401,764,06-10-2025 17:13,177.98
17402,3848,21-04-2026 01:02,705.97
17403,565,13-07-2026 10:27,377.74
17404,617,18-04-2025 05:42,241.99
17405,1324,10-01-2026 21:11,24.84
17406,2948,08-03-2026 03:02,206.78
17407,3103,09-01-2026 19:54,657.15
17408,1463,22-02-2025 16:39,95.24
17409,1895,15-02-2026 23:57,59.34
17410,2615,03-02-2026 10:47,1024.37
17411,2828,03-02-2025 10:35,1113.67
17412,3366,18-03-2025 02:37,482.96
17413,2713,14-10-2025 07:49,176.97
17414,1568,29-03-2026 06:10,198.94
17415,3282,22-02-2025 14:54,191.18
17416,3231,25-08-2026 07:09,315.29
17417,3372,10-11-2025 15:47,64.9
17418,2634,14-06-2025 04:40,430.05
17419,1893,10-08-2025 22:25,664.97
17420,3870,23-02-2025 13:00,669.69
17421,604,17-03-2026 12:32,92.9
17422,4211,18-01-2026 07:55,96.63
17423,3767,19-12-2025 08:23,55.09
17424,53,27-10-2025 03:31,200.5
17425,980,18-09-2025 23:14,205.58
17426,2051,13-02-2026 19:46,127
17427,1228,24-04-2026 01:40,729.5
17428,3762,17-03-2025 11:26,75.33
17429,3699,06-01-2026 00:08,747.18
17430,3680,17-08-2025 08:50,107.01
17431,1758,26-06-2025 12:39,373.38
17432,1966,07-11-2025 12:03,58.08
17433,242,15-02-2026 07:39,116.16
17434,1069,05-08-2025 00:33,176.18
17435,860,11-02-2026 16:59,9.76
17436,2286,08-08-2026 20:00,168.17
17437,1140,02-01-2026 03:06,138.93
17438,4045,06-06-2025 22:15,459.43
17439,2210,15-05-2025 03:26,658.25
17440,2833,19-03-2025 16:25,294.99
17441,696,31-08-2026 10:36,71.38
17442,858,27-05-2026 01:59,1391.98
17443,4399,27-12-2025 09:09,245.53
17444,4287,18-04-2025 00:37,1440.1
17445,4395,02-03-2026 19:23,41
17446,2768,29-09-2025 15:50,478.9
17447,22,21-08-2025 12:54,421.81
17448,3086,14-11-2025 11:04,201.77
17449,1618,15-07-2025 19:29,128.73
17450,3163,17-02-2025 04:13,89.14
17451,3572,11-04-2026 06:20,229.75
17452,4281,17-07-2026 11:50,229.32
17453,363,08-01-2025 00:56,1334.85
17454,704,02-02-2025 20:59,367.35
17455,1275,01-10-2025 20:40,840.14
17456,1663,29-10-2025 16:47,934.21
17457,2785,22-02-2026 12:25,32
17458,2805,19-12-2025 05:05,41.91
17459,4403,16-03-2026 13:50,214.4
17460,4124,05-04-2025 14:52,582.82
17461,964,22-05-2026 21:17,475.43
17462,1062,08-07-2025 09:33,5.9
17463,4462,20-04-2026 15:16,213.51
17464,4416,07-11-2025 15:43,285.29
17465,1032,18-05-2025 09:14,43.7
17466,1133,29-12-2025 22:09,713.78
17467,3513,08-05-2026 08:24,594.07
17468,4098,30-08-2025 00:02,337.51
17469,1643,06-07-2026 14:54,197.31
17470,3620,21-07-2025 01:36,216.76
17471,3578,04-04-2026 01:47,13.05
17472,2517,16-12-2025 13:33,127.15
17473,1397,17-03-2025 04:58,327.21
17474,2713,23-07-2025 02:07,688.27
17475,2044,07-02-2026 21:58,31.57
17476,4075,23-10-2025 03:54,244.95
17477,2217,17-12-2025 17:20,168.72
17478,1409,07-07-2026 21:28,516.5
17479,487,10-04-2026 02:08,306.77
17480,1468,20-09-2025 21:36,3.5
17481,4182,22-01-2026 17:02,34.55
17482,514,26-02-2025 07:06,524.48
17483,3652,03-12-2025 17:46,35.3
17484,1883,17-08-2026 10:53,271.35
17485,4345,05-01-2026 14:01,532.24
17486,127,10-01-2026 01:00,104.33
17487,2474,07-04-2026 12:39,445.14
17488,3908,15-03-2025 18:39,340.53
17489,3608,31-01-2026 10:26,81.97
17490,3551,22-04-2025 07:55,770.39
17491,2143,21-09-2025 03:20,176.75
17492,3914,18-03-2026 05:48,188.02
17493,2522,01-08-2026 02:45,1601.39
17494,2921,02-06-2026 18:42,89.35
17495,1682,02-05-2026 19:44,43.7
17496,2662,18-10-2025 10:55,91.94
17497,3308,08-08-2025 23:36,346.63
17498,1191,17-05-2025 09:09,203.36
17499,4523,27-07-2025 12:19,28.72
17500,441,13-05-2025 07:34,979
17501,2706,16-07-2025 13:26,67.56
17502,3517,30-04-2025 16:03,311.68
17503,1109,16-04-2025 01:07,785.47
17504,2943,24-06-2025 14:48,1391.68
17505,3024,30-07-2025 02:59,53.48
17506,841,12-01-2025 17:26,729.47
17507,254,14-04-2025 12:17,193.17
17508,1109,14-05-2026 17:10,456.72
17509,1082,11-01-2025 13:46,3151.47
17510,3046,17-04-2025 14:42,187.57
17511,501,01-06-2026 22:29,691.7
17512,4410,23-05-2025 04:54,828.76
17513,1644,07-09-2026 21:42,235.29
17514,525,08-11-2025 20:13,517.25
17515,2756,29-05-2026 03:16,658.36
17516,2222,23-07-2026 18:50,602.64
17517,2212,11-08-2026 07:06,293.15
17518,3223,29-04-2026 13:56,432.33
17519,3666,06-06-2026 02:50,538.03
17520,703,19-08-2025 19:41,28.72
17521,2978,22-03-2025 23:53,1123.64
17522,2073,07-05-2025 21:59,240.77
17523,4018,12-10-2025 23:39,104.84
17524,2687,18-01-2026 06:30,455.21
17525,2979,28-01-2025 10:53,134.33
17526,231,22-12-2025 20:56,481.69
17527,3485,28-01-2026 19:54,415.66
17528,3811,23-08-2025 09:32,62.6
17529,1254,03-04-2026 21:04,39.25
17530,350,25-09-2025 18:25,968.56
17531,728,10-06-2025 11:20,300.7
17532,3957,16-12-2025 20:53,623.97
17533,4282,03-11-2025 03:08,2425.79
17534,230,10-04-2026 05:37,341.75
17535,742,27-02-2025 06:11,9.76
17536,2241,20-07-2025 22:43,1169.51
17537,2452,27-06-2025 22:23,337.51
17538,621,24-07-2025 18:27,210.24
17539,4274,30-01-2026 09:23,542.98
17540,203,21-04-2026 14:01,93.09
17541,2492,03-05-2026 02:17,360.03
17542,4460,03-02-2025 20:23,414.26
17543,1448,27-11-2025 15:25,455.97
17544,1738,03-07-2026 19:55,312.32
17545,1922,29-01-2025 11:34,213.13
17546,2694,16-06-2025 03:03,88.94
17547,3247,26-12-2025 22:34,640.54
17548,853,04-08-2025 17:34,166.94
17549,759,27-05-2025 22:44,63.04
17550,217,19-05-2026 20:04,113.11
17551,904,31-12-2025 14:20,267.31
17552,1027,24-10-2025 02:13,508.49
17553,2224,18-11-2025 20:01,2020.83
17554,3151,02-02-2025 08:17,194.26
17555,1044,10-08-2026 10:30,243.57
17556,1878,29-01-2026 23:35,335
17557,1977,16-07-2025 10:56,14.63
17558,2598,01-05-2025 02:32,495.04
17559,1088,01-08-2025 23:38,224.14
17560,2169,26-08-2026 04:07,145.87
17561,4008,30-06-2026 08:21,352.02
17562,3324,30-12-2025 23:41,518.74
17563,2335,13-11-2025 04:44,220.96
17564,2275,20-10-2025 23:35,996.58
17565,3309,27-07-2025 20:52,645.13
17566,3336,26-08-2025 17:27,1128.99
17567,3735,02-02-2025 17:51,419.71
17568,1281,28-05-2025 00:07,230.93
17569,2777,10-02-2026 01:32,187.63
17570,3606,01-02-2026 07:50,31.9
17571,137,25-09-2025 01:27,112.23
17572,3378,03-04-2025 04:23,113.25
17573,3362,11-03-2025 16:18,773.24
17574,1756,26-02-2026 06:22,77.17
17575,3319,27-03-2025 07:51,177.4
17576,1756,15-11-2025 11:39,531.06
17577,1766,15-03-2026 05:16,1194.91
17578,724,04-03-2025 02:53,155.83
17579,2640,27-08-2026 20:01,283.06
17580,2946,04-04-2026 11:54,437.55
17581,2088,26-08-2025 21:11,271.38
17582,214,09-08-2025 00:38,90.32
17583,2947,14-10-2025 06:47,580.3
17584,3609,18-06-2025 02:49,1557.63
17585,1152,28-05-2025 04:13,587.5
17586,2026,19-10-2025 08:33,64.09
17587,2061,26-02-2026 09:00,652.14
17588,3324,14-02-2025 22:17,207.23
17589,982,04-12-2025 11:52,76.32
17590,155,24-11-2025 04:41,337.22
17591,3108,18-07-2025 18:25,275.35
17592,4494,02-08-2026 18:58,4527.48
17593,3436,23-03-2025 18:56,1055.92
17594,4481,24-07-2026 02:45,58.24
17595,939,12-03-2025 10:38,120.55
17596,53,07-01-2026 19:46,1619.25
17597,1052,17-06-2025 20:33,740.9
17598,1692,25-07-2026 12:56,1485.33
17599,1297,25-03-2025 00:55,648.32
17600,1440,06-12-2025 18:33,286.12
17601,2478,06-12-2025 14:53,203.41
17602,3832,11-08-2026 11:56,314.66
17603,3795,02-03-2025 01:34,180.54
17604,871,12-03-2025 07:29,138.1
17605,155,10-09-2025 19:21,478.05
17606,752,30-05-2026 20:53,705.88
17607,3348,30-11-2025 22:50,377.12
17608,1882,25-10-2025 06:00,95.75
17609,3352,22-11-2025 13:25,2033.43
17610,3176,03-06-2025 10:03,438.7
17611,2820,15-01-2026 23:03,85.4
17612,475,02-07-2026 23:30,197.39
17613,1229,01-07-2025 04:45,697.75
17614,1347,11-12-2025 07:42,547.15
17615,953,18-06-2025 15:33,323.76
17616,3098,22-08-2026 12:12,504.48
17617,2861,14-05-2026 00:57,63.23
17618,4195,11-07-2025 07:31,377.12
17619,1297,10-12-2025 04:20,322.09
17620,2746,06-07-2025 02:17,1475.06
17621,998,20-08-2026 16:46,577.19
17622,786,02-01-2026 20:51,704
17623,1048,17-07-2025 08:35,378.25
17624,3793,13-10-2025 01:23,54.2
17625,2444,07-06-2026 16:57,13.39
17626,442,05-05-2026 06:20,45.79
17627,4457,18-10-2025 00:38,1153.1
17628,3712,26-04-2026 19:19,642.38
17629,143,18-03-2025 16:37,923.93
17630,432,13-12-2025 16:17,337.51
17631,4443,10-05-2026 18:31,298.15
17632,3902,16-04-2026 09:32,268.66
17633,4272,20-05-2026 10:14,890.59
17634,3137,07-01-2026 09:48,135.12
17635,1707,06-06-2025 13:24,708.06
17636,3918,15-10-2025 03:18,93.14
17637,4432,22-10-2025 13:17,3655.59
17638,2922,29-01-2026 05:03,100.69
17639,4401,06-12-2025 19:37,112.29
17640,1970,23-05-2026 14:48,1417.71
17641,839,27-09-2025 15:59,85.17
17642,440,21-03-2025 04:44,316.71
17643,4018,12-02-2026 07:53,166.13
17644,536,23-01-2025 01:21,188.33
17645,1386,30-04-2025 21:54,129.5
17646,1428,23-04-2026 03:35,88.37
17647,278,17-08-2026 04:50,26.1
17648,2532,06-06-2025 11:45,60.28
17649,4194,24-07-2025 20:13,100
17650,2486,05-02-2026 03:50,181.61
17651,1887,08-12-2025 14:39,222.84
17652,604,10-01-2026 01:06,18.79
17653,50,28-05-2025 06:23,12.75
17654,603,16-02-2025 12:54,204.04
17655,3866,24-01-2026 14:36,32
17656,3020,01-02-2025 14:08,687.72
17657,3007,26-11-2025 21:47,116.52
17658,4222,11-07-2025 16:28,144.04
17659,4079,16-05-2026 04:19,104.51
17660,1615,27-08-2026 01:11,1513.68
17661,574,04-03-2026 12:11,442.61
17662,1511,21-11-2025 13:56,63.88
17663,2367,12-01-2025 18:14,262.76
17664,348,04-03-2026 09:42,130.17
17665,1072,14-10-2025 13:32,90.98
17666,578,09-09-2025 21:40,275.17
17667,70,10-06-2026 19:57,43.14
17668,3995,26-05-2026 22:58,174.84
17669,4237,04-10-2025 01:27,1614.38
17670,962,20-08-2026 15:05,211.83
17671,2017,10-06-2025 11:50,437.12
17672,2193,12-06-2025 08:25,140.23
17673,2721,01-04-2026 07:16,50.38
17674,3894,18-10-2025 08:47,136.46
17675,3436,05-02-2026 10:59,348.28
17676,3635,15-08-2025 13:20,156.45
17677,2560,14-05-2026 22:43,295.51
17678,1144,28-04-2026 02:23,20.11
17679,2253,20-01-2026 03:36,1882.62
17680,1239,30-07-2025 20:05,299.62
17681,3444,16-10-2025 07:06,976.3
17682,1345,09-02-2026 02:22,145.5
17683,2174,30-08-2025 11:21,397.24
17684,2390,05-08-2026 20:49,9.95
17685,2996,08-07-2026 04:22,673.85
17686,1440,12-01-2026 16:20,615.51
17687,1524,06-10-2025 20:17,125.17
17688,2672,22-07-2025 15:52,30.19
17689,2772,16-12-2025 23:49,369.55
17690,3070,02-04-2026 10:39,303.88
17691,3465,08-04-2026 06:02,113.66
17692,2343,09-08-2026 10:38,136.24
17693,16,01-10-2025 21:29,82.51
17694,1184,19-03-2026 15:29,34.79
17695,2753,27-12-2025 07:22,56.87
17696,2221,29-04-2025 19:57,474.66
17697,297,22-11-2025 03:41,540.2
17698,3525,27-08-2026 10:05,810.14
17699,2338,02-03-2026 16:37,729.02
17700,3148,13-06-2026 00:21,4102.99
17701,3146,01-07-2026 04:24,93.3
17702,3507,02-02-2025 18:45,405.21
17703,622,06-06-2026 09:06,163.76
17704,4095,29-03-2026 21:54,38.85
17705,965,06-05-2026 16:26,32.45
17706,813,29-08-2025 15:37,415.46
17707,3417,03-09-2025 15:26,676.77
17708,1649,04-03-2025 08:45,294.96
17709,2581,10-03-2025 12:38,91.5
17710,2614,30-06-2025 17:02,160.37
17711,1410,09-05-2026 10:56,42.05
17712,1762,26-12-2025 12:45,101.92
17713,3831,30-07-2025 10:53,618.64
17714,201,18-12-2025 06:30,878.57
17715,347,22-08-2025 21:16,181.77
17716,3893,22-07-2025 06:02,135.94
17717,33,23-01-2025 16:35,504.36
17718,457,15-12-2025 09:32,280.64
17719,729,06-08-2026 08:12,958.8
17720,3292,02-08-2026 02:05,32.02
17721,2471,28-08-2026 07:40,101.11
17722,2528,11-08-2025 13:46,378.03
17723,394,20-08-2026 04:10,559
17724,2985,21-06-2025 22:02,97.73
17725,2994,20-04-2026 15:26,1182.06
17726,2393,21-10-2025 07:24,25.06
17727,358,14-09-2025 03:56,118.05
17728,3893,21-05-2026 11:52,80.01
17729,285,21-08-2026 06:35,1211.81
17730,4213,01-07-2025 10:13,703.89
17731,838,30-04-2026 08:03,703.74
17732,1989,05-06-2026 16:10,307.62
17733,247,07-01-2026 19:36,78.19
17734,1174,25-05-2025 09:32,320.76
17735,686,30-11-2025 15:58,337.51
17736,197,01-02-2026 17:22,42.17
17737,4129,25-11-2025 02:41,1489.72
17738,1233,26-06-2025 15:39,1489.24
17739,4015,17-06-2025 06:41,85.24
17740,1189,15-06-2025 08:50,466.84
17741,412,13-09-2025 21:05,143.04
17742,3968,07-01-2025 00:28,1393.72
17743,92,27-10-2025 23:22,671.33
17744,1165,14-01-2025 17:15,141.99
17745,1980,24-01-2026 08:52,741.92
17746,2940,08-02-2025 00:43,78.84
17747,3414,22-12-2025 19:19,32
17748,1916,25-05-2025 05:11,119.05
17749,3207,27-08-2026 03:03,300.81
17750,4326,20-09-2025 20:26,3.81
17751,2349,30-04-2025 00:59,518.4
17752,4332,30-01-2025 07:08,354.63
17753,2088,08-11-2025 23:21,266.04
17754,2013,09-09-2026 13:41,63.96
17755,3270,16-04-2026 05:47,360.75
17756,3744,22-11-2025 02:29,127.89
17757,2,26-06-2026 23:48,12.19
17758,1377,22-09-2025 06:59,331.18
17759,1083,18-03-2025 17:31,234.2
17760,2613,05-05-2025 07:10,181.08
17761,1558,09-01-2026 14:01,7.62
17762,375,14-04-2026 05:17,85.24
17763,2049,14-02-2026 09:56,18.85
17764,3845,16-10-2025 19:32,534.86
17765,3249,05-05-2025 00:46,206.85
17766,4372,23-03-2026 16:06,818.57
17767,4161,12-09-2026 07:38,682.05
17768,789,22-06-2025 20:24,213.17
17769,1788,12-08-2026 04:48,658.85
17770,1620,16-10-2025 15:32,452.36
17771,312,08-08-2026 17:31,64.7
17772,711,09-01-2026 12:57,433.95
17773,4195,31-07-2025 13:10,482.45
17774,1297,28-01-2026 05:49,687.03
17775,2758,31-10-2025 08:21,387.3
17776,1229,13-11-2025 02:19,43.39
17777,3800,13-02-2026 06:06,174.15
17778,3333,11-05-2026 15:05,1344.68
17779,1894,13-05-2025 20:31,65.58
17780,237,03-06-2025 14:02,66.47
17781,3211,16-01-2025 18:07,18.71
17782,218,09-06-2026 22:44,452.77
17783,4034,22-06-2026 23:35,323.95
17784,1430,27-05-2025 15:48,467.78
17785,3464,24-11-2025 18:57,377.12
17786,517,18-07-2025 19:52,680.85
17787,3991,18-12-2025 12:28,114.91
17788,3954,08-08-2025 15:43,750.35
17789,3566,15-05-2026 05:51,138.01
17790,721,03-12-2025 07:50,488.12
17791,1033,28-06-2025 21:14,79.18
17792,1539,19-07-2026 01:16,2838.42
17793,3126,01-12-2025 20:18,194.69
17794,1058,12-03-2025 01:57,41.91
17795,1824,30-03-2026 21:30,792.76
17796,1504,17-05-2026 22:04,145.91
17797,623,22-02-2026 16:16,157
17798,2191,01-12-2025 08:06,282.35
17799,3815,20-02-2026 04:09,28.7
17800,3971,20-04-2025 04:30,305.49
17801,1977,12-08-2025 12:49,1479.18
17802,4423,30-06-2026 10:08,44.94
17803,2927,12-04-2025 16:20,112.97
17804,1405,04-08-2025 07:12,579.93
17805,4366,06-05-2025 10:53,566.5
17806,2923,02-02-2026 11:33,114.32
17807,2133,05-09-2026 10:43,1458.04
17808,4016,06-05-2026 22:43,79.03
17809,1354,24-05-2025 16:28,391.51
17810,2419,17-12-2025 12:13,435.9
17811,3766,26-03-2026 09:27,236.03
17812,3680,09-01-2025 13:32,603.24
17813,2648,24-01-2026 14:45,108.03
17814,2143,19-09-2025 19:58,28.72
17815,1566,08-10-2025 15:26,394.19
17816,1803,29-06-2025 22:31,1371.42
17817,3464,02-06-2025 20:22,530.18
17818,1488,28-09-2025 22:42,847.95
17819,4020,29-09-2025 21:55,3801.06
17820,2206,24-06-2025 11:45,23.96
17821,2457,10-05-2026 06:58,735.89
17822,4142,19-06-2026 22:28,38.15
17823,1423,08-04-2025 11:46,4479.86
17824,388,23-01-2026 21:34,367.7
17825,2487,04-11-2025 02:02,85.4
17826,2596,30-08-2025 03:35,139.2
17827,2149,23-01-2026 06:48,58.08
17828,1684,16-06-2025 10:25,181.14
17829,705,08-02-2025 19:13,130.67
17830,1314,09-08-2025 14:51,1198.11
17831,241,30-08-2026 14:44,41
17832,790,11-09-2025 16:05,89.7
17833,382,09-09-2026 09:23,270.15
17834,50,04-02-2025 12:18,551.09
17835,2233,10-12-2025 03:09,290.7
17836,2263,12-04-2026 02:31,67.56
17837,3507,07-05-2025 22:30,50.84
17838,3827,06-10-2025 09:38,91.74
17839,3997,12-05-2026 21:05,372.81
17840,1261,24-11-2025 00:39,1041.93
17841,96,30-07-2025 20:33,40.75
17842,248,12-07-2025 23:32,103.15
17843,4140,08-02-2026 10:35,258.09
17844,1782,05-07-2025 18:52,9.72
17845,289,05-12-2025 16:21,119.31
17846,3590,23-02-2026 18:26,562.04
17847,3500,29-01-2025 20:15,88.44
17848,3746,05-04-2025 16:07,661.69
17849,4161,07-09-2025 07:16,9.76
17850,2626,21-02-2025 16:43,1997.19
17851,1692,15-01-2025 23:42,1809.03
17852,2902,18-07-2025 01:45,117.24
17853,993,23-06-2025 20:43,197.96
17854,1141,25-07-2026 01:41,69.63
17855,3100,16-08-2026 21:05,883.41
17856,527,01-09-2026 03:17,1454.68
17857,2788,18-09-2025 21:44,43.8
17858,868,13-08-2025 01:08,386.39
17859,4358,24-05-2026 00:04,526.81
17860,1139,04-07-2025 23:52,1907.33
17861,3460,14-04-2026 22:35,14.63
17862,677,28-03-2026 03:50,140.65
17863,3458,02-05-2025 20:59,295.16
17864,878,21-11-2025 23:15,372.08
17865,1668,23-02-2026 23:41,392.4
17866,1163,26-04-2026 22:54,247.32
17867,2994,27-01-2025 18:07,19.26
17868,897,25-08-2025 18:51,3.5
17869,2542,03-07-2026 21:10,263.07
17870,4287,31-03-2026 06:59,115.16
17871,3059,08-08-2026 23:26,764.55
17872,1857,11-05-2026 08:24,494.24
17873,3189,08-07-2025 14:53,326.97
17874,3057,14-10-2025 09:51,366.83
17875,1302,14-07-2025 19:53,67.56
17876,3103,25-03-2025 13:28,629.67
17877,1226,05-02-2025 13:04,877.46
17878,1506,16-01-2026 17:39,32.78
17879,1003,17-10-2025 08:29,56.83
17880,4395,10-05-2026 16:19,245.69
17881,3130,16-02-2026 18:19,44.66
17882,1143,15-01-2025 01:02,41.7
17883,3701,18-01-2025 21:03,9.76
17884,4033,18-09-2025 21:32,9.72
17885,779,14-10-2025 05:03,99.85
17886,3250,17-04-2025 16:08,994.7
17887,4382,09-09-2026 20:59,1269.52
17888,3505,07-11-2025 01:39,40.39
17889,775,11-09-2025 02:27,111.11
17890,2936,04-11-2025 23:06,536.57
17891,4124,27-09-2025 05:57,641.97
17892,1758,10-01-2026 20:39,320.86
17893,1935,06-05-2025 18:03,9.76
17894,809,24-04-2025 11:18,1338.35
17895,489,20-01-2026 11:57,93.58
17896,4021,08-02-2025 06:41,613.74
17897,523,15-04-2025 01:05,324.16
17898,273,13-05-2026 18:09,720.9
17899,2937,21-01-2025 15:01,95.16
17900,2897,21-07-2025 14:56,91.1
17901,2565,14-12-2025 07:53,78.69
17902,3458,07-06-2026 00:38,51.36
17903,3589,19-05-2026 10:21,449.1
17904,1052,15-02-2026 18:18,249.45
17905,1227,23-04-2025 20:06,684.52
17906,2078,05-11-2025 04:45,784.64
17907,2871,09-06-2025 23:06,557.04
17908,1081,23-04-2025 13:53,271.92
17909,1875,11-12-2025 04:10,134.17
17910,1620,06-09-2025 12:40,159.98
17911,1749,14-09-2025 02:40,25.42
17912,877,26-02-2026 11:36,1051.47
17913,785,21-07-2026 22:26,54.8
17914,2805,13-07-2025 19:26,270.98
17915,3142,14-11-2025 05:13,145.73
17916,231,12-04-2026 07:07,589.58
17917,3272,05-06-2025 17:01,1460.69
17918,4100,30-07-2025 01:33,54.07
17919,1774,07-08-2026 08:15,178.82
17920,960,21-05-2025 13:45,879.38
17921,1209,06-09-2025 17:59,414.19
17922,2046,12-04-2026 23:54,381.68
17923,938,28-09-2025 09:45,595.89
17924,1396,12-05-2025 04:02,488.37
17925,3947,13-09-2026 13:03,885.54
17926,1793,01-09-2025 14:32,27.94
17927,369,22-08-2025 15:18,240.93
17928,2286,01-07-2025 22:08,452.17
17929,3783,19-05-2026 04:17,521.46
17930,3493,08-03-2026 17:17,467.42
17931,2616,06-09-2026 20:08,292.73
17932,2021,22-11-2025 15:06,933.8
17933,1862,22-07-2025 21:00,69.76
17934,2926,16-09-2025 14:03,1026.61
17935,1510,03-03-2025 08:06,38.52
17936,3272,05-08-2025 16:31,307.77
17937,590,10-03-2025 06:48,396.34
17938,263,13-01-2026 11:54,247.59
17939,3869,15-05-2026 21:59,207.13
17940,3668,21-07-2025 00:28,188.98
17941,3763,12-01-2026 13:26,141.07
17942,2350,28-05-2026 00:44,160.66
17943,743,08-05-2026 05:25,337.09
17944,2033,21-06-2025 19:20,371.32
17945,3271,17-05-2026 13:02,95.35
17946,4374,29-04-2025 02:12,259.63
17947,1192,20-07-2026 17:14,10.18
17948,3747,13-03-2026 01:51,1084.32
17949,480,12-03-2026 14:06,1497.02
17950,3224,10-04-2025 16:25,211.21
17951,1262,25-07-2026 09:44,62.14
17952,613,27-04-2025 23:05,538.58
17953,3682,24-05-2026 23:50,553.97
17954,1908,15-02-2026 15:44,281.79
17955,1401,02-01-2025 01:05,560.68
17956,168,24-07-2026 17:25,712.72
17957,3343,19-05-2025 15:25,3489.39
17958,655,24-03-2026 05:45,1138.23
17959,1330,05-09-2025 20:56,196.19
17960,2187,12-07-2025 15:21,746.76
17961,3560,10-08-2026 02:46,103.38
17962,2701,25-05-2025 13:23,1098.06
17963,832,01-12-2025 05:36,641.88
17964,2996,14-09-2025 08:56,17.24
17965,1501,27-02-2025 14:07,204.04
17966,1415,27-02-2025 07:22,4.32
17967,2268,08-02-2025 14:11,89.44
17968,1187,10-08-2025 08:45,204.62
17969,4015,09-05-2026 05:13,261.67
17970,804,27-03-2026 02:33,517.47
17971,3886,29-03-2025 11:00,78.55
17972,3509,25-03-2025 10:24,140.67
17973,518,05-03-2026 04:15,2927.69
17974,3492,15-05-2025 06:05,18.79
17975,2736,04-04-2025 20:47,344.88
17976,493,11-03-2025 00:39,1053.55
17977,2077,27-10-2025 13:11,207.83
17978,1059,13-03-2026 19:06,304.41
17979,810,12-05-2025 03:54,590.27
17980,3244,14-08-2025 07:35,43.39
17981,4195,04-07-2026 20:33,76.09
17982,1466,19-06-2026 19:04,2540.29
17983,3859,22-08-2026 08:48,2738.61
17984,2982,17-07-2026 07:04,427.82
17985,753,10-07-2025 20:59,1179.84
17986,4454,27-12-2025 02:17,192.95
17987,4044,15-05-2026 21:05,124.39
17988,1785,08-08-2026 01:33,1388.69
17989,2255,16-01-2026 15:08,528.8
17990,3096,12-07-2026 03:53,92.55
17991,2202,27-03-2025 15:54,57.25
17992,2735,03-04-2025 05:22,1162.38
17993,4495,13-09-2026 17:09,85.73
17994,378,02-06-2026 00:04,689.88
17995,826,27-08-2026 07:00,127.93
17996,2438,08-09-2025 08:07,337.51
17997,712,20-02-2026 22:41,292.14
17998,3340,25-05-2025 03:37,722.59
17999,1071,06-08-2026 07:40,72.29
18000,629,20-02-2025 20:16,993.59
18001,2730,09-03-2026 01:04,201.69
18002,3680,01-06-2025 23:39,1279.74
18003,2031,03-03-2026 04:46,536.65
18004,398,24-06-2026 22:50,946.08
18005,1843,06-08-2025 06:15,38.15
18006,31,30-09-2025 15:36,756.92
18007,3973,27-10-2025 03:14,2675.6
18008,3613,11-06-2026 13:42,273.28
18009,533,04-03-2026 10:49,273.74
18010,2729,22-06-2026 14:26,398.18
18011,4115,16-05-2025 21:49,283.54
18012,2525,28-02-2026 23:17,41.91
18013,3034,29-01-2025 00:04,250.14
18014,1460,19-11-2025 13:24,130.86
18015,2739,22-12-2025 13:10,135.13
18016,512,02-01-2025 14:27,603.12
18017,3897,04-01-2026 15:26,2263.57
18018,3821,11-08-2025 08:05,46.41
18019,3849,20-07-2026 09:55,101.65
18020,3075,18-01-2025 06:53,629.67
18021,881,26-04-2026 01:30,373.31
18022,3507,02-05-2026 13:13,1083.47
18023,1811,25-07-2026 09:15,450.13
18024,1521,01-01-2026 09:27,120.34
18025,1280,17-10-2025 06:15,348.78
18026,4008,14-01-2026 05:34,38.15
18027,4434,13-01-2026 09:49,69.69
18028,1650,08-07-2025 05:10,67.56
18029,1517,13-01-2025 10:56,337.51
18030,4429,19-05-2025 12:16,236.64
18031,4002,09-12-2025 20:17,300.66
18032,4229,12-09-2026 05:53,20.36
18033,2023,30-07-2026 00:11,441.71
18034,3552,07-07-2025 02:34,149.82
18035,2973,26-01-2026 08:02,223.56
18036,477,31-01-2025 07:06,513.46
18037,3169,17-11-2025 08:01,693.76
18038,2678,28-12-2025 12:32,1012.53
18039,1133,29-12-2025 19:43,341.7
18040,4305,21-03-2025 21:21,800.8
18041,3078,21-05-2026 12:16,26.33
18042,2163,27-04-2025 03:12,81.7
18043,2091,10-04-2026 16:15,64.02
18044,2846,10-04-2026 08:36,12.9
18045,3525,15-01-2025 22:57,384.81
18046,2630,19-07-2025 20:36,288.3
18047,814,04-07-2026 21:41,1344.57
18048,652,14-01-2026 01:48,420.52
18049,4435,07-06-2025 03:58,1244.05
18050,4272,22-10-2025 23:43,424.28
18051,2559,22-09-2025 07:56,372.51
18052,898,24-01-2026 03:50,235.04
18053,3604,19-02-2026 19:29,269.71
18054,265,06-09-2025 05:39,101.78
18055,1784,21-04-2026 18:58,331.84
18056,566,25-11-2025 16:09,156.63
18057,1604,05-07-2025 05:15,124.45
18058,280,17-03-2025 04:04,60.68
18059,3766,04-05-2026 02:40,377.84
18060,3249,01-06-2026 07:59,823.24
18061,3263,20-12-2025 07:06,589.49
18062,4386,14-06-2026 23:35,766.99
18063,2256,11-06-2026 09:06,161.97
18064,4056,19-11-2025 15:55,121.19
18065,159,22-05-2025 16:46,181.14
18066,700,24-02-2025 22:43,719.77
18067,495,06-06-2025 00:25,155.7
18068,4205,24-03-2026 02:12,43.39
18069,2362,02-04-2025 12:27,608.19
18070,4105,01-09-2026 18:16,29.14
18071,4107,01-11-2025 23:47,761.03
18072,3098,01-08-2025 03:20,1267.31
18073,1477,11-09-2026 07:39,29.19
18074,1426,06-09-2025 06:18,135.61
18075,4525,06-03-2025 13:01,309.72
18076,2578,21-08-2026 13:25,7529.49
18077,3077,29-06-2025 08:06,112.21
18078,3293,04-11-2025 01:50,29.67
18079,1809,09-05-2026 14:06,871.93
18080,3640,19-02-2025 19:11,135.12
18081,741,28-05-2026 04:42,347.27
18082,977,08-09-2026 02:30,238.33
18083,367,10-08-2025 07:12,422.75
18084,933,16-01-2025 02:44,345.63
18085,3911,21-01-2025 19:59,250.75
18086,3500,14-07-2026 18:00,234.02
18087,2275,27-09-2025 05:19,92.92
18088,692,15-04-2026 22:04,105.2
18089,1051,25-05-2026 00:02,147.45
18090,2013,29-10-2025 09:21,263.28
18091,4496,07-11-2025 18:31,289.64
18092,3301,25-07-2026 20:12,414.97
18093,1680,28-07-2025 04:36,54.96
18094,1422,24-03-2026 23:45,831.28
18095,4217,31-03-2025 07:39,337.51
18096,3108,21-09-2025 10:48,163.62
18097,44,28-07-2025 01:22,97.47
18098,835,08-07-2025 23:58,522.98
18099,1823,08-01-2026 00:30,51.42
18100,787,02-06-2025 17:38,271.72
18101,4494,08-01-2026 02:03,1229.85
18102,3436,14-04-2026 19:40,334.42
18103,2974,29-06-2026 17:46,673.3
18104,184,10-07-2026 23:15,808.37
18105,1157,28-08-2026 21:48,10.18
18106,1190,16-08-2025 15:18,84.16
18107,3086,20-02-2025 21:16,277.87
18108,3304,15-07-2025 03:03,46.07
18109,120,22-05-2025 04:32,80.43
18110,1568,14-01-2025 02:05,806.47
18111,1822,27-08-2026 02:51,260.09
18112,3409,09-01-2026 01:33,58.08
18113,2685,15-07-2026 15:17,373.47
18114,131,28-02-2025 06:59,3.81
18115,4311,19-08-2025 08:19,73.52
18116,1068,12-02-2026 09:55,358.92
18117,2800,26-10-2025 05:22,56.83
18118,4042,29-09-2025 22:42,207.39
18119,3422,15-08-2026 15:32,284.27
18120,1089,08-09-2026 14:50,20.45
18121,4366,28-04-2026 07:23,578.93
18122,3768,06-10-2025 03:02,848.11
18123,4093,31-05-2026 14:53,166.66
18124,4391,17-04-2025 11:32,156.19
18125,1394,16-02-2026 18:17,75.05
18126,228,02-05-2025 04:33,707.8
18127,2279,16-02-2026 03:39,113.66
18128,3314,22-11-2025 04:33,163.37
18129,2581,28-01-2026 09:19,710.89
18130,3845,10-11-2025 03:16,1272.11
18131,4223,04-06-2025 04:23,208.44
18132,4425,02-09-2025 09:40,486.15
18133,2748,03-01-2025 00:20,501.08
18134,4391,14-02-2025 19:43,1477.84
18135,2568,10-09-2026 11:58,699.56
18136,3036,05-12-2025 13:52,1307.28
18137,2975,10-07-2025 02:00,153.5
18138,1435,15-01-2025 04:24,964.31
18139,389,14-02-2025 15:03,144.08
18140,2143,25-04-2025 21:51,601.41
18141,3345,16-06-2026 05:37,632.28
18142,3499,23-06-2026 04:50,148.61
18143,707,13-11-2025 03:54,127.21
18144,2616,03-03-2026 05:57,535.58
18145,3142,17-06-2025 10:23,541.81
18146,2414,21-02-2025 05:25,811.79
18147,2394,21-02-2026 03:53,16.55
18148,2684,13-03-2026 19:55,136.56
18149,4363,27-05-2025 02:01,286.61
18150,3422,21-06-2025 12:44,8.85
18151,2072,09-03-2026 15:19,86.41
18152,2959,15-07-2026 16:17,1118.58
18153,2453,21-06-2026 15:53,239.55
18154,658,23-04-2026 10:10,336.51
18155,4376,04-02-2025 19:33,1486.94
18156,3818,28-09-2025 23:47,231.85
18157,1575,17-02-2026 03:43,32.65
18158,4006,16-03-2026 03:49,143.21
18159,32,25-04-2025 03:32,2955.01
18160,2119,25-09-2025 06:23,737.15
18161,2313,01-06-2025 03:57,215.95
18162,2687,12-02-2025 23:39,26.17
18163,3313,24-08-2025 21:38,103.63
18164,2007,14-09-2026 07:45,313.27
18165,2017,27-02-2025 08:37,109.27
18166,2993,05-04-2025 04:59,2382.61
18167,400,14-08-2026 13:24,846.16
18168,4260,29-04-2026 17:18,2628.5
18169,2091,27-05-2025 17:05,180.31
18170,739,27-05-2026 16:38,426.95
18171,361,17-07-2026 02:27,1736.74
18172,1649,24-08-2025 01:53,1294.79
18173,4266,11-09-2026 06:57,103.65
18174,1168,30-07-2026 08:41,225.19
18175,4489,07-07-2025 02:37,1552.88
18176,803,21-07-2025 20:34,14.57
18177,181,21-06-2026 11:14,139.81
18178,1007,25-08-2026 23:29,155.97
18179,1605,26-05-2025 11:42,228.38
18180,927,05-07-2025 04:15,38.68
18181,2288,25-03-2025 08:34,312.65
18182,3212,07-02-2026 04:54,1828.55
18183,611,12-06-2026 23:42,958.63
18184,3501,31-08-2025 16:55,35.94
18185,672,03-08-2026 04:21,160.37
18186,804,01-05-2025 02:34,1570.52
18187,4178,08-10-2025 09:17,78.66
18188,321,05-11-2025 08:37,1706.32
18189,3684,23-07-2025 01:40,229.52
18190,184,09-09-2025 07:06,1017.6
18191,1833,10-02-2025 22:59,507.93
18192,2938,25-11-2025 19:48,378.65
18193,979,30-07-2025 19:26,979.14
18194,1992,09-05-2025 11:10,186.23
18195,2458,09-09-2026 12:25,160.83
18196,2512,16-10-2025 02:01,18.97
18197,3124,10-03-2026 02:12,49.71
18198,1775,12-02-2026 14:57,315.81
18199,582,09-02-2025 09:07,205.28
18200,4479,06-01-2026 04:23,2104.36
18201,4217,07-11-2025 09:42,479.85
18202,2247,25-05-2025 08:50,258.66
18203,2403,21-12-2025 00:04,274.97
18204,3858,29-05-2026 21:49,161.03
18205,689,12-04-2025 15:02,18.65
18206,3246,19-06-2025 19:52,188.64
18207,1723,27-03-2026 12:54,361.12
18208,3191,13-02-2026 23:39,865.75
18209,3343,08-05-2026 19:58,300.39
18210,2186,20-03-2026 02:31,186.58
18211,1008,16-12-2025 01:24,343.31
18212,357,29-06-2025 11:00,30.54
18213,4089,07-09-2026 07:15,271.23
18214,2558,22-07-2026 22:25,39.71
18215,3686,23-07-2025 19:51,132.96
18216,2959,29-08-2025 00:41,84.53
18217,3712,01-03-2026 14:10,264.83
18218,2186,21-04-2026 18:42,948.19
18219,341,09-05-2026 22:28,78.55
18220,4114,07-01-2026 21:55,910.55
18221,4474,10-08-2025 03:34,291.37
18222,2833,19-05-2025 15:33,164.91
18223,4032,18-07-2026 21:34,923.65
18224,2007,13-05-2026 06:28,636.25
18225,1873,23-03-2025 11:13,1373.57
18226,69,10-06-2026 20:38,28.72
18227,4354,27-08-2025 13:38,68.88
18228,1159,24-08-2025 03:05,1288.35
18229,3653,13-04-2026 19:48,165.7
18230,1511,16-08-2026 05:26,57.2
18231,2512,20-09-2025 03:47,707.14
18232,3347,13-11-2025 06:47,93.08
18233,3804,09-01-2026 08:20,249.23
18234,2469,05-06-2025 12:55,416.38
18235,3545,01-12-2025 23:52,46.65
18236,3570,10-02-2025 22:01,46.11
18237,4234,20-09-2025 01:02,1952.98
18238,1115,15-12-2025 08:28,370.93
18239,4429,08-03-2025 06:49,183.37
18240,741,07-04-2025 16:33,208.41
18241,591,19-03-2026 19:18,68.09
18242,4400,20-06-2026 03:36,20.36
18243,2370,13-03-2026 05:43,91.83
18244,3570,28-07-2025 07:53,37.19
18245,4324,29-08-2026 20:33,844.65
18246,3344,26-11-2025 08:48,462.52
18247,1513,14-03-2026 15:14,110.57
18248,1148,27-04-2025 23:08,383.7
18249,2721,28-01-2026 19:15,64.09
18250,448,16-07-2025 02:52,168.65
18251,947,22-11-2025 09:29,58.08
18252,2415,16-04-2026 23:27,97.34
18253,34,17-08-2025 15:16,1226.64
18254,1339,18-02-2026 03:39,52.06
18255,3275,07-08-2025 16:44,353.01
18256,1798,25-07-2026 04:10,107.33
18257,820,27-05-2026 07:18,750.98
18258,676,25-03-2025 08:43,1060.22
18259,4376,29-04-2026 23:52,185.93
18260,2404,10-10-2025 09:28,48.16
18261,2141,30-01-2026 19:08,2327.66
18262,1905,04-08-2025 21:19,427.89
18263,2081,16-08-2026 17:25,1490.16
18264,386,10-02-2025 21:52,369.08
18265,512,06-07-2026 16:50,156.11
18266,1910,02-05-2025 02:00,304.08
18267,4274,05-02-2026 00:30,20.96
18268,1923,24-03-2025 13:56,1458.75
18269,953,10-01-2025 17:26,152.56
18270,1046,15-07-2026 03:10,81.04
18271,1696,12-09-2026 05:04,462.1
18272,1349,10-10-2025 01:14,733.1
18273,2569,23-04-2025 20:16,257.33
18274,4028,21-05-2026 10:34,1768.9
18275,326,11-05-2026 18:25,552.18
18276,2079,21-01-2026 01:47,117.24
18277,1897,01-07-2025 06:51,125.78
18278,2037,16-08-2026 03:57,38.15
18279,551,19-01-2025 23:47,131.51
18280,1355,29-05-2025 10:06,315.07
18281,126,25-11-2025 05:38,19.44
18282,3311,08-06-2026 21:44,341.01
18283,1379,30-10-2025 22:48,557.87
18284,198,15-02-2026 05:17,114.88
18285,3030,25-04-2026 16:36,94.11
18286,4291,10-04-2025 09:05,188.81
18287,3183,03-07-2025 14:00,70.6
18288,1959,16-02-2026 07:58,150.76
18289,1281,26-03-2025 04:01,26.88
18290,1593,04-11-2025 21:57,114.36
18291,1970,06-01-2026 15:16,215.1
18292,2384,10-07-2025 05:30,444.48
18293,3898,26-02-2026 23:45,331.28
18294,352,31-07-2026 15:09,552.97
18295,479,28-05-2025 14:04,1047.8
18296,3244,29-08-2025 03:45,205.43
18297,2648,03-10-2025 05:11,324.54
18298,4510,29-06-2025 22:21,518.66
18299,2055,01-04-2025 09:51,1997.89
18300,3796,27-06-2026 19:53,3.2
18301,893,09-08-2025 19:10,73.54
18302,3447,16-05-2025 21:57,211.98
18303,1112,07-12-2025 17:58,1135.44
18304,3495,20-06-2026 23:12,1172.79
18305,2334,20-06-2025 04:51,100.06
18306,2938,02-04-2025 11:25,28.88
18307,2025,02-07-2026 14:46,33.19
18308,3333,03-07-2026 07:59,2751.43
18309,940,23-03-2026 02:42,896.51
18310,1972,13-09-2026 01:06,23
18311,1103,21-06-2026 11:09,135.02
18312,309,11-09-2026 09:31,2185.43
18313,1493,30-01-2025 18:22,91.2
18314,1360,17-08-2025 06:12,113.62
18315,1451,13-08-2025 11:18,426.13
18316,1840,16-05-2026 18:11,2731.82
18317,2517,08-02-2025 18:05,339.94
18318,1843,17-04-2026 08:04,83.14
18319,2296,28-06-2026 03:27,353.18
18320,1265,16-10-2025 18:38,228.06
18321,1479,19-02-2025 10:54,198.42
18322,2820,23-08-2025 19:01,47.56
18323,3212,28-09-2025 21:33,175.38
18324,3446,11-05-2025 19:49,595.64
18325,1121,20-11-2025 05:48,18.97
18326,1184,22-06-2026 04:29,801
18327,2060,23-10-2025 11:20,231.92
18328,1164,03-03-2026 08:21,727.02
18329,259,12-12-2025 01:57,108.54
18330,2313,11-10-2025 15:55,38.85
18331,2899,28-05-2026 08:20,41.91
18332,671,03-08-2026 20:16,466.61
18333,1460,21-10-2025 00:36,277.22
18334,2396,27-01-2025 00:40,543.71
18335,926,30-08-2026 13:58,3.5
18336,4110,10-02-2026 23:24,111.08
18337,3422,09-01-2026 19:36,196.33
18338,1492,07-03-2025 14:11,453.32
18339,1430,04-06-2025 08:34,210.07
18340,949,07-11-2025 13:34,90.31
18341,285,06-07-2026 21:34,202.12
18342,4448,05-11-2025 23:41,99.81
18343,3433,25-05-2026 13:13,734.87
18344,2107,30-11-2025 02:01,337.51
18345,3395,29-06-2026 18:44,307.01
18346,3829,23-04-2025 19:32,81.73
18347,2233,02-02-2026 16:27,23
18348,2920,08-07-2026 05:38,755.13
18349,1563,18-01-2026 14:01,1134.81
18350,3373,05-03-2026 11:37,713.89
18351,4500,12-06-2026 07:22,472.57
18352,919,24-09-2025 02:00,1379.34
18353,472,20-08-2025 03:23,135.14
18354,1683,07-02-2026 15:09,460.85
18355,1337,14-11-2025 18:49,403.56
18356,4089,18-05-2025 13:22,865.54
18357,2835,26-02-2026 05:29,734.62
18358,4314,15-02-2026 21:35,1334.85
18359,3512,02-10-2025 04:50,108.66
18360,1702,11-03-2026 22:48,166.89
18361,3621,22-02-2025 14:29,2677.65
18362,341,13-08-2025 06:31,1065.68
18363,660,16-02-2026 16:18,567.05
18364,2176,08-02-2025 06:53,663.98
18365,2969,26-06-2025 06:54,353.43
18366,4406,23-07-2025 19:58,3.5
18367,4305,31-07-2025 06:21,242.1
18368,3633,15-05-2025 17:12,305.2
18369,3293,25-06-2026 04:42,10.18
18370,933,01-02-2026 16:28,1045.57
18371,2786,20-12-2025 06:41,60
18372,3527,31-08-2025 01:57,726.84
18373,986,16-12-2025 20:11,44.74
18374,106,30-07-2026 21:38,464.87
18375,607,29-07-2026 21:49,378
18376,4181,07-02-2026 10:06,295.62
18377,545,19-06-2026 07:59,1141.46
18378,865,09-11-2025 02:02,81.12
18379,3278,22-05-2026 22:45,116.44
18380,516,05-01-2026 04:14,296.09
18381,3847,31-08-2026 15:09,614.46
18382,2363,05-04-2025 03:28,105.95
18383,2372,21-06-2026 08:12,958.38
18384,2712,07-08-2025 15:57,1133.34
18385,286,12-04-2025 14:35,154.42
18386,738,02-04-2025 05:15,107.36
18387,1552,24-02-2025 17:24,1567.17
18388,541,02-12-2025 12:05,39.76
18389,3447,17-07-2026 22:43,726.39
18390,3393,04-09-2026 03:14,1235.7
18391,3385,06-05-2026 00:41,269.84
18392,1518,17-07-2026 18:59,58.08
18393,2065,25-09-2025 03:44,53.15
18394,4088,19-11-2025 09:47,315.45
18395,2629,30-07-2026 22:58,125.98
18396,640,08-02-2025 02:30,75.41
18397,4250,22-10-2025 16:46,336.42
18398,62,27-07-2025 09:02,220.52
18399,3610,09-04-2025 18:11,1051.24
18400,3556,29-04-2026 11:45,514.83
18401,4491,05-07-2025 22:40,85.24
18402,1393,27-06-2026 10:32,798.95
18403,4431,07-09-2025 01:25,766.07
18404,1657,19-01-2025 21:26,845.82
18405,3173,27-08-2025 04:17,631.73
18406,4411,21-02-2025 11:05,358.37
18407,3696,07-01-2026 03:33,939.21
18408,708,10-08-2025 11:42,424.37
18409,1498,15-09-2025 18:30,52.48
18410,1253,16-03-2026 09:50,681.93
18411,4331,16-03-2026 13:06,840.07
18412,4105,24-04-2026 22:39,1418.98
18413,630,08-07-2026 02:08,7.3
18414,226,12-02-2026 18:07,638.9
18415,259,28-05-2025 16:51,2960.71
18416,2884,30-12-2025 18:14,82.13
18417,1695,17-12-2025 08:46,1388.72
18418,4029,25-06-2026 08:25,115.86
18419,4,16-05-2026 13:40,3.77
18420,2750,10-02-2025 19:56,44.73
18421,2480,19-12-2025 12:24,183.63
18422,256,08-02-2026 12:04,247.21
18423,392,03-05-2026 13:56,474.27
18424,239,16-05-2025 04:50,780.99
18425,1017,15-02-2026 13:09,195.83
18426,2870,18-07-2025 12:19,122.98
18427,926,23-06-2026 16:12,356.53
18428,2001,15-04-2026 14:44,367.88
18429,4130,20-02-2025 09:46,578.88
18430,4226,09-08-2025 23:07,785.89
18431,755,06-07-2026 21:40,92
18432,3331,07-03-2026 11:52,215.66
18433,3062,26-08-2025 14:00,75.95
18434,2630,24-06-2025 04:21,217.63
18435,2480,21-07-2026 07:27,290.01
18436,2212,04-12-2025 11:18,1555.98
18437,363,01-02-2025 15:41,196.38
18438,3549,28-07-2025 06:41,69.63
18439,3922,22-01-2025 16:30,1374.05
18440,586,06-01-2026 13:28,245.69
18441,3316,30-08-2025 15:48,1367.61
18442,3980,27-09-2025 17:32,220.9
18443,3696,03-07-2026 03:24,2.43
18444,1842,14-11-2025 10:50,1059.04
18445,2580,14-06-2025 13:12,1921.91
18446,3395,18-06-2025 18:27,733.43
18447,4194,05-04-2025 02:11,685.79
18448,1841,25-09-2025 10:24,166.75
18449,519,06-11-2025 17:45,1068.77
18450,2128,11-06-2026 16:57,881.36
18451,3014,05-03-2026 01:24,49.33
18452,2914,26-08-2026 02:51,761.8
18453,3324,08-05-2026 01:40,483.09
18454,2645,03-05-2025 15:39,70.17
18455,574,06-08-2025 17:05,142.07
18456,2155,07-02-2025 20:06,244.52
18457,1470,16-04-2025 18:58,60.92
18458,3574,23-08-2025 02:54,377.12
18459,4205,15-02-2025 17:32,40.07
18460,3766,02-04-2025 15:41,70.63
18461,1795,23-10-2025 01:02,187.64
18462,2601,09-09-2026 01:38,117.24
18463,148,27-12-2025 03:01,6172.22
18464,3586,02-01-2026 01:24,1353.38
18465,3620,11-07-2026 03:31,135.52
18466,2136,31-07-2026 02:52,901.61
18467,3832,05-09-2026 04:45,137.57
18468,1109,21-06-2026 08:47,147.4
18469,2118,08-01-2025 04:05,894.45
18470,4218,01-04-2025 19:06,192.73
18471,3194,12-06-2025 07:18,24.52
18472,4074,01-11-2025 00:13,342.37
18473,3556,01-04-2026 21:32,2833.77
18474,4513,04-06-2026 11:54,123.73
18475,3440,12-08-2026 09:22,38.31
18476,2868,07-06-2025 01:31,27.09
18477,3006,22-05-2026 08:42,90.16
18478,1718,08-02-2025 03:42,35
18479,3796,02-10-2025 08:17,287.88
18480,1806,02-05-2025 19:33,744.89
18481,663,07-02-2026 03:08,1011.22
18482,3792,24-07-2026 12:33,139.95
18483,3251,22-07-2025 13:11,578.03
18484,984,29-11-2025 03:39,178.93
18485,4395,27-04-2026 10:00,312.44
18486,1819,09-08-2025 16:01,406.59
18487,3310,19-11-2025 13:19,186.72
18488,4046,18-03-2025 01:58,121.07
18489,1508,30-03-2026 04:09,1268.68
18490,94,05-06-2026 13:34,458.89
18491,3630,12-12-2025 08:18,72.59
18492,3087,13-06-2025 17:55,23.94
18493,2998,03-04-2026 14:49,1001.12
18494,3540,30-09-2025 14:58,759.98
18495,3316,30-08-2026 22:25,128.25
18496,142,22-06-2025 12:24,532.4
18497,1735,18-02-2026 03:43,2.95
18498,852,08-03-2026 08:15,68.91
18499,2261,30-07-2026 23:23,104.41
18500,4464,23-11-2025 06:49,378.82
18501,568,14-01-2026 06:01,162.3
18502,1300,27-03-2026 18:23,250.04
18503,2906,02-08-2026 09:02,144.64
18504,2647,01-08-2025 02:15,214.51
18505,1074,23-07-2026 11:46,247
18506,2027,20-08-2025 16:03,576.18
18507,3031,19-03-2026 09:20,113.96
18508,154,20-02-2026 01:26,81.09
18509,2385,28-05-2026 06:38,443.62
18510,3424,29-01-2025 05:11,697.45
18511,3851,02-07-2026 13:01,2135.49
18512,1672,03-06-2025 08:53,1354.36
18513,24,10-09-2026 11:58,1395.53
18514,782,03-11-2025 02:37,12.84
18515,1800,29-07-2026 09:17,399.31
18516,2343,09-03-2025 16:00,941.79
18517,4086,05-08-2026 07:08,90.81
18518,4227,03-07-2026 09:52,413.12
18519,2747,26-08-2026 03:33,400.67
18520,1470,21-08-2026 00:27,547.27
18521,1375,08-08-2026 22:51,742.58
18522,109,27-10-2025 21:32,451.05
18523,1469,12-12-2025 21:32,99.38
18524,2364,11-05-2025 07:38,51.25
18525,2355,07-05-2025 09:54,174.8
18526,2044,06-02-2025 04:56,397.1
18527,4011,21-03-2026 21:06,286.88
18528,841,21-03-2026 08:38,101.21
18529,694,07-01-2026 20:36,337.51
18530,2895,23-10-2025 00:36,218.17
18531,2165,18-09-2025 21:02,622.07
18532,2794,02-02-2025 16:17,629.33
18533,863,28-01-2025 19:48,739.95
18534,752,20-09-2025 18:35,1555.95
18535,3935,26-03-2025 06:31,358.52
18536,1449,05-06-2025 05:52,83.82
18537,4380,17-05-2025 03:14,337.51
18538,3783,26-02-2026 03:03,150.45
18539,1629,13-10-2025 04:37,469.9
18540,2580,24-01-2026 03:19,2085.43
18541,3305,01-03-2025 03:36,228.78
18542,4185,15-09-2025 01:26,388.64
18543,602,19-03-2026 23:51,270.38
18544,630,23-05-2026 12:30,85.6
18545,991,27-09-2025 20:33,108.92
18546,4427,20-01-2026 10:50,180.62
18547,877,19-06-2026 22:52,688.24
18548,3395,06-04-2025 07:11,63.55
18549,2704,19-11-2025 15:39,86.48
18550,3416,08-06-2025 08:19,6.4
18551,1244,15-05-2026 03:57,294
18552,1367,01-11-2025 19:13,1544.16
18553,2733,29-06-2026 07:40,2.95
18554,1867,19-08-2026 11:58,450.4
18555,34,23-09-2025 04:08,196.38
18556,777,12-08-2026 16:32,705.33
18557,1729,30-05-2025 20:11,984.96
18558,2140,15-07-2025 15:52,35.3
18559,2914,01-10-2025 07:16,402.75
18560,3734,09-07-2025 09:18,115.08
18561,2365,19-10-2025 05:24,91.93
18562,4295,14-02-2025 05:03,221.64
18563,17,07-12-2025 18:01,116.66
18564,2926,28-05-2025 02:43,254.95
18565,2171,31-03-2026 17:59,343.91
18566,3004,19-02-2026 00:43,583.86
18567,1421,06-09-2025 01:25,160.54
18568,2880,01-06-2025 18:00,62.14
18569,3311,11-09-2025 11:28,175.28
18570,1799,02-03-2026 12:02,201.76
18571,2916,12-08-2026 12:35,202.03
18572,1621,03-05-2025 06:23,286.58
18573,1469,05-08-2026 02:00,358.37
18574,3571,28-10-2025 10:55,789.31
18575,2800,13-08-2026 23:34,41.91
18576,1821,29-05-2026 11:51,188.4
18577,3648,23-01-2025 18:29,1365.96
18578,3331,08-12-2025 06:17,106.71
18579,1435,31-01-2026 08:30,99.63
18580,4358,12-05-2026 05:14,205.92
18581,44,16-11-2025 12:33,378.51
18582,1098,10-08-2025 13:55,998.92
18583,3959,07-09-2025 18:26,869.66
18584,1573,16-05-2025 17:31,197.32
18585,3788,14-09-2025 13:33,817.7
18586,944,08-09-2026 22:08,128.53
18587,261,18-10-2025 02:19,688.82
18588,1489,10-09-2026 20:51,1488.17
18589,4470,27-05-2026 10:21,750.84
18590,1414,08-01-2026 06:33,1889.58
18591,1440,27-04-2025 18:37,14.57
18592,419,11-04-2026 19:39,2099.3
18593,84,09-01-2026 04:29,148.11
18594,1403,11-12-2025 20:34,4.22
18595,3206,04-05-2025 15:46,753.73
18596,2991,18-12-2025 16:22,719.56
18597,1309,03-07-2025 00:23,275.28
18598,3856,15-03-2026 02:30,108.63
18599,284,05-07-2026 07:48,102.46
18600,3707,15-11-2025 07:14,645.79
18601,1304,14-11-2025 18:56,317.3
18602,2944,09-09-2026 10:55,98.45
18603,997,14-06-2026 06:37,363.55
18604,3124,22-06-2025 11:48,481.11
18605,4414,22-04-2026 16:28,523.62
18606,4396,27-11-2025 01:15,459.96
18607,536,24-09-2025 04:30,630.86
18608,4077,07-03-2026 17:21,60.45
18609,3632,03-06-2025 08:49,119.4
18610,2984,07-01-2025 07:04,2656.98
18611,4195,06-06-2026 23:53,1351.36
18612,682,16-04-2026 04:30,600.04
18613,1311,18-02-2026 09:00,20.36
18614,312,14-02-2026 12:11,1149.36
18615,1071,13-06-2026 01:55,170.8
18616,3525,22-07-2025 09:41,546.23
18617,3650,16-12-2025 22:20,716.2
18618,149,10-05-2026 02:51,128.7
18619,3693,04-06-2025 20:08,201.95
18620,371,28-12-2025 03:23,128.52
18621,1759,15-01-2026 16:06,158.69
18622,1533,06-04-2026 21:52,2226.52
18623,2957,22-07-2026 14:27,100.05
18624,2515,05-03-2026 11:02,1519.12
18625,2602,25-08-2025 20:23,1668.95
18626,660,20-08-2025 18:06,1166.61
18627,1732,25-04-2025 12:41,337.51
18628,4202,08-05-2025 09:24,694.68
18629,495,18-11-2025 14:25,1700.26
18630,1075,19-04-2026 03:57,149.93
18631,2738,04-05-2026 04:46,468.85
18632,1821,12-02-2026 03:50,101.81
18633,2754,06-04-2025 18:43,255.47
18634,437,13-09-2025 20:08,446.52
18635,1623,30-10-2025 17:19,253.52
18636,2586,03-05-2025 15:16,111.39
18637,2733,20-09-2025 08:22,132.46
18638,2530,24-08-2026 12:44,963.75
18639,3983,16-12-2025 18:04,147.35
18640,3433,19-07-2025 12:57,249.68
18641,1614,31-05-2025 11:33,140.25
18642,2932,16-03-2025 20:08,2.43
18643,4060,01-06-2026 02:16,191.88
18644,4168,13-05-2025 12:37,53.1
18645,2049,05-07-2026 00:41,241.21
18646,781,22-07-2025 09:30,293.3
18647,3583,19-02-2026 08:53,85.11
18648,2022,12-01-2025 01:39,8.65
18649,3224,03-01-2026 20:02,601.5
18650,1892,15-04-2025 07:54,24.39
18651,4525,20-04-2026 05:48,58.08
18652,4357,27-06-2025 16:47,180.11
18653,256,18-08-2025 19:41,1630.24
18654,646,28-08-2025 00:17,261.57
18655,3557,22-07-2026 17:51,232.72
18656,2211,06-07-2026 21:41,41.91
18657,3142,08-12-2025 11:58,440.17
18658,556,16-04-2025 21:38,28.59
18659,1621,13-02-2026 14:02,235.48
18660,4270,26-11-2025 23:03,939.63
18661,2932,06-06-2026 01:26,592.6
18662,1202,24-05-2026 08:47,1894.25
18663,136,21-04-2025 07:36,2694.67
18664,3542,28-04-2025 08:09,426.96
18665,3388,14-09-2025 14:41,150.62
18666,1050,03-06-2025 00:44,183.48
18667,472,15-07-2026 07:04,100.85
18668,982,13-09-2026 14:52,1087.39
18669,3684,01-08-2025 23:18,135.12
18670,2409,20-06-2026 05:35,2239.24
18671,2299,25-06-2026 00:20,37.64
18672,2540,03-02-2025 14:20,337.51
18673,3690,29-11-2025 23:57,780
18674,4346,09-12-2025 07:22,34.32
18675,2905,31-07-2026 12:14,1531.77
18676,324,22-06-2026 08:01,194.57
18677,3014,23-10-2025 03:33,215.51
18678,308,24-01-2025 17:22,7.5
18679,1353,04-06-2026 18:31,347.74
18680,3804,06-09-2025 17:57,49.63
18681,4366,20-11-2025 15:00,434.64
18682,3935,17-07-2026 16:14,1368.21
18683,603,23-10-2025 22:39,234.85
18684,1726,19-08-2026 10:34,142.1
18685,3366,05-07-2025 01:07,482.11
18686,2749,10-08-2026 10:21,671.93
18687,4522,27-08-2026 04:29,68.89
18688,769,19-08-2025 21:27,479.77
18689,4049,28-02-2026 01:55,26.1
18690,2085,01-03-2025 08:13,119.48
18691,761,25-01-2026 10:21,192.06
18692,2887,15-06-2026 04:32,1808.21
18693,4134,15-05-2025 17:55,394.34
18694,1675,08-02-2025 01:07,686.21
18695,503,11-08-2026 04:15,58.94
18696,4488,12-06-2026 11:01,22.38
18697,4519,05-12-2025 08:37,2053.26
18698,3588,10-06-2026 04:38,314.17
18699,1952,06-09-2025 17:01,735.99
18700,3608,28-07-2025 02:48,215.77
18701,2253,06-01-2025 05:51,457.36
18702,89,20-06-2026 11:32,3.2
18703,1035,30-07-2026 14:20,81.57
18704,281,01-05-2026 16:06,323.8
18705,265,15-02-2026 12:46,141.77
18706,1002,12-02-2025 13:11,163.16
18707,2553,20-05-2025 23:36,593.39
18708,694,18-01-2025 03:58,302.05
18709,1835,10-02-2026 20:59,94.49
18710,3965,31-12-2025 03:01,528.75
18711,573,27-04-2026 00:45,3.2
18712,871,02-04-2025 04:46,286.55
18713,4299,10-07-2025 22:24,26.5
18714,3113,30-01-2026 15:29,1423.18
18715,994,29-08-2026 01:54,52.91
18716,843,25-09-2025 00:24,812.32
18717,1587,29-05-2026 11:15,619.93
18718,4368,21-06-2025 08:27,768.42
18719,2023,09-02-2025 19:49,54.74
18720,1380,19-07-2026 22:39,917.54
18721,2280,08-08-2026 23:23,1012.26
18722,1420,04-06-2025 04:45,113.66
18723,312,27-02-2026 05:05,650.41
18724,1590,05-06-2026 08:54,96.56
18725,2099,24-05-2025 06:43,70.6
18726,90,05-06-2025 05:45,43.54
18727,3281,25-03-2026 17:43,105.31
18728,974,31-03-2026 02:09,183.43
18729,2969,22-10-2025 00:19,220.76
18730,1501,31-05-2026 18:33,35.3
18731,2617,09-08-2026 04:52,508.77
18732,2669,19-08-2025 11:17,1483.08
18733,791,26-07-2026 15:02,658.39
18734,1852,04-07-2026 21:35,425.1
18735,3325,11-01-2025 12:15,142.38
18736,406,09-04-2026 22:54,422.75
18737,2919,02-04-2025 04:26,134.45
18738,4380,05-11-2025 16:15,72.66
18739,2367,26-12-2025 17:06,96.98
18740,1403,13-05-2025 03:07,217.61
18741,2200,28-10-2025 18:03,13.19
18742,3288,04-04-2025 13:18,51.87
18743,2525,29-07-2025 21:10,119.66
18744,2007,21-06-2025 14:55,254.1
18745,4151,14-04-2025 08:35,60.44
18746,1291,14-08-2026 23:24,509.21
18747,1044,11-10-2025 07:34,336.85
18748,2785,24-03-2025 19:00,290.66
18749,508,18-02-2025 21:27,334.27
18750,3268,04-09-2026 07:49,21.52
18751,10,16-12-2025 21:17,659.57
18752,692,16-06-2026 21:43,1704.99
18753,728,31-08-2025 09:46,868.03
18754,3942,12-08-2026 15:58,347.69
18755,2803,03-08-2026 06:10,35.3
18756,3469,23-03-2025 03:06,1526.26
18757,933,20-08-2025 20:58,233.41
18758,799,07-07-2026 16:24,441.26
18759,1327,22-07-2025 00:37,192.06
18760,2997,11-05-2025 15:15,407.96
18761,210,19-07-2026 20:45,343.34
18762,514,12-04-2026 02:49,78.55
18763,4220,16-09-2025 03:19,141.94
18764,1217,24-02-2026 21:47,769.25
18765,2237,19-11-2025 02:34,180.39
18766,2689,16-09-2025 22:54,304.79
18767,4514,06-02-2026 09:22,323
18768,1437,02-08-2026 09:44,225.17
18769,2123,15-01-2025 22:38,351.36
18770,4133,14-04-2025 19:00,623.25
18771,4139,05-01-2026 23:51,1352.79
18772,309,15-02-2025 08:25,43.72
18773,2650,21-08-2026 08:56,417.23
18774,2547,24-03-2026 20:23,153.77
18775,4301,07-11-2025 14:15,444.7
18776,86,11-08-2025 02:46,319.61
18777,605,11-08-2025 13:51,1172.85
18778,3064,03-12-2025 13:10,266.95
18779,3261,25-08-2025 18:05,387.31
18780,2302,27-02-2025 22:16,440.84
18781,3208,19-07-2025 21:09,588.17
18782,4317,07-03-2025 19:28,114.14
18783,3879,18-09-2025 23:58,575.14
18784,2115,12-08-2026 08:35,13.05
18785,967,15-06-2026 22:57,18.05
18786,4104,02-08-2026 01:18,309.76
18787,833,19-07-2026 11:10,519.24
18788,3465,27-06-2026 02:47,122.82
18789,2224,21-08-2026 17:31,676.41
18790,2522,18-03-2026 12:06,385.12
18791,2653,22-07-2026 02:18,39.07
18792,3530,20-04-2026 06:41,97.37
18793,2754,22-02-2026 04:48,416.88
18794,2802,07-11-2025 13:44,44.94
18795,1847,15-11-2025 02:53,27.84
18796,2658,16-02-2025 15:56,869.59
18797,557,19-02-2025 22:26,184.48
18798,3892,26-12-2025 12:55,195.78
18799,842,30-04-2025 08:59,39.75
18800,136,15-07-2025 02:49,139.42
18801,2913,17-07-2025 00:32,467.81
18802,2750,10-01-2026 20:24,114.04
18803,2036,13-07-2026 13:52,42.58
18804,3219,23-03-2026 12:44,874.14
18805,3965,23-11-2025 10:59,424.37
18806,2931,05-06-2026 20:57,696.42
18807,4257,03-12-2025 11:02,412.5
18808,1108,10-08-2026 13:47,531.43
18809,503,06-01-2026 01:34,346.88
18810,4292,13-10-2025 21:23,434.15
18811,3935,21-06-2026 21:15,117.3
18812,3523,02-06-2026 04:59,205.76
18813,469,26-08-2025 05:33,559.14
18814,3124,03-05-2025 11:29,59.26
18815,3982,30-07-2025 13:56,1276.61
18816,3669,08-10-2025 03:32,414.52
18817,3523,06-02-2025 19:41,3.5
18818,2121,19-08-2025 06:36,260.73
18819,3144,04-04-2026 05:37,737.14
18820,1804,19-04-2025 00:05,1155.74
18821,4352,12-12-2025 18:29,45.71
18822,2517,01-08-2025 19:57,86.11
18823,3419,15-03-2025 21:46,37.43
18824,1801,19-06-2026 07:10,817.09
18825,3815,31-08-2025 13:23,43.7
18826,3947,15-05-2026 18:16,685.32
18827,2972,09-07-2025 09:09,350.63
18828,3440,29-09-2025 15:31,848.74
18829,1681,11-05-2025 09:24,30.92
18830,1046,08-06-2025 16:16,30.19
18831,1541,20-10-2025 08:56,167.64
18832,1763,02-03-2026 17:08,28.72
18833,2604,10-03-2025 22:47,1338.62
18834,2452,12-05-2026 19:51,400.04
18835,1182,23-06-2025 09:34,679.5
18836,483,13-01-2025 16:03,384.02
18837,4105,05-02-2025 17:37,390.87
18838,4334,12-05-2026 13:50,286.17
18839,840,26-02-2026 23:53,1237.2
18840,1875,06-11-2025 23:29,525.39
18841,851,19-04-2026 13:41,871.99
18842,2946,24-07-2026 19:55,182.86
18843,618,02-02-2025 18:39,415.35
18844,4096,25-07-2025 15:07,301.23
18845,2359,25-02-2025 20:53,116.16
18846,1022,03-09-2026 04:04,102.34
18847,4121,01-12-2025 08:07,167.36
18848,2974,26-02-2026 13:53,676.72
18849,316,14-06-2026 14:33,91.3
18850,3085,20-02-2025 04:50,402.53
18851,4137,11-08-2026 16:31,1032.48
18852,3309,03-06-2025 23:48,193.6
18853,1345,22-06-2025 07:28,583.97
18854,540,29-07-2026 09:00,1752.26
18855,1282,31-03-2025 06:00,498.64
18856,2381,19-09-2025 15:16,375.09
18857,3357,31-05-2025 07:24,874.55
18858,3755,24-12-2025 15:33,43.39
18859,814,18-07-2026 05:04,16.37
18860,2965,21-04-2026 13:00,61.51
18861,4408,02-07-2026 00:30,1381.44
18862,3002,31-01-2026 01:58,250.04
18863,1112,07-09-2025 20:56,91.85
18864,2918,10-07-2025 01:37,12.42
18865,3952,01-09-2025 07:02,166.68
18866,648,28-05-2025 21:50,347.96
18867,3704,09-03-2025 07:06,23.06
18868,462,05-04-2026 12:35,1493.48
18869,3139,05-03-2025 14:16,1343.12
18870,1989,17-03-2026 16:45,46.61
18871,1750,27-10-2025 01:29,389.03
18872,2431,13-02-2026 05:21,155.7
18873,455,07-05-2026 07:31,236.88
18874,793,22-05-2025 01:09,190
18875,319,29-04-2026 08:40,56.06
18876,2962,15-02-2026 22:28,134.29
18877,2811,22-10-2025 19:43,8.65
18878,772,21-06-2026 07:30,115.98
18879,671,30-01-2026 07:40,313.7
18880,330,01-12-2025 22:43,64
18881,3047,11-06-2026 12:50,228.45
18882,3569,02-09-2026 01:35,144.22
18883,229,17-02-2026 16:27,1279.76
18884,3603,07-01-2025 19:49,296.03
18885,2581,08-07-2026 22:56,795.67
18886,3188,18-08-2025 19:14,1394.87
18887,150,17-08-2025 16:05,7.3
18888,1054,07-01-2026 03:39,1047.83
18889,4060,28-03-2025 07:28,191.82
18890,1359,18-01-2026 01:01,9.27
18891,3027,18-04-2026 11:20,3.5
18892,2587,17-05-2025 10:07,600.46
18893,2578,26-03-2026 13:06,320.05
18894,679,27-01-2025 03:30,40.87
18895,1255,08-02-2026 01:23,387.96
18896,1261,04-05-2025 00:05,2.95
18897,4007,11-07-2025 07:45,812.75
18898,3215,21-05-2026 15:33,585.9
18899,3003,02-04-2025 11:36,356.36
18900,2860,06-06-2025 10:58,38.15
18901,2301,27-03-2026 11:33,256.04
18902,3962,11-01-2025 13:43,1210.04
18903,1963,09-05-2025 13:17,2007.54
18904,2565,22-02-2026 16:02,297.47
18905,3914,15-04-2026 16:41,575.67
18906,4267,29-07-2025 11:41,715.07
18907,4221,12-10-2025 07:48,373.17
18908,3580,29-05-2025 12:21,76.75
18909,151,13-07-2026 05:31,1347.6
18910,2948,07-01-2026 07:21,1437.42
18911,2626,18-02-2025 01:57,218.61
18912,189,27-07-2026 03:54,1648.76
18913,1834,25-07-2025 23:31,52.9
18914,2105,06-01-2025 07:35,373.13
18915,1322,10-09-2026 00:12,288.08
18916,2561,06-01-2026 09:04,391.47
18917,274,02-03-2026 07:07,9.76
18918,3324,19-09-2025 00:11,50.33
18919,412,22-03-2025 14:56,577.1
18920,1630,15-05-2025 08:00,721.58
18921,1039,05-05-2025 03:04,387.39
18922,2990,08-01-2025 19:51,999.91
18923,368,19-06-2026 05:56,71.68
18924,3057,27-01-2025 11:16,138.45
18925,744,08-08-2025 12:10,500.62
18926,1751,02-09-2025 18:53,228.94
18927,2479,04-02-2026 19:25,889.75
18928,2027,23-09-2025 03:25,309.2
18929,3870,07-07-2025 10:38,3166.58
18930,2973,27-11-2025 10:06,145.4
18931,3727,13-08-2026 16:32,81.54
18932,4391,30-06-2026 16:07,41.91
18933,3346,18-01-2026 22:50,244.15
18934,2958,08-09-2026 19:15,840.95
18935,471,23-10-2025 11:21,528.82
18936,747,24-04-2025 00:45,97.18
18937,1288,13-08-2026 19:16,27.35
18938,4469,29-06-2025 13:48,785.17
18939,2852,08-12-2025 12:04,180.44
18940,3119,23-02-2025 02:23,226.49
18941,887,05-03-2025 02:49,418.98
18942,1046,04-02-2026 21:58,278.24
18943,3553,30-01-2025 20:30,227.8
18944,2725,03-07-2026 15:36,125.02
18945,2488,10-01-2026 20:54,126.66
18946,1374,18-05-2025 14:13,125.17
18947,1564,17-12-2025 12:14,542.81
18948,4480,23-03-2026 14:51,612.13
18949,3720,08-07-2026 01:10,27.47
18950,3433,08-09-2026 10:16,337.51
18951,603,29-04-2025 22:23,242.9
18952,4026,21-05-2026 05:20,60.98
18953,2231,09-04-2026 07:01,90.31
18954,4390,05-05-2025 10:11,842.79
18955,1124,13-07-2025 10:46,486.54
18956,1798,30-03-2026 20:13,555.48
18957,868,03-07-2026 13:02,83.21
18958,3981,06-01-2025 18:59,231.98
18959,609,12-01-2026 14:42,805.87
18960,4154,10-02-2026 05:29,1055.47
18961,3552,19-04-2025 03:27,160.09
18962,1320,23-07-2026 09:14,1709.37
18963,2486,17-04-2025 18:35,2.16
18964,1205,28-03-2026 09:41,125.02
18965,930,23-09-2025 20:59,682.61
18966,4134,12-04-2025 10:55,211.8
18967,3304,14-09-2025 12:46,12.67
18968,2179,11-06-2026 22:49,31.05
18969,1543,15-08-2025 02:06,147.84
18970,3089,23-02-2025 04:18,29.16
18971,2468,08-09-2026 21:30,782.42
18972,415,03-04-2025 18:46,76.75
18973,3459,08-04-2026 19:07,40.62
18974,1653,16-03-2026 06:43,166.93
18975,3354,18-04-2026 14:50,81.54
18976,1240,25-05-2026 19:01,85.24
18977,2979,10-03-2026 20:13,604.78
18978,4250,02-07-2026 15:42,34.32
18979,3379,06-08-2026 06:15,223.44
18980,809,15-05-2026 07:09,115.79
18981,372,02-06-2025 20:51,546.39
18982,3335,20-01-2026 11:08,352.43
18983,3950,06-04-2025 01:49,543.06
18984,2882,12-10-2025 17:02,64.6
18985,148,22-03-2026 11:37,701.87
18986,2963,13-11-2025 08:41,471.36
18987,805,16-06-2026 15:27,356.48
18988,1187,14-01-2025 09:03,129.57
18989,853,20-12-2025 06:28,320.74
18990,3849,27-07-2025 05:22,36.78
18991,4338,11-05-2025 18:24,1000.09
18992,352,15-07-2025 16:35,11.19
18993,2343,02-01-2026 05:38,170.95
18994,789,09-12-2025 20:36,225.17
18995,572,23-03-2026 23:58,897.87
18996,1482,31-03-2025 03:51,137.38
18997,1403,27-11-2025 16:12,50.84
18998,2466,17-08-2026 08:08,139.88
18999,4112,06-01-2026 16:19,60.24
19000,3987,19-12-2025 23:25,212.54
19001,3447,13-04-2026 20:14,574.26
19002,1975,24-06-2026 03:04,118.88
19003,668,07-06-2026 06:04,61.58
19004,3848,21-11-2025 14:56,797.01
19005,3273,03-06-2026 22:21,387.42
19006,2336,29-04-2025 18:28,785.65
19007,1588,09-09-2025 11:47,292.67
19008,3355,17-06-2026 15:29,2036.65
19009,586,13-02-2026 05:14,1917.55
19010,2389,23-12-2025 07:19,10.18
19011,3921,20-10-2025 10:07,175.25
19012,1347,10-01-2025 16:08,37.06
19013,3879,20-04-2025 00:06,1204.18
19014,2182,05-06-2026 22:14,150.7
19015,1936,25-01-2025 05:03,10.51
19016,2787,25-07-2026 12:31,14.57
19017,16,30-04-2025 02:09,412.39
19018,1987,27-05-2025 17:14,104.95
19019,3536,30-09-2025 06:39,87.22
19020,1535,02-03-2026 08:03,636.11
19021,404,11-11-2025 15:06,822.25
19022,1694,02-12-2025 15:23,536.36
19023,1973,06-09-2025 17:06,172.6
19024,3127,22-11-2025 18:07,483.16
19025,3373,09-06-2026 16:32,305.26
19026,2579,15-05-2026 18:36,895.51
19027,245,25-02-2026 06:34,51.49
19028,902,06-05-2025 02:01,1568.43
19029,950,02-04-2026 04:38,49.54
19030,2265,16-08-2026 09:14,747.2
19031,3783,28-04-2025 22:20,49.48
19032,2372,09-09-2026 14:58,1053.81
19033,553,07-05-2025 09:57,192.71
19034,4007,05-04-2026 02:53,377.12
19035,1017,16-05-2026 13:05,216.44
19036,2142,26-10-2025 07:05,132.87
19037,2009,14-05-2025 23:25,174.23
19038,2240,11-11-2025 22:24,209.74
19039,1621,26-09-2025 06:43,405.28
19040,2197,30-08-2025 07:28,1080.4
19041,972,06-07-2025 08:21,6.48
19042,1714,18-05-2026 06:39,98.29
19043,3978,24-05-2026 01:56,176.9
19044,658,24-05-2026 21:19,32.02
19045,4064,05-01-2026 10:18,1018.36
19046,4228,29-07-2026 05:16,41.91
19047,988,03-09-2026 17:03,158.37
19048,1372,04-02-2025 12:13,1357.04
19049,254,30-05-2025 09:03,303.79
19050,1308,09-03-2025 20:48,180.62
19051,2178,24-06-2026 11:50,240.36
19052,3110,11-07-2026 12:55,179.34
19053,1870,10-08-2025 08:46,1863.5
19054,3583,12-06-2026 04:54,523.2
19055,118,18-08-2025 14:15,207.5
19056,3370,08-08-2026 00:55,1341.02
19057,3464,24-12-2025 01:11,458.86
19058,2919,04-04-2025 02:43,28.51
19059,2955,07-06-2025 10:17,404.29
19060,4242,11-01-2025 16:08,13.05
19061,1876,30-08-2026 09:00,117.24
19062,1296,14-07-2025 00:02,156.89
19063,1580,08-05-2026 20:42,187.86
19064,1459,24-02-2025 19:25,884.57
19065,3344,01-07-2025 20:43,2531.52
19066,3683,08-05-2026 18:31,205.46
19067,2653,30-05-2026 00:11,1560.67
19068,3062,26-02-2026 07:38,171.04
19069,221,15-08-2025 19:25,515.15
19070,2246,13-09-2025 21:44,381.72
19071,2481,31-05-2025 04:11,43.39
19072,3191,01-02-2026 13:01,78.7
19073,462,30-12-2025 09:09,841.52
19074,564,09-04-2026 04:52,337.51
19075,1653,20-09-2025 20:10,419.03
19076,2096,12-08-2025 16:46,369.2
19077,598,16-07-2026 17:58,128.37
19078,519,14-02-2025 08:05,1518.92
19079,3637,17-02-2026 01:36,362.01
19080,3100,31-05-2025 23:41,9.76
19081,3756,31-01-2025 02:33,797.7
19082,171,11-11-2025 21:05,265.04
19083,4479,25-03-2026 15:50,555.54
19084,797,05-06-2025 06:11,1292.03
19085,3659,22-04-2025 16:12,130.17
19086,1666,01-08-2025 01:07,269.91
19087,1585,01-03-2026 02:58,1895
19088,140,26-06-2026 02:42,450.99
19089,271,07-06-2026 02:37,1627.84
19090,2591,30-08-2026 00:20,8.1
19091,3145,14-10-2025 23:28,824.34
19092,2972,19-06-2026 17:32,982.63
19093,2990,17-07-2026 04:57,173.14
19094,3060,18-06-2026 21:28,642.28
19095,2437,26-04-2025 11:21,294.62
19096,2253,18-03-2025 19:12,85.6
19097,631,08-07-2026 09:26,92.01
19098,2743,17-07-2026 11:01,73.52
19099,1670,12-10-2025 09:51,652.3
19100,3496,29-07-2025 02:23,357.79
19101,4030,30-10-2025 08:10,744.99
19102,4256,10-04-2026 13:08,1222.46
19103,2686,24-06-2026 09:49,337.51
19104,1226,05-08-2025 07:29,424.29
19105,4127,21-04-2025 15:26,20.36
19106,3553,12-04-2026 16:16,59.44
19107,670,19-11-2025 10:50,114.89
19108,4224,13-05-2026 07:59,127.6
19109,1292,05-05-2025 15:28,302.98
19110,230,26-02-2026 10:41,527.99
19111,1581,14-08-2025 17:10,399.77
19112,1097,06-08-2026 20:15,1817.87
19113,814,14-01-2025 05:26,1222.16
19114,4524,06-04-2025 08:50,71.12
19115,3713,09-06-2025 16:07,272.97
19116,3107,19-10-2025 09:59,602.35
19117,652,13-02-2026 20:02,93.17
19118,3619,12-11-2025 23:53,152.01
19119,3353,14-01-2026 20:26,157.51
19120,3027,09-10-2025 05:17,184.6
19121,3047,09-01-2025 09:02,116
19122,153,14-04-2026 21:49,334.06
19123,71,22-03-2026 23:18,484.19
19124,3870,26-06-2026 03:17,234.86
19125,2610,05-02-2025 22:32,170.49
19126,124,19-03-2025 16:23,506.61
19127,120,11-02-2025 10:40,147.36
19128,1940,15-08-2025 06:16,281.58
19129,3171,08-07-2026 18:23,557.94
19130,3234,16-03-2025 06:01,46
19131,4129,11-07-2026 10:21,117.69
19132,2563,26-03-2025 12:46,384.2
19133,842,27-09-2025 15:26,252.73
19134,3446,18-05-2025 15:52,166.07
19135,4480,08-07-2025 12:45,205.27
19136,1399,22-12-2025 02:56,246.15
19137,4214,26-07-2026 14:37,459.48
19138,4418,29-12-2025 17:28,53.83
19139,4458,30-04-2025 04:26,673.23
19140,4091,03-04-2025 02:07,269.48
19141,864,17-09-2025 01:35,178.73
19142,983,14-03-2025 06:04,166.65
19143,3866,02-03-2026 14:31,730.71
19144,1831,28-01-2025 13:07,50.57
19145,4011,08-12-2025 15:11,1200.28
19146,3542,28-01-2025 22:48,130.45
19147,1847,17-04-2026 13:53,361.84
19148,3077,11-01-2026 00:36,933.58
19149,2325,24-02-2026 07:21,111.51
19150,190,08-01-2026 01:34,105.35
19151,2986,05-04-2026 07:58,1215.55
19152,582,15-02-2025 08:21,233.36
19153,365,13-10-2025 03:31,759.94
19154,171,04-01-2025 14:46,57.31
19155,323,04-09-2026 07:27,22.31
19156,3582,30-06-2025 09:10,442.2
19157,4259,27-05-2025 01:17,1930.55
19158,1217,06-10-2025 02:49,65.55
19159,3160,14-08-2026 11:49,97.57
19160,4265,01-06-2025 20:34,31.78
19161,2151,09-07-2026 02:49,58.08
19162,4234,05-09-2025 23:45,87.69
19163,1481,30-06-2025 15:01,41.47
19164,2558,15-07-2026 07:24,351.44
19165,1268,03-09-2025 05:28,357.24
19166,1171,21-07-2025 06:08,111.49
19167,1134,02-05-2026 23:43,660.88
19168,2999,28-02-2026 14:30,163.25
19169,336,29-07-2025 16:14,210.32
19170,1475,09-10-2025 09:24,549.27
19171,1834,03-12-2025 12:54,770.83
19172,1506,08-12-2025 02:53,224.26
19173,2118,19-04-2026 10:41,248.31
19174,1073,17-02-2025 20:39,356.89
19175,1561,11-04-2025 17:45,373.38
19176,3836,30-03-2025 20:30,759.64
19177,94,09-02-2025 15:03,104.3
19178,509,28-05-2025 00:03,1113.8
19179,1181,26-12-2025 15:13,192.01
19180,520,23-08-2025 22:15,590.59
19181,2069,12-09-2025 21:29,337.51
19182,3017,06-12-2025 11:03,47.61
19183,2567,23-10-2025 02:10,18.53
19184,587,29-05-2026 00:58,751.6
19185,1802,29-06-2025 12:04,2.95
19186,956,02-11-2025 16:50,123
19187,3359,26-07-2025 09:49,442.61
19188,2426,19-05-2026 13:40,78.27
19189,3623,23-07-2025 13:30,2.16
19190,3614,06-09-2025 19:57,687.99
19191,3385,26-09-2025 00:42,1834.39
19192,2866,29-04-2026 20:41,116.04
19193,1489,01-04-2025 09:57,426.73
19194,2757,16-04-2026 02:19,244.72
19195,4121,08-02-2026 20:58,649.31
19196,4316,14-04-2026 19:00,20.84
19197,1799,25-05-2025 06:01,292.25
19198,1627,15-04-2025 18:21,218.15
19199,194,22-07-2025 11:27,200.91
19200,1112,12-05-2025 13:45,133.1
19201,2121,28-05-2025 00:48,1444.91
19202,2351,22-09-2025 15:49,121.39
19203,2165,19-08-2026 04:36,91.35
19204,556,01-08-2025 04:03,321.15
19205,2890,07-04-2025 07:05,194.27
19206,4504,31-08-2025 16:21,209.72
19207,1241,16-08-2025 10:57,69.63
19208,1779,22-04-2025 01:24,593.62
19209,1045,18-07-2025 05:46,64.54
19210,1419,07-06-2026 01:44,192.83
19211,3448,30-08-2026 18:49,1991.08
19212,2699,31-05-2025 08:40,699.38
19213,646,23-04-2025 23:10,81.35
19214,2870,11-07-2025 08:34,242.17
19215,2189,07-06-2025 10:11,136.52
19216,1118,16-11-2025 12:16,341.56
19217,3113,14-07-2026 11:54,160.72
19218,3635,14-07-2026 19:29,354.93
19219,2933,01-06-2026 08:34,62.41
19220,568,03-03-2026 13:26,9.72
19221,589,09-04-2025 23:26,359.36
19222,4525,29-09-2025 19:42,43.39
19223,1979,16-08-2026 14:08,415.27
19224,1509,22-09-2025 13:55,1329.94
19225,847,31-08-2025 07:06,1549.37
19226,3379,02-08-2025 05:09,406.64
19227,692,26-03-2025 08:23,932.82
19228,1676,27-06-2026 04:57,530.41
19229,2608,11-04-2025 18:14,366.23
19230,52,22-06-2026 08:11,346.5
19231,3225,14-03-2026 07:13,2005.57
19232,880,19-05-2026 18:19,724.35
19233,2180,25-07-2025 14:20,488.22
19234,1602,26-08-2026 08:30,858.85
19235,3735,17-10-2025 13:01,121.26
19236,3504,11-04-2026 20:34,18.53
19237,1210,09-03-2026 15:08,211.87
19238,2963,31-03-2026 16:26,501.89
19239,316,07-09-2025 19:37,120.47
19240,1335,14-09-2026 03:02,608.44
19241,565,17-05-2026 05:13,290.3
19242,3585,20-11-2025 10:16,193.93
19243,2814,20-12-2025 20:31,815.57
19244,578,15-02-2025 18:41,2283.44
19245,2284,11-11-2025 07:51,96.59
19246,3756,15-10-2025 07:12,30.05
19247,4201,23-05-2026 04:03,1166.54
19248,4308,03-12-2025 07:07,28.31
19249,683,18-01-2025 18:22,218.38
19250,1101,26-06-2025 15:50,680.64
19251,745,13-06-2026 05:49,189.44
19252,645,03-08-2026 18:32,813.95
19253,2271,28-12-2025 07:05,112.11
19254,1382,17-12-2025 03:46,966.35
19255,2364,07-02-2025 05:36,178.79
19256,1887,19-12-2025 20:38,674.5
19257,2476,23-11-2025 21:06,603.4
19258,3781,01-02-2026 08:35,223.89
19259,4526,25-05-2025 06:52,1208.13
19260,2582,01-07-2025 21:53,499.69
19261,3705,24-06-2025 08:06,242.86
19262,790,15-03-2025 19:37,745.62
19263,1443,06-02-2026 04:05,20.22
19264,3815,08-05-2025 09:45,449.96
19265,1048,18-05-2026 07:41,3366.57
19266,1694,13-02-2025 13:04,575.92
19267,2029,05-05-2026 02:59,16.55
19268,2132,03-05-2025 04:41,22.77
19269,1422,06-09-2025 09:39,560.87
19270,3675,06-09-2026 01:39,108.05
19271,2674,10-05-2025 15:29,89.94
19272,2635,01-08-2026 22:12,921.62
19273,3708,13-09-2025 10:47,159.4
19274,4093,13-09-2026 16:57,564.83
19275,1274,18-07-2026 08:42,41.46
19276,1038,31-05-2026 13:09,177.4
19277,66,29-06-2026 22:03,820.93
19278,2241,08-09-2025 12:48,695.66
19279,1384,04-12-2025 08:15,1025.74
19280,3973,22-06-2026 11:35,441.52
19281,3137,24-03-2026 21:28,211.85
19282,1549,03-08-2026 17:49,334.9
19283,3312,19-04-2026 18:30,200.7
19284,3219,12-06-2025 11:19,971.09
19285,621,12-02-2025 16:28,163.46
19286,574,18-07-2026 09:27,79.42
19287,1169,30-06-2025 16:18,347.29
19288,4245,22-05-2026 18:08,494.51
19289,2007,02-06-2025 01:35,10.18
19290,2298,03-03-2025 16:58,1625.72
19291,3038,10-10-2025 02:54,657.37
19292,4513,25-11-2025 09:43,263
19293,4093,24-05-2026 13:08,169.63
19294,3833,02-04-2025 16:26,197.72
19295,4137,11-02-2026 08:41,117.5
19296,292,16-02-2025 14:52,28.72
19297,3450,18-12-2025 04:08,271.86
19298,929,10-06-2025 16:52,143.32
19299,555,03-03-2026 09:25,375.89
19300,3882,10-06-2025 09:04,392.48
19301,3225,21-07-2026 02:24,67.62
19302,3260,19-08-2026 13:48,208.78
19303,4080,30-07-2026 01:36,1024.27
19304,1598,14-07-2026 08:14,160.66
19305,4050,27-08-2025 16:02,232.29
19306,837,19-01-2026 17:13,223.48
19307,1598,14-01-2026 06:00,176.43
19308,4397,17-02-2025 04:15,6163.17
19309,3108,21-10-2025 20:04,213.35
19310,54,11-02-2025 13:30,316.45
19311,2436,26-04-2025 19:24,639.3
19312,887,10-04-2026 12:46,1682.56
19313,873,13-05-2026 18:26,521.9
19314,4172,23-08-2025 23:46,838.44
19315,2957,07-07-2025 10:07,152.95
19316,2220,12-03-2026 13:48,64.04
19317,1444,02-02-2025 10:56,124.94
19318,3453,19-01-2026 00:26,324.72
19319,1054,19-04-2026 12:29,97.47
19320,2683,23-04-2025 02:04,501.91
19321,2212,31-03-2026 02:28,471.74
19322,4054,25-07-2025 05:16,203.36
19323,2687,03-06-2026 05:20,160.91
19324,3610,01-08-2026 10:54,1392.85
19325,2419,13-10-2025 21:47,433.84
19326,604,02-05-2025 13:47,301.54
19327,900,27-01-2025 07:56,22.51
19328,411,18-01-2025 05:54,239.91
19329,2892,19-09-2025 14:07,175.71
19330,3263,16-03-2026 19:14,1253.49
19331,764,11-08-2026 21:31,748.87
19332,3427,18-08-2025 09:09,952.7
19333,1896,01-05-2026 07:30,35.3
19334,604,24-08-2025 06:20,118.21
19335,3397,31-05-2026 04:29,29.14
19336,672,03-08-2025 23:08,101.68
19337,166,01-03-2026 20:44,503.87
19338,1968,01-12-2025 02:09,273.52
19339,1752,02-02-2026 09:11,2893.66
19340,2739,05-05-2026 08:44,25.32
19341,1167,28-10-2025 01:48,756.86
19342,737,26-08-2026 12:23,233.83
19343,1746,02-09-2025 14:20,1224.26
19344,136,12-03-2025 00:51,65.76
19345,542,16-11-2025 20:54,690.78
19346,1369,12-02-2026 10:18,149.96
19347,1574,19-04-2026 06:26,1057.97
19348,2747,16-12-2025 13:37,163.45
19349,3554,10-08-2025 16:50,77.85
19350,1905,01-02-2026 03:46,125.59
19351,4071,21-06-2026 20:04,235.45
19352,3465,08-01-2025 11:48,654.87
19353,1662,25-03-2026 14:38,471.21
19354,1526,12-01-2026 23:37,153.54
19355,3554,17-09-2025 10:37,42.79
19356,3055,01-09-2026 00:25,640.66
19357,3143,18-09-2025 18:01,36.56
19358,1218,09-02-2025 16:21,304.54
19359,1832,02-08-2026 14:15,164.03
19360,3947,30-10-2025 22:20,568.33
19361,3416,23-05-2025 15:49,337.51
19362,3226,03-03-2026 12:25,19.44
19363,3029,24-07-2025 20:45,19.55
19364,3912,20-10-2025 23:14,208.26
19365,2306,13-09-2025 19:02,1402.18
19366,4047,14-04-2025 16:30,460.3
19367,3346,15-08-2025 19:31,1227.76
19368,1569,06-07-2025 17:51,848.74
19369,3508,13-04-2025 05:58,2.2
19370,603,04-02-2025 10:36,677.45
19371,2279,20-09-2025 13:40,621.44
19372,1682,18-07-2026 18:37,1630
19373,1401,03-02-2025 12:44,537.83
19374,2910,27-04-2026 03:06,409.01
19375,3941,10-09-2026 22:25,1569.91
19376,4411,08-05-2025 03:19,337.51
19377,623,22-05-2025 01:52,25.4
19378,1390,20-02-2025 10:47,100.06
19379,186,11-02-2025 00:12,127.18
19380,1406,12-01-2026 18:37,916.9
19381,3522,23-03-2026 06:54,393.25
19382,737,21-09-2025 19:09,21.85
19383,1024,30-08-2026 03:03,124.45
19384,2141,05-07-2026 14:40,173.39
19385,2623,31-03-2026 06:30,779.49
19386,481,27-08-2025 15:27,704.93
19387,2654,16-09-2025 09:59,9.72
19388,1867,23-05-2025 03:38,225.17
19389,3583,21-06-2025 20:12,571.01
19390,3166,11-05-2026 20:57,88.9
19391,2364,07-08-2026 09:18,853.26
19392,1951,05-03-2025 05:13,829.22
19393,918,17-01-2025 09:38,159.63
19394,3323,23-01-2026 06:16,85.4
19395,561,07-01-2026 02:18,1397.26
19396,3154,29-07-2025 06:12,200.16
19397,375,09-01-2025 01:44,127.82
19398,3330,18-06-2025 14:40,395.84
19399,2517,28-07-2025 15:46,207.7
19400,623,22-06-2026 18:17,1889.01
19401,2532,24-07-2025 17:23,526.91
19402,2824,10-01-2026 10:09,1360.26
19403,835,16-12-2025 09:36,121.12
19404,2544,06-06-2026 21:35,99.35
19405,3696,08-08-2026 07:32,886.95
19406,3466,26-05-2025 23:55,881.23
19407,1202,06-09-2026 15:59,509.14
19408,3492,26-08-2025 05:24,366.92
19409,1597,30-04-2026 10:24,905.93
19410,4371,09-02-2025 17:38,655.31
19411,2760,07-06-2025 19:54,817.22
19412,3036,27-06-2025 12:57,188.92
19413,4171,02-08-2025 10:11,904.88
19414,1815,18-08-2025 21:54,891.88
19415,2410,07-03-2025 17:31,357.25
19416,1631,24-11-2025 14:37,390.7
19417,2105,21-08-2026 21:00,102.67
19418,711,09-02-2025 19:49,106.19
19419,4415,14-03-2026 21:42,229.35
19420,1175,09-02-2026 03:13,370.34
19421,2190,24-05-2026 14:39,129.44
19422,4264,15-06-2025 07:49,2.43
19423,3775,11-04-2026 00:51,83.82
19424,2773,17-09-2025 04:48,543.71
19425,3598,11-08-2025 19:59,274.7
19426,385,06-11-2025 02:51,4.4
19427,3178,11-05-2026 12:53,429.9
19428,3495,01-06-2026 17:36,927.38
19429,4104,20-06-2026 07:45,757.17
19430,210,11-02-2026 05:53,599.26
19431,622,12-02-2025 21:42,536.84
19432,3834,05-11-2025 11:27,587.82
19433,466,09-07-2025 01:36,1086.65
19434,4528,31-08-2025 17:59,186.48
19435,323,31-07-2025 21:09,204.91
19436,1518,28-02-2025 12:08,454.75
19437,1647,28-07-2025 20:43,1429.99
19438,281,14-03-2026 19:00,175.43
19439,3995,06-12-2025 09:11,671.07
19440,1516,21-06-2026 04:00,192.06
19441,3921,08-02-2026 09:37,43.39
19442,2536,07-09-2026 10:18,275.02
19443,879,17-02-2025 22:14,750.5
19444,141,21-05-2026 05:08,70.63
19445,2081,24-07-2026 03:34,493.01
19446,549,12-04-2026 20:03,113.96
19447,3593,13-05-2026 00:52,502.19
19448,1299,06-04-2026 13:52,357.24
19449,1722,04-07-2026 08:35,58.08
19450,277,20-11-2025 00:50,386.1
19451,2149,21-07-2026 21:41,754.6
19452,3813,28-02-2026 15:34,112.13
19453,3755,18-05-2025 01:57,454.44
19454,2759,01-04-2025 11:43,67.6
19455,3932,02-07-2025 21:26,104.76
19456,1900,25-08-2026 04:34,188.25
19457,2335,30-10-2025 14:56,207.46
19458,878,02-08-2025 16:16,413.33
19459,330,01-09-2026 14:32,66.17
19460,2242,06-05-2026 05:37,2184.12
19461,3013,18-05-2025 16:36,161.57
19462,3425,25-09-2025 19:28,838.83
19463,3365,15-06-2026 00:09,81.54
19464,4431,28-03-2025 11:36,139.83
19465,441,17-12-2025 23:40,283.54
19466,3128,18-12-2025 01:50,30.79
19467,4305,09-01-2025 14:55,122.41
19468,3258,20-05-2025 19:47,271.63
19469,2282,12-11-2025 06:29,413.81
19470,3262,21-05-2025 18:37,395.85
19471,2476,02-06-2025 23:42,774.4
19472,1533,16-01-2026 19:37,102.17
19473,1338,28-02-2025 09:34,36.35
19474,902,12-07-2026 09:16,14.57
19475,4465,18-05-2026 06:30,60.22
19476,2450,25-10-2025 03:01,272.36
19477,3345,14-09-2025 22:27,719.76
19478,150,20-08-2026 17:04,47.5
19479,2999,22-03-2025 21:43,31.52
19480,4489,05-03-2025 18:57,186.69
19481,2725,24-03-2025 00:19,200.17
19482,2427,25-03-2026 00:53,2.16
19483,321,20-11-2025 04:06,470.87
19484,2902,20-04-2025 17:49,30.75
19485,2559,10-05-2026 01:02,858.72
19486,3800,22-01-2026 16:54,64.04
19487,508,25-03-2026 13:48,370.88
19488,4492,17-02-2026 03:07,1923.89
19489,432,19-08-2026 09:53,16.82
19490,3452,13-01-2025 02:40,517.77
19491,2495,01-02-2026 04:57,512.84
19492,1102,16-07-2026 04:39,91.86
19493,2716,05-02-2025 05:37,166.98
19494,2958,06-01-2026 09:17,372.24
19495,691,18-08-2025 09:49,459.03
19496,4388,06-01-2025 22:22,776.88
19497,2027,01-08-2025 17:31,474.34
19498,1518,11-01-2025 00:33,80.28
19499,1239,25-02-2025 22:45,95.38
19500,4065,12-04-2025 09:22,85.55
19501,2374,08-03-2026 03:31,970.53
19502,4412,10-06-2026 09:23,1084.64
19503,3468,18-03-2026 16:28,31.53
19504,2486,10-03-2026 17:45,261.19
19505,983,28-02-2026 15:15,662.82
19506,2781,17-06-2026 15:12,46.8
19507,3674,09-05-2025 15:20,549.51
19508,567,30-01-2025 08:46,12.26
19509,3016,02-04-2026 15:00,2616.36
19510,3804,28-01-2026 02:05,88.54
19511,2981,05-11-2025 10:43,178.75
19512,3161,06-07-2025 22:59,667.43
19513,2061,22-07-2026 09:45,18.97
19514,2795,14-07-2025 06:23,456.75
19515,1900,27-09-2025 01:14,698.07
19516,3244,14-03-2025 08:45,322.49
19517,4414,03-06-2026 03:29,301.41
19518,1239,12-06-2025 21:17,177.46
19519,2917,22-03-2025 03:59,201.26
19520,1099,05-09-2025 10:45,132.28
19521,2929,16-03-2026 05:51,29.2
19522,1387,03-05-2026 22:46,284.54
19523,4340,05-07-2026 07:07,20.71
19524,983,24-03-2026 16:00,189.46
19525,67,05-03-2026 03:36,316.72
19526,3166,08-10-2025 04:26,398.19
19527,1968,07-05-2025 22:23,6.21
19528,4295,21-01-2025 06:31,1458.75
19529,2811,27-01-2025 13:00,637.7
19530,4133,28-01-2026 17:07,717.29
19531,44,10-09-2025 17:38,423.17
19532,1840,29-08-2026 08:22,378.03
19533,1720,16-01-2026 13:07,2942.9
19534,2691,13-08-2025 14:01,225.17
19535,18,17-06-2025 17:58,260.73
19536,855,17-12-2025 03:50,706.9
19537,2965,29-09-2025 02:12,203.28
19538,2462,29-07-2026 12:03,35.72
19539,720,24-12-2025 06:01,10.51
19540,472,19-07-2025 12:23,149.29
19541,3562,28-01-2026 02:29,18.79
19542,4509,20-04-2025 15:53,687.73
19543,920,01-03-2026 10:51,760.2
19544,3811,16-06-2025 15:48,232.7
19545,476,27-06-2026 13:05,372.98
19546,3837,10-02-2025 05:17,243.53
19547,2173,29-05-2026 01:28,722.6
19548,183,18-10-2025 17:36,454.69
19549,1264,10-05-2026 19:18,1175.35
19550,3130,15-12-2025 21:29,1025.67
19551,1741,10-09-2026 16:51,1250.71
19552,2924,06-08-2025 02:34,412.74
19553,3971,10-03-2026 12:56,38.2
19554,2505,02-05-2025 06:23,57.76
19555,4299,28-12-2025 09:57,251.28
19556,963,09-05-2026 06:18,140.45
19557,1147,10-01-2025 20:15,66.34
19558,4324,22-06-2026 16:19,586.31
19559,570,14-02-2026 19:30,134.28
19560,2376,15-04-2025 03:47,101.2
19561,1837,28-02-2026 19:52,460.84
19562,346,25-08-2026 13:31,269.07
19563,4064,14-09-2025 14:18,44.36
19564,4056,28-11-2025 12:05,1646.5
19565,595,26-05-2026 22:45,625.39
19566,913,06-09-2026 16:59,424.71
19567,3353,26-06-2025 22:27,85.6
19568,3871,13-07-2025 06:30,5.9
19569,4142,04-03-2026 18:15,662.04
19570,361,18-01-2025 09:19,138.77
19571,1050,16-03-2026 06:41,450.79
19572,74,06-02-2025 11:54,222.3
19573,1297,01-12-2025 13:59,24.44
19574,3208,18-06-2026 23:21,51.51
19575,4157,01-06-2026 17:43,188.31
19576,1644,28-12-2025 12:20,387.12
19577,4120,18-04-2025 18:43,531.91
19578,1224,14-12-2025 21:06,199.67
19579,3872,27-12-2025 07:11,288.07
19580,1867,20-10-2025 07:52,680.85
19581,2419,19-05-2026 10:16,574.05
19582,1505,10-04-2026 05:15,183.27
19583,3583,13-02-2025 06:16,221.4
19584,3583,22-05-2026 09:12,78.25
19585,2608,13-01-2025 00:38,2131.29
19586,2620,26-11-2025 17:52,680.85
19587,2475,22-02-2025 17:09,2342.2
19588,2464,02-07-2025 01:12,71.51
19589,3438,07-08-2026 17:51,538.58
19590,4024,03-08-2026 12:21,130.82
19591,194,29-08-2025 06:49,739.77
19592,294,04-04-2025 18:33,144.57
19593,1417,29-03-2025 00:41,732.51
19594,2519,21-12-2025 06:21,250.04
19595,2195,03-09-2026 18:17,616.08
19596,2881,26-09-2025 22:33,213.83
19597,4136,21-01-2026 21:53,1098.48
19598,1960,23-10-2025 00:30,716.83
19599,1122,25-09-2025 10:09,107.72
19600,3526,31-05-2026 22:17,56.83
19601,2260,11-03-2026 14:09,139.54
19602,3768,04-03-2026 18:59,2.2
19603,4514,30-06-2026 00:17,119.23
19604,1647,06-01-2026 06:43,1056.29
19605,4463,06-02-2025 12:48,97.12
19606,1612,26-02-2025 00:04,462.52
19607,3017,21-10-2025 04:13,81.23
19608,1977,12-08-2026 19:37,499.54
19609,476,09-02-2026 07:45,9.76
19610,2076,12-07-2026 12:34,85.6
19611,3998,23-05-2025 22:03,578.66
19612,4016,14-08-2025 06:06,114.12
19613,193,22-01-2025 18:02,381.33
19614,2089,04-07-2025 02:36,386.43
19615,304,14-06-2026 03:52,705.59
19616,2377,09-07-2025 07:40,1578.48
19617,4305,28-11-2025 12:03,256.78
19618,3868,18-12-2025 00:28,384.51
19619,378,17-01-2026 18:58,162.33
19620,425,09-03-2025 02:55,153.5
19621,3765,14-09-2025 12:17,545.02
19622,4354,13-07-2025 13:22,262.54
19623,2824,22-03-2026 01:47,208.14
19624,2724,10-09-2025 23:41,181.14
19625,1677,04-03-2025 22:13,611.63
19626,4401,18-02-2026 07:22,1412.32
19627,1094,25-03-2025 19:59,635.46
19628,3652,02-08-2025 06:17,99.99
19629,3314,24-07-2025 23:06,216.62
19630,2186,09-06-2025 13:49,331.9
19631,735,24-05-2025 16:18,19.55
19632,3808,03-11-2025 12:13,17.16
19633,2347,21-07-2025 09:59,157
19634,3843,16-08-2025 09:30,310.49
19635,1094,11-04-2026 08:32,85.4
19636,2646,09-08-2026 16:48,760.42
19637,3989,27-01-2026 18:27,35.3
19638,3842,18-05-2025 20:52,227.44
19639,3990,21-03-2025 23:14,1115.97
19640,189,14-04-2026 05:20,37.58
19641,2342,25-09-2025 11:35,875.31
19642,4,31-08-2025 00:04,67.56
19643,347,19-03-2026 21:17,456.3
19644,2134,27-08-2026 20:41,357.46
19645,3803,23-04-2026 13:50,133.14
19646,2162,21-05-2026 04:24,13.05
19647,1866,12-09-2025 09:45,919.43
19648,427,12-04-2026 13:09,660.6
19649,877,08-12-2025 10:07,107.45
19650,2345,05-02-2025 23:48,60.87
19651,592,05-05-2025 07:41,177.2
19652,2711,26-08-2025 12:20,133.13
19653,4326,03-09-2025 08:13,125.81
19654,2539,03-04-2026 21:53,1630.99
19655,3751,15-02-2025 19:15,50.84
19656,3867,22-06-2025 06:37,917.02
19657,930,10-06-2026 00:33,964.08
19658,3820,21-04-2025 07:35,268.88
19659,2582,25-11-2025 20:36,469.79
19660,3983,25-05-2026 07:21,837.75
19661,2395,14-06-2026 15:41,772.59
19662,4398,17-04-2026 10:39,118.68
19663,2728,18-04-2026 12:23,1065.48
19664,3342,28-04-2026 02:00,175.38
19665,1984,02-07-2025 08:21,29.26
19666,1919,30-03-2025 14:20,158.84
19667,1186,10-03-2026 01:03,72.51
19668,2270,15-03-2025 13:44,552.47
19669,1210,01-03-2025 04:24,468.42
19670,3990,30-04-2025 11:55,15.18
19671,1384,08-06-2025 01:46,437.86
19672,357,03-01-2025 08:57,933.1
19673,3433,14-09-2026 03:31,964.28
19674,3329,28-10-2025 06:19,78.3
19675,3415,04-04-2026 19:23,71.33
19676,4087,14-04-2025 03:22,215.16
19677,2235,25-04-2026 06:53,714.63
19678,4033,23-05-2026 11:55,173.93
19679,3307,22-02-2026 03:26,583.84
19680,1212,16-01-2026 14:55,598.74
19681,1509,22-06-2026 18:57,433.02
19682,2634,22-07-2025 20:19,550.04
19683,1538,27-02-2025 14:54,514.1
19684,413,20-02-2025 21:32,1517.22
19685,2621,12-01-2026 07:01,179.08
19686,2904,08-07-2025 18:57,312.45
19687,1753,19-02-2025 20:07,617.32
19688,974,08-01-2026 21:13,347.07
19689,3466,31-07-2025 05:33,248.85
19690,3640,08-05-2026 19:05,536.75
19691,3450,07-02-2026 05:43,338.76
19692,4277,12-12-2025 23:58,310.73
19693,1769,09-08-2025 15:52,201.4
19694,821,02-04-2026 18:24,78.5
19695,3511,10-09-2025 09:02,1135.29
19696,3440,22-01-2025 00:23,111.85
19697,1327,21-05-2026 04:34,532.82
19698,3710,09-10-2025 01:24,57.53
19699,1254,07-06-2026 06:35,50.02
19700,757,15-08-2025 06:41,278.59
19701,3367,21-02-2026 00:27,27.44
19702,1242,23-11-2025 18:29,25.5
19703,1473,04-02-2026 06:30,43.39
19704,2165,24-12-2025 11:45,496.39
19705,2035,27-07-2025 16:36,291.21
19706,2078,18-08-2026 10:00,82.76
19707,2534,17-07-2025 12:22,658.52
19708,3005,01-02-2026 18:56,116.02
19709,1509,01-02-2025 13:56,54.3
19710,2416,28-10-2025 07:05,849.79
19711,2901,29-03-2025 08:23,183.48
19712,327,09-02-2025 08:37,807.93
19713,1599,22-09-2025 19:47,689.91
19714,4196,04-10-2025 23:57,319.67
19715,2155,03-01-2026 14:27,230.11
19716,1167,26-06-2026 06:53,232.08
19717,1645,09-12-2025 16:37,39.1
19718,611,03-07-2025 15:26,791.03
19719,3975,22-04-2026 11:30,91.87
19720,2972,17-01-2025 21:41,68.75
19721,452,15-03-2026 02:47,21.02
19722,3569,06-06-2026 01:29,310.12
19723,1240,08-09-2026 21:28,443.86
19724,664,04-04-2025 20:48,178.72
19725,4138,23-06-2026 16:37,102.05
19726,2969,02-04-2025 10:13,546.64
19727,2373,14-09-2025 08:27,353.11
19728,1623,18-06-2026 21:38,12.84
19729,2894,17-07-2026 17:48,811.63
19730,1603,16-11-2025 05:33,826.86
19731,323,11-07-2026 03:05,414.26
19732,665,15-01-2026 22:59,118.55
19733,3680,15-09-2025 02:27,586.7
19734,3579,14-02-2026 18:59,37.58
19735,3857,01-01-2026 09:47,835.8
19736,2499,18-07-2026 16:21,919.41
19737,1274,01-05-2026 08:56,1408.31
19738,3298,26-06-2026 08:14,15.08
19739,2061,22-05-2026 08:25,85.4
19740,4506,01-04-2026 03:08,781.74
19741,814,05-04-2026 03:25,247.14
19742,1003,13-05-2025 18:55,57.76
19743,3933,30-03-2025 05:30,111.23
19744,2059,22-08-2026 10:26,1393.9
19745,2043,07-08-2026 20:48,348.56
19746,848,22-09-2025 20:47,1894.18
19747,717,20-12-2025 03:17,110.03
19748,3530,10-07-2025 10:24,177.07
19749,2987,06-03-2026 09:12,204.76
19750,2721,12-04-2026 08:30,181.14
19751,385,05-10-2025 00:04,1039.12
19752,4068,13-04-2025 14:30,238.68
19753,3829,03-05-2026 21:11,136.51
19754,2284,03-05-2025 16:14,176.44
19755,1644,20-11-2025 19:51,193.72
19756,48,03-03-2025 23:19,95.77
19757,3766,27-04-2025 00:45,219.2
19758,3090,05-08-2025 00:01,1702.8
19759,1736,18-04-2026 19:01,539.64
19760,4480,04-02-2026 12:04,667.68
19761,714,30-08-2026 00:53,862.66
19762,2517,27-10-2025 09:14,49.2
19763,1621,12-06-2025 15:41,337.51
19764,3001,19-04-2025 20:41,207.07
19765,3083,20-11-2025 12:49,283.81
19766,247,07-02-2025 00:39,81.73
19767,985,04-02-2025 19:33,220.55
19768,3727,30-10-2025 11:42,1141.8
19769,723,20-06-2026 04:40,530.94
19770,2692,16-05-2026 12:03,23.94
19771,1140,22-12-2025 17:22,308.9
19772,3621,08-03-2026 03:42,77.85
19773,948,24-04-2026 14:47,43.39
19774,1009,02-03-2025 15:12,222.81
19775,4460,07-02-2026 19:09,622.64
19776,1614,14-06-2026 13:38,35
19777,2867,11-04-2026 18:56,115.18
19778,1205,27-12-2025 08:02,403.4
19779,290,01-07-2025 04:39,412.59
19780,310,20-12-2025 16:29,714.85
19781,1010,16-02-2026 05:19,220.77
19782,4387,14-08-2025 03:47,218.35
19783,2653,28-10-2025 08:24,41.91
19784,1491,25-04-2025 00:39,2012.77
19785,1042,21-01-2026 11:31,120.03
19786,1546,08-12-2025 02:30,396.67
19787,2995,22-05-2026 22:29,924.09
19788,2052,10-06-2025 23:09,365.89
19789,986,01-10-2025 11:45,564.21
19790,3614,06-09-2026 14:30,520.03
19791,779,15-10-2025 02:18,1620.66
19792,4427,21-07-2025 20:10,444.18
19793,2742,06-02-2026 11:23,81.82
19794,734,26-12-2025 18:01,1258.01
19795,2177,25-06-2026 02:33,416.4
19796,1572,30-03-2026 07:32,136.44
19797,2445,13-09-2025 16:10,671.35
19798,4025,30-04-2026 09:46,391.02
19799,2510,26-11-2025 10:09,799.05
19800,2407,09-05-2025 08:21,636.96
19801,140,29-04-2026 20:38,204.7
19802,894,22-08-2025 11:31,581.04
19803,1644,30-04-2025 20:27,87.9
19804,2302,04-01-2026 17:55,1294.04
19805,740,17-02-2026 18:48,319.72
19806,2061,10-06-2025 16:12,584.66
19807,926,06-03-2026 01:37,220.55
19808,3721,22-02-2025 18:10,107.52
19809,3809,02-04-2026 06:57,83.03
19810,332,13-03-2025 20:16,150.82
19811,2860,01-03-2026 13:42,229.61
19812,597,12-06-2025 12:19,100.52
19813,1629,06-11-2025 14:27,220.36
19814,2599,06-04-2025 14:16,3.5
19815,250,09-04-2025 15:39,136.32
19816,822,19-02-2025 00:22,328.3
19817,36,13-01-2025 08:11,202.3
19818,1295,06-01-2026 18:06,833.58
19819,1427,28-06-2025 02:51,1080.46
19820,588,03-03-2025 00:45,21.85
19821,3113,06-07-2025 04:51,709.57
19822,513,25-12-2025 20:46,1122.62
19823,4336,24-02-2026 20:05,405.97
19824,325,14-07-2026 20:45,38.88
19825,1025,24-08-2025 23:52,1641.51
19826,256,10-01-2026 19:55,33.29
19827,3845,17-12-2025 18:37,241.11
19828,880,20-04-2026 12:15,339.94
19829,4513,25-09-2025 02:29,39.86
19830,2995,06-07-2026 19:25,701.25
19831,4343,29-01-2026 17:16,651.61
19832,824,03-06-2025 08:07,93.71
19833,2127,26-07-2026 10:33,145.13
19834,2984,31-03-2025 00:26,628.11
19835,1251,31-01-2025 06:41,254.14
19836,3941,22-06-2025 16:14,675.02
19837,1421,14-03-2026 10:18,157.14
19838,2308,21-08-2025 23:22,103.45
19839,691,31-07-2026 04:27,141.98
19840,3312,26-08-2025 11:48,1393.57
19841,1320,09-05-2025 01:23,438.26
19842,2482,17-06-2026 14:37,116.61
19843,433,16-01-2026 00:23,495.77
19844,4329,17-12-2025 19:22,58.08
19845,2764,24-04-2025 12:33,148.25
19846,1152,15-01-2025 06:05,293.25
19847,603,25-08-2025 06:35,279.11
19848,1056,13-06-2025 22:11,707.19
19849,1416,14-07-2026 04:10,57.44
19850,841,13-02-2025 16:02,122.12
19851,3757,26-11-2025 10:18,424.81
19852,3892,04-11-2025 12:09,781.33
19853,33,01-04-2025 09:26,601.09
19854,538,02-09-2026 16:48,58.99
19855,4394,11-09-2026 02:30,349.61
19856,3355,29-03-2026 22:57,33.86
19857,1750,18-04-2025 10:33,629.67
19858,1600,10-02-2026 13:28,167.13
19859,1916,13-03-2026 18:36,184.04
19860,1448,11-07-2026 00:29,103.68
19861,1707,31-01-2025 10:45,475.6
19862,4382,01-05-2026 17:08,284.25
19863,895,26-02-2026 10:27,1123.61
19864,1747,12-11-2025 19:13,59.81
19865,810,26-02-2026 13:00,190
19866,150,08-11-2025 11:36,130.13
19867,1549,03-05-2025 05:34,66
19868,515,15-06-2025 17:22,359.09
19869,3473,03-08-2025 00:46,303.41
19870,986,24-10-2025 03:17,1060.16
19871,969,17-10-2025 20:13,229.98
19872,1841,08-06-2026 22:38,44.76
19873,4468,28-04-2025 16:28,706.95
19874,3598,28-08-2025 09:51,298.39
19875,766,07-03-2025 05:05,140.88
19876,2937,24-12-2025 20:38,132.63
19877,2204,04-05-2025 01:36,267.5
19878,3071,20-09-2025 05:13,1714.32
19879,2384,27-07-2026 08:45,328.42
19880,1249,23-02-2026 00:16,411.36
19881,4273,11-11-2025 12:30,241.76
19882,3932,29-05-2026 13:37,346.36
19883,2951,23-01-2026 14:28,29.92
19884,2427,14-07-2026 09:00,185.33
19885,2002,09-02-2025 18:07,754.8
19886,2205,06-09-2026 12:11,1195.62
19887,4234,02-11-2025 18:15,559.9
19888,2851,12-11-2025 02:21,81.35
19889,3984,16-08-2026 01:00,145.22
19890,1355,10-01-2025 20:10,373.38
19891,1704,07-05-2026 18:45,1423.69
19892,801,12-07-2025 01:59,126.47
19893,4000,31-03-2025 03:34,572.63
19894,4084,09-09-2026 14:30,308.86
19895,957,07-08-2025 00:52,836.91
19896,1699,23-04-2026 09:22,324.97
19897,3695,11-01-2026 14:48,205.44
19898,1849,23-09-2025 19:15,233.67
19899,2509,22-04-2025 03:57,702.51
19900,4383,14-07-2025 13:01,104.05
19901,1031,28-06-2025 03:40,20.62
19902,2660,02-01-2025 12:33,253.83
19903,742,02-03-2025 00:00,261.27
19904,1093,05-02-2025 11:11,241.46
19905,729,13-01-2026 02:20,344.51
19906,3503,17-07-2025 20:15,2.43
19907,1754,14-02-2025 20:30,222.15
19908,1409,07-07-2025 14:19,166.28
19909,3684,10-08-2025 02:37,262.19
19910,2120,18-10-2025 22:24,95.55
19911,499,24-08-2026 23:57,112.03
19912,4390,16-12-2025 06:26,461.23
19913,3510,02-02-2026 23:50,678.32
19914,3058,08-06-2025 01:21,268.19
19915,2629,12-09-2026 19:21,186.49
19916,3086,24-11-2025 02:04,133.76
19917,436,05-07-2026 19:17,9.72
19918,1658,29-07-2025 08:07,461.9
19919,4286,15-07-2025 08:39,35.3
19920,1434,11-07-2025 15:30,1017.3
19921,673,27-02-2025 21:07,560.27
19922,3074,22-04-2025 15:35,723.46
19923,1987,31-05-2025 11:27,1160.98
19924,1746,19-01-2026 07:49,831.98
19925,745,18-02-2026 05:11,179.08
19926,3356,08-04-2025 16:18,350.35
19927,1440,20-08-2025 12:09,340.01
19928,855,01-10-2025 10:24,30.63
19929,2766,17-09-2025 05:18,88.84
19930,2390,09-03-2026 19:20,982.94
19931,1748,16-01-2025 16:34,329.64
19932,4070,28-04-2026 06:43,26.1
19933,780,09-01-2026 16:41,41.99
19934,2271,26-06-2025 14:38,97.07
19935,4383,01-11-2025 19:23,204.9
19936,2948,25-02-2025 03:01,242.91
19937,221,03-02-2025 08:28,38.9
19938,69,07-01-2025 22:22,2007.05
19939,4182,18-07-2025 16:50,253.41
19940,1191,01-12-2025 05:22,404.73
19941,3136,25-04-2025 07:53,432.61
19942,2610,12-09-2025 09:41,225.48
19943,1367,26-03-2026 21:47,2216.71
19944,245,10-08-2025 11:34,870.91
19945,1510,24-01-2025 09:56,1556.78
19946,2293,17-09-2025 01:54,92.9
19947,2273,22-08-2026 22:32,1538.23
19948,79,22-02-2026 20:10,337.51
19949,1896,04-04-2025 20:36,60.6
19950,1485,02-06-2025 19:22,1487.01
19951,438,06-06-2026 11:26,1779.05
19952,2287,19-04-2025 17:48,2.43
19953,4000,02-07-2026 11:21,46.89
19954,2265,01-04-2026 05:25,286.09
19955,4364,30-06-2025 18:19,1012.53
19956,2578,15-09-2025 23:21,628.74
19957,2987,22-02-2026 05:07,417.95
19958,1241,01-03-2026 10:11,1110.07
19959,4377,25-04-2026 03:40,184.12
19960,3995,19-03-2025 03:29,968.54
19961,27,02-01-2025 08:14,194.36
19962,3563,04-04-2026 22:34,424.37
19963,3028,17-07-2025 18:14,156.33
19964,2322,18-04-2026 10:28,1493.96
19965,1437,23-06-2026 21:02,14.36
19966,2430,27-02-2025 23:05,1262.65
19967,2604,16-05-2026 19:57,116.4
19968,3522,08-05-2025 21:05,187.28
19969,989,26-04-2026 10:46,1696.32
19970,1486,25-06-2026 06:45,182.75
19971,2547,07-02-2025 18:25,732
19972,4178,04-08-2026 00:43,357.06
19973,3005,23-08-2026 15:14,100.03
19974,806,02-08-2026 19:56,186.09
19975,4413,14-11-2025 02:26,86.43
19976,3382,08-01-2026 14:16,118.2
19977,1457,15-04-2026 15:28,15.51
19978,1794,19-01-2025 13:55,1415.39
19979,1985,08-06-2025 15:19,847.41
19980,3848,20-02-2025 22:15,863.42
19981,1112,12-01-2025 11:16,53.16
19982,1154,27-01-2026 08:35,776.09
19983,4060,22-02-2026 16:51,492.19
19984,3554,01-02-2026 00:31,497.35
19985,1818,13-06-2026 08:08,210.7
19986,3598,09-12-2025 18:33,1519.03
19987,4229,08-05-2026 02:48,201.26
19988,3008,24-03-2025 15:52,413.56
19989,1369,07-03-2025 19:22,408.36
19990,1622,19-03-2026 19:19,478.15
19991,1703,28-08-2025 20:52,108.75
19992,90,13-11-2025 15:32,1181.99
19993,3221,20-06-2025 22:08,13.96
19994,492,29-04-2026 16:25,737.58
19995,1796,10-07-2025 03:38,629.67
19996,3164,12-06-2026 00:02,505.68
19997,324,17-04-2026 14:38,460.98
19998,2103,25-01-2026 03:29,231.7
19999,3940,28-10-2025 22:50,1870.26
20000,4112,22-04-2026 13:50,207.85
